2026-09-29 09:43:06,610|opType: publish | rt: 30ms | status: success | requestIp: null | dataId: nacos.ai.agentspec.bootstrap | group: nacos_internal | tenant: public | md5: 16e0db9cc969ccceaec398bcb2c38fe9
2026-09-29 09:43:06,693|opType: publish | rt: 18ms | status: success | requestIp: null | dataId: resource_config_IDENTITY__md.json | group: agentspec__enc.61636164656d69632d616e7468726f706f6c6f67697374__enc.302e302e31 | tenant: public | md5: 7ec1c4cccdbe234f46502bba6a2cd725
2026-09-29 09:43:06,694|opType: publish | rt: 16ms | status: success | requestIp: null | dataId: manifest.json | group: agentspec__enc.61636164656d69632d67656f67726170686572__enc.302e302e31 | tenant: public | md5: d85ee58b54a9d84cadf6e8a1ea2adcc7
2026-09-29 09:43:06,697|opType: publish | rt: 15ms | status: success | requestIp: null | dataId: manifest.json | group: agentspec__enc.61636164656d69632d616e7468726f706f6c6f67697374__enc.302e302e31 | tenant: public | md5: 39d917bc6f44073b6fd00b08827c2fd8
2026-09-29 09:43:06,698|opType: publish | rt: 14ms | status: success | requestIp: null | dataId: resource_crons_jobs__json.json | group: agentspec__enc.61636164656d69632d686973746f7269616e__enc.302e302e31 | tenant: public | md5: 8b777f3944346f001029c0fba3eebbde
2026-09-29 09:43:06,698|opType: publish | rt: 15ms | status: success | requestIp: null | dataId: manifest.json | group: agentspec__enc.61636164656d69632d6e61727261746f6c6f67697374__enc.302e302e31 | tenant: public | md5: 336c89b67876afd81af5f1a463ad8474
2026-09-29 09:43:06,699|opType: publish | rt: 14ms | status: success | requestIp: null | dataId: manifest.json | group: agentspec__enc.61636164656d69632d686973746f7269616e__enc.302e302e31 | tenant: public | md5: 15c25fbfdd56048772dcfc75e82d0a39
2026-09-29 09:43:06,700|opType: publish | rt: 11ms | status: success | requestIp: null | dataId: resource_crons_jobs__json.json | group: agentspec__enc.61636164656d69632d616e7468726f706f6c6f67697374__enc.302e302e31 | tenant: public | md5: 8b777f3944346f001029c0fba3eebbde
2026-09-29 09:43:06,700|opType: publish | rt: 10ms | status: success | requestIp: null | dataId: resource_crons_jobs__json.json | group: agentspec__enc.61636164656d69632d67656f67726170686572__enc.302e302e31 | tenant: public | md5: 8b777f3944346f001029c0fba3eebbde
2026-09-29 09:43:06,704|opType: publish | rt: 8ms | status: success | requestIp: null | dataId: resource_config_IDENTITY__md.json | group: agentspec__enc.61636164656d69632d6e61727261746f6c6f67697374__enc.302e302e31 | tenant: public | md5: 980b91a1c07ed284ae6d357097b45eae
2026-09-29 09:43:06,704|opType: publish | rt: 11ms | status: success | requestIp: null | dataId: resource_crons_jobs__json.json | group: agentspec__enc.61636164656d69632d6e61727261746f6c6f67697374__enc.302e302e31 | tenant: public | md5: 8b777f3944346f001029c0fba3eebbde
2026-09-29 09:43:06,711|opType: publish | rt: 9ms | status: success | requestIp: null | dataId: resource_config_AGENTS__md.json | group: agentspec__enc.61636164656d69632d616e7468726f706f6c6f67697374__enc.302e302e31 | tenant: public | md5: 03ca92f31632bcd833a9f5a79dd3cf3a
2026-09-29 09:43:06,712|opType: publish | rt: 13ms | status: success | requestIp: null | dataId: resource_config_AGENTS__md.json | group: agentspec__enc.61636164656d69632d686973746f7269616e__enc.302e302e31 | tenant: public | md5: 1513a6693113ac02bccea216a25f48f7
2026-09-29 09:43:06,715|opType: publish | rt: 10ms | status: success | requestIp: null | dataId: resource_tool-analysis_tool-analysis__json.json | group: agentspec__enc.61636164656d69632d67656f67726170686572__enc.302e302e31 | tenant: public | md5: 5c1af863108a02d1cb33016215432ffe
2026-09-29 09:43:06,719|opType: publish | rt: 10ms | status: success | requestIp: null | dataId: resource_config_AGENTS__md.json | group: agentspec__enc.61636164656d69632d6e61727261746f6c6f67697374__enc.302e302e31 | tenant: public | md5: 7fb2c44da4a1bc21334c43038c51803b
2026-09-29 09:43:06,721|opType: publish | rt: 10ms | status: success | requestIp: null | dataId: resource_tool-analysis_tool-analysis__json.json | group: agentspec__enc.61636164656d69632d6e61727261746f6c6f67697374__enc.302e302e31 | tenant: public | md5: 5c1af863108a02d1cb33016215432ffe
2026-09-29 09:43:06,722|opType: publish | rt: 8ms | status: success | requestIp: null | dataId: resource_tool-analysis_tool-analysis__json.json | group: agentspec__enc.61636164656d69632d616e7468726f706f6c6f67697374__enc.302e302e31 | tenant: public | md5: 5c1af863108a02d1cb33016215432ffe
2026-09-29 09:43:06,723|opType: publish | rt: 6ms | status: success | requestIp: null | dataId: resource_tool-analysis_tool-analysis__json.json | group: agentspec__enc.61636164656d69632d686973746f7269616e__enc.302e302e31 | tenant: public | md5: 5c1af863108a02d1cb33016215432ffe
2026-09-29 09:43:06,727|opType: publish | rt: 6ms | status: success | requestIp: null | dataId: resource_config_IDENTITY__md.json | group: agentspec__enc.61636164656d69632d686973746f7269616e__enc.302e302e31 | tenant: public | md5: ce8aa59a43d71e58c723bc7845b91b02
2026-09-29 09:43:06,731|opType: publish | rt: 8ms | status: success | requestIp: null | dataId: resource_config_IDENTITY__md.json | group: agentspec__enc.61636164656d69632d67656f67726170686572__enc.302e302e31 | tenant: public | md5: 0b6f0f054c157337ad8e317ae57c673f
2026-09-29 09:43:06,732|opType: publish | rt: 7ms | status: success | requestIp: null | dataId: resource_config_SOUL__md.json | group: agentspec__enc.61636164656d69632d616e7468726f706f6c6f67697374__enc.302e302e31 | tenant: public | md5: 65fcf28f46237200945cd8eed9b2d65a
2026-09-29 09:43:06,882|opType: publish | rt: 6ms | status: success | requestIp: null | dataId: nacos.ai.skills.bootstrap | group: nacos_internal | tenant: public | md5: 95e93f6e52e3759147aadd1715189897
2026-09-29 09:43:06,914|opType: publish | rt: 11ms | status: success | requestIp: null | dataId: resource_config_SOUL__md.json | group: agentspec__enc.61636164656d69632d686973746f7269616e__enc.302e302e31 | tenant: public | md5: a38e4aaba4c6a200b9b063062eda8e2e
2026-09-29 09:43:06,918|opType: publish | rt: 11ms | status: success | requestIp: null | dataId: resource_config_MEMORY__md.json | group: agentspec__enc.61636164656d69632d686973746f7269616e__enc.302e302e31 | tenant: public | md5: 1043e2fe85f303a3b0cf5d712ed2408b
2026-09-29 09:43:06,919|opType: publish | rt: 10ms | status: success | requestIp: null | dataId: resource_config_AGENTS__md.json | group: agentspec__enc.61636164656d69632d67656f67726170686572__enc.302e302e31 | tenant: public | md5: 95896c8fe568ba23ca7a3408928f7952
2026-09-29 09:43:06,924|opType: publish | rt: 11ms | status: success | requestIp: null | dataId: resource_config_SOUL__md.json | group: agentspec__enc.61636164656d69632d6e61727261746f6c6f67697374__enc.302e302e31 | tenant: public | md5: e222e8f16737bfbb0d4b9df7397d9baa
2026-09-29 09:43:06,926|opType: publish | rt: 11ms | status: success | requestIp: null | dataId: resource_config_MEMORY__md.json | group: agentspec__enc.61636164656d69632d6e61727261746f6c6f67697374__enc.302e302e31 | tenant: public | md5: 1043e2fe85f303a3b0cf5d712ed2408b
2026-09-29 09:43:06,931|opType: publish | rt: 11ms | status: success | requestIp: null | dataId: resource_config_MEMORY__md.json | group: agentspec__enc.61636164656d69632d67656f67726170686572__enc.302e302e31 | tenant: public | md5: 1043e2fe85f303a3b0cf5d712ed2408b
2026-09-29 09:43:06,934|opType: publish | rt: 10ms | status: success | requestIp: null | dataId: resource_config_MEMORY__md.json | group: agentspec__enc.61636164656d69632d616e7468726f706f6c6f67697374__enc.302e302e31 | tenant: public | md5: 1043e2fe85f303a3b0cf5d712ed2408b
2026-09-29 09:43:06,934|opType: publish | rt: 8ms | status: success | requestIp: null | dataId: resource_config_SOUL__md.json | group: agentspec__enc.61636164656d69632d67656f67726170686572__enc.302e302e31 | tenant: public | md5: 79fbbf60dcd39d52ef9fa277f717714e
2026-09-29 09:43:06,937|opType: publish | rt: 10ms | status: success | requestIp: null | dataId: SKILL.md | group: skill_enc.6272616e642d67756964656c696e6573__enc.302e302e31 | tenant: public | md5: 27942a521c1a4a156cd82898023bea76
2026-09-29 09:43:06,940|opType: publish | rt: 9ms | status: success | requestIp: null | dataId: SKILL.md | group: skill_enc.6e61636f732d736b696c6c2d7265676973747279__enc.302e302e31 | tenant: public | md5: 3a0e89668c477926c13be33d5ab135b2
2026-09-29 09:43:06,944|opType: publish | rt: 11ms | status: success | requestIp: null | dataId: enc.74656d706c617465732f67656e657261746f725f74656d706c6174652e6a73 | group: skill_enc.616c676f726974686d69632d617274__enc.302e302e31 | tenant: public | md5: b0fd5cb4d4bb7cafee5e336b50f62c27
2026-09-29 09:43:06,949|opType: publish | rt: 10ms | status: success | requestIp: null | dataId: LICENSE.txt | group: skill_enc.6272616e642d67756964656c696e6573__enc.302e302e31 | tenant: public | md5: 175792518e4ac015ab6696d16c4f607e
2026-09-29 09:43:06,950|opType: publish | rt: 13ms | status: success | requestIp: null | dataId: LICENSE.txt | group: skill_enc.616c676f726974686d69632d617274__enc.302e302e31 | tenant: public | md5: 175792518e4ac015ab6696d16c4f607e
2026-09-29 09:43:06,955|opType: publish | rt: 13ms | status: success | requestIp: null | dataId: SKILL.md | group: skill_enc.616c676f726974686d69632d617274__enc.302e302e31 | tenant: public | md5: 3508edb4af2facee7f4ec9f2c50afaea
2026-09-29 09:43:06,961|opType: publish | rt: 11ms | status: success | requestIp: null | dataId: enc.74656d706c617465732f7669657765722e68746d6c | group: skill_enc.616c676f726974686d69632d617274__enc.302e302e31 | tenant: public | md5: 6fec68ff8079873799cf106892353adb
2026-09-29 09:43:06,965|opType: publish | rt: 6ms | status: success | requestIp: null | dataId: enc.63616e7661732d666f6e74732f4e6f7468696e67596f75436f756c64446f2d4f464c2e747874 | group: skill_enc.63616e7661732d64657369676e__enc.302e302e31 | tenant: public | md5: b3dd666855ec5cd55f351287c80b9eb1
2026-09-29 09:43:06,968|opType: publish | rt: 11ms | status: success | requestIp: null | dataId: SKILL.md | group: skill_enc.63616e7661732d64657369676e__enc.302e302e31 | tenant: public | md5: 662a062e168d1deeb26e37187edaf5b8
2026-09-29 09:43:06,969|opType: publish | rt: 10ms | status: success | requestIp: null | dataId: enc.63616e7661732d666f6e74732f444d4d6f6e6f2d4f464c2e747874 | group: skill_enc.63616e7661732d64657369676e__enc.302e302e31 | tenant: public | md5: c6a3ddf00ed346cbb45fdfa0ca2c4b9c
2026-09-29 09:43:06,969|opType: publish | rt: 7ms | status: success | requestIp: null | dataId: enc.63616e7661732d666f6e74732f4f75746669742d4f464c2e747874 | group: skill_enc.63616e7661732d64657369676e__enc.302e302e31 | tenant: public | md5: 1b36bbe38eb97e26055123ff42f44fc7
2026-09-29 09:43:06,985|opType: publish | rt: 17ms | status: success | requestIp: null | dataId: enc.63616e7661732d666f6e74732f4372696d736f6e50726f2d4f464c2e747874 | group: skill_enc.63616e7661732d64657369676e__enc.302e302e31 | tenant: public | md5: 2b62069b71f49dddd2bde54448a986a0
2026-09-29 09:43:07,003|opType: publish | rt: 27ms | status: success | requestIp: null | dataId: enc.63616e7661732d666f6e74732f53696c6b73637265656e2d4f464c2e747874 | group: skill_enc.63616e7661732d64657369676e__enc.302e302e31 | tenant: public | md5: ed13fbda3931ec8f3beb063f8fcd2182
2026-09-29 09:43:07,036|opType: publish | rt: 71ms | status: success | requestIp: null | dataId: enc.63616e7661732d666f6e74732f506978656c69667953616e732d4d656469756d2e747466 | group: skill_enc.63616e7661732d64657369676e__enc.302e302e31 | tenant: public | md5: 86c9bceeac005c2c8c50dc110f2c3d8c
2026-09-29 09:43:07,061|opType: publish | rt: 73ms | status: success | requestIp: null | dataId: enc.63616e7661732d666f6e74732f5265644861744d6f6e6f2d526567756c61722e747466 | group: skill_enc.63616e7661732d64657369676e__enc.302e302e31 | tenant: public | md5: b80334107be3654978378cece86a88dd
2026-09-29 09:43:07,061|opType: publish | rt: 62ms | status: success | requestIp: null | dataId: LICENSE.txt | group: skill_enc.63616e7661732d64657369676e__enc.302e302e31 | tenant: public | md5: 175792518e4ac015ab6696d16c4f607e
2026-09-29 09:43:07,062|opType: publish | rt: 90ms | status: success | requestIp: null | dataId: enc.63616e7661732d666f6e74732f47656973744d6f6e6f2d426f6c642e747466 | group: skill_enc.63616e7661732d64657369676e__enc.302e302e31 | tenant: public | md5: 17cca616b56f24fea2a967c984e583b7
2026-09-29 09:43:07,070|opType: publish | rt: 63ms | status: success | requestIp: null | dataId: enc.63616e7661732d666f6e74732f476c6f6f636b2d4f464c2e747874 | group: skill_enc.63616e7661732d64657369676e__enc.302e302e31 | tenant: public | md5: 2cc6d168f1171b25a10e825bb7a54ee7
2026-09-29 09:43:07,078|opType: publish | rt: 45ms | status: success | requestIp: null | dataId: enc.63616e7661732d666f6e74732f536d6f6f636853616e732d4d656469756d2e747466 | group: skill_enc.63616e7661732d64657369676e__enc.302e302e31 | tenant: public | md5: af113974edc887dc1afeda835c06f5cc
2026-09-29 09:43:07,083|opType: publish | rt: 102ms | status: success | requestIp: null | dataId: enc.63616e7661732d666f6e74732f49424d506c65784d6f6e6f2d426f6c642e747466 | group: skill_enc.63616e7661732d64657369676e__enc.302e302e31 | tenant: public | md5: 9a7310231d0c57e4ab342cb5637a76c7
2026-09-29 09:43:07,167|opType: publish | rt: 7ms | status: success | requestIp: null | dataId: manifest.json | group: agentspec__enc.61636164656d69632d70737963686f6c6f67697374__enc.302e302e31 | tenant: public | md5: a33839416c2281ce4273b51df8c256cb
2026-09-29 09:43:07,169|opType: publish | rt: 8ms | status: success | requestIp: null | dataId: resource_crons_jobs__json.json | group: agentspec__enc.61636164656d69632d70737963686f6c6f67697374__enc.302e302e31 | tenant: public | md5: 283070ddbf3d672016493e0d2e2a0cc5
2026-09-29 09:43:07,172|opType: publish | rt: 8ms | status: success | requestIp: null | dataId: resource_crons_jobs__json.json | group: agentspec__enc.61636164656d69632d73747564792d706c616e6e6572__enc.302e302e31 | tenant: public | md5: f52dd71b1df8a48e61d930b6ffd93cbb
2026-09-29 09:43:07,173|opType: publish | rt: 6ms | status: success | requestIp: null | dataId: resource_config_IDENTITY__md.json | group: agentspec__enc.61636164656d69632d70737963686f6c6f67697374__enc.302e302e31 | tenant: public | md5: c0e860d51af51bb7f9d9a02ac58b296f
2026-09-29 09:43:07,176|opType: publish | rt: 7ms | status: success | requestIp: null | dataId: resource_tool-analysis_tool-analysis__json.json | group: agentspec__enc.61636164656d69632d70737963686f6c6f67697374__enc.302e302e31 | tenant: public | md5: e7c13a0259414377b07036af55889e73
2026-09-29 09:43:07,181|opType: publish | rt: 11ms | status: success | requestIp: null | dataId: resource_config_AGENTS__md.json | group: agentspec__enc.61636164656d69632d70737963686f6c6f67697374__enc.302e302e31 | tenant: public | md5: 153d52087f1b1d8e94ca6d40f4fee255
2026-09-29 09:43:07,195|opType: publish | rt: 16ms | status: success | requestIp: null | dataId: resource_config_MEMORY__md.json | group: agentspec__enc.61636164656d69632d70737963686f6c6f67697374__enc.302e302e31 | tenant: public | md5: 16a51f28efc1b874073f719d8630c064
2026-09-29 09:43:07,196|opType: publish | rt: 22ms | status: success | requestIp: null | dataId: resource_config_SOUL__md.json | group: agentspec__enc.61636164656d69632d70737963686f6c6f67697374__enc.302e302e31 | tenant: public | md5: 772249862f03b353cf61926285faf15f
2026-09-29 09:43:07,197|opType: publish | rt: 25ms | status: success | requestIp: null | dataId: resource_config_IDENTITY__md.json | group: agentspec__enc.61636164656d69632d73747564792d706c616e6e6572__enc.302e302e31 | tenant: public | md5: fc1a010cf99f6f06e5a6ac903ad71070
2026-09-29 09:43:07,201|opType: publish | rt: 23ms | status: success | requestIp: null | dataId: resource_config_IDENTITY__md.json | group: agentspec__enc.6163636f756e74732d70617961626c652d6167656e74__enc.302e302e31 | tenant: public | md5: 489c2d75cb7f6e44b18850d54cbd0956
2026-09-29 09:43:07,205|opType: publish | rt: 25ms | status: success | requestIp: null | dataId: resource_tool-analysis_tool-analysis__json.json | group: agentspec__enc.61636164656d69632d73747564792d706c616e6e6572__enc.302e302e31 | tenant: public | md5: 49563c6b826481c40b41ca24392446ae
2026-09-29 09:43:07,205|opType: publish | rt: 28ms | status: success | requestIp: null | dataId: manifest.json | group: agentspec__enc.61636164656d69632d73747564792d706c616e6e6572__enc.302e302e31 | tenant: public | md5: bcd688a172ff7b9d840feac7eab691da
2026-09-29 09:43:07,206|opType: publish | rt: 25ms | status: success | requestIp: null | dataId: resource_config_AGENTS__md.json | group: agentspec__enc.61636164656d69632d73747564792d706c616e6e6572__enc.302e302e31 | tenant: public | md5: 5bea9d5091ea57e8b04dd71bb1c369f7
2026-09-29 09:43:07,216|opType: publish | rt: 32ms | status: success | requestIp: null | dataId: resource_config_SOUL__md.json | group: agentspec__enc.61636164656d69632d73747564792d706c616e6e6572__enc.302e302e31 | tenant: public | md5: c2a8c0a5dc3c6f14ecd06b269f40ae2c
2026-09-29 09:43:07,305|opType: publish | rt: 110ms | status: success | requestIp: null | dataId: manifest.json | group: agentspec__enc.6163636f756e74732d70617961626c652d6167656e74__enc.302e302e31 | tenant: public | md5: 3910a1ab6b38160d76ea0f87caf58444
2026-09-29 09:43:07,308|opType: publish | rt: 105ms | status: success | requestIp: null | dataId: resource_config_MEMORY__md.json | group: agentspec__enc.61636164656d69632d73747564792d706c616e6e6572__enc.302e302e31 | tenant: public | md5: d9dea11755c55dad7afd718a55e22967
2026-09-29 09:43:07,309|opType: publish | rt: 108ms | status: success | requestIp: null | dataId: resource_config_SOUL__md.json | group: agentspec__enc.6163636f756e74732d70617961626c652d6167656e74__enc.302e302e31 | tenant: public | md5: 56a8ba406d6f8f73f2bf95cd548bf0d1
2026-09-29 09:43:07,352|opType: publish | rt: 132ms | status: success | requestIp: null | dataId: resource_config_AGENTS__md.json | group: agentspec__enc.6163636f756e74732d70617961626c652d6167656e74__enc.302e302e31 | tenant: public | md5: b0e691c93009b70619fef8ece01d15d7
2026-09-29 09:43:07,353|opType: publish | rt: 100ms | status: success | requestIp: null | dataId: resource_tool-analysis_tool-analysis__json.json | group: agentspec__enc.6163636f756e74732d70617961626c652d6167656e74__enc.302e302e31 | tenant: public | md5: b7440c4b8fdd9214c7cda16d1bfd845f
2026-09-29 09:43:07,427|opType: publish | rt: 236ms | status: success | requestIp: null | dataId: enc.63616e7661732d666f6e74732f42696753686f756c646572732d526567756c61722e747466 | group: skill_enc.63616e7661732d64657369676e__enc.302e302e31 | tenant: public | md5: e78052077e1d91a69889db183897b0b0
2026-09-29 09:43:07,435|opType: publish | rt: 224ms | status: success | requestIp: null | dataId: skill_index.json | group: skill_nacos-skill-registry | tenant: public | md5: a954ba25a6022882637d1312aa486859
2026-09-29 09:43:07,436|opType: publish | rt: 238ms | status: success | requestIp: null | dataId: enc.63616e7661732d666f6e74732f576f726b53616e732d526567756c61722e747466 | group: skill_enc.63616e7661732d64657369676e__enc.302e302e31 | tenant: public | md5: 990d3a0aac2fbf064d39e27d75fb0eeb
2026-09-29 09:43:07,443|opType: publish | rt: 181ms | status: success | requestIp: null | dataId: resource_crons_jobs__json.json | group: agentspec__enc.6163636f756e74732d70617961626c652d6167656e74__enc.302e302e31 | tenant: public | md5: de193f85519c8fcfa913e9f19010cdd8
2026-09-29 09:43:07,447|opType: publish | rt: 142ms | status: success | requestIp: null | dataId: skill_index.json | group: skill_brand-guidelines | tenant: public | md5: 313ccb20c3edc957127437be5c8b22c9
2026-09-29 09:43:07,460|opType: publish | rt: 189ms | status: success | requestIp: null | dataId: enc.63616e7661732d666f6e74732f506f697265744f6e652d526567756c61722e747466 | group: skill_enc.63616e7661732d64657369676e__enc.302e302e31 | tenant: public | md5: 0850015605c6a972bb2bdda0507c71b0
2026-09-29 09:43:07,504|opType: publish | rt: 295ms | status: success | requestIp: null | dataId: enc.63616e7661732d666f6e74732f496e737472756d656e7453657269662d4974616c69632e747466 | group: skill_enc.63616e7661732d64657369676e__enc.302e302e31 | tenant: public | md5: b475bb00046d79b5b4379f9f8f769620
2026-09-29 09:43:07,512|opType: publish | rt: 188ms | status: success | requestIp: null | dataId: skill_index.json | group: skill_algorithmic-art | tenant: public | md5: 9ccdfe595a0ee877cafcea907b575a69
2026-09-29 09:43:07,520|opType: publish | rt: 188ms | status: success | requestIp: null | dataId: enc.63616e7661732d666f6e74732f4a6574427261696e734d6f6e6f2d4f464c2e747874 | group: skill_enc.63616e7661732d64657369676e__enc.302e302e31 | tenant: public | md5: 2025a2ee80175b15561a8232e67d74d5
2026-09-29 09:43:07,583|opType: publish | rt: 376ms | status: success | requestIp: null | dataId: enc.63616e7661732d666f6e74732f417273656e616c53432d526567756c61722e747466 | group: skill_enc.63616e7661732d64657369676e__enc.302e302e31 | tenant: public | md5: 6ba43a38601789fe2e289989623a97e5
2026-09-29 09:43:07,590|opType: publish | rt: 294ms | status: success | requestIp: null | dataId: enc.63616e7661732d666f6e74732f496e737472756d656e7453657269662d526567756c61722e747466 | group: skill_enc.63616e7661732d64657369676e__enc.302e302e31 | tenant: public | md5: f456da034c364801bda7fa04a5b7379b
2026-09-29 09:43:07,702|opType: publish | rt: 208ms | status: success | requestIp: null | dataId: resource_config_SOUL__md.json | group: agentspec__enc.6167656e7469632d6964656e746974792d7472757374__enc.302e302e31 | tenant: public | md5: 8d3fb439f9d511079c0fa81818576eae
2026-09-29 09:43:07,706|opType: publish | rt: 255ms | status: success | requestIp: null | dataId: resource_crons_jobs__json.json | group: agentspec__enc.6167656e7469632d6964656e746974792d7472757374__enc.302e302e31 | tenant: public | md5: d33ba5379f004a142f3c0f0eee6918d2
2026-09-29 09:43:07,714|opType: publish | rt: 412ms | status: success | requestIp: null | dataId: enc.63616e7661732d666f6e74732f4a6574427261696e734d6f6e6f2d526567756c61722e747466 | group: skill_enc.63616e7661732d64657369676e__enc.302e302e31 | tenant: public | md5: f287a635146667b5bbebf9f87f414127
2026-09-29 09:43:07,717|opType: publish | rt: 405ms | status: success | requestIp: null | dataId: enc.63616e7661732d666f6e74732f4e6174696f6e616c5061726b2d526567756c61722e747466 | group: skill_enc.63616e7661732d64657369676e__enc.302e302e31 | tenant: public | md5: 3ccdefd52940f1d5a4fcf7e645f49921
2026-09-29 09:43:07,721|opType: publish | rt: 373ms | status: success | requestIp: null | dataId: enc.63616e7661732d666f6e74732f4974616c69616e612d526567756c61722e747466 | group: skill_enc.63616e7661732d64657369676e__enc.302e302e31 | tenant: public | md5: d749b2c6eacff702f9ace18cab5d7ba0
2026-09-29 09:43:07,726|opType: publish | rt: 348ms | status: success | requestIp: null | dataId: enc.63616e7661732d666f6e74732f4c6f72612d4f464c2e747874 | group: skill_enc.63616e7661732d64657369676e__enc.302e302e31 | tenant: public | md5: a6f35dd3870842fab964fbcd0ffb2908
2026-09-29 09:43:07,762|opType: publish | rt: 303ms | status: success | requestIp: null | dataId: resource_config_MEMORY__md.json | group: agentspec__enc.6163636f756e74732d70617961626c652d6167656e74__enc.302e302e31 | tenant: public | md5: 797c5612b46f5c9cb3fc273c0748316e
2026-09-29 09:43:07,766|opType: publish | rt: 427ms | status: success | requestIp: null | dataId: enc.63616e7661732d666f6e74732f4c6f72612d426f6c644974616c69632e747466 | group: skill_enc.63616e7661732d64657369676e__enc.302e302e31 | tenant: public | md5: 18a036600f747dfd769684f6c1b12e3f
2026-09-29 09:43:07,798|opType: publish | rt: 434ms | status: success | requestIp: null | dataId: enc.63616e7661732d666f6e74732f576f726b53616e732d4974616c69632e747466 | group: skill_enc.63616e7661732d64657369676e__enc.302e302e31 | tenant: public | md5: 7ad707affdf631fcf9e440192c46520e
2026-09-29 09:43:07,802|opType: publish | rt: 380ms | status: success | requestIp: null | dataId: enc.63616e7661732d666f6e74732f476c6f6f636b2d526567756c61722e747466 | group: skill_enc.63616e7661732d64657369676e__enc.302e302e31 | tenant: public | md5: 93e2fe964401f39ea25f69282835d888
2026-09-29 09:43:07,806|opType: publish | rt: 321ms | status: success | requestIp: null | dataId: resource_tool-analysis_tool-analysis__json.json | group: agentspec__enc.6167656e7469632d6964656e746974792d7472757374__enc.302e302e31 | tenant: public | md5: d27e60eff2dd6cd40387775c7521e3cb
2026-09-29 09:43:07,806|opType: publish | rt: 375ms | status: success | requestIp: null | dataId: enc.63616e7661732d666f6e74732f427269636f6c61676547726f7465737175652d526567756c61722e747466 | group: skill_enc.63616e7661732d64657369676e__enc.302e302e31 | tenant: public | md5: bb2881f280633075dff01adfa9c09a28
2026-09-29 09:43:07,825|opType: publish | rt: 264ms | status: success | requestIp: null | dataId: resource_crons_jobs__json.json | group: agentspec__enc.6167656e74732d6f7263686573747261746f72__enc.302e302e31 | tenant: public | md5: 4b6eb3dd552e1bf71bbeef995290b0af
2026-09-29 09:43:07,825|opType: publish | rt: 305ms | status: success | requestIp: null | dataId: resource_config_MEMORY__md.json | group: agentspec__enc.6167656e7469632d6964656e746974792d7472757374__enc.302e302e31 | tenant: public | md5: 48a6fdb1b5b4f8b99d432f6789db5153
2026-09-29 09:43:07,846|opType: publish | rt: 460ms | status: success | requestIp: null | dataId: enc.63616e7661732d666f6e74732f4e6174696f6e616c5061726b2d426f6c642e747466 | group: skill_enc.63616e7661732d64657369676e__enc.302e302e31 | tenant: public | md5: 709a832209501dfc61d392c5b35e14ab
2026-09-29 09:43:07,850|opType: publish | rt: 339ms | status: success | requestIp: null | dataId: manifest.json | group: agentspec__enc.6167656e7469632d6964656e746974792d7472757374__enc.302e302e31 | tenant: public | md5: bb8d040ad65ee3d26c13c098cc7326cb
2026-09-29 09:43:07,851|opType: publish | rt: 495ms | status: success | requestIp: null | dataId: enc.63616e7661732d666f6e74732f4a6574427261696e734d6f6e6f2d426f6c642e747466 | group: skill_enc.63616e7661732d64657369676e__enc.302e302e31 | tenant: public | md5: 90962f010985252c0a048dbfdda15f5d
2026-09-29 09:43:07,854|opType: publish | rt: 205ms | status: success | requestIp: null | dataId: resource_config_SOUL__md.json | group: agentspec__enc.6167656e74732d6f7263686573747261746f72__enc.302e302e31 | tenant: public | md5: ed4855b3378913d96a4876d1ee40c6ea
2026-09-29 09:43:07,855|opType: publish | rt: 227ms | status: success | requestIp: null | dataId: resource_config_AGENTS__md.json | group: agentspec__enc.6167656e74732d6f7263686573747261746f72__enc.302e302e31 | tenant: public | md5: 10e02b42b76e8c2c8a082f7db492990c
2026-09-29 09:43:07,855|opType: publish | rt: 483ms | status: success | requestIp: null | dataId: enc.63616e7661732d666f6e74732f4372696d736f6e50726f2d4974616c69632e747466 | group: skill_enc.63616e7661732d64657369676e__enc.302e302e31 | tenant: public | md5: 8e356bfbcff1e1348dfb4e74743fa9f7
2026-09-29 09:43:07,858|opType: publish | rt: 280ms | status: success | requestIp: null | dataId: resource_config_AGENTS__md.json | group: agentspec__enc.6167656e7469632d6964656e746974792d7472757374__enc.302e302e31 | tenant: public | md5: c4df524cefcb937c6e8676e2bf33ff95
2026-09-29 09:43:07,862|opType: publish | rt: 423ms | status: success | requestIp: null | dataId: enc.63616e7661732d666f6e74732f427269636f6c61676547726f7465737175652d426f6c642e747466 | group: skill_enc.63616e7661732d64657369676e__enc.302e302e31 | tenant: public | md5: e7f0b639e9abc70f0161085138fe0d48
2026-09-29 09:43:07,866|opType: publish | rt: 399ms | status: success | requestIp: null | dataId: resource_config_IDENTITY__md.json | group: agentspec__enc.6167656e7469632d6964656e746974792d7472757374__enc.302e302e31 | tenant: public | md5: 9ef067a055352addb7212db9b2c2f31a
2026-09-29 09:43:07,872|opType: publish | rt: 236ms | status: success | requestIp: null | dataId: manifest.json | group: agentspec__enc.6167656e74732d6f7263686573747261746f72__enc.302e302e31 | tenant: public | md5: adcb425d4132e4601e6b943e927365a9
2026-09-29 09:43:07,873|opType: publish | rt: 447ms | status: success | requestIp: null | dataId: enc.63616e7661732d666f6e74732f576f726b53616e732d426f6c644974616c69632e747466 | group: skill_enc.63616e7661732d64657369676e__enc.302e302e31 | tenant: public | md5: 1a7031ed2c3576e0adea006eb75a5495
2026-09-29 09:43:07,878|opType: publish | rt: 169ms | status: success | requestIp: null | dataId: enc.63616e7661732d666f6e74732f427269636f6c61676547726f7465737175652d4f464c2e747874 | group: skill_enc.63616e7661732d64657369676e__enc.302e302e31 | tenant: public | md5: c01c6f2840f06aacc97899ab09ec0e01
2026-09-29 09:43:07,882|opType: publish | rt: 206ms | status: success | requestIp: null | dataId: resource_tool-analysis_tool-analysis__json.json | group: agentspec__enc.6167656e74732d6f7263686573747261746f72__enc.302e302e31 | tenant: public | md5: aaa896dbc219e442d2c339ec9fb2726e
2026-09-29 09:43:07,883|opType: publish | rt: 196ms | status: success | requestIp: null | dataId: resource_config_IDENTITY__md.json | group: agentspec__enc.6167656e74732d6f7263686573747261746f72__enc.302e302e31 | tenant: public | md5: 0bdf805f5b4d4f09a864f02dee26eea2
2026-09-29 09:43:07,892|opType: publish | rt: 38ms | status: success | requestIp: null | dataId: resource_config_AGENTS__md.json | group: agentspec__enc.6175746f6d6174696f6e2d676f7665726e616e63652d617263686974656374__enc.302e302e31 | tenant: public | md5: 0e8ece21a94176d2de75192d8db90ace
2026-09-29 09:43:07,943|opType: publish | rt: 114ms | status: success | requestIp: null | dataId: enc.63616e7661732d666f6e74732f506f697265744f6e652d4f464c2e747874 | group: skill_enc.63616e7661732d64657369676e__enc.302e302e31 | tenant: public | md5: 954ca844e5dd9e31353213c6a142b9a4
2026-09-29 09:43:07,944|opType: publish | rt: 212ms | status: success | requestIp: null | dataId: resource_config_MEMORY__md.json | group: agentspec__enc.6167656e74732d6f7263686573747261746f72__enc.302e302e31 | tenant: public | md5: 75fced8c6d3ac64c31f45b90eb62d361
2026-09-29 09:43:07,944|opType: publish | rt: 199ms | status: success | requestIp: null | dataId: enc.63616e7661732d666f6e74732f576f726b53616e732d4f464c2e747874 | group: skill_enc.63616e7661732d64657369676e__enc.302e302e31 | tenant: public | md5: 4bf1338afcac74d0c9ea569f07a87fab
2026-09-29 09:43:07,945|opType: publish | rt: 140ms | status: success | requestIp: null | dataId: manifest.json | group: agentspec__enc.6175746f6d6174696f6e2d676f7665726e616e63652d617263686974656374__enc.302e302e31 | tenant: public | md5: 4a05a45d504d2d1d3d0b1237f501e6a8
2026-09-29 09:43:07,946|opType: publish | rt: 175ms | status: success | requestIp: null | dataId: resource_tool-analysis_tool-analysis__json.json | group: agentspec__enc.6175746f6d6174696f6e2d676f7665726e616e63652d617263686974656374__enc.302e302e31 | tenant: public | md5: 95ccb4650a46e776960e76b87432cef7
2026-09-29 09:43:07,946|opType: publish | rt: 108ms | status: success | requestIp: null | dataId: resource_crons_jobs__json.json | group: agentspec__enc.6175746f6d6174696f6e2d676f7665726e616e63652d617263686974656374__enc.302e302e31 | tenant: public | md5: d4595a5722302d4fab9e20084602f866
2026-09-29 09:43:07,947|opType: publish | rt: 150ms | status: success | requestIp: null | dataId: resource_config_IDENTITY__md.json | group: agentspec__enc.6175746f6d6174696f6e2d676f7665726e616e63652d617263686974656374__enc.302e302e31 | tenant: public | md5: 735c18d34fa5d4a4914603c5b3c38c04
2026-09-29 09:43:07,948|opType: publish | rt: 231ms | status: success | requestIp: null | dataId: enc.63616e7661732d666f6e74732f45726963614f6e652d526567756c61722e747466 | group: skill_enc.63616e7661732d64657369676e__enc.302e302e31 | tenant: public | md5: d8983eca752649b830c3a0842d32fd35
2026-09-29 09:43:07,953|opType: publish | rt: 134ms | status: success | requestIp: null | dataId: enc.63616e7661732d666f6e74732f5265644861744d6f6e6f2d426f6c642e747466 | group: skill_enc.63616e7661732d64657369676e__enc.302e302e31 | tenant: public | md5: df22758feeff40dda3ea1340b8c169c8
2026-09-29 09:43:08,016|opType: publish | rt: 147ms | status: success | requestIp: null | dataId: enc.63616e7661732d666f6e74732f4a7572612d4d656469756d2e747466 | group: skill_enc.63616e7661732d64657369676e__enc.302e302e31 | tenant: public | md5: 485fde3814af533915abc1a2b6a970d4
2026-09-29 09:43:08,020|opType: publish | rt: 77ms | status: success | requestIp: null | dataId: resource_config_SOUL__md.json | group: agentspec__enc.6175746f6d6174696f6e2d676f7665726e616e63652d617263686974656374__enc.302e302e31 | tenant: public | md5: dbe18bf16c6c1b958819460b85244fd1
2026-09-29 09:43:08,029|opType: publish | rt: 163ms | status: success | requestIp: null | dataId: enc.63616e7661732d666f6e74732f49424d506c657853657269662d426f6c644974616c69632e747466 | group: skill_enc.63616e7661732d64657369676e__enc.302e302e31 | tenant: public | md5: a30bec5ecd919feb391f88877b992ca8
2026-09-29 09:43:08,071|opType: publish | rt: 105ms | status: success | requestIp: null | dataId: enc.63616e7661732d666f6e74732f5265644861744d6f6e6f2d4f464c2e747874 | group: skill_enc.63616e7661732d64657369676e__enc.302e302e31 | tenant: public | md5: 0787f4274246f7bbf6c429db807e3049
2026-09-29 09:43:08,074|opType: publish | rt: 86ms | status: success | requestIp: null | dataId: enc.63616e7661732d666f6e74732f47656973744d6f6e6f2d4f464c2e747874 | group: skill_enc.63616e7661732d64657369676e__enc.302e302e31 | tenant: public | md5: 9678944f41fc8b46592ca1626f1c0896
2026-09-29 09:43:08,075|opType: publish | rt: 122ms | status: success | requestIp: null | dataId: resource_config_MEMORY__md.json | group: agentspec__enc.6175746f6d6174696f6e2d676f7665726e616e63652d617263686974656374__enc.302e302e31 | tenant: public | md5: 76eb2c09abfbb7ff1b6e87ae07b1f6a2
2026-09-29 09:43:08,076|opType: publish | rt: 74ms | status: success | requestIp: null | dataId: enc.63616e7661732d666f6e74732f4974616c69616e612d4f464c2e747874 | group: skill_enc.63616e7661732d64657369676e__enc.302e302e31 | tenant: public | md5: 233d74d83b54a786d21a429304775aef
2026-09-29 09:43:08,138|opType: publish | rt: 191ms | status: success | requestIp: null | dataId: enc.63616e7661732d666f6e74732f4a7572612d4c696768742e747466 | group: skill_enc.63616e7661732d64657369676e__enc.302e302e31 | tenant: public | md5: 00a9d7cc59de3ef98a6b2d8892dffb48
2026-09-29 09:43:08,146|opType: publish | rt: 122ms | status: success | requestIp: null | dataId: enc.63616e7661732d666f6e74732f4f75746669742d526567756c61722e747466 | group: skill_enc.63616e7661732d64657369676e__enc.302e302e31 | tenant: public | md5: 36f9b5fd22583dcebfa2ceebcc5b25be
2026-09-29 09:43:08,167|opType: publish | rt: 88ms | status: success | requestIp: null | dataId: manifest.json | group: agentspec__enc.626c656e6465722d6164646f6e2d656e67696e656572__enc.302e302e31 | tenant: public | md5: 1781146bcfda51b59a1d843874456d33
2026-09-29 09:43:08,168|opType: publish | rt: 98ms | status: success | requestIp: null | dataId: resource_crons_jobs__json.json | group: agentspec__enc.626c656e6465722d6164646f6e2d656e67696e656572__enc.302e302e31 | tenant: public | md5: b00644f873577e467030e71232727b19
2026-09-29 09:43:08,169|opType: publish | rt: 218ms | status: success | requestIp: null | dataId: enc.63616e7661732d666f6e74732f4c696272654261736b657276696c6c652d526567756c61722e747466 | group: skill_enc.63616e7661732d64657369676e__enc.302e302e31 | tenant: public | md5: df2bb244c97f241e3e5b350c3f5ea388
2026-09-29 09:43:08,213|opType: publish | rt: 150ms | status: success | requestIp: null | dataId: enc.63616e7661732d666f6e74732f496e737472756d656e7453616e732d526567756c61722e747466 | group: skill_enc.63616e7661732d64657369676e__enc.302e302e31 | tenant: public | md5: e9fa211772980a630693fee08f02aff0
2026-09-29 09:43:08,214|opType: publish | rt: 85ms | status: success | requestIp: null | dataId: resource_config_SOUL__md.json | group: agentspec__enc.626c656e6465722d6164646f6e2d656e67696e656572__enc.302e302e31 | tenant: public | md5: 93b1419d2c641bc1c18cc71be9de559a
2026-09-29 09:43:08,215|opType: publish | rt: 102ms | status: success | requestIp: null | dataId: resource_tool-analysis_tool-analysis__json.json | group: agentspec__enc.626c656e6465722d6164646f6e2d656e67696e656572__enc.302e302e31 | tenant: public | md5: 8ba33f82e2bfafbcc313a03a740dd0df
2026-09-29 09:43:08,216|opType: publish | rt: 75ms | status: success | requestIp: null | dataId: resource_config_MEMORY__md.json | group: agentspec__enc.626c656e6465722d6164646f6e2d656e67696e656572__enc.302e302e31 | tenant: public | md5: b0d99a6606733a620fbf2c2473e90107
2026-09-29 09:43:08,223|opType: publish | rt: 132ms | status: success | requestIp: null | dataId: resource_config_IDENTITY__md.json | group: agentspec__enc.626c656e6465722d6164646f6e2d656e67696e656572__enc.302e302e31 | tenant: public | md5: 6b2c494bef88977d47e17b758b260754
2026-09-29 09:43:08,247|opType: publish | rt: 93ms | status: success | requestIp: null | dataId: enc.63616e7661732d666f6e74732f506978656c69667953616e732d4f464c2e747874 | group: skill_enc.63616e7661732d64657369676e__enc.302e302e31 | tenant: public | md5: 1f685eb54479bfa39bced4f64798a900
2026-09-29 09:43:08,248|opType: publish | rt: 175ms | status: success | requestIp: null | dataId: enc.63616e7661732d666f6e74732f49424d506c657853657269662d426f6c642e747466 | group: skill_enc.63616e7661732d64657369676e__enc.302e302e31 | tenant: public | md5: 31bbbee9efb80aa575380e013a11c0b3
2026-09-29 09:43:08,251|opType: publish | rt: 106ms | status: success | requestIp: null | dataId: resource_config_AGENTS__md.json | group: agentspec__enc.626c656e6465722d6164646f6e2d656e67696e656572__enc.302e302e31 | tenant: public | md5: 01336cde0f4c6bcce6c722daca33a918
2026-09-29 09:43:08,259|opType: publish | rt: 159ms | status: success | requestIp: null | dataId: enc.63616e7661732d666f6e74732f496e737472756d656e7453616e732d426f6c642e747466 | group: skill_enc.63616e7661732d64657369676e__enc.302e302e31 | tenant: public | md5: 486d16bd9d9f3839cf4fb3f2b6ea50cc
2026-09-29 09:43:08,295|opType: publish | rt: 132ms | status: success | requestIp: null | dataId: enc.63616e7661732d666f6e74732f42696753686f756c646572732d4f464c2e747874 | group: skill_enc.63616e7661732d64657369676e__enc.302e302e31 | tenant: public | md5: db35b3b1166369fabfe18614e67ad0f7
2026-09-29 09:43:08,302|opType: publish | rt: 180ms | status: success | requestIp: null | dataId: enc.63616e7661732d666f6e74732f49424d506c65784d6f6e6f2d526567756c61722e747466 | group: skill_enc.63616e7661732d64657369676e__enc.302e302e31 | tenant: public | md5: b9a5d1f43f14f071d925f416a00213a0
2026-09-29 09:43:08,307|opType: publish | rt: 119ms | status: success | requestIp: null | dataId: manifest.json | group: agentspec__enc.626c6f636b636861696e2d73656375726974792d61756469746f72__enc.302e302e31 | tenant: public | md5: 2aafb9466d6fe5300033f8f91f6e42b8
2026-09-29 09:43:08,336|opType: publish | rt: 141ms | status: success | requestIp: null | dataId: resource_crons_jobs__json.json | group: agentspec__enc.626c6f636b636861696e2d73656375726974792d61756469746f72__enc.302e302e31 | tenant: public | md5: a8e853b2969b321d0cb73f6411605f0d
2026-09-29 09:43:08,336|opType: publish | rt: 133ms | status: success | requestIp: null | dataId: enc.63616e7661732d666f6e74732f4e6f7468696e67596f75436f756c64446f2d526567756c61722e747466 | group: skill_enc.63616e7661732d64657369676e__enc.302e302e31 | tenant: public | md5: c8d7857775ee6afd91f969c5d5d5ca58
2026-09-29 09:43:08,343|opType: publish | rt: 129ms | status: success | requestIp: null | dataId: resource_config_AGENTS__md.json | group: agentspec__enc.626c6f636b636861696e2d73656375726974792d61756469746f72__enc.302e302e31 | tenant: public | md5: 409b62f488fed83ccc629162bbf1630d
2026-09-29 09:43:08,370|opType: publish | rt: 83ms | status: success | requestIp: null | dataId: resource_config_MEMORY__md.json | group: agentspec__enc.626c6f636b636861696e2d73656375726974792d61756469746f72__enc.302e302e31 | tenant: public | md5: d0fc5ecee630c7a039adbc6ec6ea7674
2026-09-29 09:43:08,405|opType: publish | rt: 171ms | status: success | requestIp: null | dataId: resource_config_SOUL__md.json | group: agentspec__enc.626c6f636b636861696e2d73656375726974792d61756469746f72__enc.302e302e31 | tenant: public | md5: aa8591fef54f65931a0a8e96ee6b50e4
2026-09-29 09:43:08,405|opType: publish | rt: 186ms | status: success | requestIp: null | dataId: resource_config_IDENTITY__md.json | group: agentspec__enc.626c6f636b636861696e2d73656375726974792d61756469746f72__enc.302e302e31 | tenant: public | md5: 8a7f0a671b16b6c7729b71da8a8b1829
2026-09-29 09:43:08,415|opType: publish | rt: 188ms | status: success | requestIp: null | dataId: resource_tool-analysis_tool-analysis__json.json | group: agentspec__enc.626c6f636b636861696e2d73656375726974792d61756469746f72__enc.302e302e31 | tenant: public | md5: bb206c7edeb04d2502f97deb8ced24bd
2026-09-29 09:43:08,452|opType: publish | rt: 150ms | status: success | requestIp: null | dataId: resource_crons_jobs__json.json | group: agentspec__enc.636f6d706c69616e63652d61756469746f72__enc.302e302e31 | tenant: public | md5: f2021c9ed73b5516f676c2048d5d662f
2026-09-29 09:43:08,486|opType: publish | rt: 242ms | status: success | requestIp: null | dataId: enc.63616e7661732d666f6e74732f444d4d6f6e6f2d526567756c61722e747466 | group: skill_enc.63616e7661732d64657369676e__enc.302e302e31 | tenant: public | md5: 6de69a84e4397aedfeb2c7694731f46e
2026-09-29 09:43:08,503|opType: publish | rt: 125ms | status: success | requestIp: null | dataId: enc.63616e7661732d666f6e74732f54656b7475722d4f464c2e747874 | group: skill_enc.63616e7661732d64657369676e__enc.302e302e31 | tenant: public | md5: 40fd22c803f19bfbdb6383598f3bfacb
2026-09-29 09:43:08,504|opType: publish | rt: 169ms | status: success | requestIp: null | dataId: resource_tool-analysis_tool-analysis__json.json | group: agentspec__enc.636f6d706c69616e63652d61756469746f72__enc.302e302e31 | tenant: public | md5: 277c0f98a3c76388cddd0ef864e2de08
2026-09-29 09:43:08,504|opType: publish | rt: 205ms | status: success | requestIp: null | dataId: manifest.json | group: agentspec__enc.636f6d706c69616e63652d61756469746f72__enc.302e302e31 | tenant: public | md5: 3ecbe9ba37bf4f40af18c74511a77e6a
2026-09-29 09:43:08,513|opType: publish | rt: 161ms | status: success | requestIp: null | dataId: resource_config_IDENTITY__md.json | group: agentspec__enc.636f6d706c69616e63652d61756469746f72__enc.302e302e31 | tenant: public | md5: a56fe70bf027fe3f13f3eb806f913535
2026-09-29 09:43:08,513|opType: publish | rt: 302ms | status: success | requestIp: null | dataId: enc.63616e7661732d666f6e74732f42696753686f756c646572732d426f6c642e747466 | group: skill_enc.63616e7661732d64657369676e__enc.302e302e31 | tenant: public | md5: 4c39ecdfc4eca2cddb56e1e3bd7a6806
2026-09-29 09:43:08,555|opType: publish | rt: 260ms | status: success | requestIp: null | dataId: enc.63616e7661732d666f6e74732f54656b7475722d526567756c61722e747466 | group: skill_enc.63616e7661732d64657369676e__enc.302e302e31 | tenant: public | md5: de2af6c8f8b809aae8a41790b8a5991c
2026-09-29 09:43:08,591|opType: publish | rt: 340ms | status: success | requestIp: null | dataId: enc.63616e7661732d666f6e74732f4c6f72612d426f6c642e747466 | group: skill_enc.63616e7661732d64657369676e__enc.302e302e31 | tenant: public | md5: 93f3e5ec4b1cff86d51c525e176e4ebf
2026-09-29 09:43:08,615|opType: publish | rt: 335ms | status: success | requestIp: null | dataId: enc.63616e7661732d666f6e74732f49424d506c657853657269662d526567756c61722e747466 | group: skill_enc.63616e7661732d64657369676e__enc.302e302e31 | tenant: public | md5: e32dd47815cf080a6141856a41da343c
2026-09-29 09:43:08,617|opType: publish | rt: 222ms | status: success | requestIp: null | dataId: resource_config_AGENTS__md.json | group: agentspec__enc.636f6d706c69616e63652d61756469746f72__enc.302e302e31 | tenant: public | md5: 6344f264f7a33f4399301b3b88fb71ea
2026-09-29 09:43:08,651|opType: publish | rt: 199ms | status: success | requestIp: null | dataId: enc.63616e7661732d666f6e74732f4f75746669742d426f6c642e747466 | group: skill_enc.63616e7661732d64657369676e__enc.302e302e31 | tenant: public | md5: 08d281bb75bea50f081d8ca8da422aaa
2026-09-29 09:43:08,679|opType: publish | rt: 202ms | status: success | requestIp: null | dataId: resource_config_SOUL__md.json | group: agentspec__enc.636f6d706c69616e63652d61756469746f72__enc.302e302e31 | tenant: public | md5: 3e010036a12f14b587e92ef60110d708
2026-09-29 09:43:08,698|opType: publish | rt: 177ms | status: success | requestIp: null | dataId: manifest.json | group: agentspec__enc.636f72706f726174652d747261696e696e672d64657369676e6572__enc.302e302e31 | tenant: public | md5: 5d3fa25a01aec282f365d05e047d99c4
2026-09-29 09:43:08,698|opType: publish | rt: 239ms | status: success | requestIp: null | dataId: enc.63616e7661732d666f6e74732f4c696272654261736b657276696c6c652d4f464c2e747874 | group: skill_enc.63616e7661732d64657369676e__enc.302e302e31 | tenant: public | md5: 077df2dc77ecd9ca43d6fbc15ed1c0cb
2026-09-29 09:43:08,709|opType: publish | rt: 115ms | status: success | requestIp: null | dataId: enc.63616e7661732d666f6e74732f45726963614f6e652d4f464c2e747874 | group: skill_enc.63616e7661732d64657369676e__enc.302e302e31 | tenant: public | md5: 0312065d0003e7a4ef6a459afd7e1ccb
2026-09-29 09:43:08,783|opType: publish | rt: 235ms | status: success | requestIp: null | dataId: enc.63616e7661732d666f6e74732f4e6174696f6e616c5061726b2d4f464c2e747874 | group: skill_enc.63616e7661732d64657369676e__enc.302e302e31 | tenant: public | md5: 67073750dbf1a5d68e56c4c5ffec8f09
2026-09-29 09:43:08,821|opType: publish | rt: 213ms | status: success | requestIp: null | dataId: resource_config_MEMORY__md.json | group: agentspec__enc.636f6d706c69616e63652d61756469746f72__enc.302e302e31 | tenant: public | md5: 9c55cf1dfd936c131b9c8a1c22a9a33d
2026-09-29 09:43:08,830|opType: publish | rt: 151ms | status: success | requestIp: null | dataId: resource_crons_jobs__json.json | group: agentspec__enc.636f72706f726174652d747261696e696e672d64657369676e6572__enc.302e302e31 | tenant: public | md5: 1136b5f937c4e95f310a2ad8eb4b16c5
2026-09-29 09:43:08,946|opType: publish | rt: 286ms | status: success | requestIp: null | dataId: enc.63616e7661732d666f6e74732f596f756e6753657269662d4f464c2e747874 | group: skill_enc.63616e7661732d64657369676e__enc.302e302e31 | tenant: public | md5: fa532d4441344be225f3f46d7ce2aabf
2026-09-29 09:43:08,946|opType: publish | rt: 248ms | status: success | requestIp: null | dataId: enc.63616e7661732d666f6e74732f4a7572612d4f464c2e747874 | group: skill_enc.63616e7661732d64657369676e__enc.302e302e31 | tenant: public | md5: 227060bfebf7bcf3f924fafa47d1237d
2026-09-29 09:43:08,947|opType: publish | rt: 417ms | status: success | requestIp: null | dataId: enc.63616e7661732d666f6e74732f49424d506c657853657269662d4974616c69632e747466 | group: skill_enc.63616e7661732d64657369676e__enc.302e302e31 | tenant: public | md5: 270f6909f365b558307235560e24e39e
2026-09-29 09:43:08,947|opType: publish | rt: 444ms | status: success | requestIp: null | dataId: enc.63616e7661732d666f6e74732f4372696d736f6e50726f2d426f6c642e747466 | group: skill_enc.63616e7661732d64657369676e__enc.302e302e31 | tenant: public | md5: e775fb05324ae54e34da070a3756aa13
2026-09-29 09:43:08,949|opType: publish | rt: 326ms | status: success | requestIp: null | dataId: resource_config_AGENTS__md.json | group: agentspec__enc.636f72706f726174652d747261696e696e672d64657369676e6572__enc.302e302e31 | tenant: public | md5: b11e442bbff70629e82a2c7264a70c4a
2026-09-29 09:43:09,083|opType: publish | rt: 502ms | status: success | requestIp: null | dataId: enc.63616e7661732d666f6e74732f576f726b53616e732d426f6c642e747466 | group: skill_enc.63616e7661732d64657369676e__enc.302e302e31 | tenant: public | md5: 4380e16da2502bde85ca2f32d24b51f2
2026-09-29 09:43:09,101|opType: publish | rt: 374ms | status: success | requestIp: null | dataId: resource_config_IDENTITY__md.json | group: agentspec__enc.636f72706f726174652d747261696e696e672d64657369676e6572__enc.302e302e31 | tenant: public | md5: 518c34d59f31e968b5c625e93428c1bb
2026-09-29 09:43:09,102|opType: publish | rt: 320ms | status: success | requestIp: null | dataId: resource_config_SOUL__md.json | group: agentspec__enc.636f72706f726174652d747261696e696e672d64657369676e6572__enc.302e302e31 | tenant: public | md5: 9d36eb1637b60eacff7c090d89d7fa22
2026-09-29 09:43:09,123|opType: publish | rt: 414ms | status: success | requestIp: null | dataId: enc.63616e7661732d666f6e74732f4372696d736f6e50726f2d526567756c61722e747466 | group: skill_enc.63616e7661732d64657369676e__enc.302e302e31 | tenant: public | md5: cc04e4fb6222977adaa38e97402f2ea6
2026-09-29 09:43:09,142|opType: publish | rt: 406ms | status: success | requestIp: null | dataId: resource_tool-analysis_tool-analysis__json.json | group: agentspec__enc.636f72706f726174652d747261696e696e672d64657369676e6572__enc.302e302e31 | tenant: public | md5: 4a644f7b4cdf50df13657fbb214466c8
2026-09-29 09:43:09,205|opType: publish | rt: 320ms | status: success | requestIp: null | dataId: manifest.json | group: agentspec__enc.646174612d636f6e736f6c69646174696f6e2d6167656e74__enc.302e302e31 | tenant: public | md5: ad55fd9e5260d802ddc40ee87eae420b
2026-09-29 09:43:09,205|opType: publish | rt: 259ms | status: success | requestIp: null | dataId: resource_config_SOUL__md.json | group: agentspec__enc.646174612d636f6e736f6c69646174696f6e2d6167656e74__enc.302e302e31 | tenant: public | md5: ecde45b9824ba436fac72d19ee30da23
2026-09-29 09:43:09,212|opType: publish | rt: 140ms | status: success | requestIp: null | dataId: resource_tool-analysis_tool-analysis__json.json | group: agentspec__enc.646174612d636f6e736f6c69646174696f6e2d6167656e74__enc.302e302e31 | tenant: public | md5: 02c1a7f7b7e6c42a536cd668815fc1f7
2026-09-29 09:43:09,213|opType: publish | rt: 437ms | status: success | requestIp: null | dataId: enc.63616e7661732d666f6e74732f4c6f72612d4974616c69632e747466 | group: skill_enc.63616e7661732d64657369676e__enc.302e302e31 | tenant: public | md5: b179f46d14df1d226e122ae3367bb86c
2026-09-29 09:43:09,236|opType: publish | rt: 393ms | status: success | requestIp: null | dataId: enc.63616e7661732d666f6e74732f47656973744d6f6e6f2d526567756c61722e747466 | group: skill_enc.63616e7661732d64657369676e__enc.302e302e31 | tenant: public | md5: 6c814341478d29bbd0d2655dddfda92f
2026-09-29 09:43:09,236|opType: publish | rt: 415ms | status: success | requestIp: null | dataId: resource_config_IDENTITY__md.json | group: agentspec__enc.646174612d636f6e736f6c69646174696f6e2d6167656e74__enc.302e302e31 | tenant: public | md5: 09556544c5dcc7d0119d45b9eab817b4
2026-09-29 09:43:09,237|opType: publish | rt: 325ms | status: success | requestIp: null | dataId: resource_crons_jobs__json.json | group: agentspec__enc.646174612d636f6e736f6c69646174696f6e2d6167656e74__enc.302e302e31 | tenant: public | md5: 5ca2a1cefbfd4448d9f4a17eb364d5a7
2026-09-29 09:43:09,237|opType: publish | rt: 226ms | status: success | requestIp: null | dataId: resource_config_AGENTS__md.json | group: agentspec__enc.646174612d636f6e736f6c69646174696f6e2d6167656e74__enc.302e302e31 | tenant: public | md5: 743e6de0c636431be9dbf4929ba5e805
2026-09-29 09:43:09,299|opType: publish | rt: 294ms | status: success | requestIp: null | dataId: enc.63616e7661732d666f6e74732f596f756e6753657269662d526567756c61722e747466 | group: skill_enc.63616e7661732d64657369676e__enc.302e302e31 | tenant: public | md5: ae467ce799ea37cfb00348d7cfbef229
2026-09-29 09:43:09,307|opType: publish | rt: 195ms | status: success | requestIp: null | dataId: enc.63616e7661732d666f6e74732f536d6f6f636853616e732d4f464c2e747874 | group: skill_enc.63616e7661732d64657369676e__enc.302e302e31 | tenant: public | md5: da377dd00a998b32d88274b2b17c64be
2026-09-29 09:43:09,308|opType: publish | rt: 265ms | status: success | requestIp: null | dataId: enc.63616e7661732d666f6e74732f49424d506c65784d6f6e6f2d4f464c2e747874 | group: skill_enc.63616e7661732d64657369676e__enc.302e302e31 | tenant: public | md5: 30de3a874e3399fc7b9d1bec045d3166
2026-09-29 09:43:09,308|opType: publish | rt: 346ms | status: success | requestIp: null | dataId: enc.63616e7661732d666f6e74732f426f6c646f6e73652d4f464c2e747874 | group: skill_enc.63616e7661732d64657369676e__enc.302e302e31 | tenant: public | md5: fd1bd9bdc739431ca190a2178b29fe2e
2026-09-29 09:43:09,311|opType: publish | rt: 219ms | status: success | requestIp: null | dataId: enc.63616e7661732d666f6e74732f417273656e616c53432d4f464c2e747874 | group: skill_enc.63616e7661732d64657369676e__enc.302e302e31 | tenant: public | md5: 6ba27859bff46d6040ce48e164b2b6b5
2026-09-29 09:43:09,315|opType: publish | rt: 450ms | status: success | requestIp: null | dataId: resource_config_MEMORY__md.json | group: agentspec__enc.636f72706f726174652d747261696e696e672d64657369676e6572__enc.302e302e31 | tenant: public | md5: 14a55903964bdb6ecb2ee190262b1f09
2026-09-29 09:43:09,319|opType: publish | rt: 217ms | status: success | requestIp: null | dataId: resource_config_MEMORY__md.json | group: agentspec__enc.646174612d636f6e736f6c69646174696f6e2d6167656e74__enc.302e302e31 | tenant: public | md5: 1540eef9105810b5c18282b89f66ce57
2026-09-29 09:43:09,324|opType: publish | rt: 143ms | status: success | requestIp: null | dataId: resource_tool-analysis_tool-analysis__json.json | group: agentspec__enc.64657369676e2d6272616e642d677561726469616e__enc.302e302e31 | tenant: public | md5: 3e65a99271bb33de8c40b7297c25e2e2
2026-09-29 09:43:09,328|opType: publish | rt: 134ms | status: success | requestIp: null | dataId: resource_crons_jobs__json.json | group: agentspec__enc.64657369676e2d6272616e642d677561726469616e__enc.302e302e31 | tenant: public | md5: 038f83c9b655653ec57d543b20a7beae
2026-09-29 09:43:09,344|opType: publish | rt: 213ms | status: success | requestIp: null | dataId: enc.63616e7661732d666f6e74732f54656b7475722d4d656469756d2e747466 | group: skill_enc.63616e7661732d64657369676e__enc.302e302e31 | tenant: public | md5: ddee36a2b2e4b6f4b156bf9a77de7d03
2026-09-29 09:43:09,348|opType: publish | rt: 104ms | status: success | requestIp: null | dataId: enc.63616e7661732d666f6e74732f496e737472756d656e7453616e732d4f464c2e747874 | group: skill_enc.63616e7661732d64657369676e__enc.302e302e31 | tenant: public | md5: 35856d470a6adf5d5c4a9bcdfd659bcc
2026-09-29 09:43:09,349|opType: publish | rt: 74ms | status: success | requestIp: null | dataId: resource_config_SOUL__md.json | group: agentspec__enc.64657369676e2d6272616e642d677561726469616e__enc.302e302e31 | tenant: public | md5: 47e5b1959733e343a1bc3f9a28ade031
2026-09-29 09:43:09,357|opType: publish | rt: 122ms | status: success | requestIp: null | dataId: enc.63616e7661732d666f6e74732f53696c6b73637265656e2d526567756c61722e747466 | group: skill_enc.63616e7661732d64657369676e__enc.302e302e31 | tenant: public | md5: b4847e8b987effa242f20f2220356105
2026-09-29 09:43:09,374|opType: publish | rt: 75ms | status: success | requestIp: null | dataId: resource_config_AGENTS__md.json | group: agentspec__enc.64657369676e2d6272616e642d677561726469616e__enc.302e302e31 | tenant: public | md5: 0fe538d5d36d4f6d9630580b9f0bae77
2026-09-29 09:43:09,375|opType: publish | rt: 68ms | status: success | requestIp: null | dataId: resource_config_IDENTITY__md.json | group: agentspec__enc.64657369676e2d6272616e642d677561726469616e__enc.302e302e31 | tenant: public | md5: de6e98bb853351588be5a1275237846c
2026-09-29 09:43:09,375|opType: publish | rt: 74ms | status: success | requestIp: null | dataId: manifest.json | group: agentspec__enc.64657369676e2d6272616e642d677561726469616e__enc.302e302e31 | tenant: public | md5: 825903223f7223cf972aeccce0aa6a6b
2026-09-29 09:43:09,400|opType: publish | rt: 183ms | status: success | requestIp: null | dataId: enc.63616e7661732d666f6e74732f426f6c646f6e73652d526567756c61722e747466 | group: skill_enc.63616e7661732d64657369676e__enc.302e302e31 | tenant: public | md5: 03f0f20b1637c4023eef8f6401ba92f4
2026-09-29 09:43:09,401|opType: publish | rt: 258ms | status: success | requestIp: null | dataId: enc.63616e7661732d666f6e74732f4c6f72612d526567756c61722e747466 | group: skill_enc.63616e7661732d64657369676e__enc.302e302e31 | tenant: public | md5: 455ec0ca77118688bc805ac54e189ca5
2026-09-29 09:43:09,407|opType: publish | rt: 71ms | status: success | requestIp: null | dataId: SKILL.md | group: skill_enc.646f632d636f617574686f72696e67__enc.302e302e31 | tenant: public | md5: 933f901ad1280d857b0c6a46b7d2de2c
2026-09-29 09:43:09,407|opType: publish | rt: 79ms | status: success | requestIp: null | dataId: enc.7068702f636c617564652d6170692e6d64 | group: skill_enc.636c617564652d617069__enc.302e302e31 | tenant: public | md5: 514a49420c2583a5b4306a54366f701c
2026-09-29 09:43:09,414|opType: publish | rt: 99ms | status: success | requestIp: null | dataId: SKILL.md | group: skill_enc.636c617564652d617069__enc.302e302e31 | tenant: public | md5: 541a3615bffa2238d76efbff4fa60d6b
2026-09-29 09:43:09,415|opType: publish | rt: 67ms | status: success | requestIp: null | dataId: resource_config_MEMORY__md.json | group: agentspec__enc.64657369676e2d6272616e642d677561726469616e__enc.302e302e31 | tenant: public | md5: 3a56eb62e0066dc45df1a0f0fa9dbafd
2026-09-29 09:43:09,421|opType: publish | rt: 134ms | status: success | requestIp: null | dataId: enc.63616e7661732d666f6e74732f496e737472756d656e7453616e732d4974616c69632e747466 | group: skill_enc.63616e7661732d64657369676e__enc.302e302e31 | tenant: public | md5: 30723de4cd0c386c045f94a987ccff82
2026-09-29 09:43:09,422|opType: publish | rt: 54ms | status: success | requestIp: null | dataId: enc.727562792f636c617564652d6170692e6d64 | group: skill_enc.636c617564652d617069__enc.302e302e31 | tenant: public | md5: 144f7c8765f9b4739165fe956c8751a8
2026-09-29 09:43:09,424|opType: publish | rt: 68ms | status: success | requestIp: null | dataId: enc.747970657363726970742f636c617564652d6170692f73747265616d696e672e6d64 | group: skill_enc.636c617564652d617069__enc.302e302e31 | tenant: public | md5: 35b185829deecbff2afc688959dcd748
2026-09-29 09:43:09,424|opType: publish | rt: 32ms | status: success | requestIp: null | dataId: manifest.json | group: agentspec__enc.64657369676e2d696d6167652d70726f6d70742d656e67696e656572__enc.302e302e31 | tenant: public | md5: 027ccc913a01bab653a5f3d293270fde
2026-09-29 09:43:09,425|opType: publish | rt: 28ms | status: success | requestIp: null | dataId: resource_config_AGENTS__md.json | group: agentspec__enc.64657369676e2d696d6167652d70726f6d70742d656e67696e656572__enc.302e302e31 | tenant: public | md5: 383e103948ac90b9fba4a163c7dc7983
2026-09-29 09:43:09,425|opType: publish | rt: 29ms | status: success | requestIp: null | dataId: resource_tool-analysis_tool-analysis__json.json | group: agentspec__enc.64657369676e2d696d6167652d70726f6d70742d656e67696e656572__enc.302e302e31 | tenant: public | md5: f0d960c4f4456aa587478e54608857aa
2026-09-29 09:43:09,425|opType: publish | rt: 106ms | status: success | requestIp: null | dataId: enc.63616e7661732d666f6e74732f496e737472756d656e7453616e732d426f6c644974616c69632e747466 | group: skill_enc.63616e7661732d64657369676e__enc.302e302e31 | tenant: public | md5: 705ed574a9563b878938916042f24621
2026-09-29 09:43:09,426|opType: publish | rt: 12ms | status: success | requestIp: null | dataId: resource_config_IDENTITY__md.json | group: agentspec__enc.64657369676e2d696d6167652d70726f6d70742d656e67696e656572__enc.302e302e31 | tenant: public | md5: 753ec720509d75363a28cb6a5a95529a
2026-09-29 09:43:09,426|opType: publish | rt: 19ms | status: success | requestIp: null | dataId: resource_crons_jobs__json.json | group: agentspec__enc.64657369676e2d696d6167652d70726f6d70742d656e67696e656572__enc.302e302e31 | tenant: public | md5: ab12c9a9877f2f1e765e15b4cc26d439
2026-09-29 09:43:09,428|opType: publish | rt: 7ms | status: success | requestIp: null | dataId: LICENSE.txt | group: skill_enc.636c617564652d617069__enc.302e302e31 | tenant: public | md5: 175792518e4ac015ab6696d16c4f607e
2026-09-29 09:43:09,431|opType: publish | rt: 6ms | status: success | requestIp: null | dataId: resource_config_SOUL__md.json | group: agentspec__enc.64657369676e2d696d6167652d70726f6d70742d656e67696e656572__enc.302e302e31 | tenant: public | md5: 319d68394ccf0f9a3c3974b8633af39c
2026-09-29 09:43:09,432|opType: publish | rt: 5ms | status: success | requestIp: null | dataId: resource_config_MEMORY__md.json | group: agentspec__enc.64657369676e2d696d6167652d70726f6d70742d656e67696e656572__enc.302e302e31 | tenant: public | md5: dcf15e3025473fe4c64b3e793816151e
2026-09-29 09:43:09,436|opType: publish | rt: 6ms | status: success | requestIp: null | dataId: enc.6373686172702f636c617564652d6170692e6d64 | group: skill_enc.636c617564652d617069__enc.302e302e31 | tenant: public | md5: fcc7b57e00dbd6b9519ce66ced361c04
2026-09-29 09:43:09,446|opType: publish | rt: 4ms | status: success | requestIp: null | dataId: enc.7368617265642f70726f6d70742d63616368696e672e6d64 | group: skill_enc.636c617564652d617069__enc.302e302e31 | tenant: public | md5: 04ec307a8225dc5213492ee84dd9066b
2026-09-29 09:43:09,511|opType: publish | rt: 5ms | status: success | requestIp: null | dataId: enc.707974686f6e2f6167656e742d73646b2f7061747465726e732e6d64 | group: skill_enc.636c617564652d617069__enc.302e302e31 | tenant: public | md5: 138db04b910560e1bc4a27c6f77d7293
2026-09-29 09:43:09,522|opType: publish | rt: 6ms | status: success | requestIp: null | dataId: enc.747970657363726970742f636c617564652d6170692f524541444d452e6d64 | group: skill_enc.636c617564652d617069__enc.302e302e31 | tenant: public | md5: 53d99ecab18cd1ec6a914e5f94c0a1a4
2026-09-29 09:43:09,525|opType: publish | rt: 7ms | status: success | requestIp: null | dataId: enc.7368617265642f6d6f64656c732e6d64 | group: skill_enc.636c617564652d617069__enc.302e302e31 | tenant: public | md5: 2c6a4e0dda1b94357e9bafbe340aa8e7
2026-09-29 09:43:09,529|opType: publish | rt: 7ms | status: success | requestIp: null | dataId: enc.747970657363726970742f6167656e742d73646b2f524541444d452e6d64 | group: skill_enc.636c617564652d617069__enc.302e302e31 | tenant: public | md5: dfe5c7b5b164fb853f19428860b93f3b
2026-09-29 09:43:09,530|opType: publish | rt: 5ms | status: success | requestIp: null | dataId: enc.707974686f6e2f636c617564652d6170692f626174636865732e6d64 | group: skill_enc.636c617564652d617069__enc.302e302e31 | tenant: public | md5: 579aac54ed7bd943691f639fd68d4852
2026-09-29 09:43:09,539|opType: publish | rt: 5ms | status: success | requestIp: null | dataId: resource_config_AGENTS__md.json | group: agentspec__enc.64657369676e2d696e636c75736976652d76697375616c732d7370656369616c697374__enc.302e302e31 | tenant: public | md5: 4899c27d1b96e5d257ca209e8d4a6ce3
2026-09-29 09:43:09,541|opType: publish | rt: 6ms | status: success | requestIp: null | dataId: manifest.json | group: agentspec__enc.64657369676e2d696e636c75736976652d76697375616c732d7370656369616c697374__enc.302e302e31 | tenant: public | md5: edf9f8460d7c62e0744d3fb7f124e059
2026-09-29 09:43:09,547|opType: publish | rt: 9ms | status: success | requestIp: null | dataId: resource_crons_jobs__json.json | group: agentspec__enc.64657369676e2d696e636c75736976652d76697375616c732d7370656369616c697374__enc.302e302e31 | tenant: public | md5: b6a29c3859976b8c89d32955d8ac53ca
2026-09-29 09:43:09,550|opType: publish | rt: 8ms | status: success | requestIp: null | dataId: resource_config_IDENTITY__md.json | group: agentspec__enc.64657369676e2d696e636c75736976652d76697375616c732d7370656369616c697374__enc.302e302e31 | tenant: public | md5: 49ccab37dd8f3e832ad3df8f647c8e86
2026-09-29 09:43:09,551|opType: publish | rt: 8ms | status: success | requestIp: null | dataId: resource_tool-analysis_tool-analysis__json.json | group: agentspec__enc.64657369676e2d696e636c75736976652d76697375616c732d7370656369616c697374__enc.302e302e31 | tenant: public | md5: 4ad97822947cacd53f88d5714b19eb77
2026-09-29 09:43:09,553|opType: publish | rt: 8ms | status: success | requestIp: null | dataId: resource_config_MEMORY__md.json | group: agentspec__enc.64657369676e2d696e636c75736976652d76697375616c732d7370656369616c697374__enc.302e302e31 | tenant: public | md5: a214b5a324b1b981556eaee85379bdc3
2026-09-29 09:43:09,555|opType: publish | rt: 7ms | status: success | requestIp: null | dataId: resource_config_SOUL__md.json | group: agentspec__enc.64657369676e2d696e636c75736976652d76697375616c732d7370656369616c697374__enc.302e302e31 | tenant: public | md5: fa2217bb60cf2c4bf7d25e3c84d7e935
2026-09-29 09:43:09,557|opType: publish | rt: 6ms | status: success | requestIp: null | dataId: manifest.json | group: agentspec__enc.64657369676e2d75692d64657369676e6572__enc.302e302e31 | tenant: public | md5: f10afde7d53ef011142c72fdcccf04fe
2026-09-29 09:43:09,560|opType: publish | rt: 6ms | status: success | requestIp: null | dataId: enc.747970657363726970742f636c617564652d6170692f626174636865732e6d64 | group: skill_enc.636c617564652d617069__enc.302e302e31 | tenant: public | md5: d4e2019e2a22fda2eab6c89ba47e8f4a
2026-09-29 09:43:09,561|opType: publish | rt: 5ms | status: success | requestIp: null | dataId: enc.747970657363726970742f6167656e742d73646b2f7061747465726e732e6d64 | group: skill_enc.636c617564652d617069__enc.302e302e31 | tenant: public | md5: 15e1848f44e0f9d9f07755461af8e3c6
2026-09-29 09:43:09,564|opType: publish | rt: 5ms | status: success | requestIp: null | dataId: resource_crons_jobs__json.json | group: agentspec__enc.64657369676e2d75692d64657369676e6572__enc.302e302e31 | tenant: public | md5: e2b673ff50ee8e414778d2831c982ff2
2026-09-29 09:43:09,568|opType: publish | rt: 6ms | status: success | requestIp: null | dataId: enc.6a6176612f636c617564652d6170692e6d64 | group: skill_enc.636c617564652d617069__enc.302e302e31 | tenant: public | md5: 2bfcb34910e59c1d9609599f04317092
2026-09-29 09:43:09,588|opType: publish | rt: 7ms | status: success | requestIp: null | dataId: resource_config_IDENTITY__md.json | group: agentspec__enc.64657369676e2d75692d64657369676e6572__enc.302e302e31 | tenant: public | md5: 8f75881b8ed4c275d757f08594cb8f36
2026-09-29 09:43:09,590|opType: publish | rt: 6ms | status: success | requestIp: null | dataId: resource_tool-analysis_tool-analysis__json.json | group: agentspec__enc.64657369676e2d75692d64657369676e6572__enc.302e302e31 | tenant: public | md5: 4176bab677184448b3bdf521a0ebf186
2026-09-29 09:43:09,591|opType: publish | rt: 5ms | status: success | requestIp: null | dataId: resource_config_AGENTS__md.json | group: agentspec__enc.64657369676e2d75692d64657369676e6572__enc.302e302e31 | tenant: public | md5: ca269fd9b2e31de1fcebce42f48ebe94
2026-09-29 09:43:09,615|opType: publish | rt: 9ms | status: success | requestIp: null | dataId: enc.676f2f636c617564652d6170692e6d64 | group: skill_enc.636c617564652d617069__enc.302e302e31 | tenant: public | md5: c90c034f9dc5bf238bd415a1f5cdcf1b
2026-09-29 09:43:09,616|opType: publish | rt: 6ms | status: success | requestIp: null | dataId: enc.707974686f6e2f636c617564652d6170692f524541444d452e6d64 | group: skill_enc.636c617564652d617069__enc.302e302e31 | tenant: public | md5: 9ccdadce18ceacd5090e5c850eafba9d
2026-09-29 09:43:09,625|opType: publish | rt: 8ms | status: success | requestIp: null | dataId: enc.707974686f6e2f636c617564652d6170692f66696c65732d6170692e6d64 | group: skill_enc.636c617564652d617069__enc.302e302e31 | tenant: public | md5: 2936a192ed174fe70baf6bc4b6eba62d
2026-09-29 09:43:09,627|opType: publish | rt: 8ms | status: success | requestIp: null | dataId: enc.747970657363726970742f636c617564652d6170692f746f6f6c2d7573652e6d64 | group: skill_enc.636c617564652d617069__enc.302e302e31 | tenant: public | md5: ce256d56c880a741aee1db42a5caf35e
2026-09-29 09:43:09,634|opType: publish | rt: 11ms | status: success | requestIp: null | dataId: skill_index.json | group: skill_doc-coauthoring | tenant: public | md5: a954ba25a6022882637d1312aa486859
2026-09-29 09:43:09,635|opType: publish | rt: 8ms | status: success | requestIp: null | dataId: enc.747970657363726970742f636c617564652d6170692f66696c65732d6170692e6d64 | group: skill_enc.636c617564652d617069__enc.302e302e31 | tenant: public | md5: 5d926dae5a33d7625fd56f3365d5fe28
2026-09-29 09:43:09,640|opType: publish | rt: 8ms | status: success | requestIp: null | dataId: resource_config_SOUL__md.json | group: agentspec__enc.64657369676e2d75692d64657369676e6572__enc.302e302e31 | tenant: public | md5: 438337ff7da30ae75fd8ee76dd1b1559
2026-09-29 09:43:09,646|opType: publish | rt: 8ms | status: success | requestIp: null | dataId: enc.6375726c2f6578616d706c65732e6d64 | group: skill_enc.636c617564652d617069__enc.302e302e31 | tenant: public | md5: f909df14b98c6f0ec247992fc069c5f2
2026-09-29 09:43:09,647|opType: publish | rt: 7ms | status: success | requestIp: null | dataId: enc.707974686f6e2f6167656e742d73646b2f524541444d452e6d64 | group: skill_enc.636c617564652d617069__enc.302e302e31 | tenant: public | md5: 815b370c197d6794c3a05b37aa182793
2026-09-29 09:43:09,649|opType: publish | rt: 6ms | status: success | requestIp: null | dataId: resource_config_MEMORY__md.json | group: agentspec__enc.64657369676e2d75692d64657369676e6572__enc.302e302e31 | tenant: public | md5: 0d8ff4331685425fb7af44117621cb60
2026-09-29 09:43:09,651|opType: publish | rt: 7ms | status: success | requestIp: null | dataId: enc.7368617265642f6572726f722d636f6465732e6d64 | group: skill_enc.636c617564652d617069__enc.302e302e31 | tenant: public | md5: 9e6cd0a0e8411da45aac64b2f2d35983
2026-09-29 09:43:09,656|opType: publish | rt: 9ms | status: success | requestIp: null | dataId: enc.7368617265642f746f6f6c2d7573652d636f6e63657074732e6d64 | group: skill_enc.636c617564652d617069__enc.302e302e31 | tenant: public | md5: 69edee74206dc136eacb9869736f4604
2026-09-29 09:43:09,657|opType: publish | rt: 7ms | status: success | requestIp: null | dataId: resource_config_SOUL__md.json | group: agentspec__enc.64657369676e2d75782d617263686974656374__enc.302e302e31 | tenant: public | md5: 28116d87125f5114ff2a7acffe5381e8
2026-09-29 09:43:09,661|opType: publish | rt: 8ms | status: success | requestIp: null | dataId: resource_config_IDENTITY__md.json | group: agentspec__enc.64657369676e2d75782d617263686974656374__enc.302e302e31 | tenant: public | md5: c2a1063553ea6d98c5f6b70d4ba0a258
2026-09-29 09:43:09,665|opType: publish | rt: 8ms | status: success | requestIp: null | dataId: resource_config_AGENTS__md.json | group: agentspec__enc.64657369676e2d75782d617263686974656374__enc.302e302e31 | tenant: public | md5: 568f0546fb972f00f94a60ecff800ddd
2026-09-29 09:43:09,667|opType: publish | rt: 7ms | status: success | requestIp: null | dataId: resource_tool-analysis_tool-analysis__json.json | group: agentspec__enc.64657369676e2d75782d617263686974656374__enc.302e302e31 | tenant: public | md5: cfa2a17c0f97ed149ef9c8a1a1948a22
2026-09-29 09:43:09,669|opType: publish | rt: 6ms | status: success | requestIp: null | dataId: enc.7368617265642f6c6976652d736f75726365732e6d64 | group: skill_enc.636c617564652d617069__enc.302e302e31 | tenant: public | md5: d125d3e4e6e4cfbe66efc46904069972
2026-09-29 09:43:09,686|opType: publish | rt: 19ms | status: success | requestIp: null | dataId: resource_crons_jobs__json.json | group: agentspec__enc.64657369676e2d75782d617263686974656374__enc.302e302e31 | tenant: public | md5: cde7f0efd20cba7c164885cf9a538c3a
2026-09-29 09:43:09,687|opType: publish | rt: 18ms | status: success | requestIp: null | dataId: manifest.json | group: agentspec__enc.64657369676e2d75782d617263686974656374__enc.302e302e31 | tenant: public | md5: 86bec9e71c7f7b3ac3e1e3f4cf05840d
2026-09-29 09:43:09,689|opType: publish | rt: 6ms | status: success | requestIp: null | dataId: skill_index.json | group: skill_canvas-design | tenant: public | md5: 065dd3405a02e2f6120578ade7304cb6
2026-09-29 09:43:09,693|opType: publish | rt: 7ms | status: success | requestIp: null | dataId: enc.707974686f6e2f636c617564652d6170692f746f6f6c2d7573652e6d64 | group: skill_enc.636c617564652d617069__enc.302e302e31 | tenant: public | md5: 6a642ffbe55c511a8ac94e32efb00878
2026-09-29 09:43:09,693|opType: publish | rt: 6ms | status: success | requestIp: null | dataId: enc.707974686f6e2f636c617564652d6170692f73747265616d696e672e6d64 | group: skill_enc.636c617564652d617069__enc.302e302e31 | tenant: public | md5: 454056f566967acb17e473432dbfab2f
2026-09-29 09:43:09,725|opType: publish | rt: 8ms | status: success | requestIp: null | dataId: SKILL.md | group: skill_enc.646f6378__enc.302e302e31 | tenant: public | md5: 234db318722c19c813cc2306f86fa5e8
2026-09-29 09:43:09,732|opType: publish | rt: 5ms | status: success | requestIp: null | dataId: enc.736372697074732f6f66666963652f736368656d61732f65636d612f666f7574682d65646974696f6e2f6f70632d6469675369672e787364 | group: skill_enc.646f6378__enc.302e302e31 | tenant: public | md5: 9d845fe13cbd7ee8526c4ad2cc6eaff4
2026-09-29 09:43:09,738|opType: publish | rt: 5ms | status: success | requestIp: null | dataId: enc.736372697074732f6f66666963652f76616c696461746f72732f5f5f696e69745f5f2e7079 | group: skill_enc.646f6378__enc.302e302e31 | tenant: public | md5: 9577920dc811fff9762a96d4095d95e5
2026-09-29 09:43:09,743|opType: publish | rt: 6ms | status: success | requestIp: null | dataId: enc.736372697074732f636f6d6d656e742e7079 | group: skill_enc.646f6378__enc.302e302e31 | tenant: public | md5: 395d53e6f7465ef684ff28205dc5f9d6
2026-09-29 09:43:09,744|opType: publish | rt: 5ms | status: success | requestIp: null | dataId: LICENSE.txt | group: skill_enc.646f6378__enc.302e302e31 | tenant: public | md5: f8515c3694eb11622110ca76c7c15d1b
2026-09-29 09:43:09,751|opType: publish | rt: 6ms | status: success | requestIp: null | dataId: resource_config_MEMORY__md.json | group: agentspec__enc.64657369676e2d75782d617263686974656374__enc.302e302e31 | tenant: public | md5: 3db9996f821f1db7fcb6df940c1f5c9e
2026-09-29 09:43:09,752|opType: publish | rt: 5ms | status: success | requestIp: null | dataId: manifest.json | group: agentspec__enc.64657369676e2d75782d72657365617263686572__enc.302e302e31 | tenant: public | md5: f1ba7f759f3415eb6004f8e37cb13686
2026-09-29 09:43:09,760|opType: publish | rt: 5ms | status: success | requestIp: null | dataId: resource_crons_jobs__json.json | group: agentspec__enc.64657369676e2d75782d72657365617263686572__enc.302e302e31 | tenant: public | md5: aef3a991887d28bd46f11542ba83ec71
2026-09-29 09:43:09,763|opType: publish | rt: 6ms | status: success | requestIp: null | dataId: resource_config_IDENTITY__md.json | group: agentspec__enc.64657369676e2d75782d72657365617263686572__enc.302e302e31 | tenant: public | md5: f76b7aa50bbfe2f5db64d67131322735
2026-09-29 09:43:09,765|opType: publish | rt: 5ms | status: success | requestIp: null | dataId: resource_tool-analysis_tool-analysis__json.json | group: agentspec__enc.64657369676e2d75782d72657365617263686572__enc.302e302e31 | tenant: public | md5: a6a0d8913895b60abaa84fb904414e37
2026-09-29 09:43:09,768|opType: publish | rt: 5ms | status: success | requestIp: null | dataId: resource_config_AGENTS__md.json | group: agentspec__enc.64657369676e2d75782d72657365617263686572__enc.302e302e31 | tenant: public | md5: a81491360914b18039d8c9eb0e704755
2026-09-29 09:43:09,772|opType: publish | rt: 7ms | status: success | requestIp: null | dataId: resource_config_SOUL__md.json | group: agentspec__enc.64657369676e2d75782d72657365617263686572__enc.302e302e31 | tenant: public | md5: a685b351e3810563fd2ea265ff56d0e8
2026-09-29 09:43:09,773|opType: publish | rt: 5ms | status: success | requestIp: null | dataId: resource_config_MEMORY__md.json | group: agentspec__enc.64657369676e2d75782d72657365617263686572__enc.302e302e31 | tenant: public | md5: e871e567f6a4a1476db5b41d3030c199
2026-09-29 09:43:09,776|opType: publish | rt: 6ms | status: success | requestIp: null | dataId: enc.736372697074732f6f66666963652f736368656d61732f6d6963726f736f66742f776d6c2d6365782d323031382e787364 | group: skill_enc.646f6378__enc.302e302e31 | tenant: public | md5: 0a234e24eaab261b4faf591b9d7905fb
2026-09-29 09:43:09,779|opType: publish | rt: 6ms | status: success | requestIp: null | dataId: enc.736372697074732f74656d706c617465732f636f6d6d656e74732e786d6c | group: skill_enc.646f6378__enc.302e302e31 | tenant: public | md5: 1887976243b7506179ad19af95f3fad4
2026-09-29 09:43:09,783|opType: publish | rt: 7ms | status: success | requestIp: null | dataId: manifest.json | group: agentspec__enc.64657369676e2d76697375616c2d73746f727974656c6c6572__enc.302e302e31 | tenant: public | md5: fb696453e84337ecd297e489ab42a0ac
2026-09-29 09:43:09,817|opType: publish | rt: 12ms | status: success | requestIp: null | dataId: resource_crons_jobs__json.json | group: agentspec__enc.64657369676e2d76697375616c2d73746f727974656c6c6572__enc.302e302e31 | tenant: public | md5: abfc7dfc59c4bb9344a5b7027ed92482
2026-09-29 09:43:09,823|opType: publish | rt: 11ms | status: success | requestIp: null | dataId: resource_config_IDENTITY__md.json | group: agentspec__enc.64657369676e2d76697375616c2d73746f727974656c6c6572__enc.302e302e31 | tenant: public | md5: fb3556b8070d0e7ea9e66edd5edcda43
2026-09-29 09:43:09,823|opType: publish | rt: 10ms | status: success | requestIp: null | dataId: resource_tool-analysis_tool-analysis__json.json | group: agentspec__enc.64657369676e2d76697375616c2d73746f727974656c6c6572__enc.302e302e31 | tenant: public | md5: 521b2ace7276c8d7cd74ae8f54bb5e67
2026-09-29 09:43:09,847|opType: publish | rt: 69ms | status: success | requestIp: null | dataId: enc.736372697074732f6f66666963652f736368656d61732f49534f2d49454332393530302d345f323031362f646d6c2d6d61696e2e787364 | group: skill_enc.646f6378__enc.302e302e31 | tenant: public | md5: 3f7ce9be7913e9b2f671973348d53c7a
2026-09-29 09:43:09,853|opType: publish | rt: 11ms | status: success | requestIp: null | dataId: enc.736372697074732f6f66666963652f76616c696461746f72732f7265646c696e696e672e7079 | group: skill_enc.646f6378__enc.302e302e31 | tenant: public | md5: b2306b0d59975cfbb1325a6c2de3a771
2026-09-29 09:43:09,854|opType: publish | rt: 27ms | status: success | requestIp: null | dataId: enc.736372697074732f6f66666963652f736368656d61732f49534f2d49454332393530302d345f323031362f7368617265642d6d6174682e787364 | group: skill_enc.646f6378__enc.302e302e31 | tenant: public | md5: 94871ac4677c12091c74e5dd28ae7bbd
2026-09-29 09:43:09,854|opType: publish | rt: 33ms | status: success | requestIp: null | dataId: enc.736372697074732f74656d706c617465732f636f6d6d656e7473457874656e6465642e786d6c | group: skill_enc.646f6378__enc.302e302e31 | tenant: public | md5: 39bd651f7662a0092852156135a7d0ae
2026-09-29 09:43:09,855|opType: publish | rt: 8ms | status: success | requestIp: null | dataId: enc.736372697074732f6f66666963652f76616c69646174652e7079 | group: skill_enc.646f6378__enc.302e302e31 | tenant: public | md5: 918f544445da78a3a8927aeb4b75c2f5
2026-09-29 09:43:09,858|opType: publish | rt: 6ms | status: success | requestIp: null | dataId: enc.736372697074732f6f66666963652f76616c696461746f72732f646f63782e7079 | group: skill_enc.646f6378__enc.302e302e31 | tenant: public | md5: dae6866b59e1066a69f7695fb106c798
2026-09-29 09:43:09,859|opType: publish | rt: 5ms | status: success | requestIp: null | dataId: resource_config_AGENTS__md.json | group: agentspec__enc.64657369676e2d76697375616c2d73746f727974656c6c6572__enc.302e302e31 | tenant: public | md5: 34bc135dee56578d3c436536535fc48d
2026-09-29 09:43:09,862|opType: publish | rt: 5ms | status: success | requestIp: null | dataId: enc.736372697074732f6f66666963652f68656c706572732f6d657267655f72756e732e7079 | group: skill_enc.646f6378__enc.302e302e31 | tenant: public | md5: 50d4546be7e221a5fd8620eea68d50d9
2026-09-29 09:43:09,865|opType: publish | rt: 6ms | status: success | requestIp: null | dataId: resource_config_SOUL__md.json | group: agentspec__enc.64657369676e2d76697375616c2d73746f727974656c6c6572__enc.302e302e31 | tenant: public | md5: ca5e8d3fce25104e3ffcb28c88246d48
2026-09-29 09:43:09,867|opType: publish | rt: 5ms | status: success | requestIp: null | dataId: enc.736372697074732f6f66666963652f736368656d61732f49534f2d49454332393530302d345f323031362f766d6c2d737072656164736865657444726177696e672e787364 | group: skill_enc.646f6378__enc.302e302e31 | tenant: public | md5: f35f25b251fc0c301476cbbbc4919beb
2026-09-29 09:43:09,869|opType: publish | rt: 5ms | status: success | requestIp: null | dataId: enc.736372697074732f6f66666963652f68656c706572732f73696d706c6966795f7265646c696e65732e7079 | group: skill_enc.646f6378__enc.302e302e31 | tenant: public | md5: 27067501a5bad066bd22891d8b6ee040
2026-09-29 09:43:09,873|opType: publish | rt: 6ms | status: success | requestIp: null | dataId: enc.736372697074732f6f66666963652f736368656d61732f49534f2d49454332393530302d345f323031362f646d6c2d737072656164736865657444726177696e672e787364 | group: skill_enc.646f6378__enc.302e302e31 | tenant: public | md5: bc7e1640a33e0ca1f35cb2016510e916
2026-09-29 09:43:09,876|opType: publish | rt: 7ms | status: success | requestIp: null | dataId: resource_config_MEMORY__md.json | group: agentspec__enc.64657369676e2d76697375616c2d73746f727974656c6c6572__enc.302e302e31 | tenant: public | md5: 2455e598427387ff342478c98a2d6f15
2026-09-29 09:43:09,877|opType: publish | rt: 5ms | status: success | requestIp: null | dataId: manifest.json | group: agentspec__enc.64657369676e2d7768696d73792d696e6a6563746f72__enc.302e302e31 | tenant: public | md5: d3db1259ce73311d080380f7380fcf42
2026-09-29 09:43:09,880|opType: publish | rt: 6ms | status: success | requestIp: null | dataId: resource_crons_jobs__json.json | group: agentspec__enc.64657369676e2d7768696d73792d696e6a6563746f72__enc.302e302e31 | tenant: public | md5: 011492eb3befc4adcb0e1b88010d20a3
2026-09-29 09:43:09,886|opType: publish | rt: 9ms | status: success | requestIp: null | dataId: resource_config_IDENTITY__md.json | group: agentspec__enc.64657369676e2d7768696d73792d696e6a6563746f72__enc.302e302e31 | tenant: public | md5: f207e1a49a7617adb8c4a0c69c037e2b
2026-09-29 09:43:09,953|opType: publish | rt: 58ms | status: success | requestIp: null | dataId: resource_tool-analysis_tool-analysis__json.json | group: agentspec__enc.64657369676e2d7768696d73792d696e6a6563746f72__enc.302e302e31 | tenant: public | md5: a5badfbec52ffde067bce4bf5f2b338f
2026-09-29 09:43:09,954|opType: publish | rt: 57ms | status: success | requestIp: null | dataId: resource_config_AGENTS__md.json | group: agentspec__enc.64657369676e2d7768696d73792d696e6a6563746f72__enc.302e302e31 | tenant: public | md5: fcd289ea74a298b180a0ac74c31db655
2026-09-29 09:43:09,954|opType: publish | rt: 49ms | status: success | requestIp: null | dataId: enc.736372697074732f6f66666963652f736368656d61732f49534f2d49454332393530302d345f323031362f7368617265642d646f63756d656e7450726f7065727469657356617269616e7454797065732e787364 | group: skill_enc.646f6378__enc.302e302e31 | tenant: public | md5: 7ed294c27d928394b5ff651d8823bd4d
2026-09-29 09:43:09,969|opType: publish | rt: 17ms | status: success | requestIp: null | dataId: enc.736372697074732f5f5f696e69745f5f2e7079 | group: skill_enc.646f6378__enc.302e302e31 | tenant: public | md5: 68b329da9893e34099c7d8ad5cb9c940
2026-09-29 09:43:09,979|opType: publish | rt: 32ms | status: success | requestIp: null | dataId: skill_index.json | group: skill_claude-api | tenant: public | md5: 28bc55e39ae0193f86c8b09df0c9c870
2026-09-29 09:43:09,995|opType: publish | rt: 62ms | status: success | requestIp: null | dataId: enc.736372697074732f6f66666963652f736368656d61732f49534f2d49454332393530302d345f323031362f646d6c2d6469616772616d2e787364 | group: skill_enc.646f6378__enc.302e302e31 | tenant: public | md5: 3ff59abd71c4b9033f19161311558ab7
2026-09-29 09:43:10,007|opType: publish | rt: 53ms | status: success | requestIp: null | dataId: enc.736372697074732f6f66666963652f736368656d61732f49534f2d49454332393530302d345f323031362f7368617265642d637573746f6d586d6c4461746150726f706572746965732e787364 | group: skill_enc.646f6378__enc.302e302e31 | tenant: public | md5: 0278c442a2adb1385c420446bdbd3449
2026-09-29 09:43:10,007|opType: publish | rt: 46ms | status: success | requestIp: null | dataId: enc.736372697074732f6f66666963652f736368656d61732f49534f2d49454332393530302d345f323031362f646d6c2d6c6f636b656443616e7661732e787364 | group: skill_enc.646f6378__enc.302e302e31 | tenant: public | md5: d0683e2176f2251b64e5c68e1c375cd1
2026-09-29 09:43:10,014|opType: publish | rt: 36ms | status: success | requestIp: null | dataId: resource_config_MEMORY__md.json | group: agentspec__enc.64657369676e2d7768696d73792d696e6a6563746f72__enc.302e302e31 | tenant: public | md5: 6848a7dacdd0bb500f95ea1c33804534
2026-09-29 09:43:10,019|opType: publish | rt: 24ms | status: success | requestIp: null | dataId: resource_config_SOUL__md.json | group: agentspec__enc.64657369676e2d7768696d73792d696e6a6563746f72__enc.302e302e31 | tenant: public | md5: 62456a023c295f27a4f70ecd715d96ab
2026-09-29 09:43:10,020|opType: publish | rt: 141ms | status: success | requestIp: null | dataId: enc.736372697074732f6f66666963652f736368656d61732f49534f2d49454332393530302d345f323031362f736d6c2e787364 | group: skill_enc.646f6378__enc.302e302e31 | tenant: public | md5: 27515244005c4c4c0ebf3fae286a9b5a
2026-09-29 09:43:10,020|opType: publish | rt: 51ms | status: success | requestIp: null | dataId: enc.736372697074732f6f66666963652f736368656d61732f6d6963726f736f66742f776d6c2d323031302e787364 | group: skill_enc.646f6378__enc.302e302e31 | tenant: public | md5: 48d648797b801f851d23d8a5ac1190f2
2026-09-29 09:43:10,022|opType: publish | rt: 15ms | status: success | requestIp: null | dataId: resource_config_IDENTITY__md.json | group: agentspec__enc.656e67696e656572696e672d61692d646174612d72656d6564696174696f6e2d656e67696e656572__enc.302e302e31 | tenant: public | md5: 3c642fd1f1bdb7708084df0749c87632
2026-09-29 09:43:10,024|opType: publish | rt: 9ms | status: success | requestIp: null | dataId: manifest.json | group: agentspec__enc.656e67696e656572696e672d61692d646174612d72656d6564696174696f6e2d656e67696e656572__enc.302e302e31 | tenant: public | md5: 7fd0e7a7a18b901967aacb85687f7e0d
2026-09-29 09:43:10,028|opType: publish | rt: 8ms | status: success | requestIp: null | dataId: resource_tool-analysis_tool-analysis__json.json | group: agentspec__enc.656e67696e656572696e672d61692d646174612d72656d6564696174696f6e2d656e67696e656572__enc.302e302e31 | tenant: public | md5: 50ae57065c1b84ff2c93ac0e0f0192f6
2026-09-29 09:43:10,034|opType: publish | rt: 76ms | status: success | requestIp: null | dataId: enc.736372697074732f6f66666963652f736368656d61732f49534f2d49454332393530302d345f323031362f766d6c2d6f666669636544726177696e672e787364 | group: skill_enc.646f6378__enc.302e302e31 | tenant: public | md5: 62f39f988b634ef2c0a1e3a5281e1aa0
2026-09-29 09:43:10,040|opType: publish | rt: 7ms | status: success | requestIp: null | dataId: enc.736372697074732f6f66666963652f736368656d61732f65636d612f666f7574682d65646974696f6e2f6f70632d636f6e74656e7454797065732e787364 | group: skill_enc.646f6378__enc.302e302e31 | tenant: public | md5: 21ff9fc266194914ad84b29aa19e7018
2026-09-29 09:43:10,040|opType: publish | rt: 17ms | status: success | requestIp: null | dataId: resource_crons_jobs__json.json | group: agentspec__enc.656e67696e656572696e672d61692d646174612d72656d6564696174696f6e2d656e67696e656572__enc.302e302e31 | tenant: public | md5: f43dd0e4037a6deeeb64d07d44f01b64
2026-09-29 09:43:10,041|opType: publish | rt: 11ms | status: success | requestIp: null | dataId: resource_config_SOUL__md.json | group: agentspec__enc.656e67696e656572696e672d61692d646174612d72656d6564696174696f6e2d656e67696e656572__enc.302e302e31 | tenant: public | md5: 18d869876db29fa0e26f1c936401f5de
2026-09-29 09:43:10,076|opType: publish | rt: 40ms | status: success | requestIp: null | dataId: resource_config_MEMORY__md.json | group: agentspec__enc.656e67696e656572696e672d61692d646174612d72656d6564696174696f6e2d656e67696e656572__enc.302e302e31 | tenant: public | md5: 6f4447cd43cb53f23932e9c30e9b274c
2026-09-29 09:43:10,081|opType: publish | rt: 31ms | status: success | requestIp: null | dataId: manifest.json | group: agentspec__enc.656e67696e656572696e672d61692d656e67696e656572__enc.302e302e31 | tenant: public | md5: 05ddbeb7a69b8b91c8fe0d934b4f892b
2026-09-29 09:43:10,081|opType: publish | rt: 43ms | status: success | requestIp: null | dataId: resource_config_IDENTITY__md.json | group: agentspec__enc.656e67696e656572696e672d61692d656e67696e656572__enc.302e302e31 | tenant: public | md5: 01ecbfb5742809a9175c3843dcacae4a
2026-09-29 09:43:10,084|opType: publish | rt: 43ms | status: success | requestIp: null | dataId: resource_config_AGENTS__md.json | group: agentspec__enc.656e67696e656572696e672d61692d646174612d72656d6564696174696f6e2d656e67696e656572__enc.302e302e31 | tenant: public | md5: ad814b5c4377b7fcc774ff1ec9d7b30d
2026-09-29 09:43:10,085|opType: publish | rt: 40ms | status: success | requestIp: null | dataId: resource_crons_jobs__json.json | group: agentspec__enc.656e67696e656572696e672d61692d656e67696e656572__enc.302e302e31 | tenant: public | md5: 49faddd6c927b3641dbcfb1f0c952d49
2026-09-29 09:43:10,090|opType: publish | rt: 15ms | status: success | requestIp: null | dataId: enc.736372697074732f6f66666963652f736368656d61732f6d63652f6d632e787364 | group: skill_enc.646f6378__enc.302e302e31 | tenant: public | md5: 52e5cccc1ae03c37874236bb470527d5
2026-09-29 09:43:10,093|opType: publish | rt: 14ms | status: success | requestIp: null | dataId: enc.736372697074732f6f66666963652f736368656d61732f49534f2d49454332393530302d345f323031362f766d6c2d70726573656e746174696f6e44726177696e672e787364 | group: skill_enc.646f6378__enc.302e302e31 | tenant: public | md5: bd5fa09957c72c11b83a84f3892e1497
2026-09-29 09:43:10,115|opType: publish | rt: 34ms | status: success | requestIp: null | dataId: enc.736372697074732f74656d706c617465732f636f6d6d656e7473457874656e7369626c652e786d6c | group: skill_enc.646f6378__enc.302e302e31 | tenant: public | md5: e5fe57c24b0b6896e7df8ed92984e923
2026-09-29 09:43:10,116|opType: publish | rt: 88ms | status: success | requestIp: null | dataId: enc.736372697074732f6f66666963652f736368656d61732f49534f2d49454332393530302d345f323031362f776d6c2e787364 | group: skill_enc.646f6378__enc.302e302e31 | tenant: public | md5: ba74a726d54fae2b2af6cbf3e45a0ac7
2026-09-29 09:43:10,119|opType: publish | rt: 26ms | status: success | requestIp: null | dataId: resource_config_AGENTS__md.json | group: agentspec__enc.656e67696e656572696e672d61692d656e67696e656572__enc.302e302e31 | tenant: public | md5: 59b554ef2533c92dd143a256d2b04bae
2026-09-29 09:43:10,119|opType: publish | rt: 33ms | status: success | requestIp: null | dataId: enc.736372697074732f6163636570745f6368616e6765732e7079 | group: skill_enc.646f6378__enc.302e302e31 | tenant: public | md5: ddbb446842e4c03d128aa950c2d9cde4
2026-09-29 09:43:10,124|opType: publish | rt: 16ms | status: success | requestIp: null | dataId: enc.736372697074732f6f66666963652f736368656d61732f49534f2d49454332393530302d345f323031362f7368617265642d646f63756d656e7450726f70657274696573457874656e6465642e787364 | group: skill_enc.646f6378__enc.302e302e31 | tenant: public | md5: bf137503133653b6cac5d82209e65908
2026-09-29 09:43:10,124|opType: publish | rt: 23ms | status: success | requestIp: null | dataId: resource_tool-analysis_tool-analysis__json.json | group: agentspec__enc.656e67696e656572696e672d61692d656e67696e656572__enc.302e302e31 | tenant: public | md5: 51a504959c3b3b781412b01da953ad8e
2026-09-29 09:43:10,124|opType: publish | rt: 40ms | status: success | requestIp: null | dataId: enc.736372697074732f6f66666963652f736368656d61732f49534f2d49454332393530302d345f323031362f7368617265642d636f6d6d6f6e53696d706c6554797065732e787364 | group: skill_enc.646f6378__enc.302e302e31 | tenant: public | md5: 8467bfda5ef339eb1df6652185d65ec9
2026-09-29 09:43:10,127|opType: publish | rt: 13ms | status: success | requestIp: null | dataId: enc.736372697074732f6f66666963652f736368656d61732f65636d612f666f7574682d65646974696f6e2f6f70632d72656c6174696f6e73686970732e787364 | group: skill_enc.646f6378__enc.302e302e31 | tenant: public | md5: 83c1e2da90194b600688463398a125fd
2026-09-29 09:43:10,129|opType: publish | rt: 10ms | status: success | requestIp: null | dataId: enc.736372697074732f6f66666963652f736368656d61732f49534f2d49454332393530302d345f323031362f646d6c2d706963747572652e787364 | group: skill_enc.646f6378__enc.302e302e31 | tenant: public | md5: b4dd1b964ecce7e2a425b022068a556d
2026-09-29 09:43:10,135|opType: publish | rt: 12ms | status: success | requestIp: null | dataId: enc.736372697074732f6f66666963652f736368656d61732f6d6963726f736f66742f776d6c2d323031382e787364 | group: skill_enc.646f6378__enc.302e302e31 | tenant: public | md5: ba27663e14790ebbc5dd39ce48caf670
2026-09-29 09:43:10,140|opType: publish | rt: 24ms | status: success | requestIp: null | dataId: enc.736372697074732f6f66666963652f76616c696461746f72732f626173652e7079 | group: skill_enc.646f6378__enc.302e302e31 | tenant: public | md5: fd8b4f0bf6c070363709936542cecc3b
2026-09-29 09:43:10,141|opType: publish | rt: 12ms | status: success | requestIp: null | dataId: resource_config_SOUL__md.json | group: agentspec__enc.656e67696e656572696e672d61692d656e67696e656572__enc.302e302e31 | tenant: public | md5: 36bf8f916635b87a270be8aa792348d6
2026-09-29 09:43:10,143|opType: publish | rt: 5ms | status: success | requestIp: null | dataId: resource_crons_jobs__json.json | group: agentspec__enc.656e67696e656572696e672d6175746f6e6f6d6f75732d6f7074696d697a6174696f6e2d617263686974656374__enc.302e302e31 | tenant: public | md5: 7c0f3d16ce1d55497142a0a366939707
2026-09-29 09:43:10,144|opType: publish | rt: 13ms | status: success | requestIp: null | dataId: resource_config_MEMORY__md.json | group: agentspec__enc.656e67696e656572696e672d61692d656e67696e656572__enc.302e302e31 | tenant: public | md5: c84205d9a32687f7c36b1a34ad4382ab
2026-09-29 09:43:10,145|opType: publish | rt: 4ms | status: success | requestIp: null | dataId: manifest.json | group: agentspec__enc.656e67696e656572696e672d6175746f6e6f6d6f75732d6f7074696d697a6174696f6e2d617263686974656374__enc.302e302e31 | tenant: public | md5: 02606e8c147e4062536d993e84b21f4d
2026-09-29 09:43:10,164|opType: publish | rt: 5ms | status: success | requestIp: null | dataId: resource_config_IDENTITY__md.json | group: agentspec__enc.656e67696e656572696e672d6175746f6e6f6d6f75732d6f7074696d697a6174696f6e2d617263686974656374__enc.302e302e31 | tenant: public | md5: 74ab08d2f5c3b4c969af2959fa7f6846
2026-09-29 09:43:10,168|opType: publish | rt: 6ms | status: success | requestIp: null | dataId: resource_tool-analysis_tool-analysis__json.json | group: agentspec__enc.656e67696e656572696e672d6175746f6e6f6d6f75732d6f7074696d697a6174696f6e2d617263686974656374__enc.302e302e31 | tenant: public | md5: 1686ea3a621dc4a34298a6a3fc49fa23
2026-09-29 09:43:10,179|opType: publish | rt: 13ms | status: success | requestIp: null | dataId: enc.736372697074732f6f66666963652f736368656d61732f49534f2d49454332393530302d345f323031362f766d6c2d6d61696e2e787364 | group: skill_enc.646f6378__enc.302e302e31 | tenant: public | md5: 26a8d3552ba20d6ae290eaca673361ce
2026-09-29 09:43:10,182|opType: publish | rt: 8ms | status: success | requestIp: null | dataId: enc.736372697074732f6f66666963652f736368656d61732f6d6963726f736f66742f776d6c2d323031322e787364 | group: skill_enc.646f6378__enc.302e302e31 | tenant: public | md5: 5510865fe8f0ccbe3c8b58b359973ef1
2026-09-29 09:43:10,205|opType: publish | rt: 4ms | status: success | requestIp: null | dataId: enc.736372697074732f6f66666963652f68656c706572732f5f5f696e69745f5f2e7079 | group: skill_enc.646f6378__enc.302e302e31 | tenant: public | md5: d41d8cd98f00b204e9800998ecf8427e
2026-09-29 09:43:10,219|opType: publish | rt: 6ms | status: success | requestIp: null | dataId: enc.736372697074732f6f66666963652f736368656d61732f49534f2d49454332393530302d345f323031362f766d6c2d776f726470726f63657373696e6744726177696e672e787364 | group: skill_enc.646f6378__enc.302e302e31 | tenant: public | md5: c29beb5dc90ef8c039e836911187520f
2026-09-29 09:43:10,220|opType: publish | rt: 4ms | status: success | requestIp: null | dataId: enc.736372697074732f74656d706c617465732f636f6d6d656e74734964732e786d6c | group: skill_enc.646f6378__enc.302e302e31 | tenant: public | md5: 99667a7995de3e683cf7f9997dd18113
2026-09-29 09:43:10,227|opType: publish | rt: 6ms | status: success | requestIp: null | dataId: resource_config_AGENTS__md.json | group: agentspec__enc.656e67696e656572696e672d6175746f6e6f6d6f75732d6f7074696d697a6174696f6e2d617263686974656374__enc.302e302e31 | tenant: public | md5: cdaca8919d28ec66862dab819fb95f38
2026-09-29 09:43:10,236|opType: publish | rt: 7ms | status: success | requestIp: null | dataId: enc.736372697074732f6f66666963652f736368656d61732f6d6963726f736f66742f776d6c2d73796d65782d323031352e787364 | group: skill_enc.646f6378__enc.302e302e31 | tenant: public | md5: 4ea8bf7142ea3eccb435d2acfcc60b65
2026-09-29 09:43:10,237|opType: publish | rt: 10ms | status: success | requestIp: null | dataId: resource_config_SOUL__md.json | group: agentspec__enc.656e67696e656572696e672d6175746f6e6f6d6f75732d6f7074696d697a6174696f6e2d617263686974656374__enc.302e302e31 | tenant: public | md5: dacaaba53459c7ac6c118f4ba89b8e79
2026-09-29 09:43:10,238|opType: publish | rt: 6ms | status: success | requestIp: null | dataId: enc.736372697074732f6f66666963652f736368656d61732f49534f2d49454332393530302d345f323031362f7368617265642d646f63756d656e7450726f70657274696573437573746f6d2e787364 | group: skill_enc.646f6378__enc.302e302e31 | tenant: public | md5: 2becf9493c5347ace32a2cf0cbf73edc
2026-09-29 09:43:10,243|opType: publish | rt: 7ms | status: success | requestIp: null | dataId: resource_config_MEMORY__md.json | group: agentspec__enc.656e67696e656572696e672d6175746f6e6f6d6f75732d6f7074696d697a6174696f6e2d617263686974656374__enc.302e302e31 | tenant: public | md5: 02ac9c340e6efac1cdb9c750367911a9
2026-09-29 09:43:10,244|opType: publish | rt: 6ms | status: success | requestIp: null | dataId: manifest.json | group: agentspec__enc.656e67696e656572696e672d6261636b656e642d617263686974656374__enc.302e302e31 | tenant: public | md5: 219c157071d106e94191477150acb61a
2026-09-29 09:43:10,248|opType: publish | rt: 6ms | status: success | requestIp: null | dataId: resource_crons_jobs__json.json | group: agentspec__enc.656e67696e656572696e672d6261636b656e642d617263686974656374__enc.302e302e31 | tenant: public | md5: 0645468a89084dd70605024b64125c03
2026-09-29 09:43:10,249|opType: publish | rt: 5ms | status: success | requestIp: null | dataId: enc.736372697074732f6f66666963652f736368656d61732f6d6963726f736f66742f776d6c2d6369642d323031362e787364 | group: skill_enc.646f6378__enc.302e302e31 | tenant: public | md5: f9316c6180c204756fb142d0bdf2bee5
2026-09-29 09:43:10,254|opType: publish | rt: 6ms | status: success | requestIp: null | dataId: enc.736372697074732f6f66666963652f736368656d61732f49534f2d49454332393530302d345f323031362f7368617265642d72656c6174696f6e736869705265666572656e63652e787364 | group: skill_enc.646f6378__enc.302e302e31 | tenant: public | md5: cfb685beb25d462b1c790c922834b348
2026-09-29 09:43:10,255|opType: publish | rt: 5ms | status: success | requestIp: null | dataId: resource_config_IDENTITY__md.json | group: agentspec__enc.656e67696e656572696e672d6261636b656e642d617263686974656374__enc.302e302e31 | tenant: public | md5: ff88f04c82850cb599838be0ae6d8d7a
2026-09-29 09:43:10,258|opType: publish | rt: 5ms | status: success | requestIp: null | dataId: resource_tool-analysis_tool-analysis__json.json | group: agentspec__enc.656e67696e656572696e672d6261636b656e642d617263686974656374__enc.302e302e31 | tenant: public | md5: b63fcf6fda7da5dc8044f6647e8015b7
2026-09-29 09:43:10,292|opType: publish | rt: 7ms | status: success | requestIp: null | dataId: resource_config_AGENTS__md.json | group: agentspec__enc.656e67696e656572696e672d6261636b656e642d617263686974656374__enc.302e302e31 | tenant: public | md5: a3ec817ecc89a8f80395310c1280721f
2026-09-29 09:43:10,295|opType: publish | rt: 6ms | status: success | requestIp: null | dataId: resource_config_SOUL__md.json | group: agentspec__enc.656e67696e656572696e672d6261636b656e642d617263686974656374__enc.302e302e31 | tenant: public | md5: 8b5844b4fd85d0a66615af822a1c848c
2026-09-29 09:43:10,296|opType: publish | rt: 5ms | status: success | requestIp: null | dataId: resource_config_MEMORY__md.json | group: agentspec__enc.656e67696e656572696e672d6261636b656e642d617263686974656374__enc.302e302e31 | tenant: public | md5: 131d1ddd688f3056855853d157ff8049
2026-09-29 09:43:10,306|opType: publish | rt: 8ms | status: success | requestIp: null | dataId: enc.736372697074732f6f66666963652f736368656d61732f49534f2d49454332393530302d345f323031362f646d6c2d636861727444726177696e672e787364 | group: skill_enc.646f6378__enc.302e302e31 | tenant: public | md5: 26413166ffa3dd438e2d46dfa8e9c876
2026-09-29 09:43:10,309|opType: publish | rt: 8ms | status: success | requestIp: null | dataId: manifest.json | group: agentspec__enc.656e67696e656572696e672d636f64652d7265766965776572__enc.302e302e31 | tenant: public | md5: d8175dd8656c2a21111fec89b6a09038
2026-09-29 09:43:10,310|opType: publish | rt: 6ms | status: success | requestIp: null | dataId: resource_crons_jobs__json.json | group: agentspec__enc.656e67696e656572696e672d636f64652d7265766965776572__enc.302e302e31 | tenant: public | md5: e0c11009993e3409c59db6467cebed9a
2026-09-29 09:43:10,312|opType: publish | rt: 5ms | status: success | requestIp: null | dataId: enc.736372697074732f6f66666963652f756e7061636b2e7079 | group: skill_enc.646f6378__enc.302e302e31 | tenant: public | md5: 345c1b6a0ea7ca37e2019c2491db5fd9
2026-09-29 09:43:10,356|opType: publish | rt: 25ms | status: success | requestIp: null | dataId: resource_config_IDENTITY__md.json | group: agentspec__enc.656e67696e656572696e672d636f64652d7265766965776572__enc.302e302e31 | tenant: public | md5: 1e4f681bee2a93276b94ce0a0f62bb2f
2026-09-29 09:43:10,357|opType: publish | rt: 30ms | status: success | requestIp: null | dataId: enc.736372697074732f6f66666963652f736368656d61732f49534f2d49454332393530302d345f323031362f646d6c2d776f726470726f63657373696e6744726177696e672e787364 | group: skill_enc.646f6378__enc.302e302e31 | tenant: public | md5: 88236935634cef10ea1229528daa8645
2026-09-29 09:43:10,359|opType: publish | rt: 7ms | status: success | requestIp: null | dataId: enc.736372697074732f6f66666963652f736368656d61732f49534f2d49454332393530302d345f323031362f7368617265642d6164646974696f6e616c4368617261637465726973746963732e787364 | group: skill_enc.646f6378__enc.302e302e31 | tenant: public | md5: 6f6dbf54c9d51ce4a0ee7c4cdab14a25
2026-09-29 09:43:10,371|opType: publish | rt: 15ms | status: success | requestIp: null | dataId: enc.736372697074732f6f66666963652f736368656d61732f49534f2d49454332393530302d345f323031362f7368617265642d637573746f6d586d6c536368656d6150726f706572746965732e787364 | group: skill_enc.646f6378__enc.302e302e31 | tenant: public | md5: 55271a568bfb03eedd9098960f5974cf
2026-09-29 09:43:10,371|opType: publish | rt: 48ms | status: success | requestIp: null | dataId: enc.736372697074732f6f66666963652f736368656d61732f49534f2d49454332393530302d345f323031362f646d6c2d63686172742e787364 | group: skill_enc.646f6378__enc.302e302e31 | tenant: public | md5: ed49aff7a09c146a38ab39b0b065089f
2026-09-29 09:43:10,390|opType: publish | rt: 32ms | status: success | requestIp: null | dataId: resource_tool-analysis_tool-analysis__json.json | group: agentspec__enc.656e67696e656572696e672d636f64652d7265766965776572__enc.302e302e31 | tenant: public | md5: b6f510851d7b2a86fc9bd3fc4010e4eb
2026-09-29 09:43:10,391|opType: publish | rt: 20ms | status: success | requestIp: null | dataId: enc.736372697074732f6f66666963652f736368656d61732f65636d612f666f7574682d65646974696f6e2f6f70632d636f726550726f706572746965732e787364 | group: skill_enc.646f6378__enc.302e302e31 | tenant: public | md5: f3c84be92899c191b3c7a4fd2e9b6490
2026-09-29 09:43:10,391|opType: publish | rt: 19ms | status: success | requestIp: null | dataId: enc.736372697074732f6f66666963652f76616c696461746f72732f707074782e7079 | group: skill_enc.646f6378__enc.302e302e31 | tenant: public | md5: 95836f2ecb3e53862b1d166d0a11e255
2026-09-29 09:43:10,396|opType: publish | rt: 15ms | status: success | requestIp: null | dataId: enc.736372697074732f6f66666963652f736f66666963652e7079 | group: skill_enc.646f6378__enc.302e302e31 | tenant: public | md5: 080c37e6f18963f350dda51d922c9f06
2026-09-29 09:43:10,403|opType: publish | rt: 16ms | status: success | requestIp: null | dataId: resource_config_AGENTS__md.json | group: agentspec__enc.656e67696e656572696e672d636f64652d7265766965776572__enc.302e302e31 | tenant: public | md5: 9e117553d7ac54a1872266694703612c
2026-09-29 09:43:10,403|opType: publish | rt: 40ms | status: success | requestIp: null | dataId: enc.736372697074732f6f66666963652f736368656d61732f49534f2d49454332393530302d345f323031362f706d6c2e787364 | group: skill_enc.646f6378__enc.302e302e31 | tenant: public | md5: e4e1024cca691dab04a1964a13e34639
2026-09-29 09:43:10,406|opType: publish | rt: 15ms | status: success | requestIp: null | dataId: enc.736372697074732f6f66666963652f736368656d61732f49534f2d49454332393530302d345f323031362f7368617265642d6269626c696f6772617068792e787364 | group: skill_enc.646f6378__enc.302e302e31 | tenant: public | md5: 1c0ef0ccbbc7b08bf6f8f8263a0b8d64
2026-09-29 09:43:10,408|opType: publish | rt: 7ms | status: success | requestIp: null | dataId: resource_config_SOUL__md.json | group: agentspec__enc.656e67696e656572696e672d636f64652d7265766965776572__enc.302e302e31 | tenant: public | md5: 2ffbe48216efd3b3b4dddc3b4149520a
2026-09-29 09:43:10,410|opType: publish | rt: 6ms | status: success | requestIp: null | dataId: resource_config_MEMORY__md.json | group: agentspec__enc.656e67696e656572696e672d636f64652d7265766965776572__enc.302e302e31 | tenant: public | md5: ed7f2d1cc2cc61052a0f55f17daaa93f
2026-09-29 09:43:10,414|opType: publish | rt: 7ms | status: success | requestIp: null | dataId: manifest.json | group: agentspec__enc.656e67696e656572696e672d646174612d656e67696e656572__enc.302e302e31 | tenant: public | md5: 7b194503fd19c591ac683feaf178a199
2026-09-29 09:43:10,417|opType: publish | rt: 7ms | status: success | requestIp: null | dataId: resource_crons_jobs__json.json | group: agentspec__enc.656e67696e656572696e672d646174612d656e67696e656572__enc.302e302e31 | tenant: public | md5: 04439af92a3b607ecb96df1172a68cbf
2026-09-29 09:43:10,420|opType: publish | rt: 7ms | status: success | requestIp: null | dataId: enc.736372697074732f6f66666963652f736368656d61732f49534f2d49454332393530302d345f323031362f786d6c2e787364 | group: skill_enc.646f6378__enc.302e302e31 | tenant: public | md5: d535ef9799e2bdadb51d7be270d51053
2026-09-29 09:43:10,422|opType: publish | rt: 7ms | status: success | requestIp: null | dataId: enc.736372697074732f6f66666963652f736368656d61732f6d6963726f736f66742f776d6c2d73647464617461686173682d323032302e787364 | group: skill_enc.646f6378__enc.302e302e31 | tenant: public | md5: f9730efba946ebaf9c2ac771c6135505
2026-09-29 09:43:10,425|opType: publish | rt: 7ms | status: success | requestIp: null | dataId: resource_config_IDENTITY__md.json | group: agentspec__enc.656e67696e656572696e672d646174612d656e67696e656572__enc.302e302e31 | tenant: public | md5: eba875bfe4742c3cf628ed1b96e087ff
2026-09-29 09:43:10,430|opType: publish | rt: 9ms | status: success | requestIp: null | dataId: enc.736372697074732f6f66666963652f7061636b2e7079 | group: skill_enc.646f6378__enc.302e302e31 | tenant: public | md5: 20d61f93e874fd961122dd0da9de7898
2026-09-29 09:43:10,436|opType: publish | rt: 8ms | status: success | requestIp: null | dataId: enc.736372697074732f74656d706c617465732f70656f706c652e786d6c | group: skill_enc.646f6378__enc.302e302e31 | tenant: public | md5: 3cb770bd46cfdccaf676ca24839736a0
2026-09-29 09:43:10,440|opType: publish | rt: 9ms | status: success | requestIp: null | dataId: SKILL.md | group: skill_enc.66726f6e74656e642d64657369676e__enc.302e302e31 | tenant: public | md5: 7a73ab092f5c8638198f63c45056643c
2026-09-29 09:43:10,442|opType: publish | rt: 8ms | status: success | requestIp: null | dataId: resource_tool-analysis_tool-analysis__json.json | group: agentspec__enc.656e67696e656572696e672d646174612d656e67696e656572__enc.302e302e31 | tenant: public | md5: e807580b07fcf6bb366b1b87e9a1bf50
2026-09-29 09:43:10,451|opType: publish | rt: 7ms | status: success | requestIp: null | dataId: LICENSE.txt | group: skill_enc.66726f6e74656e642d64657369676e__enc.302e302e31 | tenant: public | md5: 2ee41112a44fe7014dce33e26468ba93
2026-09-29 09:43:10,459|opType: publish | rt: 10ms | status: success | requestIp: null | dataId: resource_config_AGENTS__md.json | group: agentspec__enc.656e67696e656572696e672d646174612d656e67696e656572__enc.302e302e31 | tenant: public | md5: 52650fa9e6a1b744799a5971184932b3
2026-09-29 09:43:10,461|opType: publish | rt: 8ms | status: success | requestIp: null | dataId: SKILL.md | group: skill_enc.696e7465726e616c2d636f6d6d73__enc.302e302e31 | tenant: public | md5: 9340b7e81b38cabc3ca2a6619b9a616d
2026-09-29 09:43:10,465|opType: publish | rt: 8ms | status: success | requestIp: null | dataId: resource_config_SOUL__md.json | group: agentspec__enc.656e67696e656572696e672d646174612d656e67696e656572__enc.302e302e31 | tenant: public | md5: dcb366bb5883f31a56bcf0b1322369fe
2026-09-29 09:43:10,470|opType: publish | rt: 9ms | status: success | requestIp: null | dataId: resource_config_MEMORY__md.json | group: agentspec__enc.656e67696e656572696e672d646174612d656e67696e656572__enc.302e302e31 | tenant: public | md5: b658cc9cb7971517c5bdd09859670a24
2026-09-29 09:43:10,475|opType: publish | rt: 10ms | status: success | requestIp: null | dataId: enc.6578616d706c65732f67656e6572616c2d636f6d6d732e6d64 | group: skill_enc.696e7465726e616c2d636f6d6d73__enc.302e302e31 | tenant: public | md5: bdc6cf6bc1fad20a52a4662d430dcaf8
2026-09-29 09:43:10,478|opType: publish | rt: 8ms | status: success | requestIp: null | dataId: manifest.json | group: agentspec__enc.656e67696e656572696e672d64617461626173652d6f7074696d697a6572__enc.302e302e31 | tenant: public | md5: b7302ceb00a8bbad959ef36b05a673d3
2026-09-29 09:43:10,480|opType: publish | rt: 6ms | status: success | requestIp: null | dataId: enc.6578616d706c65732f636f6d70616e792d6e6577736c65747465722e6d64 | group: skill_enc.696e7465726e616c2d636f6d6d73__enc.302e302e31 | tenant: public | md5: 6f97d1001ca99c1ef2db92ebe58e41eb
2026-09-29 09:43:10,482|opType: publish | rt: 5ms | status: success | requestIp: null | dataId: resource_crons_jobs__json.json | group: agentspec__enc.656e67696e656572696e672d64617461626173652d6f7074696d697a6572__enc.302e302e31 | tenant: public | md5: e3068f755a46095ed990748976363478
2026-09-29 09:43:10,486|opType: publish | rt: 6ms | status: success | requestIp: null | dataId: resource_config_IDENTITY__md.json | group: agentspec__enc.656e67696e656572696e672d64617461626173652d6f7074696d697a6572__enc.302e302e31 | tenant: public | md5: 500598383d081c9492fc1bffe16b4968
2026-09-29 09:43:10,507|opType: publish | rt: 8ms | status: success | requestIp: null | dataId: resource_tool-analysis_tool-analysis__json.json | group: agentspec__enc.656e67696e656572696e672d64617461626173652d6f7074696d697a6572__enc.302e302e31 | tenant: public | md5: bb1bca031e0137683c996abc53b29787
2026-09-29 09:43:10,512|opType: publish | rt: 7ms | status: success | requestIp: null | dataId: resource_config_AGENTS__md.json | group: agentspec__enc.656e67696e656572696e672d64617461626173652d6f7074696d697a6572__enc.302e302e31 | tenant: public | md5: 7db910a3c069a8a67b8e50948f47c11a
2026-09-29 09:43:10,514|opType: publish | rt: 5ms | status: success | requestIp: null | dataId: resource_config_SOUL__md.json | group: agentspec__enc.656e67696e656572696e672d64617461626173652d6f7074696d697a6572__enc.302e302e31 | tenant: public | md5: 579634cdaad549ba8f557a36e8a87927
2026-09-29 09:43:10,520|opType: publish | rt: 7ms | status: success | requestIp: null | dataId: enc.6578616d706c65732f6661712d616e73776572732e6d64 | group: skill_enc.696e7465726e616c2d636f6d6d73__enc.302e302e31 | tenant: public | md5: 8765c9c2ac0f0f56c8690df4583a9643
2026-09-29 09:43:10,523|opType: publish | rt: 7ms | status: success | requestIp: null | dataId: resource_config_MEMORY__md.json | group: agentspec__enc.656e67696e656572696e672d64617461626173652d6f7074696d697a6572__enc.302e302e31 | tenant: public | md5: 825f40c3429765d20910fc3005c02309
2026-09-29 09:43:10,526|opType: publish | rt: 8ms | status: success | requestIp: null | dataId: manifest.json | group: agentspec__enc.656e67696e656572696e672d6465766f70732d6175746f6d61746f72__enc.302e302e31 | tenant: public | md5: 48a007e3f5c1506405dc2f45d1815b48
2026-09-29 09:43:10,529|opType: publish | rt: 7ms | status: success | requestIp: null | dataId: LICENSE.txt | group: skill_enc.696e7465726e616c2d636f6d6d73__enc.302e302e31 | tenant: public | md5: 175792518e4ac015ab6696d16c4f607e
2026-09-29 09:43:10,572|opType: publish | rt: 9ms | status: success | requestIp: null | dataId: resource_crons_jobs__json.json | group: agentspec__enc.656e67696e656572696e672d6465766f70732d6175746f6d61746f72__enc.302e302e31 | tenant: public | md5: 982bf299a95d28831ba799aee31712f6
2026-09-29 09:43:10,574|opType: publish | rt: 8ms | status: success | requestIp: null | dataId: enc.6578616d706c65732f33702d757064617465732e6d64 | group: skill_enc.696e7465726e616c2d636f6d6d73__enc.302e302e31 | tenant: public | md5: acf74437a9e65edced3d56dd9ee63722
2026-09-29 09:43:10,575|opType: publish | rt: 7ms | status: success | requestIp: null | dataId: SKILL.md | group: skill_enc.6d63702d6275696c646572__enc.302e302e31 | tenant: public | md5: d20f560a23fbc58b17cfcf00d911e0a8
2026-09-29 09:43:10,585|opType: publish | rt: 7ms | status: success | requestIp: null | dataId: enc.7265666572656e63652f707974686f6e5f6d63705f7365727665722e6d64 | group: skill_enc.6d63702d6275696c646572__enc.302e302e31 | tenant: public | md5: af767546b4697efbb7348f5c06a6b071
2026-09-29 09:43:10,587|opType: publish | rt: 8ms | status: success | requestIp: null | dataId: enc.7265666572656e63652f6576616c756174696f6e2e6d64 | group: skill_enc.6d63702d6275696c646572__enc.302e302e31 | tenant: public | md5: 4aa903da7d9c289eb167dce2747140f2
2026-09-29 09:43:10,602|opType: publish | rt: 6ms | status: success | requestIp: null | dataId: resource_config_IDENTITY__md.json | group: agentspec__enc.656e67696e656572696e672d6465766f70732d6175746f6d61746f72__enc.302e302e31 | tenant: public | md5: 06c38bfd1f2549a0e0501ee0b5f6c11c
2026-09-29 09:43:10,610|opType: publish | rt: 10ms | status: success | requestIp: null | dataId: enc.7265666572656e63652f6e6f64655f6d63705f7365727665722e6d64 | group: skill_enc.6d63702d6275696c646572__enc.302e302e31 | tenant: public | md5: 214713cb0cfdf6ea4aa8eda85e2c6959
2026-09-29 09:43:10,611|opType: publish | rt: 8ms | status: success | requestIp: null | dataId: enc.736372697074732f636f6e6e656374696f6e732e7079 | group: skill_enc.6d63702d6275696c646572__enc.302e302e31 | tenant: public | md5: 577a5757c0f687ad4a84eb48eac9d514
2026-09-29 09:43:10,612|opType: publish | rt: 7ms | status: success | requestIp: null | dataId: LICENSE.txt | group: skill_enc.6d63702d6275696c646572__enc.302e302e31 | tenant: public | md5: 175792518e4ac015ab6696d16c4f607e
2026-09-29 09:43:10,620|opType: publish | rt: 8ms | status: success | requestIp: null | dataId: resource_tool-analysis_tool-analysis__json.json | group: agentspec__enc.656e67696e656572696e672d6465766f70732d6175746f6d61746f72__enc.302e302e31 | tenant: public | md5: f95d934ea9b1290d1c0cafe81ff4fb6f
2026-09-29 09:43:10,622|opType: publish | rt: 6ms | status: success | requestIp: null | dataId: enc.7265666572656e63652f6d63705f626573745f7072616374696365732e6d64 | group: skill_enc.6d63702d6275696c646572__enc.302e302e31 | tenant: public | md5: e7cd50e7527877687efebcd3877e3e9a
2026-09-29 09:43:10,625|opType: publish | rt: 7ms | status: success | requestIp: null | dataId: enc.736372697074732f6576616c756174696f6e2e7079 | group: skill_enc.6d63702d6275696c646572__enc.302e302e31 | tenant: public | md5: 78d39ae57d97d49295872ef1a04cfd20
2026-09-29 09:43:10,627|opType: publish | rt: 6ms | status: success | requestIp: null | dataId: resource_config_AGENTS__md.json | group: agentspec__enc.656e67696e656572696e672d6465766f70732d6175746f6d61746f72__enc.302e302e31 | tenant: public | md5: 1606680f210c010f213ebdc5b81bfc95
2026-09-29 09:43:10,629|opType: publish | rt: 6ms | status: success | requestIp: null | dataId: resource_config_SOUL__md.json | group: agentspec__enc.656e67696e656572696e672d6465766f70732d6175746f6d61746f72__enc.302e302e31 | tenant: public | md5: ecb1fc978a0d145da5a7150b04600f04
2026-09-29 09:43:10,632|opType: publish | rt: 6ms | status: success | requestIp: null | dataId: resource_config_MEMORY__md.json | group: agentspec__enc.656e67696e656572696e672d6465766f70732d6175746f6d61746f72__enc.302e302e31 | tenant: public | md5: 0b7b21f7fc34abcfada4012b4725a961
2026-09-29 09:43:10,633|opType: publish | rt: 4ms | status: success | requestIp: null | dataId: manifest.json | group: agentspec__enc.656e67696e656572696e672d64696e6774616c6b2d696e746567726174696f6e2d646576656c6f706572__enc.302e302e31 | tenant: public | md5: 3a68f23594a6140db3237fd121ceaaab
2026-09-29 09:43:10,636|opType: publish | rt: 5ms | status: success | requestIp: null | dataId: enc.736372697074732f6578616d706c655f6576616c756174696f6e2e786d6c | group: skill_enc.6d63702d6275696c646572__enc.302e302e31 | tenant: public | md5: 7573fa9dc397ed81e21c168eeeae5c87
2026-09-29 09:43:10,638|opType: publish | rt: 5ms | status: success | requestIp: null | dataId: enc.736372697074732f726571756972656d656e74732e747874 | group: skill_enc.6d63702d6275696c646572__enc.302e302e31 | tenant: public | md5: 3ec2de45c75cadfbf997821049c09fbd
2026-09-29 09:43:10,640|opType: publish | rt: 5ms | status: success | requestIp: null | dataId: resource_crons_jobs__json.json | group: agentspec__enc.656e67696e656572696e672d64696e6774616c6b2d696e746567726174696f6e2d646576656c6f706572__enc.302e302e31 | tenant: public | md5: f1548273e17af743fe7d008f82d57fb6
2026-09-29 09:43:10,665|opType: publish | rt: 4ms | status: success | requestIp: null | dataId: resource_config_IDENTITY__md.json | group: agentspec__enc.656e67696e656572696e672d64696e6774616c6b2d696e746567726174696f6e2d646576656c6f706572__enc.302e302e31 | tenant: public | md5: 33d66e7365ecad0e31979d098936ab15
2026-09-29 09:43:10,672|opType: publish | rt: 6ms | status: success | requestIp: null | dataId: resource_tool-analysis_tool-analysis__json.json | group: agentspec__enc.656e67696e656572696e672d64696e6774616c6b2d696e746567726174696f6e2d646576656c6f706572__enc.302e302e31 | tenant: public | md5: 2fc078c3b26b3e8f9a1ae19218315bfa
2026-09-29 09:43:10,675|opType: publish | rt: 6ms | status: success | requestIp: null | dataId: skill_index.json | group: skill_frontend-design | tenant: public | md5: 313ccb20c3edc957127437be5c8b22c9
2026-09-29 09:43:10,678|opType: publish | rt: 6ms | status: success | requestIp: null | dataId: skill_index.json | group: skill_docx | tenant: public | md5: 6568964d7a9e88c173db056fd9ecdd15
2026-09-29 09:43:10,680|opType: publish | rt: 7ms | status: success | requestIp: null | dataId: resource_config_AGENTS__md.json | group: agentspec__enc.656e67696e656572696e672d64696e6774616c6b2d696e746567726174696f6e2d646576656c6f706572__enc.302e302e31 | tenant: public | md5: 0738f9de7a25a9ee3e89f98888a073c3
2026-09-29 09:43:10,681|opType: publish | rt: 5ms | status: success | requestIp: null | dataId: resource_config_SOUL__md.json | group: agentspec__enc.656e67696e656572696e672d64696e6774616c6b2d696e746567726174696f6e2d646576656c6f706572__enc.302e302e31 | tenant: public | md5: 5a294cebf709a21c8ebfc607be5e2627
2026-09-29 09:43:10,690|opType: publish | rt: 6ms | status: success | requestIp: null | dataId: resource_config_MEMORY__md.json | group: agentspec__enc.656e67696e656572696e672d64696e6774616c6b2d696e746567726174696f6e2d646576656c6f706572__enc.302e302e31 | tenant: public | md5: 2d9cc5c82ecc6b3175aa0e172b84d88c
2026-09-29 09:43:10,694|opType: publish | rt: 6ms | status: success | requestIp: null | dataId: manifest.json | group: agentspec__enc.656e67696e656572696e672d656d6265646465642d6669726d776172652d656e67696e656572__enc.302e302e31 | tenant: public | md5: ac6b348315c5a6fa0ab397942b1c3ceb
2026-09-29 09:43:10,697|opType: publish | rt: 5ms | status: success | requestIp: null | dataId: resource_crons_jobs__json.json | group: agentspec__enc.656e67696e656572696e672d656d6265646465642d6669726d776172652d656e67696e656572__enc.302e302e31 | tenant: public | md5: 7f7b7d06282e7fd4b641b15f36c898e7
2026-09-29 09:43:10,717|opType: publish | rt: 5ms | status: success | requestIp: null | dataId: resource_config_IDENTITY__md.json | group: agentspec__enc.656e67696e656572696e672d656d6265646465642d6669726d776172652d656e67696e656572__enc.302e302e31 | tenant: public | md5: 21f5cb32e28d5a62663105becccf6d4e
2026-09-29 09:43:10,724|opType: publish | rt: 6ms | status: success | requestIp: null | dataId: resource_tool-analysis_tool-analysis__json.json | group: agentspec__enc.656e67696e656572696e672d656d6265646465642d6669726d776172652d656e67696e656572__enc.302e302e31 | tenant: public | md5: 60cd253d3c61f7e26266e9a54bd5bf95
2026-09-29 09:43:10,725|opType: publish | rt: 5ms | status: success | requestIp: null | dataId: resource_config_AGENTS__md.json | group: agentspec__enc.656e67696e656572696e672d656d6265646465642d6669726d776172652d656e67696e656572__enc.302e302e31 | tenant: public | md5: 18629bc8b504e4e302163ad77b79f2ec
2026-09-29 09:43:10,735|opType: publish | rt: 5ms | status: success | requestIp: null | dataId: resource_config_SOUL__md.json | group: agentspec__enc.656e67696e656572696e672d656d6265646465642d6669726d776172652d656e67696e656572__enc.302e302e31 | tenant: public | md5: e58896ee80842dba87f16acd0ab884ff
2026-09-29 09:43:10,736|opType: publish | rt: 5ms | status: success | requestIp: null | dataId: resource_config_MEMORY__md.json | group: agentspec__enc.656e67696e656572696e672d656d6265646465642d6669726d776172652d656e67696e656572__enc.302e302e31 | tenant: public | md5: 87940dc2d8fdf9bf8409bcfbda00d95f
2026-09-29 09:43:10,786|opType: publish | rt: 5ms | status: success | requestIp: null | dataId: manifest.json | group: agentspec__enc.656e67696e656572696e672d656d6265646465642d6c696e75782d6472697665722d656e67696e656572__enc.302e302e31 | tenant: public | md5: 9b56acf687908d74eed355f9cc4b1dec
2026-09-29 09:43:10,789|opType: publish | rt: 4ms | status: success | requestIp: null | dataId: skill_index.json | group: skill_internal-comms | tenant: public | md5: a70e5d30f3c7b9c03dd6c6610f7ae933
2026-09-29 09:43:10,812|opType: publish | rt: 4ms | status: success | requestIp: null | dataId: resource_crons_jobs__json.json | group: agentspec__enc.656e67696e656572696e672d656d6265646465642d6c696e75782d6472697665722d656e67696e656572__enc.302e302e31 | tenant: public | md5: e6201164d903ae59470e2a60e6e36c25
2026-09-29 09:43:10,828|opType: publish | rt: 3ms | status: success | requestIp: null | dataId: resource_config_IDENTITY__md.json | group: agentspec__enc.656e67696e656572696e672d656d6265646465642d6c696e75782d6472697665722d656e67696e656572__enc.302e302e31 | tenant: public | md5: 173f7f501b9f3bc79818c09a271c1e73
2026-09-29 09:43:10,837|opType: publish | rt: 5ms | status: success | requestIp: null | dataId: resource_tool-analysis_tool-analysis__json.json | group: agentspec__enc.656e67696e656572696e672d656d6265646465642d6c696e75782d6472697665722d656e67696e656572__enc.302e302e31 | tenant: public | md5: 16937bd67d3054d725390db434872365
2026-09-29 09:43:10,842|opType: publish | rt: 6ms | status: success | requestIp: null | dataId: resource_config_AGENTS__md.json | group: agentspec__enc.656e67696e656572696e672d656d6265646465642d6c696e75782d6472697665722d656e67696e656572__enc.302e302e31 | tenant: public | md5: 4ecf0bf3f314b4368c89e1a51dbb69b0
2026-09-29 09:43:10,846|opType: publish | rt: 7ms | status: success | requestIp: null | dataId: resource_config_SOUL__md.json | group: agentspec__enc.656e67696e656572696e672d656d6265646465642d6c696e75782d6472697665722d656e67696e656572__enc.302e302e31 | tenant: public | md5: d4bf544bf5282011329218785a22f723
2026-09-29 09:43:10,846|opType: publish | rt: 5ms | status: success | requestIp: null | dataId: resource_config_MEMORY__md.json | group: agentspec__enc.656e67696e656572696e672d656d6265646465642d6c696e75782d6472697665722d656e67696e656572__enc.302e302e31 | tenant: public | md5: 4de393b4cd811fcd6007ec1c5a52f311
2026-09-29 09:43:10,852|opType: publish | rt: 5ms | status: success | requestIp: null | dataId: manifest.json | group: agentspec__enc.656e67696e656572696e672d6665697368752d696e746567726174696f6e2d646576656c6f706572__enc.302e302e31 | tenant: public | md5: 0886f972fe37cbe01ee25f6f5fd39249
2026-09-29 09:43:10,855|opType: publish | rt: 5ms | status: success | requestIp: null | dataId: skill_index.json | group: skill_mcp-builder | tenant: public | md5: b6a3cf18f729416be8834b40bfa8d63c
2026-09-29 09:43:10,875|opType: publish | rt: 4ms | status: success | requestIp: null | dataId: resource_crons_jobs__json.json | group: agentspec__enc.656e67696e656572696e672d6665697368752d696e746567726174696f6e2d646576656c6f706572__enc.302e302e31 | tenant: public | md5: cca7ce08fb8fa4884dc814eccc299e59
2026-09-29 09:43:10,882|opType: publish | rt: 5ms | status: success | requestIp: null | dataId: resource_config_IDENTITY__md.json | group: agentspec__enc.656e67696e656572696e672d6665697368752d696e746567726174696f6e2d646576656c6f706572__enc.302e302e31 | tenant: public | md5: 8b7f4eaa8fec58337f9de83d7b126e40
2026-09-29 09:43:10,898|opType: publish | rt: 4ms | status: success | requestIp: null | dataId: enc.736372697074732f636f6e766572745f7064665f746f5f696d616765732e7079 | group: skill_enc.706466__enc.302e302e31 | tenant: public | md5: 0c65904b96ebb8af6f15851dbb6da239
2026-09-29 09:43:10,903|opType: publish | rt: 5ms | status: success | requestIp: null | dataId: enc.736372697074732f66696c6c5f7064665f666f726d5f776974685f616e6e6f746174696f6e732e7079 | group: skill_enc.706466__enc.302e302e31 | tenant: public | md5: f9d6c389c69edf3494a995c48c6739ab
2026-09-29 09:43:10,906|opType: publish | rt: 6ms | status: success | requestIp: null | dataId: SKILL.md | group: skill_enc.706466__enc.302e302e31 | tenant: public | md5: 094b9fc758c0bc1f5d6d4431561ba696
2026-09-29 09:43:10,911|opType: publish | rt: 7ms | status: success | requestIp: null | dataId: enc.736372697074732f657874726163745f666f726d5f6669656c645f696e666f2e7079 | group: skill_enc.706466__enc.302e302e31 | tenant: public | md5: 0b70a14d41ead20e387bd87f007d6b66
2026-09-29 09:43:10,914|opType: publish | rt: 9ms | status: success | requestIp: null | dataId: reference.md | group: skill_enc.706466__enc.302e302e31 | tenant: public | md5: c98b5ac274243622da3712daa2f859f5
2026-09-29 09:43:10,914|opType: publish | rt: 11ms | status: success | requestIp: null | dataId: enc.736372697074732f636865636b5f626f756e64696e675f626f7865732e7079 | group: skill_enc.706466__enc.302e302e31 | tenant: public | md5: f221feb172d30a7ab90583b17ce7b4b0
2026-09-29 09:43:10,916|opType: publish | rt: 11ms | status: success | requestIp: null | dataId: enc.736372697074732f636865636b5f66696c6c61626c655f6669656c64732e7079 | group: skill_enc.706466__enc.302e302e31 | tenant: public | md5: f4ac456f3f0450da2fff366725e095ba
2026-09-29 09:43:10,919|opType: publish | rt: 11ms | status: success | requestIp: null | dataId: LICENSE.txt | group: skill_enc.706466__enc.302e302e31 | tenant: public | md5: f8515c3694eb11622110ca76c7c15d1b
2026-09-29 09:43:10,919|opType: publish | rt: 9ms | status: success | requestIp: null | dataId: enc.736372697074732f6372656174655f76616c69646174696f6e5f696d6167652e7079 | group: skill_enc.706466__enc.302e302e31 | tenant: public | md5: 858ffa552d1963e1d46e0391d45d518d
2026-09-29 09:43:10,920|opType: publish | rt: 6ms | status: success | requestIp: null | dataId: forms.md | group: skill_enc.706466__enc.302e302e31 | tenant: public | md5: 17def1f9054156caec43e0db22dfeb2d
2026-09-29 09:43:10,921|opType: publish | rt: 5ms | status: success | requestIp: null | dataId: enc.736372697074732f657874726163745f666f726d5f7374727563747572652e7079 | group: skill_enc.706466__enc.302e302e31 | tenant: public | md5: 1fa3730b44fd5511fc986887842962dd
2026-09-29 09:43:10,925|opType: publish | rt: 6ms | status: success | requestIp: null | dataId: enc.736372697074732f66696c6c5f66696c6c61626c655f6669656c64732e7079 | group: skill_enc.706466__enc.302e302e31 | tenant: public | md5: 85f9da2696f510337ed36030d13e1c5e
2026-09-29 09:43:10,926|opType: publish | rt: 5ms | status: success | requestIp: null | dataId: resource_tool-analysis_tool-analysis__json.json | group: agentspec__enc.656e67696e656572696e672d6665697368752d696e746567726174696f6e2d646576656c6f706572__enc.302e302e31 | tenant: public | md5: b7fcad8b1704ec83da0cffdcf7581c28
2026-09-29 09:43:10,930|opType: publish | rt: 6ms | status: success | requestIp: null | dataId: resource_config_AGENTS__md.json | group: agentspec__enc.656e67696e656572696e672d6665697368752d696e746567726174696f6e2d646576656c6f706572__enc.302e302e31 | tenant: public | md5: 9ec5b6b5e7778c084ac761f31ba359f7
2026-09-29 09:43:10,932|opType: publish | rt: 6ms | status: success | requestIp: null | dataId: resource_config_SOUL__md.json | group: agentspec__enc.656e67696e656572696e672d6665697368752d696e746567726174696f6e2d646576656c6f706572__enc.302e302e31 | tenant: public | md5: e76acea10b878e868c8d391e203cda8c
2026-09-29 09:43:10,933|opType: publish | rt: 5ms | status: success | requestIp: null | dataId: enc.736372697074732f6f66666963652f736368656d61732f65636d612f666f7574682d65646974696f6e2f6f70632d6469675369672e787364 | group: skill_enc.70707478__enc.302e302e31 | tenant: public | md5: 9d845fe13cbd7ee8526c4ad2cc6eaff4
2026-09-29 09:43:10,936|opType: publish | rt: 5ms | status: success | requestIp: null | dataId: SKILL.md | group: skill_enc.70707478__enc.302e302e31 | tenant: public | md5: 2ab25772526edbe6549960ead453a3b3
2026-09-29 09:43:10,938|opType: publish | rt: 5ms | status: success | requestIp: null | dataId: enc.736372697074732f636c65616e2e7079 | group: skill_enc.70707478__enc.302e302e31 | tenant: public | md5: 802144f24fd71f6893f19e6bff48ac45
2026-09-29 09:43:10,942|opType: publish | rt: 6ms | status: success | requestIp: null | dataId: enc.736372697074732f6f66666963652f736368656d61732f6d6963726f736f66742f776d6c2d6365782d323031382e787364 | group: skill_enc.70707478__enc.302e302e31 | tenant: public | md5: 0a234e24eaab261b4faf591b9d7905fb
2026-09-29 09:43:10,946|opType: publish | rt: 8ms | status: success | requestIp: null | dataId: enc.736372697074732f6f66666963652f76616c696461746f72732f5f5f696e69745f5f2e7079 | group: skill_enc.70707478__enc.302e302e31 | tenant: public | md5: 9577920dc811fff9762a96d4095d95e5
2026-09-29 09:43:10,952|opType: publish | rt: 9ms | status: success | requestIp: null | dataId: LICENSE.txt | group: skill_enc.70707478__enc.302e302e31 | tenant: public | md5: f8515c3694eb11622110ca76c7c15d1b
2026-09-29 09:43:10,974|opType: publish | rt: 28ms | status: success | requestIp: null | dataId: resource_config_MEMORY__md.json | group: agentspec__enc.656e67696e656572696e672d6665697368752d696e746567726174696f6e2d646576656c6f706572__enc.302e302e31 | tenant: public | md5: 64c172c6fbd462d57755315c26bc52a2
2026-09-29 09:43:10,975|opType: publish | rt: 27ms | status: success | requestIp: null | dataId: editing.md | group: skill_enc.70707478__enc.302e302e31 | tenant: public | md5: 639f560d8c7d3eab2f0408796473ff8b
2026-09-29 09:43:10,978|opType: publish | rt: 10ms | status: success | requestIp: null | dataId: resource_config_AGENTS__md.json | group: agentspec__enc.656e67696e656572696e672d667067612d6469676974616c2d64657369676e2d656e67696e656572__enc.302e302e31 | tenant: public | md5: 6fbb90260353e948d840ab012debe601
2026-09-29 09:43:10,978|opType: publish | rt: 27ms | status: success | requestIp: null | dataId: manifest.json | group: agentspec__enc.656e67696e656572696e672d667067612d6469676974616c2d64657369676e2d656e67696e656572__enc.302e302e31 | tenant: public | md5: bec2864e1b92d8fdef2c61a2210caa37
2026-09-29 09:43:10,984|opType: publish | rt: 28ms | status: success | requestIp: null | dataId: resource_crons_jobs__json.json | group: agentspec__enc.656e67696e656572696e672d667067612d6469676974616c2d64657369676e2d656e67696e656572__enc.302e302e31 | tenant: public | md5: 44af7c90d9e3568d305db065aa1df29b
2026-09-29 09:43:10,988|opType: publish | rt: 13ms | status: success | requestIp: null | dataId: resource_config_SOUL__md.json | group: agentspec__enc.656e67696e656572696e672d667067612d6469676974616c2d64657369676e2d656e67696e656572__enc.302e302e31 | tenant: public | md5: 0c474d76008b296bebc7cc00b4bb9365
2026-09-29 09:43:10,991|opType: publish | rt: 19ms | status: success | requestIp: null | dataId: resource_config_IDENTITY__md.json | group: agentspec__enc.656e67696e656572696e672d667067612d6469676974616c2d64657369676e2d656e67696e656572__enc.302e302e31 | tenant: public | md5: 4473c289104f57a4b207db270c1e7dd4
2026-09-29 09:43:11,001|opType: publish | rt: 60ms | status: success | requestIp: null | dataId: enc.736372697074732f6f66666963652f736368656d61732f49534f2d49454332393530302d345f323031362f646d6c2d6d61696e2e787364 | group: skill_enc.70707478__enc.302e302e31 | tenant: public | md5: 3f7ce9be7913e9b2f671973348d53c7a
2026-09-29 09:43:11,002|opType: publish | rt: 24ms | status: success | requestIp: null | dataId: resource_tool-analysis_tool-analysis__json.json | group: agentspec__enc.656e67696e656572696e672d667067612d6469676974616c2d64657369676e2d656e67696e656572__enc.302e302e31 | tenant: public | md5: d3497a7ab0d227ff8acdc2354f0b354e
2026-09-29 09:43:11,008|opType: publish | rt: 6ms | status: success | requestIp: null | dataId: resource_config_MEMORY__md.json | group: agentspec__enc.656e67696e656572696e672d667067612d6469676974616c2d64657369676e2d656e67696e656572__enc.302e302e31 | tenant: public | md5: 8a81e968ba41ff2b9daef792a5f1a8fe
2026-09-29 09:43:11,020|opType: publish | rt: 3ms | status: success | requestIp: null | dataId: manifest.json | group: agentspec__enc.656e67696e656572696e672d66726f6e74656e642d646576656c6f706572__enc.302e302e31 | tenant: public | md5: 7227df56b5a7eb23fc0fc2f9f66cea23
2026-09-29 09:43:11,037|opType: publish | rt: 4ms | status: success | requestIp: null | dataId: resource_crons_jobs__json.json | group: agentspec__enc.656e67696e656572696e672d66726f6e74656e642d646576656c6f706572__enc.302e302e31 | tenant: public | md5: 200a15f11cbd523501901dba037d57b2
2026-09-29 09:43:11,057|opType: publish | rt: 16ms | status: success | requestIp: null | dataId: resource_config_IDENTITY__md.json | group: agentspec__enc.656e67696e656572696e672d66726f6e74656e642d646576656c6f706572__enc.302e302e31 | tenant: public | md5: adbbd877ea74f4fe7f71eabb7f790831
2026-09-29 09:43:11,067|opType: publish | rt: 7ms | status: success | requestIp: null | dataId: resource_tool-analysis_tool-analysis__json.json | group: agentspec__enc.656e67696e656572696e672d66726f6e74656e642d646576656c6f706572__enc.302e302e31 | tenant: public | md5: 3c0843946687b6523c2d5ce9f882768d
2026-09-29 09:43:11,068|opType: publish | rt: 6ms | status: success | requestIp: null | dataId: resource_config_AGENTS__md.json | group: agentspec__enc.656e67696e656572696e672d66726f6e74656e642d646576656c6f706572__enc.302e302e31 | tenant: public | md5: befd68503c28e792c6d621d5faa63279
2026-09-29 09:43:11,072|opType: publish | rt: 6ms | status: success | requestIp: null | dataId: resource_config_MEMORY__md.json | group: agentspec__enc.656e67696e656572696e672d66726f6e74656e642d646576656c6f706572__enc.302e302e31 | tenant: public | md5: 557ffceebd18637a405427c00fc406b6
2026-09-29 09:43:11,073|opType: publish | rt: 5ms | status: success | requestIp: null | dataId: resource_config_SOUL__md.json | group: agentspec__enc.656e67696e656572696e672d66726f6e74656e642d646576656c6f706572__enc.302e302e31 | tenant: public | md5: f58f47fc767f47351b8bc152a7f347cc
2026-09-29 09:43:11,084|opType: publish | rt: 4ms | status: success | requestIp: null | dataId: manifest.json | group: agentspec__enc.656e67696e656572696e672d6769742d776f726b666c6f772d6d6173746572__enc.302e302e31 | tenant: public | md5: b0f8afac8d626564fc44bfc6f5fd3b0a
2026-09-29 09:43:11,091|opType: publish | rt: 4ms | status: success | requestIp: null | dataId: resource_crons_jobs__json.json | group: agentspec__enc.656e67696e656572696e672d6769742d776f726b666c6f772d6d6173746572__enc.302e302e31 | tenant: public | md5: c465ac2ae6e99ddefe66091d831ef17e
2026-09-29 09:43:11,116|opType: publish | rt: 10ms | status: success | requestIp: null | dataId: enc.736372697074732f6f66666963652f736368656d61732f49534f2d49454332393530302d345f323031362f7368617265642d6d6174682e787364 | group: skill_enc.70707478__enc.302e302e31 | tenant: public | md5: 94871ac4677c12091c74e5dd28ae7bbd
2026-09-29 09:43:11,117|opType: publish | rt: 6ms | status: success | requestIp: null | dataId: enc.736372697074732f6f66666963652f76616c696461746f72732f7265646c696e696e672e7079 | group: skill_enc.70707478__enc.302e302e31 | tenant: public | md5: b2306b0d59975cfbb1325a6c2de3a771
2026-09-29 09:43:11,119|opType: publish | rt: 6ms | status: success | requestIp: null | dataId: enc.736372697074732f6f66666963652f76616c69646174652e7079 | group: skill_enc.70707478__enc.302e302e31 | tenant: public | md5: 918f544445da78a3a8927aeb4b75c2f5
2026-09-29 09:43:11,125|opType: publish | rt: 5ms | status: success | requestIp: null | dataId: enc.736372697074732f6f66666963652f68656c706572732f6d657267655f72756e732e7079 | group: skill_enc.70707478__enc.302e302e31 | tenant: public | md5: 50d4546be7e221a5fd8620eea68d50d9
2026-09-29 09:43:11,126|opType: publish | rt: 7ms | status: success | requestIp: null | dataId: enc.736372697074732f6f66666963652f76616c696461746f72732f646f63782e7079 | group: skill_enc.70707478__enc.302e302e31 | tenant: public | md5: dae6866b59e1066a69f7695fb106c798
2026-09-29 09:43:11,129|opType: publish | rt: 5ms | status: success | requestIp: null | dataId: enc.736372697074732f6f66666963652f736368656d61732f49534f2d49454332393530302d345f323031362f766d6c2d737072656164736865657444726177696e672e787364 | group: skill_enc.70707478__enc.302e302e31 | tenant: public | md5: f35f25b251fc0c301476cbbbc4919beb
2026-09-29 09:43:11,133|opType: publish | rt: 5ms | status: success | requestIp: null | dataId: enc.736372697074732f6f66666963652f68656c706572732f73696d706c6966795f7265646c696e65732e7079 | group: skill_enc.70707478__enc.302e302e31 | tenant: public | md5: 27067501a5bad066bd22891d8b6ee040
2026-09-29 09:43:11,135|opType: publish | rt: 6ms | status: success | requestIp: null | dataId: enc.736372697074732f6f66666963652f736368656d61732f49534f2d49454332393530302d345f323031362f646d6c2d737072656164736865657444726177696e672e787364 | group: skill_enc.70707478__enc.302e302e31 | tenant: public | md5: bc7e1640a33e0ca1f35cb2016510e916
2026-09-29 09:43:11,190|opType: publish | rt: 50ms | status: success | requestIp: null | dataId: resource_tool-analysis_tool-analysis__json.json | group: agentspec__enc.656e67696e656572696e672d6769742d776f726b666c6f772d6d6173746572__enc.302e302e31 | tenant: public | md5: 2334aea228e524c2fa0ce0d1d4636fe6
2026-09-29 09:43:11,191|opType: publish | rt: 53ms | status: success | requestIp: null | dataId: enc.736372697074732f6f66666963652f736368656d61732f49534f2d49454332393530302d345f323031362f7368617265642d646f63756d656e7450726f7065727469657356617269616e7454797065732e787364 | group: skill_enc.70707478__enc.302e302e31 | tenant: public | md5: 7ed294c27d928394b5ff651d8823bd4d
2026-09-29 09:43:11,191|opType: publish | rt: 48ms | status: success | requestIp: null | dataId: resource_config_IDENTITY__md.json | group: agentspec__enc.656e67696e656572696e672d6769742d776f726b666c6f772d6d6173746572__enc.302e302e31 | tenant: public | md5: 77bda4a6f68088b78e34991e9a855185
2026-09-29 09:43:11,203|opType: publish | rt: 46ms | status: success | requestIp: null | dataId: skill_index.json | group: skill_pdf | tenant: public | md5: efff986f0276f230d107042f4ee7eef7
2026-09-29 09:43:11,204|opType: publish | rt: 68ms | status: success | requestIp: null | dataId: enc.736372697074732f6f66666963652f736368656d61732f49534f2d49454332393530302d345f323031362f646d6c2d6469616772616d2e787364 | group: skill_enc.70707478__enc.302e302e31 | tenant: public | md5: 3ff59abd71c4b9033f19161311558ab7
2026-09-29 09:43:11,204|opType: publish | rt: 56ms | status: success | requestIp: null | dataId: enc.736372697074732f6f66666963652f736368656d61732f49534f2d49454332393530302d345f323031362f7368617265642d637573746f6d586d6c4461746150726f706572746965732e787364 | group: skill_enc.70707478__enc.302e302e31 | tenant: public | md5: 0278c442a2adb1385c420446bdbd3449
2026-09-29 09:43:11,205|opType: publish | rt: 7ms | status: success | requestIp: null | dataId: enc.736372697074732f6f66666963652f736368656d61732f49534f2d49454332393530302d345f323031362f646d6c2d6c6f636b656443616e7661732e787364 | group: skill_enc.70707478__enc.302e302e31 | tenant: public | md5: d0683e2176f2251b64e5c68e1c375cd1
2026-09-29 09:43:11,210|opType: publish | rt: 45ms | status: success | requestIp: null | dataId: resource_config_AGENTS__md.json | group: agentspec__enc.656e67696e656572696e672d6769742d776f726b666c6f772d6d6173746572__enc.302e302e31 | tenant: public | md5: 7fcc66a32be6a62103834e99a666f8a0
2026-09-29 09:43:11,218|opType: publish | rt: 38ms | status: success | requestIp: null | dataId: enc.736372697074732f5f5f696e69745f5f2e7079 | group: skill_enc.70707478__enc.302e302e31 | tenant: public | md5: d41d8cd98f00b204e9800998ecf8427e
2026-09-29 09:43:11,243|opType: publish | rt: 71ms | status: success | requestIp: null | dataId: enc.736372697074732f6f66666963652f736368656d61732f49534f2d49454332393530302d345f323031362f766d6c2d6f666669636544726177696e672e787364 | group: skill_enc.70707478__enc.302e302e31 | tenant: public | md5: 62f39f988b634ef2c0a1e3a5281e1aa0
2026-09-29 09:43:11,250|opType: publish | rt: 43ms | status: success | requestIp: null | dataId: enc.736372697074732f6f66666963652f736368656d61732f6d63652f6d632e787364 | group: skill_enc.70707478__enc.302e302e31 | tenant: public | md5: 52e5cccc1ae03c37874236bb470527d5
2026-09-29 09:43:11,268|opType: publish | rt: 82ms | status: success | requestIp: null | dataId: enc.736372697074732f6f66666963652f736368656d61732f6d6963726f736f66742f776d6c2d323031302e787364 | group: skill_enc.70707478__enc.302e302e31 | tenant: public | md5: 48d648797b801f851d23d8a5ac1190f2
2026-09-29 09:43:11,279|opType: publish | rt: 69ms | status: success | requestIp: null | dataId: resource_config_MEMORY__md.json | group: agentspec__enc.656e67696e656572696e672d6769742d776f726b666c6f772d6d6173746572__enc.302e302e31 | tenant: public | md5: b718d9d23b0f8289b244630a053eca6c
2026-09-29 09:43:11,283|opType: publish | rt: 69ms | status: success | requestIp: null | dataId: manifest.json | group: agentspec__enc.656e67696e656572696e672d696e636964656e742d726573706f6e73652d636f6d6d616e646572__enc.302e302e31 | tenant: public | md5: 8389bb2b8c5be12613e2caac645e5b2d
2026-09-29 09:43:11,284|opType: publish | rt: 151ms | status: success | requestIp: null | dataId: enc.736372697074732f6f66666963652f736368656d61732f49534f2d49454332393530302d345f323031362f736d6c2e787364 | group: skill_enc.70707478__enc.302e302e31 | tenant: public | md5: 27515244005c4c4c0ebf3fae286a9b5a
2026-09-29 09:43:11,286|opType: publish | rt: 43ms | status: success | requestIp: null | dataId: resource_crons_jobs__json.json | group: agentspec__enc.656e67696e656572696e672d696e636964656e742d726573706f6e73652d636f6d6d616e646572__enc.302e302e31 | tenant: public | md5: 4bca13e634876c87ec7437669300515c
2026-09-29 09:43:11,286|opType: publish | rt: 33ms | status: success | requestIp: null | dataId: enc.736372697074732f6f66666963652f736368656d61732f49534f2d49454332393530302d345f323031362f766d6c2d70726573656e746174696f6e44726177696e672e787364 | group: skill_enc.70707478__enc.302e302e31 | tenant: public | md5: bd5fa09957c72c11b83a84f3892e1497
2026-09-29 09:43:11,287|opType: publish | rt: 65ms | status: success | requestIp: null | dataId: resource_config_SOUL__md.json | group: agentspec__enc.656e67696e656572696e672d6769742d776f726b666c6f772d6d6173746572__enc.302e302e31 | tenant: public | md5: 7ac42d2e7ca1d4f5c504dc9bafdc2ef3
2026-09-29 09:43:11,287|opType: publish | rt: 31ms | status: success | requestIp: null | dataId: resource_config_IDENTITY__md.json | group: agentspec__enc.656e67696e656572696e672d696e636964656e742d726573706f6e73652d636f6d6d616e646572__enc.302e302e31 | tenant: public | md5: b2bce3b5ef5056cca46dec214be4222b
2026-09-29 09:43:11,291|opType: publish | rt: 8ms | status: success | requestIp: null | dataId: resource_tool-analysis_tool-analysis__json.json | group: agentspec__enc.656e67696e656572696e672d696e636964656e742d726573706f6e73652d636f6d6d616e646572__enc.302e302e31 | tenant: public | md5: d9618ee1ad6f436b924e94a4547f6e17
2026-09-29 09:43:11,291|opType: publish | rt: 83ms | status: success | requestIp: null | dataId: enc.736372697074732f6f66666963652f736368656d61732f65636d612f666f7574682d65646974696f6e2f6f70632d636f6e74656e7454797065732e787364 | group: skill_enc.70707478__enc.302e302e31 | tenant: public | md5: 21ff9fc266194914ad84b29aa19e7018
2026-09-29 09:43:11,292|opType: publish | rt: 17ms | status: success | requestIp: null | dataId: resource_config_AGENTS__md.json | group: agentspec__enc.656e67696e656572696e672d696e636964656e742d726573706f6e73652d636f6d6d616e646572__enc.302e302e31 | tenant: public | md5: a22aefc868c3b40b209eb920e1489c6e
2026-09-29 09:43:11,299|opType: publish | rt: 13ms | status: success | requestIp: null | dataId: resource_crons_jobs__json.json | group: agentspec__enc.656e67696e656572696e672d696f742d736f6c7574696f6e2d617263686974656374__enc.302e302e31 | tenant: public | md5: eb234b21395f64a347a976c0e349baef
2026-09-29 09:43:11,303|opType: publish | rt: 15ms | status: success | requestIp: null | dataId: manifest.json | group: agentspec__enc.656e67696e656572696e672d696f742d736f6c7574696f6e2d617263686974656374__enc.302e302e31 | tenant: public | md5: fe0020da1b010f50f0465b4a08870ac6
2026-09-29 09:43:11,304|opType: publish | rt: 15ms | status: success | requestIp: null | dataId: resource_config_SOUL__md.json | group: agentspec__enc.656e67696e656572696e672d696e636964656e742d726573706f6e73652d636f6d6d616e646572__enc.302e302e31 | tenant: public | md5: 351f1dea7154cec419b8b06c94b0f9f9
2026-09-29 09:43:11,317|opType: publish | rt: 25ms | status: success | requestIp: null | dataId: resource_config_IDENTITY__md.json | group: agentspec__enc.656e67696e656572696e672d696f742d736f6c7574696f6e2d617263686974656374__enc.302e302e31 | tenant: public | md5: 05df79d385d9f10310ce083dc388d13b
2026-09-29 09:43:11,318|opType: publish | rt: 112ms | status: success | requestIp: null | dataId: enc.736372697074732f6f66666963652f736368656d61732f49534f2d49454332393530302d345f323031362f776d6c2e787364 | group: skill_enc.70707478__enc.302e302e31 | tenant: public | md5: ba74a726d54fae2b2af6cbf3e45a0ac7
2026-09-29 09:43:11,318|opType: publish | rt: 15ms | status: success | requestIp: null | dataId: resource_config_MEMORY__md.json | group: agentspec__enc.656e67696e656572696e672d696e636964656e742d726573706f6e73652d636f6d6d616e646572__enc.302e302e31 | tenant: public | md5: f132ec6b66c865d749280e14ba509673
2026-09-29 09:43:11,319|opType: publish | rt: 5ms | status: success | requestIp: null | dataId: resource_config_AGENTS__md.json | group: agentspec__enc.656e67696e656572696e672d696f742d736f6c7574696f6e2d617263686974656374__enc.302e302e31 | tenant: public | md5: 1b28d3427f76fdaa8f17c44abdc08671
2026-09-29 09:43:11,321|opType: publish | rt: 6ms | status: success | requestIp: null | dataId: resource_tool-analysis_tool-analysis__json.json | group: agentspec__enc.656e67696e656572696e672d696f742d736f6c7574696f6e2d617263686974656374__enc.302e302e31 | tenant: public | md5: 282caaf1b7f8242f81c5c6554a9f856b
2026-09-29 09:43:11,323|opType: publish | rt: 5ms | status: success | requestIp: null | dataId: resource_config_SOUL__md.json | group: agentspec__enc.656e67696e656572696e672d696f742d736f6c7574696f6e2d617263686974656374__enc.302e302e31 | tenant: public | md5: 1395eef17663b13a78054561b70d8cea
2026-09-29 09:43:11,327|opType: publish | rt: 6ms | status: success | requestIp: null | dataId: resource_config_MEMORY__md.json | group: agentspec__enc.656e67696e656572696e672d696f742d736f6c7574696f6e2d617263686974656374__enc.302e302e31 | tenant: public | md5: ae1c2d5f1a4fb61168b7ae410a4d766f
2026-09-29 09:43:11,328|opType: publish | rt: 5ms | status: success | requestIp: null | dataId: manifest.json | group: agentspec__enc.656e67696e656572696e672d6d6f62696c652d6170702d6275696c646572__enc.302e302e31 | tenant: public | md5: eca387fbc6af6dba1d7d0c19e0742396
2026-09-29 09:43:11,331|opType: publish | rt: 6ms | status: success | requestIp: null | dataId: enc.736372697074732f6f66666963652f736368656d61732f49534f2d49454332393530302d345f323031362f7368617265642d646f63756d656e7450726f70657274696573457874656e6465642e787364 | group: skill_enc.70707478__enc.302e302e31 | tenant: public | md5: bf137503133653b6cac5d82209e65908
2026-09-29 09:43:11,335|opType: publish | rt: 6ms | status: success | requestIp: null | dataId: pptxgenjs.md | group: skill_enc.70707478__enc.302e302e31 | tenant: public | md5: 3def45c7cacef2a2f648bc9f1fce337a
2026-09-29 09:43:11,336|opType: publish | rt: 6ms | status: success | requestIp: null | dataId: enc.736372697074732f7468756d626e61696c2e7079 | group: skill_enc.70707478__enc.302e302e31 | tenant: public | md5: 23ba48fadfd072a5f75c29e0624727d3
2026-09-29 09:43:11,339|opType: publish | rt: 6ms | status: success | requestIp: null | dataId: enc.736372697074732f6f66666963652f736368656d61732f49534f2d49454332393530302d345f323031362f7368617265642d636f6d6d6f6e53696d706c6554797065732e787364 | group: skill_enc.70707478__enc.302e302e31 | tenant: public | md5: 8467bfda5ef339eb1df6652185d65ec9
2026-09-29 09:43:11,344|opType: publish | rt: 8ms | status: success | requestIp: null | dataId: enc.736372697074732f6f66666963652f736368656d61732f65636d612f666f7574682d65646974696f6e2f6f70632d72656c6174696f6e73686970732e787364 | group: skill_enc.70707478__enc.302e302e31 | tenant: public | md5: 83c1e2da90194b600688463398a125fd
2026-09-29 09:43:11,364|opType: publish | rt: 20ms | status: success | requestIp: null | dataId: enc.736372697074732f6f66666963652f736368656d61732f6d6963726f736f66742f776d6c2d323031382e787364 | group: skill_enc.70707478__enc.302e302e31 | tenant: public | md5: ba27663e14790ebbc5dd39ce48caf670
2026-09-29 09:43:11,371|opType: publish | rt: 34ms | status: success | requestIp: null | dataId: enc.736372697074732f6f66666963652f76616c696461746f72732f626173652e7079 | group: skill_enc.70707478__enc.302e302e31 | tenant: public | md5: fd8b4f0bf6c070363709936542cecc3b
2026-09-29 09:43:11,374|opType: publish | rt: 12ms | status: success | requestIp: null | dataId: enc.736372697074732f6f66666963652f736368656d61732f49534f2d49454332393530302d345f323031362f646d6c2d706963747572652e787364 | group: skill_enc.70707478__enc.302e302e31 | tenant: public | md5: b4dd1b964ecce7e2a425b022068a556d
2026-09-29 09:43:11,403|opType: publish | rt: 6ms | status: success | requestIp: null | dataId: resource_crons_jobs__json.json | group: agentspec__enc.656e67696e656572696e672d6d6f62696c652d6170702d6275696c646572__enc.302e302e31 | tenant: public | md5: afc60bd3bbd7779acf564752de0928d1
2026-09-29 09:43:11,407|opType: publish | rt: 6ms | status: success | requestIp: null | dataId: resource_config_IDENTITY__md.json | group: agentspec__enc.656e67696e656572696e672d6d6f62696c652d6170702d6275696c646572__enc.302e302e31 | tenant: public | md5: 67b8c7b688f9e86b982e9819d0ef0e5a
2026-09-29 09:43:11,415|opType: publish | rt: 15ms | status: success | requestIp: null | dataId: enc.736372697074732f6f66666963652f736368656d61732f49534f2d49454332393530302d345f323031362f766d6c2d6d61696e2e787364 | group: skill_enc.70707478__enc.302e302e31 | tenant: public | md5: 26a8d3552ba20d6ae290eaca673361ce
2026-09-29 09:43:11,417|opType: publish | rt: 6ms | status: success | requestIp: null | dataId: enc.736372697074732f6f66666963652f736368656d61732f6d6963726f736f66742f776d6c2d323031322e787364 | group: skill_enc.70707478__enc.302e302e31 | tenant: public | md5: 5510865fe8f0ccbe3c8b58b359973ef1
2026-09-29 09:43:11,421|opType: publish | rt: 6ms | status: success | requestIp: null | dataId: enc.736372697074732f6f66666963652f68656c706572732f5f5f696e69745f5f2e7079 | group: skill_enc.70707478__enc.302e302e31 | tenant: public | md5: d41d8cd98f00b204e9800998ecf8427e
2026-09-29 09:43:11,423|opType: publish | rt: 5ms | status: success | requestIp: null | dataId: enc.736372697074732f6f66666963652f736368656d61732f49534f2d49454332393530302d345f323031362f766d6c2d776f726470726f63657373696e6744726177696e672e787364 | group: skill_enc.70707478__enc.302e302e31 | tenant: public | md5: c29beb5dc90ef8c039e836911187520f
2026-09-29 09:43:11,425|opType: publish | rt: 5ms | status: success | requestIp: null | dataId: resource_tool-analysis_tool-analysis__json.json | group: agentspec__enc.656e67696e656572696e672d6d6f62696c652d6170702d6275696c646572__enc.302e302e31 | tenant: public | md5: 3f70a7e4e112fb9a8064f71650ea333e
2026-09-29 09:43:11,430|opType: publish | rt: 4ms | status: success | requestIp: null | dataId: enc.736372697074732f6f66666963652f736368656d61732f6d6963726f736f66742f776d6c2d73796d65782d323031352e787364 | group: skill_enc.70707478__enc.302e302e31 | tenant: public | md5: 4ea8bf7142ea3eccb435d2acfcc60b65
2026-09-29 09:43:11,453|opType: publish | rt: 4ms | status: success | requestIp: null | dataId: enc.736372697074732f6f66666963652f736368656d61732f49534f2d49454332393530302d345f323031362f7368617265642d646f63756d656e7450726f70657274696573437573746f6d2e787364 | group: skill_enc.70707478__enc.302e302e31 | tenant: public | md5: 2becf9493c5347ace32a2cf0cbf73edc
2026-09-29 09:43:11,458|opType: publish | rt: 3ms | status: success | requestIp: null | dataId: enc.736372697074732f6f66666963652f736368656d61732f6d6963726f736f66742f776d6c2d6369642d323031362e787364 | group: skill_enc.70707478__enc.302e302e31 | tenant: public | md5: f9316c6180c204756fb142d0bdf2bee5
2026-09-29 09:43:11,478|opType: publish | rt: 4ms | status: success | requestIp: null | dataId: enc.736372697074732f6f66666963652f736368656d61732f49534f2d49454332393530302d345f323031362f7368617265642d72656c6174696f6e736869705265666572656e63652e787364 | group: skill_enc.70707478__enc.302e302e31 | tenant: public | md5: cfb685beb25d462b1c790c922834b348
2026-09-29 09:43:11,490|opType: publish | rt: 5ms | status: success | requestIp: null | dataId: resource_config_AGENTS__md.json | group: agentspec__enc.656e67696e656572696e672d6d6f62696c652d6170702d6275696c646572__enc.302e302e31 | tenant: public | md5: 57b02de334e9b199705528bd7d32f3ed
2026-09-29 09:43:11,496|opType: publish | rt: 7ms | status: success | requestIp: null | dataId: resource_config_SOUL__md.json | group: agentspec__enc.656e67696e656572696e672d6d6f62696c652d6170702d6275696c646572__enc.302e302e31 | tenant: public | md5: c55a23dd51bc12af479301ac3c93b0be
2026-09-29 09:43:11,499|opType: publish | rt: 7ms | status: success | requestIp: null | dataId: enc.736372697074732f6f66666963652f736368656d61732f49534f2d49454332393530302d345f323031362f646d6c2d636861727444726177696e672e787364 | group: skill_enc.70707478__enc.302e302e31 | tenant: public | md5: 26413166ffa3dd438e2d46dfa8e9c876
2026-09-29 09:43:11,502|opType: publish | rt: 7ms | status: success | requestIp: null | dataId: resource_config_MEMORY__md.json | group: agentspec__enc.656e67696e656572696e672d6d6f62696c652d6170702d6275696c646572__enc.302e302e31 | tenant: public | md5: b5e19a7829aa145ea21b82d20bfb2f16
2026-09-29 09:43:11,511|opType: publish | rt: 12ms | status: success | requestIp: null | dataId: enc.736372697074732f6f66666963652f756e7061636b2e7079 | group: skill_enc.70707478__enc.302e302e31 | tenant: public | md5: 345c1b6a0ea7ca37e2019c2491db5fd9
2026-09-29 09:43:11,521|opType: publish | rt: 17ms | status: success | requestIp: null | dataId: manifest.json | group: agentspec__enc.656e67696e656572696e672d72617069642d70726f746f7479706572__enc.302e302e31 | tenant: public | md5: 2e21bb92b1d30f72f0137335f914d7c7
2026-09-29 09:43:11,521|opType: publish | rt: 15ms | status: success | requestIp: null | dataId: resource_crons_jobs__json.json | group: agentspec__enc.656e67696e656572696e672d72617069642d70726f746f7479706572__enc.302e302e31 | tenant: public | md5: 07658a2831db52c7f49ae7d987dfae7f
2026-09-29 09:43:11,524|opType: publish | rt: 12ms | status: success | requestIp: null | dataId: resource_config_IDENTITY__md.json | group: agentspec__enc.656e67696e656572696e672d72617069642d70726f746f7479706572__enc.302e302e31 | tenant: public | md5: 2bccb9bab5c746cedeca45520a8d78c8
2026-09-29 09:43:11,525|opType: publish | rt: 7ms | status: success | requestIp: null | dataId: resource_tool-analysis_tool-analysis__json.json | group: agentspec__enc.656e67696e656572696e672d72617069642d70726f746f7479706572__enc.302e302e31 | tenant: public | md5: ade4d783293af9cdd5520f8546b5c08b
2026-09-29 09:43:11,538|opType: publish | rt: 37ms | status: success | requestIp: null | dataId: enc.736372697074732f6f66666963652f736368656d61732f49534f2d49454332393530302d345f323031362f646d6c2d63686172742e787364 | group: skill_enc.70707478__enc.302e302e31 | tenant: public | md5: ed49aff7a09c146a38ab39b0b065089f
2026-09-29 09:43:11,539|opType: publish | rt: 16ms | status: success | requestIp: null | dataId: resource_config_SOUL__md.json | group: agentspec__enc.656e67696e656572696e672d72617069642d70726f746f7479706572__enc.302e302e31 | tenant: public | md5: 555fea4fc4827f4359d815014852e000
2026-09-29 09:43:11,539|opType: publish | rt: 18ms | status: success | requestIp: null | dataId: resource_config_AGENTS__md.json | group: agentspec__enc.656e67696e656572696e672d72617069642d70726f746f7479706572__enc.302e302e31 | tenant: public | md5: e98b845b2a574513aa3a5040718a3db8
2026-09-29 09:43:11,541|opType: publish | rt: 12ms | status: success | requestIp: null | dataId: resource_config_MEMORY__md.json | group: agentspec__enc.656e67696e656572696e672d72617069642d70726f746f7479706572__enc.302e302e31 | tenant: public | md5: eb09efe58196c9147ebe34fbeab6af12
2026-09-29 09:43:11,541|opType: publish | rt: 7ms | status: success | requestIp: null | dataId: enc.736372697074732f6f66666963652f736368656d61732f49534f2d49454332393530302d345f323031362f646d6c2d776f726470726f63657373696e6744726177696e672e787364 | group: skill_enc.70707478__enc.302e302e31 | tenant: public | md5: 88236935634cef10ea1229528daa8645
2026-09-29 09:43:11,545|opType: publish | rt: 6ms | status: success | requestIp: null | dataId: manifest.json | group: agentspec__enc.656e67696e656572696e672d73656375726974792d656e67696e656572__enc.302e302e31 | tenant: public | md5: 797f562de7b96562e6fb39ce006d93b8
2026-09-29 09:43:11,546|opType: publish | rt: 5ms | status: success | requestIp: null | dataId: resource_crons_jobs__json.json | group: agentspec__enc.656e67696e656572696e672d73656375726974792d656e67696e656572__enc.302e302e31 | tenant: public | md5: 7a68b4c5a32eb22906e00f97336451da
2026-09-29 09:43:11,549|opType: publish | rt: 6ms | status: success | requestIp: null | dataId: resource_config_AGENTS__md.json | group: agentspec__enc.656e67696e656572696e672d73656375726974792d656e67696e656572__enc.302e302e31 | tenant: public | md5: fee2a0b56da411c342cadeeabf2b1b73
2026-09-29 09:43:11,551|opType: publish | rt: 5ms | status: success | requestIp: null | dataId: resource_config_IDENTITY__md.json | group: agentspec__enc.656e67696e656572696e672d73656375726974792d656e67696e656572__enc.302e302e31 | tenant: public | md5: 42c0ac543cd8401521493a26c8142d59
2026-09-29 09:43:11,554|opType: publish | rt: 5ms | status: success | requestIp: null | dataId: resource_config_SOUL__md.json | group: agentspec__enc.656e67696e656572696e672d73656375726974792d656e67696e656572__enc.302e302e31 | tenant: public | md5: e078b4d3a64f46e304a1d50f13c9787b
2026-09-29 09:43:11,557|opType: publish | rt: 6ms | status: success | requestIp: null | dataId: resource_tool-analysis_tool-analysis__json.json | group: agentspec__enc.656e67696e656572696e672d73656375726974792d656e67696e656572__enc.302e302e31 | tenant: public | md5: 25cf810448eef1cd063d02554a248f30
2026-09-29 09:43:11,559|opType: publish | rt: 5ms | status: success | requestIp: null | dataId: resource_config_MEMORY__md.json | group: agentspec__enc.656e67696e656572696e672d73656375726974792d656e67696e656572__enc.302e302e31 | tenant: public | md5: 71830333531d56952a5bf169636d3310
2026-09-29 09:43:11,562|opType: publish | rt: 5ms | status: success | requestIp: null | dataId: enc.736372697074732f6f66666963652f736368656d61732f49534f2d49454332393530302d345f323031362f7368617265642d6164646974696f6e616c4368617261637465726973746963732e787364 | group: skill_enc.70707478__enc.302e302e31 | tenant: public | md5: 6f6dbf54c9d51ce4a0ee7c4cdab14a25
2026-09-29 09:43:11,565|opType: publish | rt: 6ms | status: success | requestIp: null | dataId: enc.736372697074732f6f66666963652f736368656d61732f49534f2d49454332393530302d345f323031362f7368617265642d637573746f6d586d6c536368656d6150726f706572746965732e787364 | group: skill_enc.70707478__enc.302e302e31 | tenant: public | md5: 55271a568bfb03eedd9098960f5974cf
2026-09-29 09:43:11,581|opType: publish | rt: 15ms | status: success | requestIp: null | dataId: enc.736372697074732f6f66666963652f736368656d61732f65636d612f666f7574682d65646974696f6e2f6f70632d636f726550726f706572746965732e787364 | group: skill_enc.70707478__enc.302e302e31 | tenant: public | md5: f3c84be92899c191b3c7a4fd2e9b6490
2026-09-29 09:43:11,581|opType: publish | rt: 17ms | status: success | requestIp: null | dataId: enc.736372697074732f6f66666963652f76616c696461746f72732f707074782e7079 | group: skill_enc.70707478__enc.302e302e31 | tenant: public | md5: 95836f2ecb3e53862b1d166d0a11e255
2026-09-29 09:43:11,586|opType: publish | rt: 11ms | status: success | requestIp: null | dataId: enc.736372697074732f6f66666963652f736f66666963652e7079 | group: skill_enc.70707478__enc.302e302e31 | tenant: public | md5: 080c37e6f18963f350dda51d922c9f06
2026-09-29 09:43:11,590|opType: publish | rt: 9ms | status: success | requestIp: null | dataId: enc.736372697074732f6f66666963652f736368656d61732f49534f2d49454332393530302d345f323031362f7368617265642d6269626c696f6772617068792e787364 | group: skill_enc.70707478__enc.302e302e31 | tenant: public | md5: 1c0ef0ccbbc7b08bf6f8f8263a0b8d64
2026-09-29 09:43:11,610|opType: publish | rt: 27ms | status: success | requestIp: null | dataId: enc.736372697074732f6f66666963652f736368656d61732f49534f2d49454332393530302d345f323031362f786d6c2e787364 | group: skill_enc.70707478__enc.302e302e31 | tenant: public | md5: d535ef9799e2bdadb51d7be270d51053
2026-09-29 09:43:11,611|opType: publish | rt: 49ms | status: success | requestIp: null | dataId: enc.736372697074732f6f66666963652f736368656d61732f49534f2d49454332393530302d345f323031362f706d6c2e787364 | group: skill_enc.70707478__enc.302e302e31 | tenant: public | md5: e4e1024cca691dab04a1964a13e34639
2026-09-29 09:43:11,619|opType: publish | rt: 7ms | status: success | requestIp: null | dataId: manifest.json | group: agentspec__enc.656e67696e656572696e672d73656e696f722d646576656c6f706572__enc.302e302e31 | tenant: public | md5: fad9ef22d299914269e8909106aa186a
2026-09-29 09:43:11,619|opType: publish | rt: 5ms | status: success | requestIp: null | dataId: resource_crons_jobs__json.json | group: agentspec__enc.656e67696e656572696e672d73656e696f722d646576656c6f706572__enc.302e302e31 | tenant: public | md5: 34d15f6784d95862288805d42df653ab
2026-09-29 09:43:11,625|opType: publish | rt: 4ms | status: success | requestIp: null | dataId: enc.736372697074732f6f66666963652f736368656d61732f6d6963726f736f66742f776d6c2d73647464617461686173682d323032302e787364 | group: skill_enc.70707478__enc.302e302e31 | tenant: public | md5: f9730efba946ebaf9c2ac771c6135505
2026-09-29 09:43:11,629|opType: publish | rt: 5ms | status: success | requestIp: null | dataId: enc.736372697074732f6164645f736c6964652e7079 | group: skill_enc.70707478__enc.302e302e31 | tenant: public | md5: e01e791c85fbfaabc1ea76ecc85b512a
2026-09-29 09:43:11,631|opType: publish | rt: 4ms | status: success | requestIp: null | dataId: enc.736372697074732f6f66666963652f7061636b2e7079 | group: skill_enc.70707478__enc.302e302e31 | tenant: public | md5: 20d61f93e874fd961122dd0da9de7898
2026-09-29 09:43:11,642|opType: publish | rt: 10ms | status: success | requestIp: null | dataId: resource_config_IDENTITY__md.json | group: agentspec__enc.656e67696e656572696e672d73656e696f722d646576656c6f706572__enc.302e302e31 | tenant: public | md5: 870d833643e3346da907f3cff446223f
2026-09-29 09:43:11,643|opType: publish | rt: 7ms | status: success | requestIp: null | dataId: enc.6167656e74732f636f6d70617261746f722e6d64 | group: skill_enc.736b696c6c2d63726561746f72__enc.302e302e31 | tenant: public | md5: 1b3e8695c8a40d1ad7af30b622190c99
2026-09-29 09:43:11,644|opType: publish | rt: 14ms | status: success | requestIp: null | dataId: SKILL.md | group: skill_enc.736b696c6c2d63726561746f72__enc.302e302e31 | tenant: public | md5: 1f8c01c6240d74bd078461441d1b6bad
2026-09-29 09:43:11,662|opType: publish | rt: 5ms | status: success | requestIp: null | dataId: enc.7265666572656e6365732f736368656d61732e6d64 | group: skill_enc.736b696c6c2d63726561746f72__enc.302e302e31 | tenant: public | md5: 466f2adac472716df6867541ff75c462
2026-09-29 09:43:11,669|opType: publish | rt: 4ms | status: success | requestIp: null | dataId: LICENSE.txt | group: skill_enc.736b696c6c2d63726561746f72__enc.302e302e31 | tenant: public | md5: 175792518e4ac015ab6696d16c4f607e
2026-09-29 09:43:11,688|opType: publish | rt: 4ms | status: success | requestIp: null | dataId: enc.6167656e74732f6772616465722e6d64 | group: skill_enc.736b696c6c2d63726561746f72__enc.302e302e31 | tenant: public | md5: c8913119223249181559ec9cf9a5e8c6
2026-09-29 09:43:11,699|opType: publish | rt: 4ms | status: success | requestIp: null | dataId: resource_tool-analysis_tool-analysis__json.json | group: agentspec__enc.656e67696e656572696e672d73656e696f722d646576656c6f706572__enc.302e302e31 | tenant: public | md5: d055105077bea770886e9f4626de9068
2026-09-29 09:43:11,707|opType: publish | rt: 5ms | status: success | requestIp: null | dataId: resource_config_AGENTS__md.json | group: agentspec__enc.656e67696e656572696e672d73656e696f722d646576656c6f706572__enc.302e302e31 | tenant: public | md5: 78b416d2a9eb8ab0d9d3161c1271f724
2026-09-29 09:43:11,710|opType: publish | rt: 4ms | status: success | requestIp: null | dataId: enc.736372697074732f5f5f696e69745f5f2e7079 | group: skill_enc.736b696c6c2d63726561746f72__enc.302e302e31 | tenant: public | md5: d41d8cd98f00b204e9800998ecf8427e
2026-09-29 09:43:11,713|opType: publish | rt: 5ms | status: success | requestIp: null | dataId: resource_config_SOUL__md.json | group: agentspec__enc.656e67696e656572696e672d73656e696f722d646576656c6f706572__enc.302e302e31 | tenant: public | md5: cc8481235f628ebe30dc473e1301bc2c
2026-09-29 09:43:11,741|opType: publish | rt: 25ms | status: success | requestIp: null | dataId: enc.6173736574732f6576616c5f7265766965772e68746d6c | group: skill_enc.736b696c6c2d63726561746f72__enc.302e302e31 | tenant: public | md5: 215a74d6269d72e8ffd254cedc1e0b0a
2026-09-29 09:43:11,749|opType: publish | rt: 5ms | status: success | requestIp: null | dataId: resource_crons_jobs__json.json | group: agentspec__enc.656e67696e656572696e672d736f6674776172652d617263686974656374__enc.302e302e31 | tenant: public | md5: b9da27dc46101f20e5b7f675df8c2a16
2026-09-29 09:43:11,752|opType: publish | rt: 5ms | status: success | requestIp: null | dataId: resource_config_MEMORY__md.json | group: agentspec__enc.656e67696e656572696e672d73656e696f722d646576656c6f706572__enc.302e302e31 | tenant: public | md5: c1bf967ff7c956df57a5fde8006cb69f
2026-09-29 09:43:11,753|opType: publish | rt: 5ms | status: success | requestIp: null | dataId: manifest.json | group: agentspec__enc.656e67696e656572696e672d736f6674776172652d617263686974656374__enc.302e302e31 | tenant: public | md5: 2c90e35e643ab7365b0fc72c835c9c1b
2026-09-29 09:43:11,756|opType: publish | rt: 5ms | status: success | requestIp: null | dataId: enc.736372697074732f6167677265676174655f62656e63686d61726b2e7079 | group: skill_enc.736b696c6c2d63726561746f72__enc.302e302e31 | tenant: public | md5: 5c2dfb44a0a33c588e9e9f3df60a3537
2026-09-29 09:43:11,757|opType: publish | rt: 4ms | status: success | requestIp: null | dataId: resource_tool-analysis_tool-analysis__json.json | group: agentspec__enc.656e67696e656572696e672d736f6674776172652d617263686974656374__enc.302e302e31 | tenant: public | md5: 5b3364358d2aa4af8c7b51b3ffaf08f5
2026-09-29 09:43:11,759|opType: publish | rt: 4ms | status: success | requestIp: null | dataId: resource_config_AGENTS__md.json | group: agentspec__enc.656e67696e656572696e672d736f6674776172652d617263686974656374__enc.302e302e31 | tenant: public | md5: cc693ea8722fd98c90b203563b8bf9c3
2026-09-29 09:43:11,762|opType: publish | rt: 5ms | status: success | requestIp: null | dataId: resource_config_IDENTITY__md.json | group: agentspec__enc.656e67696e656572696e672d736f6674776172652d617263686974656374__enc.302e302e31 | tenant: public | md5: 9703533de26f33becde17de060a491db
2026-09-29 09:43:11,764|opType: publish | rt: 5ms | status: success | requestIp: null | dataId: resource_config_SOUL__md.json | group: agentspec__enc.656e67696e656572696e672d736f6674776172652d617263686974656374__enc.302e302e31 | tenant: public | md5: 332e5b7374305eddfbc80a7e147ea3bc
2026-09-29 09:43:11,767|opType: publish | rt: 5ms | status: success | requestIp: null | dataId: enc.736372697074732f7061636b6167655f736b696c6c2e7079 | group: skill_enc.736b696c6c2d63726561746f72__enc.302e302e31 | tenant: public | md5: ba8744b000bd7d7ffcb5c85113113f0e
2026-09-29 09:43:11,769|opType: publish | rt: 5ms | status: success | requestIp: null | dataId: resource_config_MEMORY__md.json | group: agentspec__enc.656e67696e656572696e672d736f6674776172652d617263686974656374__enc.302e302e31 | tenant: public | md5: f6b05b383c1ec1d213c752ba4b1692b8
2026-09-29 09:43:11,775|opType: publish | rt: 6ms | status: success | requestIp: null | dataId: resource_config_IDENTITY__md.json | group: agentspec__enc.656e67696e656572696e672d736f6c69646974792d736d6172742d636f6e74726163742d656e67696e656572__enc.302e302e31 | tenant: public | md5: b9e2f4733449c44b66611612cee5daf6
2026-09-29 09:43:11,779|opType: publish | rt: 12ms | status: success | requestIp: null | dataId: manifest.json | group: agentspec__enc.656e67696e656572696e672d736f6c69646974792d736d6172742d636f6e74726163742d656e67696e656572__enc.302e302e31 | tenant: public | md5: 3f3705e920317960e65ce45e903170c3
2026-09-29 09:43:11,779|opType: publish | rt: 7ms | status: success | requestIp: null | dataId: resource_crons_jobs__json.json | group: agentspec__enc.656e67696e656572696e672d736f6c69646974792d736d6172742d636f6e74726163742d656e67696e656572__enc.302e302e31 | tenant: public | md5: 14496f7bec469373217f7fc0805059e5
2026-09-29 09:43:11,783|opType: publish | rt: 8ms | status: success | requestIp: null | dataId: resource_tool-analysis_tool-analysis__json.json | group: agentspec__enc.656e67696e656572696e672d736f6c69646974792d736d6172742d636f6e74726163742d656e67696e656572__enc.302e302e31 | tenant: public | md5: e9d180683f6285dfe96266bb38ff41b7
2026-09-29 09:43:11,788|opType: publish | rt: 5ms | status: success | requestIp: null | dataId: resource_config_SOUL__md.json | group: agentspec__enc.656e67696e656572696e672d736f6c69646974792d736d6172742d636f6e74726163742d656e67696e656572__enc.302e302e31 | tenant: public | md5: 388262e4b95a6f96b96e2cafe5032c79
2026-09-29 09:43:11,788|opType: publish | rt: 10ms | status: success | requestIp: null | dataId: resource_config_AGENTS__md.json | group: agentspec__enc.656e67696e656572696e672d736f6c69646974792d736d6172742d636f6e74726163742d656e67696e656572__enc.302e302e31 | tenant: public | md5: fe1e5bef8fbf78e9c6f7c8568f3693c5
2026-09-29 09:43:11,792|opType: publish | rt: 7ms | status: success | requestIp: null | dataId: enc.736372697074732f67656e65726174655f7265706f72742e7079 | group: skill_enc.736b696c6c2d63726561746f72__enc.302e302e31 | tenant: public | md5: 09607615aed355c104f9c4f6dec7c9aa
2026-09-29 09:43:11,794|opType: publish | rt: 6ms | status: success | requestIp: null | dataId: enc.6167656e74732f616e616c797a65722e6d64 | group: skill_enc.736b696c6c2d63726561746f72__enc.302e302e31 | tenant: public | md5: b78964a8d55ff0e038d657a9cb79f46a
2026-09-29 09:43:11,795|opType: publish | rt: 5ms | status: success | requestIp: null | dataId: enc.736372697074732f696d70726f76655f6465736372697074696f6e2e7079 | group: skill_enc.736b696c6c2d63726561746f72__enc.302e302e31 | tenant: public | md5: b20bbcc3d69bc299b541c8b62c25cefe
2026-09-29 09:43:11,799|opType: publish | rt: 6ms | status: success | requestIp: null | dataId: enc.736372697074732f72756e5f6576616c2e7079 | group: skill_enc.736b696c6c2d63726561746f72__enc.302e302e31 | tenant: public | md5: 75269360a221e48f79425605de5e5cb6
2026-09-29 09:43:11,800|opType: publish | rt: 5ms | status: success | requestIp: null | dataId: enc.736372697074732f72756e5f6c6f6f702e7079 | group: skill_enc.736b696c6c2d63726561746f72__enc.302e302e31 | tenant: public | md5: c3365f6c1927bf535f463f841c32ae81
2026-09-29 09:43:11,813|opType: publish | rt: 15ms | status: success | requestIp: null | dataId: enc.6576616c2d7669657765722f7669657765722e68746d6c | group: skill_enc.736b696c6c2d63726561746f72__enc.302e302e31 | tenant: public | md5: bef0b26fd04ee3a25344b7ae361a5bd1
2026-09-29 09:43:11,822|opType: publish | rt: 5ms | status: success | requestIp: null | dataId: enc.736372697074732f717569636b5f76616c69646174652e7079 | group: skill_enc.736b696c6c2d63726561746f72__enc.302e302e31 | tenant: public | md5: 8247be9cfc7938843f586b6509a64641
2026-09-29 09:43:11,823|opType: publish | rt: 5ms | status: success | requestIp: null | dataId: enc.736372697074732f7574696c732e7079 | group: skill_enc.736b696c6c2d63726561746f72__enc.302e302e31 | tenant: public | md5: 6cf213a77cbadc39febbaf9ee57fac10
2026-09-29 09:43:11,829|opType: publish | rt: 4ms | status: success | requestIp: null | dataId: resource_config_MEMORY__md.json | group: agentspec__enc.656e67696e656572696e672d736f6c69646974792d736d6172742d636f6e74726163742d656e67696e656572__enc.302e302e31 | tenant: public | md5: d2b2202c3474064c2433c1a64fcb88f1
2026-09-29 09:43:11,831|opType: publish | rt: 5ms | status: success | requestIp: null | dataId: manifest.json | group: agentspec__enc.656e67696e656572696e672d737265__enc.302e302e31 | tenant: public | md5: 306bbc9296255429eef11c88bc4b7250
2026-09-29 09:43:11,839|opType: publish | rt: 6ms | status: success | requestIp: null | dataId: enc.6576616c2d7669657765722f67656e65726174655f7265766965772e7079 | group: skill_enc.736b696c6c2d63726561746f72__enc.302e302e31 | tenant: public | md5: d7f883f3d3596e62618faecf298c4f5f
2026-09-29 09:43:11,841|opType: publish | rt: 6ms | status: success | requestIp: null | dataId: SKILL.md | group: skill_enc.736c61636b2d6769662d63726561746f72__enc.302e302e31 | tenant: public | md5: 20df858cb97a6638728d658d825f4683
2026-09-29 09:43:11,844|opType: publish | rt: 4ms | status: success | requestIp: null | dataId: enc.636f72652f6672616d655f636f6d706f7365722e7079 | group: skill_enc.736c61636b2d6769662d63726561746f72__enc.302e302e31 | tenant: public | md5: 12b7331866a67b0653b2c8e026210637
2026-09-29 09:43:11,852|opType: publish | rt: 5ms | status: success | requestIp: null | dataId: skill_index.json | group: skill_pptx | tenant: public | md5: dd643ae91b03e129e3cc1029c1cf4997
2026-09-29 09:43:11,853|opType: publish | rt: 4ms | status: success | requestIp: null | dataId: resource_crons_jobs__json.json | group: agentspec__enc.656e67696e656572696e672d737265__enc.302e302e31 | tenant: public | md5: d7eb015f60ba05684d38a1c1633abbff
2026-09-29 09:43:11,857|opType: publish | rt: 5ms | status: success | requestIp: null | dataId: enc.636f72652f6769665f6275696c6465722e7079 | group: skill_enc.736c61636b2d6769662d63726561746f72__enc.302e302e31 | tenant: public | md5: ad49e19c1e0219bc0e4156a5d8d240fe
2026-09-29 09:43:11,860|opType: publish | rt: 6ms | status: success | requestIp: null | dataId: enc.636f72652f656173696e672e7079 | group: skill_enc.736c61636b2d6769662d63726561746f72__enc.302e302e31 | tenant: public | md5: e7fc06b3a101335c6f9c2694920f2905
2026-09-29 09:43:11,872|opType: publish | rt: 5ms | status: success | requestIp: null | dataId: LICENSE.txt | group: skill_enc.736c61636b2d6769662d63726561746f72__enc.302e302e31 | tenant: public | md5: 175792518e4ac015ab6696d16c4f607e
2026-09-29 09:43:11,878|opType: publish | rt: 3ms | status: success | requestIp: null | dataId: requirements.txt | group: skill_enc.736c61636b2d6769662d63726561746f72__enc.302e302e31 | tenant: public | md5: f0438b406aa799a2f7be030d5f0e2185
2026-09-29 09:43:11,901|opType: publish | rt: 8ms | status: success | requestIp: null | dataId: enc.636f72652f76616c696461746f72732e7079 | group: skill_enc.736c61636b2d6769662d63726561746f72__enc.302e302e31 | tenant: public | md5: b5e65b65d0d099f5b0f92201adfaac05
2026-09-29 09:43:11,909|opType: publish | rt: 4ms | status: success | requestIp: null | dataId: resource_config_IDENTITY__md.json | group: agentspec__enc.656e67696e656572696e672d737265__enc.302e302e31 | tenant: public | md5: 35c3b66500172ebfed39261c1f3cd9f2
2026-09-29 09:43:11,917|opType: publish | rt: 5ms | status: success | requestIp: null | dataId: resource_tool-analysis_tool-analysis__json.json | group: agentspec__enc.656e67696e656572696e672d737265__enc.302e302e31 | tenant: public | md5: 24826f155a494c7b30dc0b91454627cb
2026-09-29 09:43:11,921|opType: publish | rt: 5ms | status: success | requestIp: null | dataId: SKILL.md | group: skill_enc.74656d706c6174652d736b696c6c__enc.302e302e31 | tenant: public | md5: 2482ca23826a53403bd87dbb246044ab
2026-09-29 09:43:11,925|opType: publish | rt: 5ms | status: success | requestIp: null | dataId: resource_config_AGENTS__md.json | group: agentspec__enc.656e67696e656572696e672d737265__enc.302e302e31 | tenant: public | md5: be28ce148eaafffebf2e8360bac54da1
2026-09-29 09:43:11,960|opType: publish | rt: 5ms | status: success | requestIp: null | dataId: resource_config_SOUL__md.json | group: agentspec__enc.656e67696e656572696e672d737265__enc.302e302e31 | tenant: public | md5: cd2e21fbbb2e99c12dd812ef804f3e9a
2026-09-29 09:43:11,963|opType: publish | rt: 4ms | status: success | requestIp: null | dataId: resource_config_MEMORY__md.json | group: agentspec__enc.656e67696e656572696e672d737265__enc.302e302e31 | tenant: public | md5: 0b0d2265d7d7c3ebc5ffdff089f4f6e4
2026-09-29 09:43:11,972|opType: publish | rt: 6ms | status: success | requestIp: null | dataId: manifest.json | group: agentspec__enc.656e67696e656572696e672d746563686e6963616c2d777269746572__enc.302e302e31 | tenant: public | md5: 9ca36badc489007afe8592297b8ac8eb
2026-09-29 09:43:11,975|opType: publish | rt: 5ms | status: success | requestIp: null | dataId: resource_crons_jobs__json.json | group: agentspec__enc.656e67696e656572696e672d746563686e6963616c2d777269746572__enc.302e302e31 | tenant: public | md5: c5da345524b8da20a3210625da4887ad
2026-09-29 09:43:11,977|opType: publish | rt: 5ms | status: success | requestIp: null | dataId: resource_tool-analysis_tool-analysis__json.json | group: agentspec__enc.656e67696e656572696e672d746563686e6963616c2d777269746572__enc.302e302e31 | tenant: public | md5: b4fa7aa43e81251a0f54d83777ee8926
2026-09-29 09:43:11,980|opType: publish | rt: 5ms | status: success | requestIp: null | dataId: resource_config_IDENTITY__md.json | group: agentspec__enc.656e67696e656572696e672d746563686e6963616c2d777269746572__enc.302e302e31 | tenant: public | md5: c7b7edbc352ca0825a0a282b88d1a8b3
2026-09-29 09:43:11,984|opType: publish | rt: 6ms | status: success | requestIp: null | dataId: resource_config_AGENTS__md.json | group: agentspec__enc.656e67696e656572696e672d746563686e6963616c2d777269746572__enc.302e302e31 | tenant: public | md5: 1c105aec0b65bcf52d428b32a65648d0
2026-09-29 09:43:11,985|opType: publish | rt: 7ms | status: success | requestIp: null | dataId: resource_config_SOUL__md.json | group: agentspec__enc.656e67696e656572696e672d746563686e6963616c2d777269746572__enc.302e302e31 | tenant: public | md5: e15d998db45fcd3d805afb22c4203fdf
2026-09-29 09:43:11,988|opType: publish | rt: 6ms | status: success | requestIp: null | dataId: resource_config_MEMORY__md.json | group: agentspec__enc.656e67696e656572696e672d746563686e6963616c2d777269746572__enc.302e302e31 | tenant: public | md5: 49c2987aca215d33d1a6ab610b38dfb8
2026-09-29 09:43:11,991|opType: publish | rt: 5ms | status: success | requestIp: null | dataId: manifest.json | group: agentspec__enc.656e67696e656572696e672d7468726561742d646574656374696f6e2d656e67696e656572__enc.302e302e31 | tenant: public | md5: f9997851e3ce148e7a63b1e42fb51952
2026-09-29 09:43:11,994|opType: publish | rt: 6ms | status: success | requestIp: null | dataId: resource_crons_jobs__json.json | group: agentspec__enc.656e67696e656572696e672d7468726561742d646574656374696f6e2d656e67696e656572__enc.302e302e31 | tenant: public | md5: bc01c0cad91eeb981e7d542b0b0afcad
2026-09-29 09:43:11,997|opType: publish | rt: 7ms | status: success | requestIp: null | dataId: resource_config_IDENTITY__md.json | group: agentspec__enc.656e67696e656572696e672d7468726561742d646574656374696f6e2d656e67696e656572__enc.302e302e31 | tenant: public | md5: 34ac495b51ccbfb1e5d4a0808528d56d
2026-09-29 09:43:12,000|opType: publish | rt: 5ms | status: success | requestIp: null | dataId: resource_tool-analysis_tool-analysis__json.json | group: agentspec__enc.656e67696e656572696e672d7468726561742d646574656374696f6e2d656e67696e656572__enc.302e302e31 | tenant: public | md5: 106987315ffdef74abca02d5a0a2e192
2026-09-29 09:43:12,003|opType: publish | rt: 5ms | status: success | requestIp: null | dataId: resource_config_AGENTS__md.json | group: agentspec__enc.656e67696e656572696e672d7468726561742d646574656374696f6e2d656e67696e656572__enc.302e302e31 | tenant: public | md5: b25883dfaf053a0b99daa19030b85435
2026-09-29 09:43:12,042|opType: publish | rt: 6ms | status: success | requestIp: null | dataId: resource_config_SOUL__md.json | group: agentspec__enc.656e67696e656572696e672d7468726561742d646574656374696f6e2d656e67696e656572__enc.302e302e31 | tenant: public | md5: bcae03746b2edb7404e023454054c14c
2026-09-29 09:43:12,043|opType: publish | rt: 5ms | status: success | requestIp: null | dataId: resource_config_MEMORY__md.json | group: agentspec__enc.656e67696e656572696e672d7468726561742d646574656374696f6e2d656e67696e656572__enc.302e302e31 | tenant: public | md5: d3429c03ef4f0be0113496211400f88a
2026-09-29 09:43:12,075|opType: publish | rt: 6ms | status: success | requestIp: null | dataId: manifest.json | group: agentspec__enc.656e67696e656572696e672d7765636861742d6d696e692d70726f6772616d2d646576656c6f706572__enc.302e302e31 | tenant: public | md5: 397f609b837a4e83b1a90a554c3b7b5f
2026-09-29 09:43:12,102|opType: publish | rt: 26ms | status: success | requestIp: null | dataId: enc.7468656d65732f73756e7365742d626f756c65766172642e6d64 | group: skill_enc.7468656d652d666163746f7279__enc.302e302e31 | tenant: public | md5: 7a533182584962e7bb5e7577874d0768
2026-09-29 09:43:12,102|opType: publish | rt: 28ms | status: success | requestIp: null | dataId: enc.7468656d65732f6d69646e696768742d67616c6178792e6d64 | group: skill_enc.7468656d652d666163746f7279__enc.302e302e31 | tenant: public | md5: f2c28f1a3a8e9f132cb2625fbb674317
2026-09-29 09:43:12,103|opType: publish | rt: 30ms | status: success | requestIp: null | dataId: SKILL.md | group: skill_enc.7468656d652d666163746f7279__enc.302e302e31 | tenant: public | md5: 4696a61f13e57c7b32f1b159ea7a9e01
2026-09-29 09:43:12,105|opType: publish | rt: 17ms | status: success | requestIp: null | dataId: enc.7468656d65732f746563682d696e6e6f766174696f6e2e6d64 | group: skill_enc.7468656d652d666163746f7279__enc.302e302e31 | tenant: public | md5: fcc062f7c91159298558ab7e2c23f102
2026-09-29 09:43:12,108|opType: publish | rt: 12ms | status: success | requestIp: null | dataId: enc.7468656d65732f626f74616e6963616c2d67617264656e2e6d64 | group: skill_enc.7468656d652d666163746f7279__enc.302e302e31 | tenant: public | md5: cbcf4b3c4440efbd2515c5edbb125cbd
2026-09-29 09:43:12,108|opType: publish | rt: 27ms | status: success | requestIp: null | dataId: enc.7468656d65732f6465736572742d726f73652e6d64 | group: skill_enc.7468656d652d666163746f7279__enc.302e302e31 | tenant: public | md5: 0bb0468ce18d9d8bdc13210e5e011199
2026-09-29 09:43:12,124|opType: publish | rt: 46ms | status: success | requestIp: null | dataId: enc.7468656d65732f6172637469632d66726f73742e6d64 | group: skill_enc.7468656d652d666163746f7279__enc.302e302e31 | tenant: public | md5: b965587321a87fec6fcfb74479a0792d
2026-09-29 09:43:12,125|opType: publish | rt: 22ms | status: success | requestIp: null | dataId: LICENSE.txt | group: skill_enc.7468656d652d666163746f7279__enc.302e302e31 | tenant: public | md5: 175792518e4ac015ab6696d16c4f607e
2026-09-29 09:43:12,126|opType: publish | rt: 52ms | status: success | requestIp: null | dataId: theme-showcase.pdf | group: skill_enc.7468656d652d666163746f7279__enc.302e302e31 | tenant: public | md5: 91a305895465170b9ba6ee57e3f896d6
2026-09-29 09:43:12,126|opType: publish | rt: 26ms | status: success | requestIp: null | dataId: enc.7468656d65732f6d6f6465726e2d6d696e696d616c6973742e6d64 | group: skill_enc.7468656d652d666163746f7279__enc.302e302e31 | tenant: public | md5: 73b67cfa216fb776976ed268c36f394e
2026-09-29 09:43:12,127|opType: publish | rt: 22ms | status: success | requestIp: null | dataId: enc.7468656d65732f6f6365616e2d6465707468732e6d64 | group: skill_enc.7468656d652d666163746f7279__enc.302e302e31 | tenant: public | md5: 702f14f8a16eb7943f4f8fa18632bea7
2026-09-29 09:43:12,127|opType: publish | rt: 9ms | status: success | requestIp: null | dataId: enc.7468656d65732f676f6c64656e2d686f75722e6d64 | group: skill_enc.7468656d652d666163746f7279__enc.302e302e31 | tenant: public | md5: 5b29778bec2c4fe98afff9f852d7bebc
2026-09-29 09:43:12,128|opType: publish | rt: 17ms | status: success | requestIp: null | dataId: enc.7468656d65732f666f726573742d63616e6f70792e6d64 | group: skill_enc.7468656d652d666163746f7279__enc.302e302e31 | tenant: public | md5: a97be058e329c04c4b61de0f3072ccbd
2026-09-29 09:43:12,128|opType: publish | rt: 5ms | status: success | requestIp: null | dataId: skill_index.json | group: skill_skill-creator | tenant: public | md5: b5dea4a8177b0ed60ab0ea72dcca490f
2026-09-29 09:43:12,131|opType: publish | rt: 5ms | status: success | requestIp: null | dataId: skill_index.json | group: skill_slack-gif-creator | tenant: public | md5: 132d750b9d65dd9f955dffbd7d1b505b
2026-09-29 09:43:12,133|opType: publish | rt: 5ms | status: success | requestIp: null | dataId: resource_crons_jobs__json.json | group: agentspec__enc.656e67696e656572696e672d7765636861742d6d696e692d70726f6772616d2d646576656c6f706572__enc.302e302e31 | tenant: public | md5: 086dbb8c5714918e512fcf0bb5453335
2026-09-29 09:43:12,136|opType: publish | rt: 5ms | status: success | requestIp: null | dataId: resource_config_IDENTITY__md.json | group: agentspec__enc.656e67696e656572696e672d7765636861742d6d696e692d70726f6772616d2d646576656c6f706572__enc.302e302e31 | tenant: public | md5: 525097d76c987c4ada82673327679689
2026-09-29 09:43:12,138|opType: publish | rt: 5ms | status: success | requestIp: null | dataId: resource_tool-analysis_tool-analysis__json.json | group: agentspec__enc.656e67696e656572696e672d7765636861742d6d696e692d70726f6772616d2d646576656c6f706572__enc.302e302e31 | tenant: public | md5: 7bdc65c33205a4eaf864cf585ea710a9
2026-09-29 09:43:12,139|opType: publish | rt: 5ms | status: success | requestIp: null | dataId: skill_index.json | group: skill_template-skill | tenant: public | md5: a954ba25a6022882637d1312aa486859
2026-09-29 09:43:12,173|opType: publish | rt: 5ms | status: success | requestIp: null | dataId: resource_config_AGENTS__md.json | group: agentspec__enc.656e67696e656572696e672d7765636861742d6d696e692d70726f6772616d2d646576656c6f706572__enc.302e302e31 | tenant: public | md5: d427e935c1883c27685ec261f9a4ea8c
2026-09-29 09:43:12,174|opType: publish | rt: 5ms | status: success | requestIp: null | dataId: resource_config_SOUL__md.json | group: agentspec__enc.656e67696e656572696e672d7765636861742d6d696e692d70726f6772616d2d646576656c6f706572__enc.302e302e31 | tenant: public | md5: fd5392281a39f1675e573c628c013a41
2026-09-29 09:43:12,183|opType: publish | rt: 6ms | status: success | requestIp: null | dataId: resource_config_MEMORY__md.json | group: agentspec__enc.656e67696e656572696e672d7765636861742d6d696e692d70726f6772616d2d646576656c6f706572__enc.302e302e31 | tenant: public | md5: 72aa7513588cb43c157c163b11acfd4a
2026-09-29 09:43:12,187|opType: publish | rt: 6ms | status: success | requestIp: null | dataId: manifest.json | group: agentspec__enc.66696e616e63652d66696e616e6369616c2d666f7265636173746572__enc.302e302e31 | tenant: public | md5: 5bac22d273e10447a6cc3485708ce462
2026-09-29 09:43:12,189|opType: publish | rt: 5ms | status: success | requestIp: null | dataId: resource_crons_jobs__json.json | group: agentspec__enc.66696e616e63652d66696e616e6369616c2d666f7265636173746572__enc.302e302e31 | tenant: public | md5: fe88c9e129f79057d6d2bdd06e8ea615
2026-09-29 09:43:12,190|opType: publish | rt: 5ms | status: success | requestIp: null | dataId: resource_config_IDENTITY__md.json | group: agentspec__enc.66696e616e63652d66696e616e6369616c2d666f7265636173746572__enc.302e302e31 | tenant: public | md5: 0fdc3d0175e3c5f1e313c13d64acc4e9
2026-09-29 09:43:12,197|opType: publish | rt: 6ms | status: success | requestIp: null | dataId: resource_tool-analysis_tool-analysis__json.json | group: agentspec__enc.66696e616e63652d66696e616e6369616c2d666f7265636173746572__enc.302e302e31 | tenant: public | md5: 2a070cddb4968ade052820fca1587398
2026-09-29 09:43:12,199|opType: publish | rt: 5ms | status: success | requestIp: null | dataId: resource_config_AGENTS__md.json | group: agentspec__enc.66696e616e63652d66696e616e6369616c2d666f7265636173746572__enc.302e302e31 | tenant: public | md5: 23b48ee80c8db5ac49a0d0cdf2e8c7a2
2026-09-29 09:43:12,202|opType: publish | rt: 5ms | status: success | requestIp: null | dataId: resource_config_SOUL__md.json | group: agentspec__enc.66696e616e63652d66696e616e6369616c2d666f7265636173746572__enc.302e302e31 | tenant: public | md5: 4e928a0afb529657e4346426cf4a02f4
2026-09-29 09:43:12,204|opType: publish | rt: 5ms | status: success | requestIp: null | dataId: resource_config_MEMORY__md.json | group: agentspec__enc.66696e616e63652d66696e616e6369616c2d666f7265636173746572__enc.302e302e31 | tenant: public | md5: 9f395898384c0a3711de6ab36313c24e
2026-09-29 09:43:12,207|opType: publish | rt: 6ms | status: success | requestIp: null | dataId: manifest.json | group: agentspec__enc.66696e616e63652d66726175642d6465746563746f72__enc.302e302e31 | tenant: public | md5: 287874b22a0c419fce79f4a0b957820f
2026-09-29 09:43:12,210|opType: publish | rt: 6ms | status: success | requestIp: null | dataId: resource_crons_jobs__json.json | group: agentspec__enc.66696e616e63652d66726175642d6465746563746f72__enc.302e302e31 | tenant: public | md5: 575b0c1b526d1cfce5acc057ef825e43
2026-09-29 09:43:12,211|opType: publish | rt: 6ms | status: success | requestIp: null | dataId: resource_config_IDENTITY__md.json | group: agentspec__enc.66696e616e63652d66726175642d6465746563746f72__enc.302e302e31 | tenant: public | md5: c07b2867bfa7ad38c0301512e7a15e08
2026-09-29 09:43:12,213|opType: publish | rt: 4ms | status: success | requestIp: null | dataId: resource_tool-analysis_tool-analysis__json.json | group: agentspec__enc.66696e616e63652d66726175642d6465746563746f72__enc.302e302e31 | tenant: public | md5: f1239b1d663a7738450794de94d0b083
2026-09-29 09:43:12,254|opType: publish | rt: 6ms | status: success | requestIp: null | dataId: resource_config_AGENTS__md.json | group: agentspec__enc.66696e616e63652d66726175642d6465746563746f72__enc.302e302e31 | tenant: public | md5: 9a0053e31b2cf32272807cf660840884
2026-09-29 09:43:12,256|opType: publish | rt: 5ms | status: success | requestIp: null | dataId: resource_config_SOUL__md.json | group: agentspec__enc.66696e616e63652d66726175642d6465746563746f72__enc.302e302e31 | tenant: public | md5: f72968c53a6d42062ea086c55abe3018
2026-09-29 09:43:12,283|opType: publish | rt: 3ms | status: success | requestIp: null | dataId: resource_config_MEMORY__md.json | group: agentspec__enc.66696e616e63652d66726175642d6465746563746f72__enc.302e302e31 | tenant: public | md5: 51841c83c52bd344298296ab03d853cc
2026-09-29 09:43:12,350|opType: publish | rt: 7ms | status: success | requestIp: null | dataId: SKILL.md | group: skill_enc.7765622d6172746966616374732d6275696c646572__enc.302e302e31 | tenant: public | md5: 57d897764216b1c7cb2e3ba8fd2d6da0
2026-09-29 09:43:12,364|opType: publish | rt: 6ms | status: success | requestIp: null | dataId: LICENSE.txt | group: skill_enc.7765622d6172746966616374732d6275696c646572__enc.302e302e31 | tenant: public | md5: 175792518e4ac015ab6696d16c4f607e
2026-09-29 09:43:12,366|opType: publish | rt: 8ms | status: success | requestIp: null | dataId: enc.736372697074732f73686164636e2d636f6d706f6e656e74732e7461722e677a | group: skill_enc.7765622d6172746966616374732d6275696c646572__enc.302e302e31 | tenant: public | md5: 63251b9b168c47c7b83bc30133e45462
2026-09-29 09:43:12,366|opType: publish | rt: 9ms | status: success | requestIp: null | dataId: enc.736372697074732f696e69742d61727469666163742e7368 | group: skill_enc.7765622d6172746966616374732d6275696c646572__enc.302e302e31 | tenant: public | md5: cffd995203d8d54844d67ed87572d1cd
2026-09-29 09:43:12,367|opType: publish | rt: 8ms | status: success | requestIp: null | dataId: enc.736372697074732f62756e646c652d61727469666163742e7368 | group: skill_enc.7765622d6172746966616374732d6275696c646572__enc.302e302e31 | tenant: public | md5: 22f56bef1c502e4ab4ae913ac27d622c
2026-09-29 09:43:12,368|opType: publish | rt: 8ms | status: success | requestIp: null | dataId: enc.6578616d706c65732f636f6e736f6c655f6c6f6767696e672e7079 | group: skill_enc.7765626170702d74657374696e67__enc.302e302e31 | tenant: public | md5: eeccdae76b3d57954c562d6116bf0dea
2026-09-29 09:43:12,368|opType: publish | rt: 9ms | status: success | requestIp: null | dataId: SKILL.md | group: skill_enc.7765626170702d74657374696e67__enc.302e302e31 | tenant: public | md5: abc12fae434683796ea613bd74c2aea6
2026-09-29 09:43:12,375|opType: publish | rt: 5ms | status: success | requestIp: null | dataId: enc.6578616d706c65732f656c656d656e745f646973636f766572792e7079 | group: skill_enc.7765626170702d74657374696e67__enc.302e302e31 | tenant: public | md5: ab18cb3570c77564a08cc73269d7b97d
2026-09-29 09:43:12,376|opType: publish | rt: 7ms | status: success | requestIp: null | dataId: LICENSE.txt | group: skill_enc.7765626170702d74657374696e67__enc.302e302e31 | tenant: public | md5: 175792518e4ac015ab6696d16c4f607e
2026-09-29 09:43:12,378|opType: publish | rt: 6ms | status: success | requestIp: null | dataId: enc.6578616d706c65732f7374617469635f68746d6c5f6175746f6d6174696f6e2e7079 | group: skill_enc.7765626170702d74657374696e67__enc.302e302e31 | tenant: public | md5: b631a23dc044d41fae4614be9353527d
2026-09-29 09:43:12,382|opType: publish | rt: 6ms | status: success | requestIp: null | dataId: manifest.json | group: agentspec__enc.66696e616e63652d696e766f6963652d6d616e61676572__enc.302e302e31 | tenant: public | md5: 270767545be5bca44377c399efcba2b2
2026-09-29 09:43:12,382|opType: publish | rt: 5ms | status: success | requestIp: null | dataId: skill_index.json | group: skill_theme-factory | tenant: public | md5: e0c1cbdda2ac0138e96fd27efe7da923
2026-09-29 09:43:12,383|opType: publish | rt: 8ms | status: success | requestIp: null | dataId: enc.736372697074732f776974685f7365727665722e7079 | group: skill_enc.7765626170702d74657374696e67__enc.302e302e31 | tenant: public | md5: 5182121f66c1b4279a5b3013378e6ea9
2026-09-29 09:43:12,384|opType: publish | rt: 6ms | status: success | requestIp: null | dataId: resource_config_IDENTITY__md.json | group: agentspec__enc.66696e616e63652d696e766f6963652d6d616e61676572__enc.302e302e31 | tenant: public | md5: 8e265b0f8cc4b8df8db1b483ecb8d2b6
2026-09-29 09:43:12,385|opType: publish | rt: 6ms | status: success | requestIp: null | dataId: resource_crons_jobs__json.json | group: agentspec__enc.66696e616e63652d696e766f6963652d6d616e61676572__enc.302e302e31 | tenant: public | md5: 87682c99664c3a2f34427686f6c886c5
2026-09-29 09:43:12,388|opType: publish | rt: 7ms | status: success | requestIp: null | dataId: SKILL.md | group: skill_enc.786c7378__enc.302e302e31 | tenant: public | md5: 82ebf009b1c6007b2a8c4e2dbdc10f1b
2026-09-29 09:43:12,390|opType: publish | rt: 6ms | status: success | requestIp: null | dataId: enc.736372697074732f6f66666963652f76616c696461746f72732f5f5f696e69745f5f2e7079 | group: skill_enc.786c7378__enc.302e302e31 | tenant: public | md5: 9577920dc811fff9762a96d4095d95e5
2026-09-29 09:43:12,392|opType: publish | rt: 5ms | status: success | requestIp: null | dataId: enc.736372697074732f6f66666963652f736368656d61732f65636d612f666f7574682d65646974696f6e2f6f70632d6469675369672e787364 | group: skill_enc.786c7378__enc.302e302e31 | tenant: public | md5: 9d845fe13cbd7ee8526c4ad2cc6eaff4
2026-09-29 09:43:12,398|opType: publish | rt: 9ms | status: success | requestIp: null | dataId: LICENSE.txt | group: skill_enc.786c7378__enc.302e302e31 | tenant: public | md5: f8515c3694eb11622110ca76c7c15d1b
2026-09-29 09:43:12,404|opType: publish | rt: 7ms | status: success | requestIp: null | dataId: enc.736372697074732f6f66666963652f736368656d61732f6d6963726f736f66742f776d6c2d6365782d323031382e787364 | group: skill_enc.786c7378__enc.302e302e31 | tenant: public | md5: 0a234e24eaab261b4faf591b9d7905fb
2026-09-29 09:43:12,444|opType: publish | rt: 45ms | status: success | requestIp: null | dataId: enc.736372697074732f6f66666963652f76616c69646174652e7079 | group: skill_enc.786c7378__enc.302e302e31 | tenant: public | md5: 918f544445da78a3a8927aeb4b75c2f5
2026-09-29 09:43:12,444|opType: publish | rt: 50ms | status: success | requestIp: null | dataId: enc.736372697074732f6f66666963652f736368656d61732f49534f2d49454332393530302d345f323031362f7368617265642d6d6174682e787364 | group: skill_enc.786c7378__enc.302e302e31 | tenant: public | md5: 94871ac4677c12091c74e5dd28ae7bbd
2026-09-29 09:43:12,446|opType: publish | rt: 38ms | status: success | requestIp: null | dataId: enc.736372697074732f6f66666963652f76616c696461746f72732f7265646c696e696e672e7079 | group: skill_enc.786c7378__enc.302e302e31 | tenant: public | md5: b2306b0d59975cfbb1325a6c2de3a771
2026-09-29 09:43:12,450|opType: publish | rt: 34ms | status: success | requestIp: null | dataId: resource_config_AGENTS__md.json | group: agentspec__enc.66696e616e63652d696e766f6963652d6d616e61676572__enc.302e302e31 | tenant: public | md5: 559d9ea3c3dd1a8b0ddc21d9fdcb401e
2026-09-29 09:43:12,473|opType: publish | rt: 28ms | status: success | requestIp: null | dataId: resource_tool-analysis_tool-analysis__json.json | group: agentspec__enc.66696e616e63652d696e766f6963652d6d616e61676572__enc.302e302e31 | tenant: public | md5: 8bf1b48e8e775f9edf620bc8ccb66c35
2026-09-29 09:43:12,474|opType: publish | rt: 81ms | status: success | requestIp: null | dataId: enc.736372697074732f6f66666963652f736368656d61732f49534f2d49454332393530302d345f323031362f646d6c2d6d61696e2e787364 | group: skill_enc.786c7378__enc.302e302e31 | tenant: public | md5: 3f7ce9be7913e9b2f671973348d53c7a
2026-09-29 09:43:12,474|opType: publish | rt: 25ms | status: success | requestIp: null | dataId: manifest.json | group: agentspec__enc.67616d652d617564696f2d656e67696e656572__enc.302e302e31 | tenant: public | md5: 123725546a460ef360223f4903bd1818
2026-09-29 09:43:12,475|opType: publish | rt: 29ms | status: success | requestIp: null | dataId: resource_config_MEMORY__md.json | group: agentspec__enc.66696e616e63652d696e766f6963652d6d616e61676572__enc.302e302e31 | tenant: public | md5: 4e8d8b79c140cb6451b52c8bd1677ce3
2026-09-29 09:43:12,476|opType: publish | rt: 5ms | status: success | requestIp: null | dataId: resource_crons_jobs__json.json | group: agentspec__enc.67616d652d617564696f2d656e67696e656572__enc.302e302e31 | tenant: public | md5: 6fbed386098729131806aeadcc721b4d
2026-09-29 09:43:12,476|opType: publish | rt: 13ms | status: success | requestIp: null | dataId: resource_tool-analysis_tool-analysis__json.json | group: agentspec__enc.67616d652d617564696f2d656e67696e656572__enc.302e302e31 | tenant: public | md5: a55a739bf2f02432610082ec26095acd
2026-09-29 09:43:12,477|opType: publish | rt: 26ms | status: success | requestIp: null | dataId: resource_config_SOUL__md.json | group: agentspec__enc.66696e616e63652d696e766f6963652d6d616e61676572__enc.302e302e31 | tenant: public | md5: 76febb2339369e86a6d37bc28e3caed1
2026-09-29 09:43:12,478|opType: publish | rt: 22ms | status: success | requestIp: null | dataId: resource_config_IDENTITY__md.json | group: agentspec__enc.67616d652d617564696f2d656e67696e656572__enc.302e302e31 | tenant: public | md5: d1fe83ac5c29de030753d409b10f6ef9
2026-09-29 09:43:12,478|opType: publish | rt: 5ms | status: success | requestIp: null | dataId: resource_config_MEMORY__md.json | group: agentspec__enc.67616d652d617564696f2d656e67696e656572__enc.302e302e31 | tenant: public | md5: e3a696bc0e4820ac45db6f65d4ca8ad1
2026-09-29 09:43:12,481|opType: publish | rt: 5ms | status: success | requestIp: null | dataId: resource_config_SOUL__md.json | group: agentspec__enc.67616d652d617564696f2d656e67696e656572__enc.302e302e31 | tenant: public | md5: 2251b28b5dc37269a706bcf0dacd65f2
2026-09-29 09:43:12,485|opType: publish | rt: 7ms | status: success | requestIp: null | dataId: resource_config_AGENTS__md.json | group: agentspec__enc.67616d652d617564696f2d656e67696e656572__enc.302e302e31 | tenant: public | md5: 14e7eb99ad62b92422d051ee7da624e3
2026-09-29 09:43:12,486|opType: publish | rt: 5ms | status: success | requestIp: null | dataId: resource_config_IDENTITY__md.json | group: agentspec__enc.67616d652d64657369676e6572__enc.302e302e31 | tenant: public | md5: 08d96340de44cc01c4998407915bc9ee
2026-09-29 09:43:12,489|opType: publish | rt: 6ms | status: success | requestIp: null | dataId: manifest.json | group: agentspec__enc.67616d652d64657369676e6572__enc.302e302e31 | tenant: public | md5: c6ea881ff178dfce166ddebea20b05c8
2026-09-29 09:43:12,491|opType: publish | rt: 5ms | status: success | requestIp: null | dataId: resource_crons_jobs__json.json | group: agentspec__enc.67616d652d64657369676e6572__enc.302e302e31 | tenant: public | md5: 5df7fa8e1a06b3f0c66537b85838861c
2026-09-29 09:43:12,493|opType: publish | rt: 5ms | status: success | requestIp: null | dataId: resource_config_AGENTS__md.json | group: agentspec__enc.67616d652d64657369676e6572__enc.302e302e31 | tenant: public | md5: c50ae853863b5e874d55ff8d3369bd70
2026-09-29 09:43:12,495|opType: publish | rt: 6ms | status: success | requestIp: null | dataId: resource_tool-analysis_tool-analysis__json.json | group: agentspec__enc.67616d652d64657369676e6572__enc.302e302e31 | tenant: public | md5: 83ceccd8525fad1ad1b95b67893eb9d0
2026-09-29 09:43:12,496|opType: publish | rt: 4ms | status: success | requestIp: null | dataId: resource_config_SOUL__md.json | group: agentspec__enc.67616d652d64657369676e6572__enc.302e302e31 | tenant: public | md5: 5f6f6424d8152082734e0ab1fb684680
2026-09-29 09:43:12,564|opType: publish | rt: 6ms | status: success | requestIp: null | dataId: enc.736372697074732f6f66666963652f76616c696461746f72732f646f63782e7079 | group: skill_enc.786c7378__enc.302e302e31 | tenant: public | md5: dae6866b59e1066a69f7695fb106c798
2026-09-29 09:43:12,584|opType: publish | rt: 5ms | status: success | requestIp: null | dataId: enc.736372697074732f6f66666963652f68656c706572732f6d657267655f72756e732e7079 | group: skill_enc.786c7378__enc.302e302e31 | tenant: public | md5: 50d4546be7e221a5fd8620eea68d50d9
2026-09-29 09:43:12,589|opType: publish | rt: 7ms | status: success | requestIp: null | dataId: enc.736372697074732f6f66666963652f736368656d61732f49534f2d49454332393530302d345f323031362f766d6c2d737072656164736865657444726177696e672e787364 | group: skill_enc.786c7378__enc.302e302e31 | tenant: public | md5: f35f25b251fc0c301476cbbbc4919beb
2026-09-29 09:43:12,590|opType: publish | rt: 6ms | status: success | requestIp: null | dataId: enc.736372697074732f6f66666963652f68656c706572732f73696d706c6966795f7265646c696e65732e7079 | group: skill_enc.786c7378__enc.302e302e31 | tenant: public | md5: 27067501a5bad066bd22891d8b6ee040
2026-09-29 09:43:12,600|opType: publish | rt: 11ms | status: success | requestIp: null | dataId: enc.736372697074732f6f66666963652f736368656d61732f49534f2d49454332393530302d345f323031362f646d6c2d737072656164736865657444726177696e672e787364 | group: skill_enc.786c7378__enc.302e302e31 | tenant: public | md5: bc7e1640a33e0ca1f35cb2016510e916
2026-09-29 09:43:12,608|opType: publish | rt: 9ms | status: success | requestIp: null | dataId: skill_index.json | group: skill_web-artifacts-builder | tenant: public | md5: b62e9c05d4309904336002d77b78579d
2026-09-29 09:43:12,613|opType: publish | rt: 19ms | status: success | requestIp: null | dataId: enc.736372697074732f726563616c632e7079 | group: skill_enc.786c7378__enc.302e302e31 | tenant: public | md5: 530f1af38e5857df10c661d2356d179d
2026-09-29 09:43:12,616|opType: publish | rt: 15ms | status: success | requestIp: null | dataId: enc.736372697074732f6f66666963652f736368656d61732f49534f2d49454332393530302d345f323031362f7368617265642d637573746f6d586d6c4461746150726f706572746965732e787364 | group: skill_enc.786c7378__enc.302e302e31 | tenant: public | md5: 0278c442a2adb1385c420446bdbd3449
2026-09-29 09:43:12,617|opType: publish | rt: 21ms | status: success | requestIp: null | dataId: enc.736372697074732f6f66666963652f736368656d61732f49534f2d49454332393530302d345f323031362f7368617265642d646f63756d656e7450726f7065727469657356617269616e7454797065732e787364 | group: skill_enc.786c7378__enc.302e302e31 | tenant: public | md5: 7ed294c27d928394b5ff651d8823bd4d
2026-09-29 09:43:12,675|opType: publish | rt: 72ms | status: success | requestIp: null | dataId: enc.736372697074732f6f66666963652f736368656d61732f49534f2d49454332393530302d345f323031362f646d6c2d6469616772616d2e787364 | group: skill_enc.786c7378__enc.302e302e31 | tenant: public | md5: 3ff59abd71c4b9033f19161311558ab7
2026-09-29 09:43:12,677|opType: publish | rt: 57ms | status: success | requestIp: null | dataId: resource_config_MEMORY__md.json | group: agentspec__enc.67616d652d64657369676e6572__enc.302e302e31 | tenant: public | md5: 0f4235583fd428135618ea9068353897
2026-09-29 09:43:12,677|opType: publish | rt: 65ms | status: success | requestIp: null | dataId: enc.736372697074732f6f66666963652f736368656d61732f6d6963726f736f66742f776d6c2d323031302e787364 | group: skill_enc.786c7378__enc.302e302e31 | tenant: public | md5: 48d648797b801f851d23d8a5ac1190f2
2026-09-29 09:43:12,682|opType: publish | rt: 46ms | status: success | requestIp: null | dataId: manifest.json | group: agentspec__enc.67616f6b616f2d636f6c6c6567652d61647669736f72__enc.302e302e31 | tenant: public | md5: 26c901cf74c630a10e7956f45c4cdce1
2026-09-29 09:43:12,687|opType: publish | rt: 23ms | status: success | requestIp: null | dataId: resource_crons_jobs__json.json | group: agentspec__enc.67616f6b616f2d636f6c6c6567652d61647669736f72__enc.302e302e31 | tenant: public | md5: 2fd9e189ab33a49cb935a40e692816d3
2026-09-29 09:43:12,694|opType: publish | rt: 50ms | status: success | requestIp: null | dataId: enc.736372697074732f6f66666963652f736368656d61732f49534f2d49454332393530302d345f323031362f766d6c2d6f666669636544726177696e672e787364 | group: skill_enc.786c7378__enc.302e302e31 | tenant: public | md5: 62f39f988b634ef2c0a1e3a5281e1aa0
2026-09-29 09:43:12,707|opType: publish | rt: 39ms | status: success | requestIp: null | dataId: skill_index.json | group: skill_webapp-testing | tenant: public | md5: 1fab1add2582cded48e33f7d26c141ca
2026-09-29 09:43:12,711|opType: publish | rt: 36ms | status: success | requestIp: null | dataId: enc.736372697074732f6f66666963652f736368656d61732f49534f2d49454332393530302d345f323031362f646d6c2d6c6f636b656443616e7661732e787364 | group: skill_enc.786c7378__enc.302e302e31 | tenant: public | md5: d0683e2176f2251b64e5c68e1c375cd1
2026-09-29 09:43:12,714|opType: publish | rt: 38ms | status: success | requestIp: null | dataId: enc.736372697074732f6f66666963652f736368656d61732f65636d612f666f7574682d65646974696f6e2f6f70632d636f6e74656e7454797065732e787364 | group: skill_enc.786c7378__enc.302e302e31 | tenant: public | md5: 21ff9fc266194914ad84b29aa19e7018
2026-09-29 09:43:12,741|opType: publish | rt: 149ms | status: success | requestIp: null | dataId: enc.736372697074732f6f66666963652f736368656d61732f49534f2d49454332393530302d345f323031362f736d6c2e787364 | group: skill_enc.786c7378__enc.302e302e31 | tenant: public | md5: 27515244005c4c4c0ebf3fae286a9b5a
2026-09-29 09:43:12,742|opType: publish | rt: 56ms | status: success | requestIp: null | dataId: enc.736372697074732f6f66666963652f736368656d61732f49534f2d49454332393530302d345f323031362f766d6c2d70726573656e746174696f6e44726177696e672e787364 | group: skill_enc.786c7378__enc.302e302e31 | tenant: public | md5: bd5fa09957c72c11b83a84f3892e1497
2026-09-29 09:43:12,744|opType: publish | rt: 25ms | status: success | requestIp: null | dataId: enc.736372697074732f6f66666963652f736368656d61732f65636d612f666f7574682d65646974696f6e2f6f70632d72656c6174696f6e73686970732e787364 | group: skill_enc.786c7378__enc.302e302e31 | tenant: public | md5: 83c1e2da90194b600688463398a125fd
2026-09-29 09:43:12,745|opType: publish | rt: 6ms | status: success | requestIp: null | dataId: resource_tool-analysis_tool-analysis__json.json | group: agentspec__enc.67616f6b616f2d636f6c6c6567652d61647669736f72__enc.302e302e31 | tenant: public | md5: 9619f4e701599ac8aa5b55b77f74980e
2026-09-29 09:43:12,745|opType: publish | rt: 38ms | status: success | requestIp: null | dataId: resource_config_IDENTITY__md.json | group: agentspec__enc.67616f6b616f2d636f6c6c6567652d61647669736f72__enc.302e302e31 | tenant: public | md5: 0ff38500540522ce806e2b89d67fda97
2026-09-29 09:43:12,746|opType: publish | rt: 66ms | status: success | requestIp: null | dataId: enc.736372697074732f6f66666963652f736368656d61732f6d63652f6d632e787364 | group: skill_enc.786c7378__enc.302e302e31 | tenant: public | md5: 52e5cccc1ae03c37874236bb470527d5
2026-09-29 09:43:12,746|opType: publish | rt: 51ms | status: success | requestIp: null | dataId: enc.736372697074732f6f66666963652f736368656d61732f49534f2d49454332393530302d345f323031362f7368617265642d646f63756d656e7450726f70657274696573457874656e6465642e787364 | group: skill_enc.786c7378__enc.302e302e31 | tenant: public | md5: bf137503133653b6cac5d82209e65908
2026-09-29 09:43:12,747|opType: publish | rt: 21ms | status: success | requestIp: null | dataId: enc.736372697074732f6f66666963652f736368656d61732f49534f2d49454332393530302d345f323031362f7368617265642d636f6d6d6f6e53696d706c6554797065732e787364 | group: skill_enc.786c7378__enc.302e302e31 | tenant: public | md5: 8467bfda5ef339eb1df6652185d65ec9
2026-09-29 09:43:12,784|opType: publish | rt: 101ms | status: success | requestIp: null | dataId: enc.736372697074732f6f66666963652f736368656d61732f49534f2d49454332393530302d345f323031362f776d6c2e787364 | group: skill_enc.786c7378__enc.302e302e31 | tenant: public | md5: ba74a726d54fae2b2af6cbf3e45a0ac7
2026-09-29 09:43:12,786|opType: publish | rt: 20ms | status: success | requestIp: null | dataId: resource_tool-analysis_tool-analysis__json.json | group: agentspec__enc.676f646f742d67616d65706c61792d7363726970746572__enc.302e302e31 | tenant: public | md5: 6f1b3408228a3875e5ef36d8f0045c0d
2026-09-29 09:43:12,786|opType: publish | rt: 25ms | status: success | requestIp: null | dataId: resource_crons_jobs__json.json | group: agentspec__enc.676f646f742d67616d65706c61792d7363726970746572__enc.302e302e31 | tenant: public | md5: 4c76365d52d618734f73d7aae7766eed
2026-09-29 09:43:12,787|opType: publish | rt: 44ms | status: success | requestIp: null | dataId: resource_config_SOUL__md.json | group: agentspec__enc.67616f6b616f2d636f6c6c6567652d61647669736f72__enc.302e302e31 | tenant: public | md5: d89ae1e580c631ef317c02b567573368
2026-09-29 09:43:12,788|opType: publish | rt: 34ms | status: success | requestIp: null | dataId: resource_config_MEMORY__md.json | group: agentspec__enc.67616f6b616f2d636f6c6c6567652d61647669736f72__enc.302e302e31 | tenant: public | md5: ea3013e9613b60ad3eaf98e0f607e54e
2026-09-29 09:43:12,788|opType: publish | rt: 42ms | status: success | requestIp: null | dataId: manifest.json | group: agentspec__enc.676f646f742d67616d65706c61792d7363726970746572__enc.302e302e31 | tenant: public | md5: db7345d25eca3144bc70ac1a218ccea2
2026-09-29 09:43:12,789|opType: publish | rt: 45ms | status: success | requestIp: null | dataId: resource_config_AGENTS__md.json | group: agentspec__enc.67616f6b616f2d636f6c6c6567652d61647669736f72__enc.302e302e31 | tenant: public | md5: a87778d74d6f2ccfabe6364dc79b0bbf
2026-09-29 09:43:12,789|opType: publish | rt: 5ms | status: success | requestIp: null | dataId: resource_config_SOUL__md.json | group: agentspec__enc.676f646f742d67616d65706c61792d7363726970746572__enc.302e302e31 | tenant: public | md5: 3368a4a78b6ccce4aa8b1675e1099dcf
2026-09-29 09:43:12,791|opType: publish | rt: 5ms | status: success | requestIp: null | dataId: resource_config_MEMORY__md.json | group: agentspec__enc.676f646f742d67616d65706c61792d7363726970746572__enc.302e302e31 | tenant: public | md5: 885d275da4a97a1a1f02ac00ef99e4f3
2026-09-29 09:43:12,793|opType: publish | rt: 5ms | status: success | requestIp: null | dataId: resource_config_AGENTS__md.json | group: agentspec__enc.676f646f742d67616d65706c61792d7363726970746572__enc.302e302e31 | tenant: public | md5: cce88c05be7bb7fd35d7c2a17ba41703
2026-09-29 09:43:12,794|opType: publish | rt: 4ms | status: success | requestIp: null | dataId: resource_config_IDENTITY__md.json | group: agentspec__enc.676f646f742d67616d65706c61792d7363726970746572__enc.302e302e31 | tenant: public | md5: 1dd61ddb990545f9006f04f332e82579
2026-09-29 09:43:12,797|opType: publish | rt: 5ms | status: success | requestIp: null | dataId: resource_crons_jobs__json.json | group: agentspec__enc.676f646f742d6d756c7469706c617965722d656e67696e656572__enc.302e302e31 | tenant: public | md5: 08bec43c02d0f853573812e48afc9f75
2026-09-29 09:43:12,800|opType: publish | rt: 5ms | status: success | requestIp: null | dataId: manifest.json | group: agentspec__enc.676f646f742d6d756c7469706c617965722d656e67696e656572__enc.302e302e31 | tenant: public | md5: 1116183422d53ab7114c8eb4f509b72d
2026-09-29 09:43:12,802|opType: publish | rt: 5ms | status: success | requestIp: null | dataId: resource_config_IDENTITY__md.json | group: agentspec__enc.676f646f742d6d756c7469706c617965722d656e67696e656572__enc.302e302e31 | tenant: public | md5: 7acec90aaf193f42ccf5e76936ffbd5d
2026-09-29 09:43:12,805|opType: publish | rt: 6ms | status: success | requestIp: null | dataId: resource_config_AGENTS__md.json | group: agentspec__enc.676f646f742d6d756c7469706c617965722d656e67696e656572__enc.302e302e31 | tenant: public | md5: de97c393fc4cab623f4460313349b85d
2026-09-29 09:43:12,815|opType: publish | rt: 13ms | status: success | requestIp: null | dataId: resource_tool-analysis_tool-analysis__json.json | group: agentspec__enc.676f646f742d6d756c7469706c617965722d656e67696e656572__enc.302e302e31 | tenant: public | md5: 35f4e41b4388322583fa3b0feb064dba
2026-09-29 09:43:12,827|opType: publish | rt: 22ms | status: success | requestIp: null | dataId: enc.736372697074732f6f66666963652f736368656d61732f6d6963726f736f66742f776d6c2d323031382e787364 | group: skill_enc.786c7378__enc.302e302e31 | tenant: public | md5: ba27663e14790ebbc5dd39ce48caf670
2026-09-29 09:43:12,827|opType: publish | rt: 18ms | status: success | requestIp: null | dataId: enc.736372697074732f6f66666963652f736368656d61732f49534f2d49454332393530302d345f323031362f646d6c2d706963747572652e787364 | group: skill_enc.786c7378__enc.302e302e31 | tenant: public | md5: b4dd1b964ecce7e2a425b022068a556d
2026-09-29 09:43:12,831|opType: publish | rt: 16ms | status: success | requestIp: null | dataId: enc.736372697074732f6f66666963652f736368656d61732f6d6963726f736f66742f776d6c2d323031322e787364 | group: skill_enc.786c7378__enc.302e302e31 | tenant: public | md5: 5510865fe8f0ccbe3c8b58b359973ef1
2026-09-29 09:43:12,832|opType: publish | rt: 29ms | status: success | requestIp: null | dataId: enc.736372697074732f6f66666963652f76616c696461746f72732f626173652e7079 | group: skill_enc.786c7378__enc.302e302e31 | tenant: public | md5: fd8b4f0bf6c070363709936542cecc3b
2026-09-29 09:43:12,833|opType: publish | rt: 20ms | status: success | requestIp: null | dataId: enc.736372697074732f6f66666963652f736368656d61732f49534f2d49454332393530302d345f323031362f766d6c2d6d61696e2e787364 | group: skill_enc.786c7378__enc.302e302e31 | tenant: public | md5: 26a8d3552ba20d6ae290eaca673361ce
2026-09-29 09:43:12,834|opType: publish | rt: 10ms | status: success | requestIp: null | dataId: enc.736372697074732f6f66666963652f68656c706572732f5f5f696e69745f5f2e7079 | group: skill_enc.786c7378__enc.302e302e31 | tenant: public | md5: d41d8cd98f00b204e9800998ecf8427e
2026-09-29 09:43:12,836|opType: publish | rt: 5ms | status: success | requestIp: null | dataId: enc.736372697074732f6f66666963652f736368656d61732f49534f2d49454332393530302d345f323031362f766d6c2d776f726470726f63657373696e6744726177696e672e787364 | group: skill_enc.786c7378__enc.302e302e31 | tenant: public | md5: c29beb5dc90ef8c039e836911187520f
2026-09-29 09:43:12,839|opType: publish | rt: 5ms | status: success | requestIp: null | dataId: enc.736372697074732f6f66666963652f736368656d61732f6d6963726f736f66742f776d6c2d73796d65782d323031352e787364 | group: skill_enc.786c7378__enc.302e302e31 | tenant: public | md5: 4ea8bf7142ea3eccb435d2acfcc60b65
2026-09-29 09:43:12,887|opType: publish | rt: 6ms | status: success | requestIp: null | dataId: enc.736372697074732f6f66666963652f736368656d61732f49534f2d49454332393530302d345f323031362f7368617265642d646f63756d656e7450726f70657274696573437573746f6d2e787364 | group: skill_enc.786c7378__enc.302e302e31 | tenant: public | md5: 2becf9493c5347ace32a2cf0cbf73edc
2026-09-29 09:43:12,889|opType: publish | rt: 5ms | status: success | requestIp: null | dataId: resource_config_SOUL__md.json | group: agentspec__enc.676f646f742d6d756c7469706c617965722d656e67696e656572__enc.302e302e31 | tenant: public | md5: fe99187a3585acfb30952511746d5668
2026-09-29 09:43:12,890|opType: publish | rt: 5ms | status: success | requestIp: null | dataId: enc.736372697074732f6f66666963652f736368656d61732f6d6963726f736f66742f776d6c2d6369642d323031362e787364 | group: skill_enc.786c7378__enc.302e302e31 | tenant: public | md5: f9316c6180c204756fb142d0bdf2bee5
2026-09-29 09:43:12,894|opType: publish | rt: 5ms | status: success | requestIp: null | dataId: resource_config_MEMORY__md.json | group: agentspec__enc.676f646f742d6d756c7469706c617965722d656e67696e656572__enc.302e302e31 | tenant: public | md5: 01c0ce2730856862004a4dcc52dbc0cb
2026-09-29 09:43:12,897|opType: publish | rt: 5ms | status: success | requestIp: null | dataId: manifest.json | group: agentspec__enc.676f646f742d7368616465722d646576656c6f706572__enc.302e302e31 | tenant: public | md5: 8f3d558033da92da33b4e8e688713a25
2026-09-29 09:43:12,905|opType: publish | rt: 5ms | status: success | requestIp: null | dataId: enc.736372697074732f6f66666963652f736368656d61732f49534f2d49454332393530302d345f323031362f7368617265642d72656c6174696f6e736869705265666572656e63652e787364 | group: skill_enc.786c7378__enc.302e302e31 | tenant: public | md5: cfb685beb25d462b1c790c922834b348
2026-09-29 09:43:12,922|opType: publish | rt: 6ms | status: success | requestIp: null | dataId: enc.736372697074732f6f66666963652f736368656d61732f49534f2d49454332393530302d345f323031362f646d6c2d636861727444726177696e672e787364 | group: skill_enc.786c7378__enc.302e302e31 | tenant: public | md5: 26413166ffa3dd438e2d46dfa8e9c876
2026-09-29 09:43:12,925|opType: publish | rt: 4ms | status: success | requestIp: null | dataId: enc.736372697074732f6f66666963652f756e7061636b2e7079 | group: skill_enc.786c7378__enc.302e302e31 | tenant: public | md5: 345c1b6a0ea7ca37e2019c2491db5fd9
2026-09-29 09:43:12,968|opType: publish | rt: 16ms | status: success | requestIp: null | dataId: enc.736372697074732f6f66666963652f736368656d61732f49534f2d49454332393530302d345f323031362f646d6c2d776f726470726f63657373696e6744726177696e672e787364 | group: skill_enc.786c7378__enc.302e302e31 | tenant: public | md5: 88236935634cef10ea1229528daa8645
2026-09-29 09:43:12,972|opType: publish | rt: 19ms | status: success | requestIp: null | dataId: enc.736372697074732f6f66666963652f736368656d61732f49534f2d49454332393530302d345f323031362f7368617265642d6164646974696f6e616c4368617261637465726973746963732e787364 | group: skill_enc.786c7378__enc.302e302e31 | tenant: public | md5: 6f6dbf54c9d51ce4a0ee7c4cdab14a25
2026-09-29 09:43:12,981|opType: publish | rt: 17ms | status: success | requestIp: null | dataId: resource_config_IDENTITY__md.json | group: agentspec__enc.676f646f742d7368616465722d646576656c6f706572__enc.302e302e31 | tenant: public | md5: b6d6a0ea08ab98016d2c1d3ee63d2355
2026-09-29 09:43:12,982|opType: publish | rt: 33ms | status: success | requestIp: null | dataId: enc.736372697074732f6f66666963652f736368656d61732f49534f2d49454332393530302d345f323031362f646d6c2d63686172742e787364 | group: skill_enc.786c7378__enc.302e302e31 | tenant: public | md5: ed49aff7a09c146a38ab39b0b065089f
2026-09-29 09:43:12,982|opType: publish | rt: 22ms | status: success | requestIp: null | dataId: resource_crons_jobs__json.json | group: agentspec__enc.676f646f742d7368616465722d646576656c6f706572__enc.302e302e31 | tenant: public | md5: 99909cd81b02e6f37ca4ef5385e5e955
2026-09-29 09:43:12,995|opType: publish | rt: 28ms | status: success | requestIp: null | dataId: enc.736372697074732f6f66666963652f736368656d61732f49534f2d49454332393530302d345f323031362f7368617265642d637573746f6d586d6c536368656d6150726f706572746965732e787364 | group: skill_enc.786c7378__enc.302e302e31 | tenant: public | md5: 55271a568bfb03eedd9098960f5974cf
2026-09-29 09:43:12,995|opType: publish | rt: 23ms | status: success | requestIp: null | dataId: enc.736372697074732f6f66666963652f736368656d61732f65636d612f666f7574682d65646974696f6e2f6f70632d636f726550726f706572746965732e787364 | group: skill_enc.786c7378__enc.302e302e31 | tenant: public | md5: f3c84be92899c191b3c7a4fd2e9b6490
2026-09-29 09:43:13,033|opType: publish | rt: 55ms | status: success | requestIp: null | dataId: enc.736372697074732f6f66666963652f736368656d61732f49534f2d49454332393530302d345f323031362f706d6c2e787364 | group: skill_enc.786c7378__enc.302e302e31 | tenant: public | md5: e4e1024cca691dab04a1964a13e34639
2026-09-29 09:43:13,034|opType: publish | rt: 38ms | status: success | requestIp: null | dataId: resource_tool-analysis_tool-analysis__json.json | group: agentspec__enc.676f646f742d7368616465722d646576656c6f706572__enc.302e302e31 | tenant: public | md5: b1bd2dddb9782061d77589876b9e13ca
2026-09-29 09:43:13,035|opType: publish | rt: 41ms | status: success | requestIp: null | dataId: enc.736372697074732f6f66666963652f76616c696461746f72732f707074782e7079 | group: skill_enc.786c7378__enc.302e302e31 | tenant: public | md5: 95836f2ecb3e53862b1d166d0a11e255
2026-09-29 09:43:13,035|opType: publish | rt: 34ms | status: success | requestIp: null | dataId: resource_config_AGENTS__md.json | group: agentspec__enc.676f646f742d7368616465722d646576656c6f706572__enc.302e302e31 | tenant: public | md5: c804b3ea41107c382450e057aed644c6
2026-09-29 09:43:13,036|opType: publish | rt: 26ms | status: success | requestIp: null | dataId: resource_config_SOUL__md.json | group: agentspec__enc.676f646f742d7368616465722d646576656c6f706572__enc.302e302e31 | tenant: public | md5: f4d50c5d387585d6f7ec16d385db0a49
2026-09-29 09:43:13,037|opType: publish | rt: 6ms | status: success | requestIp: null | dataId: resource_config_MEMORY__md.json | group: agentspec__enc.676f646f742d7368616465722d646576656c6f706572__enc.302e302e31 | tenant: public | md5: e344108b4d52f4da56d218b031ec962a
2026-09-29 09:43:13,040|opType: publish | rt: 5ms | status: success | requestIp: null | dataId: manifest.json | group: agentspec__enc.676f7665726e6d656e742d6469676974616c2d70726573616c65732d636f6e73756c74616e74__enc.302e302e31 | tenant: public | md5: 1b6e3c61b3df64212f2cc25b8162c827
2026-09-29 09:43:13,044|opType: publish | rt: 6ms | status: success | requestIp: null | dataId: resource_crons_jobs__json.json | group: agentspec__enc.676f7665726e6d656e742d6469676974616c2d70726573616c65732d636f6e73756c74616e74__enc.302e302e31 | tenant: public | md5: c705bbc217d4e5c9587eabf4326e36b1
2026-09-29 09:43:13,046|opType: publish | rt: 6ms | status: success | requestIp: null | dataId: resource_config_IDENTITY__md.json | group: agentspec__enc.676f7665726e6d656e742d6469676974616c2d70726573616c65732d636f6e73756c74616e74__enc.302e302e31 | tenant: public | md5: c3d50776da0df904a6188c927bee5187
2026-09-29 09:43:13,047|opType: publish | rt: 5ms | status: success | requestIp: null | dataId: resource_tool-analysis_tool-analysis__json.json | group: agentspec__enc.676f7665726e6d656e742d6469676974616c2d70726573616c65732d636f6e73756c74616e74__enc.302e302e31 | tenant: public | md5: 1d12231b2580e94073eeec0550d117cd
2026-09-29 09:43:13,050|opType: publish | rt: 5ms | status: success | requestIp: null | dataId: resource_config_SOUL__md.json | group: agentspec__enc.676f7665726e6d656e742d6469676974616c2d70726573616c65732d636f6e73756c74616e74__enc.302e302e31 | tenant: public | md5: 751ee88174e0cc90fdf3b1bdfb4dcc16
2026-09-29 09:43:13,051|opType: publish | rt: 8ms | status: success | requestIp: null | dataId: resource_config_AGENTS__md.json | group: agentspec__enc.676f7665726e6d656e742d6469676974616c2d70726573616c65732d636f6e73756c74616e74__enc.302e302e31 | tenant: public | md5: 00f9ed6a0c1d5cc398ca0e8990bec28b
2026-09-29 09:43:13,053|opType: publish | rt: 5ms | status: success | requestIp: null | dataId: resource_config_MEMORY__md.json | group: agentspec__enc.676f7665726e6d656e742d6469676974616c2d70726573616c65732d636f6e73756c74616e74__enc.302e302e31 | tenant: public | md5: ed6c02b8510890a1afb6580857b75cbf
2026-09-29 09:43:13,055|opType: publish | rt: 5ms | status: success | requestIp: null | dataId: enc.736372697074732f6f66666963652f736f66666963652e7079 | group: skill_enc.786c7378__enc.302e302e31 | tenant: public | md5: 080c37e6f18963f350dda51d922c9f06
2026-09-29 09:43:13,057|opType: publish | rt: 5ms | status: success | requestIp: null | dataId: manifest.json | group: agentspec__enc.6865616c7468636172652d6d61726b6574696e672d636f6d706c69616e6365__enc.302e302e31 | tenant: public | md5: d0f821c669387afcae2023b99de774e0
2026-09-29 09:43:13,058|opType: publish | rt: 3ms | status: success | requestIp: null | dataId: resource_crons_jobs__json.json | group: agentspec__enc.6865616c7468636172652d6d61726b6574696e672d636f6d706c69616e6365__enc.302e302e31 | tenant: public | md5: 4b07c48c0d3f2a11444101234ec888d1
2026-09-29 09:43:13,061|opType: publish | rt: 4ms | status: success | requestIp: null | dataId: enc.736372697074732f6f66666963652f736368656d61732f49534f2d49454332393530302d345f323031362f7368617265642d6269626c696f6772617068792e787364 | group: skill_enc.786c7378__enc.302e302e31 | tenant: public | md5: 1c0ef0ccbbc7b08bf6f8f8263a0b8d64
2026-09-29 09:43:13,063|opType: publish | rt: 5ms | status: success | requestIp: null | dataId: resource_config_IDENTITY__md.json | group: agentspec__enc.6865616c7468636172652d6d61726b6574696e672d636f6d706c69616e6365__enc.302e302e31 | tenant: public | md5: 2d08b6ad6c7dd9cc7d88943a992d9dcf
2026-09-29 09:43:13,066|opType: publish | rt: 5ms | status: success | requestIp: null | dataId: resource_tool-analysis_tool-analysis__json.json | group: agentspec__enc.6865616c7468636172652d6d61726b6574696e672d636f6d706c69616e6365__enc.302e302e31 | tenant: public | md5: 8b049700bfb08ff336bab26ebcc0e2e5
2026-09-29 09:43:13,068|opType: publish | rt: 5ms | status: success | requestIp: null | dataId: enc.736372697074732f6f66666963652f736368656d61732f6d6963726f736f66742f776d6c2d73647464617461686173682d323032302e787364 | group: skill_enc.786c7378__enc.302e302e31 | tenant: public | md5: f9730efba946ebaf9c2ac771c6135505
2026-09-29 09:43:13,071|opType: publish | rt: 5ms | status: success | requestIp: null | dataId: enc.736372697074732f6f66666963652f7061636b2e7079 | group: skill_enc.786c7378__enc.302e302e31 | tenant: public | md5: 20d61f93e874fd961122dd0da9de7898
2026-09-29 09:43:13,075|opType: publish | rt: 7ms | status: success | requestIp: null | dataId: enc.736372697074732f6f66666963652f736368656d61732f49534f2d49454332393530302d345f323031362f786d6c2e787364 | group: skill_enc.786c7378__enc.302e302e31 | tenant: public | md5: d535ef9799e2bdadb51d7be270d51053
2026-09-29 09:43:13,079|opType: publish | rt: 8ms | status: success | requestIp: null | dataId: SKILL.md | group: skill_enc.636c6f7564__enc.302e302e31 | tenant: public | md5: f19b1dca9781891077bd743696e6228f
2026-09-29 09:43:13,083|opType: publish | rt: 8ms | status: success | requestIp: null | dataId: SKILL.md | group: skill_enc.62726f777365722d757365__enc.302e302e31 | tenant: public | md5: e5072e70d70f65366699cf438a6892e9
2026-09-29 09:43:13,085|opType: publish | rt: 8ms | status: success | requestIp: null | dataId: enc.7265666572656e6365732f6775696465732f636861742d75692e6d64 | group: skill_enc.636c6f7564__enc.302e302e31 | tenant: public | md5: 1b7227ad19954f053801b1a972d47a03
2026-09-29 09:43:13,101|opType: publish | rt: 9ms | status: success | requestIp: null | dataId: enc.7265666572656e6365732f6775696465732f7375626167656e742e6d64 | group: skill_enc.636c6f7564__enc.302e302e31 | tenant: public | md5: 86251ac1664f78821e68d4b9758a1704
2026-09-29 09:43:13,103|opType: publish | rt: 7ms | status: success | requestIp: null | dataId: resource_config_AGENTS__md.json | group: agentspec__enc.6865616c7468636172652d6d61726b6574696e672d636f6d706c69616e6365__enc.302e302e31 | tenant: public | md5: f034a99ee453509b498cde6f6951e11d
2026-09-29 09:43:13,112|opType: publish | rt: 12ms | status: success | requestIp: null | dataId: enc.7265666572656e6365732f62726f777365722d6170692e6d64 | group: skill_enc.636c6f7564__enc.302e302e31 | tenant: public | md5: 901b66d1c011a544032b35d096188c8f
2026-09-29 09:43:13,113|opType: publish | rt: 4ms | status: success | requestIp: null | dataId: enc.7265666572656e6365732f717569636b73746172742e6d64 | group: skill_enc.636c6f7564__enc.302e302e31 | tenant: public | md5: 96365e5a6d93499594d3da5c3ce751f1
2026-09-29 09:43:13,114|opType: publish | rt: 7ms | status: success | requestIp: null | dataId: resource_config_MEMORY__md.json | group: agentspec__enc.6865616c7468636172652d6d61726b6574696e672d636f6d706c69616e6365__enc.302e302e31 | tenant: public | md5: af4b4006a1c33908f8b3bebb51d11415
2026-09-29 09:43:13,115|opType: publish | rt: 13ms | status: success | requestIp: null | dataId: resource_config_SOUL__md.json | group: agentspec__enc.6865616c7468636172652d6d61726b6574696e672d636f6d706c69616e6365__enc.302e302e31 | tenant: public | md5: 3513af36ace33801e835ac77521b5600
2026-09-29 09:43:13,132|opType: publish | rt: 5ms | status: success | requestIp: null | dataId: enc.7265666572656e6365732f66656174757265732e6d64 | group: skill_enc.636c6f7564__enc.302e302e31 | tenant: public | md5: 0def1ddc8304bcef345ffa99aea75de4
2026-09-29 09:43:13,135|opType: publish | rt: 4ms | status: success | requestIp: null | dataId: enc.7265666572656e6365732f7061747465726e732e6d64 | group: skill_enc.636c6f7564__enc.302e302e31 | tenant: public | md5: c18f73b81fda33cb4d216a9de511aba6
2026-09-29 09:43:13,176|opType: publish | rt: 5ms | status: success | requestIp: null | dataId: enc.7265666572656e6365732f6170692d76322e6d64 | group: skill_enc.636c6f7564__enc.302e302e31 | tenant: public | md5: b8f322f33fd30ee321885ad4b0957161
2026-09-29 09:43:13,180|opType: publish | rt: 3ms | status: success | requestIp: null | dataId: enc.7265666572656e6365732f73657373696f6e732e6d64 | group: skill_enc.636c6f7564__enc.302e302e31 | tenant: public | md5: 02845c9da7d215f82664daf6d8e03469
2026-09-29 09:43:13,189|opType: publish | rt: 5ms | status: success | requestIp: null | dataId: manifest.json | group: agentspec__enc.68722d706572666f726d616e63652d7265766965776572__enc.302e302e31 | tenant: public | md5: ca9ce8fc83230c598494aa900b173de0
2026-09-29 09:43:13,196|opType: publish | rt: 8ms | status: success | requestIp: null | dataId: enc.7265666572656e6365732f6170692d76332e6d64 | group: skill_enc.636c6f7564__enc.302e302e31 | tenant: public | md5: d531ae4f3a63d125f7a90c593feecdfc
2026-09-29 09:43:13,209|opType: publish | rt: 19ms | status: success | requestIp: null | dataId: resource_crons_jobs__json.json | group: agentspec__enc.68722d706572666f726d616e63652d7265766965776572__enc.302e302e31 | tenant: public | md5: 50c37dc6211bf859cf6d5b744beeebd2
2026-09-29 09:43:13,215|opType: publish | rt: 14ms | status: success | requestIp: null | dataId: enc.7265666572656e6365732f6775696465732f746f6f6c732d696e746567726174696f6e2e6d64 | group: skill_enc.636c6f7564__enc.302e302e31 | tenant: public | md5: 50447e26e509ac3f166c181ae0578504
2026-09-29 09:43:13,222|opType: publish | rt: 8ms | status: success | requestIp: null | dataId: SKILL.md | group: skill_enc.6f70656e2d736f75726365__enc.302e302e31 | tenant: public | md5: 822c23ae8b8d52b4e3f926a747e03ef7
2026-09-29 09:43:13,250|opType: publish | rt: 7ms | status: success | requestIp: null | dataId: enc.7265666572656e6365732f696e746567726174696f6e732e6d64 | group: skill_enc.6f70656e2d736f75726365__enc.302e302e31 | tenant: public | md5: b53fd3000b79c677930db41f682be38c
2026-09-29 09:43:13,251|opType: publish | rt: 6ms | status: success | requestIp: null | dataId: enc.7265666572656e6365732f6d6f64656c732e6d64 | group: skill_enc.6f70656e2d736f75726365__enc.302e302e31 | tenant: public | md5: 08c4d0159b44ca42804c9847006dbdfb
2026-09-29 09:43:13,252|opType: publish | rt: 6ms | status: success | requestIp: null | dataId: resource_config_IDENTITY__md.json | group: agentspec__enc.68722d706572666f726d616e63652d7265766965776572__enc.302e302e31 | tenant: public | md5: df3f8caf83345c6bef15cd6a86323357
2026-09-29 09:43:13,255|opType: publish | rt: 5ms | status: success | requestIp: null | dataId: resource_tool-analysis_tool-analysis__json.json | group: agentspec__enc.68722d706572666f726d616e63652d7265766965776572__enc.302e302e31 | tenant: public | md5: 6588da9982cf506067844c2b442a0820
2026-09-29 09:43:13,259|opType: publish | rt: 6ms | status: success | requestIp: null | dataId: resource_config_AGENTS__md.json | group: agentspec__enc.68722d706572666f726d616e63652d7265766965776572__enc.302e302e31 | tenant: public | md5: 479daff973f87fb71ddf91b1d789058c
2026-09-29 09:43:13,261|opType: publish | rt: 6ms | status: success | requestIp: null | dataId: resource_config_SOUL__md.json | group: agentspec__enc.68722d706572666f726d616e63652d7265766965776572__enc.302e302e31 | tenant: public | md5: 1e6744e2ef3ef18322fd773276baeccc
2026-09-29 09:43:13,262|opType: publish | rt: 5ms | status: success | requestIp: null | dataId: resource_config_MEMORY__md.json | group: agentspec__enc.68722d706572666f726d616e63652d7265766965776572__enc.302e302e31 | tenant: public | md5: 32eae218d4985594db8e0ad210995c5a
2026-09-29 09:43:13,264|opType: publish | rt: 5ms | status: success | requestIp: null | dataId: manifest.json | group: agentspec__enc.68722d726563727569746572__enc.302e302e31 | tenant: public | md5: 2bc5b28b8ecc697b1bfbddf637e68d16
2026-09-29 09:43:13,266|opType: publish | rt: 5ms | status: success | requestIp: null | dataId: resource_crons_jobs__json.json | group: agentspec__enc.68722d726563727569746572__enc.302e302e31 | tenant: public | md5: 3c9c1aaf3d31c56007687faf8eb75c16
2026-09-29 09:43:13,269|opType: publish | rt: 6ms | status: success | requestIp: null | dataId: resource_config_IDENTITY__md.json | group: agentspec__enc.68722d726563727569746572__enc.302e302e31 | tenant: public | md5: 7692e1a311416ba9a035e044b9c26f39
2026-09-29 09:43:13,270|opType: publish | rt: 5ms | status: success | requestIp: null | dataId: resource_tool-analysis_tool-analysis__json.json | group: agentspec__enc.68722d726563727569746572__enc.302e302e31 | tenant: public | md5: 975319c230f186cee973f692ddbcc923
2026-09-29 09:43:13,274|opType: publish | rt: 6ms | status: success | requestIp: null | dataId: resource_config_AGENTS__md.json | group: agentspec__enc.68722d726563727569746572__enc.302e302e31 | tenant: public | md5: b8b98d07c108d58f6934b14ee2fd171d
2026-09-29 09:43:13,275|opType: publish | rt: 5ms | status: success | requestIp: null | dataId: resource_config_SOUL__md.json | group: agentspec__enc.68722d726563727569746572__enc.302e302e31 | tenant: public | md5: f4b511e936b14c8145fea4ee81bcc2e2
2026-09-29 09:43:13,278|opType: publish | rt: 6ms | status: success | requestIp: null | dataId: enc.7265666572656e6365732f6167656e742e6d64 | group: skill_enc.6f70656e2d736f75726365__enc.302e302e31 | tenant: public | md5: 703c845ba2486af17492c6c99b431735
2026-09-29 09:43:13,280|opType: publish | rt: 5ms | status: success | requestIp: null | dataId: resource_config_MEMORY__md.json | group: agentspec__enc.68722d726563727569746572__enc.302e302e31 | tenant: public | md5: 51447b083a5b99c69ecd48655e4b51cf
2026-09-29 09:43:13,281|opType: publish | rt: 5ms | status: success | requestIp: null | dataId: manifest.json | group: agentspec__enc.6964656e746974792d67726170682d6f70657261746f72__enc.302e302e31 | tenant: public | md5: 12978f602989b0eadc80778a867edb57
2026-09-29 09:43:13,285|opType: publish | rt: 5ms | status: success | requestIp: null | dataId: enc.7265666572656e6365732f717569636b73746172742e6d64 | group: skill_enc.6f70656e2d736f75726365__enc.302e302e31 | tenant: public | md5: dcd082b63e21491b99cff07b6590e177
2026-09-29 09:43:13,289|opType: publish | rt: 6ms | status: success | requestIp: null | dataId: resource_config_IDENTITY__md.json | group: agentspec__enc.6964656e746974792d67726170682d6f70657261746f72__enc.302e302e31 | tenant: public | md5: ee6fea0f1dc8338e75d9d42eddfb334b
2026-09-29 09:43:13,291|opType: publish | rt: 6ms | status: success | requestIp: null | dataId: resource_crons_jobs__json.json | group: agentspec__enc.6964656e746974792d67726170682d6f70657261746f72__enc.302e302e31 | tenant: public | md5: 133b8077cd68a6777bb8ce6f0ca5ef8e
2026-09-29 09:43:13,294|opType: publish | rt: 5ms | status: success | requestIp: null | dataId: enc.7265666572656e6365732f6d6f6e69746f72696e672e6d64 | group: skill_enc.6f70656e2d736f75726365__enc.302e302e31 | tenant: public | md5: d8357cc320d50715c428471ee4996c07
2026-09-29 09:43:13,296|opType: publish | rt: 5ms | status: success | requestIp: null | dataId: enc.7265666572656e6365732f6163746f722e6d64 | group: skill_enc.6f70656e2d736f75726365__enc.302e302e31 | tenant: public | md5: cae3272fb501303ed1b57425c1f3fb1a
2026-09-29 09:43:13,298|opType: publish | rt: 5ms | status: success | requestIp: null | dataId: enc.7265666572656e6365732f6578616d706c65732e6d64 | group: skill_enc.6f70656e2d736f75726365__enc.302e302e31 | tenant: public | md5: e6790d0fe62eff99ee571460d2270309
2026-09-29 09:43:13,301|opType: publish | rt: 5ms | status: success | requestIp: null | dataId: enc.7265666572656e6365732f746f6f6c732e6d64 | group: skill_enc.6f70656e2d736f75726365__enc.302e302e31 | tenant: public | md5: a70db80857383ce0723d58364abd7bf9
2026-09-29 09:43:13,306|opType: publish | rt: 8ms | status: success | requestIp: null | dataId: skill_index.json | group: skill_xlsx | tenant: public | md5: 8c5d296c14a99c102f611f7fbac3b04c
2026-09-29 09:43:13,307|opType: publish | rt: 6ms | status: success | requestIp: null | dataId: enc.7265666572656e6365732f62726f777365722e6d64 | group: skill_enc.6f70656e2d736f75726365__enc.302e302e31 | tenant: public | md5: aca6669a3d2b0ecb162a2b641d753393
2026-09-29 09:43:13,307|opType: publish | rt: 5ms | status: success | requestIp: null | dataId: skill_index.json | group: skill_browser-use | tenant: public | md5: a954ba25a6022882637d1312aa486859
2026-09-29 09:43:13,313|opType: publish | rt: 4ms | status: success | requestIp: null | dataId: resource_tool-analysis_tool-analysis__json.json | group: agentspec__enc.6964656e746974792d67726170682d6f70657261746f72__enc.302e302e31 | tenant: public | md5: 46dd20d74381226dcd91b49a215d1813
2026-09-29 09:43:13,328|opType: publish | rt: 6ms | status: success | requestIp: null | dataId: resource_config_AGENTS__md.json | group: agentspec__enc.6964656e746974792d67726170682d6f70657261746f72__enc.302e302e31 | tenant: public | md5: b8711976bf838b415067437ba2b0c7a6
2026-09-29 09:43:13,329|opType: publish | rt: 6ms | status: success | requestIp: null | dataId: resource_config_SOUL__md.json | group: agentspec__enc.6964656e746974792d67726170682d6f70657261746f72__enc.302e302e31 | tenant: public | md5: 1d1903f00222a0e5d8ff9661e4d1c9c8
2026-09-29 09:43:13,401|opType: publish | rt: 5ms | status: success | requestIp: null | dataId: resource_config_MEMORY__md.json | group: agentspec__enc.6964656e746974792d67726170682d6f70657261746f72__enc.302e302e31 | tenant: public | md5: 1fce1e10d1863b3f3c75629e37ddfbe7
2026-09-29 09:43:13,419|opType: publish | rt: 5ms | status: success | requestIp: null | dataId: manifest.json | group: agentspec__enc.6c6567616c2d636f6e74726163742d7265766965776572__enc.302e302e31 | tenant: public | md5: 860b0a82228a5eedc0c41da4e1d2d86a
2026-09-29 09:43:13,430|opType: publish | rt: 4ms | status: success | requestIp: null | dataId: skill_index.json | group: skill_cloud | tenant: public | md5: 65b1ce5cdc8de07335276edd5232866e
2026-09-29 09:43:13,461|opType: publish | rt: 4ms | status: success | requestIp: null | dataId: resource_crons_jobs__json.json | group: agentspec__enc.6c6567616c2d636f6e74726163742d7265766965776572__enc.302e302e31 | tenant: public | md5: 64988002944efdce3c4c6b373cb6b319
2026-09-29 09:43:13,465|opType: publish | rt: 5ms | status: success | requestIp: null | dataId: resource_config_IDENTITY__md.json | group: agentspec__enc.6c6567616c2d636f6e74726163742d7265766965776572__enc.302e302e31 | tenant: public | md5: 4d16cc202700ddb86b9b18e1c7db8796
2026-09-29 09:43:13,469|opType: publish | rt: 5ms | status: success | requestIp: null | dataId: resource_tool-analysis_tool-analysis__json.json | group: agentspec__enc.6c6567616c2d636f6e74726163742d7265766965776572__enc.302e302e31 | tenant: public | md5: f56b3855419f2327c00ac20e0f84413f
2026-09-29 09:43:13,474|opType: publish | rt: 7ms | status: success | requestIp: null | dataId: resource_config_AGENTS__md.json | group: agentspec__enc.6c6567616c2d636f6e74726163742d7265766965776572__enc.302e302e31 | tenant: public | md5: 8fce9814acfaf828a5f60f2279ec77db
2026-09-29 09:43:13,475|opType: publish | rt: 5ms | status: success | requestIp: null | dataId: resource_config_SOUL__md.json | group: agentspec__enc.6c6567616c2d636f6e74726163742d7265766965776572__enc.302e302e31 | tenant: public | md5: 50c185d47e6f7ee7701b1f24f6a4361b
2026-09-29 09:43:13,478|opType: publish | rt: 6ms | status: success | requestIp: null | dataId: resource_config_MEMORY__md.json | group: agentspec__enc.6c6567616c2d636f6e74726163742d7265766965776572__enc.302e302e31 | tenant: public | md5: 21475a8cc9db603940276ee4fa673d6d
2026-09-29 09:43:13,482|opType: publish | rt: 6ms | status: success | requestIp: null | dataId: manifest.json | group: agentspec__enc.6c6567616c2d706f6c6963792d777269746572__enc.302e302e31 | tenant: public | md5: bad8d16b1a14ce4aab6ddb5470a4df34
2026-09-29 09:43:13,483|opType: publish | rt: 5ms | status: success | requestIp: null | dataId: resource_crons_jobs__json.json | group: agentspec__enc.6c6567616c2d706f6c6963792d777269746572__enc.302e302e31 | tenant: public | md5: 6d5d0df11f7bb049b9ec7040cb4f2402
2026-09-29 09:43:13,485|opType: publish | rt: 5ms | status: success | requestIp: null | dataId: resource_config_IDENTITY__md.json | group: agentspec__enc.6c6567616c2d706f6c6963792d777269746572__enc.302e302e31 | tenant: public | md5: 6bb4b23f5c44d79b1a0b27a5e09dad48
2026-09-29 09:43:13,490|opType: publish | rt: 6ms | status: success | requestIp: null | dataId: resource_tool-analysis_tool-analysis__json.json | group: agentspec__enc.6c6567616c2d706f6c6963792d777269746572__enc.302e302e31 | tenant: public | md5: 4c961efde75c1aa928b62f5ccca41844
2026-09-29 09:43:13,492|opType: publish | rt: 7ms | status: success | requestIp: null | dataId: resource_config_AGENTS__md.json | group: agentspec__enc.6c6567616c2d706f6c6963792d777269746572__enc.302e302e31 | tenant: public | md5: 43283b4ab1e2d247cfdfa1b5d59a8a4d
2026-09-29 09:43:13,493|opType: publish | rt: 5ms | status: success | requestIp: null | dataId: resource_config_SOUL__md.json | group: agentspec__enc.6c6567616c2d706f6c6963792d777269746572__enc.302e302e31 | tenant: public | md5: 16e3911cdea23be756ff33c016319b53
2026-09-29 09:43:13,496|opType: publish | rt: 5ms | status: success | requestIp: null | dataId: resource_config_MEMORY__md.json | group: agentspec__enc.6c6567616c2d706f6c6963792d777269746572__enc.302e302e31 | tenant: public | md5: bc2c32bd0c3f1d214f0c4aca919af090
2026-09-29 09:43:13,502|opType: publish | rt: 5ms | status: success | requestIp: null | dataId: manifest.json | group: agentspec__enc.6c6576656c2d64657369676e6572__enc.302e302e31 | tenant: public | md5: 086b22a72103acbe9be041ce43a1c665
2026-09-29 09:43:13,504|opType: publish | rt: 6ms | status: success | requestIp: null | dataId: resource_crons_jobs__json.json | group: agentspec__enc.6c6576656c2d64657369676e6572__enc.302e302e31 | tenant: public | md5: 10d1291f221994dc02836117b8c1fdd2
2026-09-29 09:43:13,523|opType: publish | rt: 7ms | status: success | requestIp: null | dataId: SKILL.md | group: skill_enc.72656d6f74652d62726f77736572__enc.302e302e31 | tenant: public | md5: b295e5c1b958dfe3aa59d26cedfa9129
2026-09-29 09:43:13,524|opType: publish | rt: 6ms | status: success | requestIp: null | dataId: SKILL.md | group: skill_enc.61622d746573742d7365747570__enc.312e312e30 | tenant: public | md5: ac421ef56e22fa8160ebffb64fb3ba12
2026-09-29 09:43:13,526|opType: publish | rt: 5ms | status: success | requestIp: null | dataId: enc.7265666572656e6365732f73616d706c652d73697a652d67756964652e6d64 | group: skill_enc.61622d746573742d7365747570__enc.312e312e30 | tenant: public | md5: 53d92dc350d573e45c67c52b7592bdd0
2026-09-29 09:43:13,542|opType: publish | rt: 19ms | status: success | requestIp: null | dataId: enc.6576616c732f6576616c732e6a736f6e | group: skill_enc.61622d746573742d7365747570__enc.312e312e30 | tenant: public | md5: 4011649b84da8ab16a78e1875e121995
2026-09-29 09:43:13,544|opType: publish | rt: 18ms | status: success | requestIp: null | dataId: enc.7265666572656e6365732f746573742d74656d706c617465732e6d64 | group: skill_enc.61622d746573742d7365747570__enc.312e312e30 | tenant: public | md5: 8e46639677b0f7aaccb5e89b40f852fe
2026-09-29 09:43:13,548|opType: publish | rt: 5ms | status: success | requestIp: null | dataId: resource_tool-analysis_tool-analysis__json.json | group: agentspec__enc.6c6576656c2d64657369676e6572__enc.302e302e31 | tenant: public | md5: 48f846cbb5d14eda1df59f8360255bba
2026-09-29 09:43:13,549|opType: publish | rt: 7ms | status: success | requestIp: null | dataId: skill_index.json | group: skill_open-source | tenant: public | md5: c7c6bd961c6b7453a8165b9dfecf715c
2026-09-29 09:43:13,551|opType: publish | rt: 6ms | status: success | requestIp: null | dataId: resource_config_IDENTITY__md.json | group: agentspec__enc.6c6576656c2d64657369676e6572__enc.302e302e31 | tenant: public | md5: 33707c8ddd409d36b45fa21652b01ebf
2026-09-29 09:43:13,552|opType: publish | rt: 6ms | status: success | requestIp: null | dataId: resource_config_AGENTS__md.json | group: agentspec__enc.6c6576656c2d64657369676e6572__enc.302e302e31 | tenant: public | md5: 157e182690424384501a3b1afd541f2b
2026-09-29 09:43:13,612|opType: publish | rt: 4ms | status: success | requestIp: null | dataId: resource_config_SOUL__md.json | group: agentspec__enc.6c6576656c2d64657369676e6572__enc.302e302e31 | tenant: public | md5: 4278336a92b4b4ca152800694e35ad08
2026-09-29 09:43:13,629|opType: publish | rt: 4ms | status: success | requestIp: null | dataId: resource_config_MEMORY__md.json | group: agentspec__enc.6c6576656c2d64657369676e6572__enc.302e302e31 | tenant: public | md5: 9cd911c06bad63cc4c07e6a85340d538
2026-09-29 09:43:13,645|opType: publish | rt: 5ms | status: success | requestIp: null | dataId: SKILL.md | group: skill_enc.61642d6372656174697665__enc.312e312e30 | tenant: public | md5: 9f79189d2fcb99c6f26914da4ff250f7
2026-09-29 09:43:13,649|opType: publish | rt: 5ms | status: success | requestIp: null | dataId: enc.6576616c732f6576616c732e6a736f6e | group: skill_enc.61642d6372656174697665__enc.312e312e30 | tenant: public | md5: f9689f6425f3e4706433f947461b4a16
2026-09-29 09:43:13,653|opType: publish | rt: 7ms | status: success | requestIp: null | dataId: enc.7265666572656e6365732f706c6174666f726d2d73706563732e6d64 | group: skill_enc.61642d6372656174697665__enc.312e312e30 | tenant: public | md5: 029ff4d6ecf6dd26a3cb86754db8b646
2026-09-29 09:43:13,654|opType: publish | rt: 6ms | status: success | requestIp: null | dataId: enc.7265666572656e6365732f67656e657261746976652d746f6f6c732e6d64 | group: skill_enc.61642d6372656174697665__enc.312e312e30 | tenant: public | md5: 82ccbba1f0deab073af5b6bb5b15c58d
2026-09-29 09:43:13,670|opType: publish | rt: 4ms | status: success | requestIp: null | dataId: manifest.json | group: agentspec__enc.6c73702d696e6465782d656e67696e656572__enc.302e302e31 | tenant: public | md5: 0deafc233654f9234cc037fdfe188994
2026-09-29 09:43:13,677|opType: publish | rt: 6ms | status: success | requestIp: null | dataId: resource_crons_jobs__json.json | group: agentspec__enc.6c73702d696e6465782d656e67696e656572__enc.302e302e31 | tenant: public | md5: 6306377e34b40fd24b05da7a8c50f71b
2026-09-29 09:43:13,681|opType: publish | rt: 6ms | status: success | requestIp: null | dataId: resource_config_IDENTITY__md.json | group: agentspec__enc.6c73702d696e6465782d656e67696e656572__enc.302e302e31 | tenant: public | md5: 58b2ddb2bbb27e2392cff133d668644f
2026-09-29 09:43:13,684|opType: publish | rt: 5ms | status: success | requestIp: null | dataId: resource_tool-analysis_tool-analysis__json.json | group: agentspec__enc.6c73702d696e6465782d656e67696e656572__enc.302e302e31 | tenant: public | md5: bfe52783a3f60bbc22a4934097208800
2026-09-29 09:43:13,688|opType: publish | rt: 5ms | status: success | requestIp: null | dataId: resource_config_AGENTS__md.json | group: agentspec__enc.6c73702d696e6465782d656e67696e656572__enc.302e302e31 | tenant: public | md5: c17e18dbe6a2a3a40be5fe8f13b001b3
2026-09-29 09:43:13,690|opType: publish | rt: 5ms | status: success | requestIp: null | dataId: resource_config_SOUL__md.json | group: agentspec__enc.6c73702d696e6465782d656e67696e656572__enc.302e302e31 | tenant: public | md5: 696f7680c72f120274312562e184985c
2026-09-29 09:43:13,694|opType: publish | rt: 5ms | status: success | requestIp: null | dataId: resource_config_MEMORY__md.json | group: agentspec__enc.6c73702d696e6465782d656e67696e656572__enc.302e302e31 | tenant: public | md5: 81d9937d522bb3b52776a5ebf31a665e
2026-09-29 09:43:13,696|opType: publish | rt: 5ms | status: success | requestIp: null | dataId: manifest.json | group: agentspec__enc.6d61636f732d7370617469616c2d6d6574616c2d656e67696e656572__enc.302e302e31 | tenant: public | md5: c10c994b1f6e4a7ecdaa29de690074af
2026-09-29 09:43:13,697|opType: publish | rt: 4ms | status: success | requestIp: null | dataId: resource_crons_jobs__json.json | group: agentspec__enc.6d61636f732d7370617469616c2d6d6574616c2d656e67696e656572__enc.302e302e31 | tenant: public | md5: 7d798b593ec4db556ca1b89941e4a0c1
2026-09-29 09:43:13,701|opType: publish | rt: 5ms | status: success | requestIp: null | dataId: resource_config_IDENTITY__md.json | group: agentspec__enc.6d61636f732d7370617469616c2d6d6574616c2d656e67696e656572__enc.302e302e31 | tenant: public | md5: 73b504c022ccaf639bb5db9f0bd91b6c
2026-09-29 09:43:13,705|opType: publish | rt: 5ms | status: success | requestIp: null | dataId: resource_tool-analysis_tool-analysis__json.json | group: agentspec__enc.6d61636f732d7370617469616c2d6d6574616c2d656e67696e656572__enc.302e302e31 | tenant: public | md5: fb4263f138d7b1be382d8ea512be132a
2026-09-29 09:43:13,708|opType: publish | rt: 4ms | status: success | requestIp: null | dataId: resource_config_SOUL__md.json | group: agentspec__enc.6d61636f732d7370617469616c2d6d6574616c2d656e67696e656572__enc.302e302e31 | tenant: public | md5: 379f763f83ecc499a526f0f02c366f70
2026-09-29 09:43:13,709|opType: publish | rt: 6ms | status: success | requestIp: null | dataId: resource_config_AGENTS__md.json | group: agentspec__enc.6d61636f732d7370617469616c2d6d6574616c2d656e67696e656572__enc.302e302e31 | tenant: public | md5: ed36de380364d4be3a50b87e630f9837
2026-09-29 09:43:13,715|opType: publish | rt: 5ms | status: success | requestIp: null | dataId: resource_config_MEMORY__md.json | group: agentspec__enc.6d61636f732d7370617469616c2d6d6574616c2d656e67696e656572__enc.302e302e31 | tenant: public | md5: a9cb958d8a06297181b2282df1022ba4
2026-09-29 09:43:13,718|opType: publish | rt: 4ms | status: success | requestIp: null | dataId: manifest.json | group: agentspec__enc.6d61726b6574696e672d61692d6369746174696f6e2d73747261746567697374__enc.302e302e31 | tenant: public | md5: 89466fc09f52b49b2416b44e5559a80a
2026-09-29 09:43:13,736|opType: publish | rt: 4ms | status: success | requestIp: null | dataId: skill_index.json | group: skill_remote-browser | tenant: public | md5: a954ba25a6022882637d1312aa486859
2026-09-29 09:43:13,764|opType: publish | rt: 6ms | status: success | requestIp: null | dataId: skill_index.json | group: skill_ab-test-setup | tenant: public | md5: 2e2c718043fa3966abb5af7f825c60a5
2026-09-29 09:43:13,764|opType: publish | rt: 5ms | status: success | requestIp: null | dataId: resource_crons_jobs__json.json | group: agentspec__enc.6d61726b6574696e672d61692d6369746174696f6e2d73747261746567697374__enc.302e302e31 | tenant: public | md5: 62bbf34876d8cf8787e3dc0148df4ccf
2026-09-29 09:43:13,765|opType: publish | rt: 5ms | status: success | requestIp: null | dataId: resource_config_IDENTITY__md.json | group: agentspec__enc.6d61726b6574696e672d61692d6369746174696f6e2d73747261746567697374__enc.302e302e31 | tenant: public | md5: 164bd0fb0ee9b0c19c0b3a33c74932f4
2026-09-29 09:43:13,767|opType: publish | rt: 5ms | status: success | requestIp: null | dataId: enc.6576616c732f6576616c732e6a736f6e | group: skill_enc.61692d73656f__enc.312e312e30 | tenant: public | md5: 90a8bb9bcf6399cd2158ecf01f10caf9
2026-09-29 09:43:13,771|opType: publish | rt: 7ms | status: success | requestIp: null | dataId: SKILL.md | group: skill_enc.61692d73656f__enc.312e312e30 | tenant: public | md5: b51f2f05c62d61e4245f19fa7d9ec3f3
2026-09-29 09:43:13,772|opType: publish | rt: 5ms | status: success | requestIp: null | dataId: enc.7265666572656e6365732f636f6e74656e742d7061747465726e732e6d64 | group: skill_enc.61692d73656f__enc.312e312e30 | tenant: public | md5: 45f5425f963e54e06d52017ff15d07d5
2026-09-29 09:43:13,774|opType: publish | rt: 5ms | status: success | requestIp: null | dataId: enc.7265666572656e6365732f706c6174666f726d2d72616e6b696e672d666163746f72732e6d64 | group: skill_enc.61692d73656f__enc.312e312e30 | tenant: public | md5: fc6091f69af69605cf4512bdf87aaceb
2026-09-29 09:43:13,776|opType: publish | rt: 5ms | status: success | requestIp: null | dataId: resource_tool-analysis_tool-analysis__json.json | group: agentspec__enc.6d61726b6574696e672d61692d6369746174696f6e2d73747261746567697374__enc.302e302e31 | tenant: public | md5: 119b9ce080656cae9fa25c4f4438c3df
2026-09-29 09:43:13,825|opType: publish | rt: 6ms | status: success | requestIp: null | dataId: resource_config_AGENTS__md.json | group: agentspec__enc.6d61726b6574696e672d61692d6369746174696f6e2d73747261746567697374__enc.302e302e31 | tenant: public | md5: 8cbcfd335d64921e851489f15b8bf70f
2026-09-29 09:43:13,840|opType: publish | rt: 5ms | status: success | requestIp: null | dataId: resource_config_SOUL__md.json | group: agentspec__enc.6d61726b6574696e672d61692d6369746174696f6e2d73747261746567697374__enc.302e302e31 | tenant: public | md5: a2b305566e1da8a5ef9600e9ab3b7340
2026-09-29 09:43:13,867|opType: publish | rt: 4ms | status: success | requestIp: null | dataId: skill_index.json | group: skill_ad-creative | tenant: public | md5: da8c2d5fd7bb1c4fa2b78ca629b1f28f
2026-09-29 09:43:13,881|opType: publish | rt: 5ms | status: success | requestIp: null | dataId: resource_config_MEMORY__md.json | group: agentspec__enc.6d61726b6574696e672d61692d6369746174696f6e2d73747261746567697374__enc.302e302e31 | tenant: public | md5: 1e77a8f5c16add065ac45945667d9fa9
2026-09-29 09:43:13,887|opType: publish | rt: 5ms | status: success | requestIp: null | dataId: manifest.json | group: agentspec__enc.6d61726b6574696e672d6170702d73746f72652d6f7074696d697a6572__enc.302e302e31 | tenant: public | md5: 6d41ba2030a1ac28e7523610e3d359eb
2026-09-29 09:43:13,893|opType: publish | rt: 5ms | status: success | requestIp: null | dataId: resource_crons_jobs__json.json | group: agentspec__enc.6d61726b6574696e672d6170702d73746f72652d6f7074696d697a6572__enc.302e302e31 | tenant: public | md5: c9997518e052d33b660296f88e458eda
2026-09-29 09:43:13,894|opType: publish | rt: 5ms | status: success | requestIp: null | dataId: resource_config_IDENTITY__md.json | group: agentspec__enc.6d61726b6574696e672d6170702d73746f72652d6f7074696d697a6572__enc.302e302e31 | tenant: public | md5: 7503a371696bb18602b4982ca05cb542
2026-09-29 09:43:13,900|opType: publish | rt: 6ms | status: success | requestIp: null | dataId: resource_tool-analysis_tool-analysis__json.json | group: agentspec__enc.6d61726b6574696e672d6170702d73746f72652d6f7074696d697a6572__enc.302e302e31 | tenant: public | md5: 122fb2b15605957e2aedafa55f0b5f10
2026-09-29 09:43:13,901|opType: publish | rt: 5ms | status: success | requestIp: null | dataId: resource_config_AGENTS__md.json | group: agentspec__enc.6d61726b6574696e672d6170702d73746f72652d6f7074696d697a6572__enc.302e302e31 | tenant: public | md5: 74358c6e691dec07da9670df109446bb
2026-09-29 09:43:13,906|opType: publish | rt: 5ms | status: success | requestIp: null | dataId: resource_config_SOUL__md.json | group: agentspec__enc.6d61726b6574696e672d6170702d73746f72652d6f7074696d697a6572__enc.302e302e31 | tenant: public | md5: 3d4329a1cb782e45dd2f4a77c7568e3b
2026-09-29 09:43:13,907|opType: publish | rt: 5ms | status: success | requestIp: null | dataId: resource_config_MEMORY__md.json | group: agentspec__enc.6d61726b6574696e672d6170702d73746f72652d6f7074696d697a6572__enc.302e302e31 | tenant: public | md5: fb90e3b94ecae3671f390625a90eba88
2026-09-29 09:43:13,913|opType: publish | rt: 5ms | status: success | requestIp: null | dataId: manifest.json | group: agentspec__enc.6d61726b6574696e672d62616964752d73656f2d7370656369616c697374__enc.302e302e31 | tenant: public | md5: 04e6dd4017a3d0b264834c7d9e32fc38
2026-09-29 09:43:13,914|opType: publish | rt: 5ms | status: success | requestIp: null | dataId: resource_crons_jobs__json.json | group: agentspec__enc.6d61726b6574696e672d62616964752d73656f2d7370656369616c697374__enc.302e302e31 | tenant: public | md5: 568edaf847f9a065759e7d39b955dda0
2026-09-29 09:43:13,920|opType: publish | rt: 6ms | status: success | requestIp: null | dataId: resource_config_IDENTITY__md.json | group: agentspec__enc.6d61726b6574696e672d62616964752d73656f2d7370656369616c697374__enc.302e302e31 | tenant: public | md5: f517bcf6e7f98cab6916b8a37865ef8f
2026-09-29 09:43:13,920|opType: publish | rt: 5ms | status: success | requestIp: null | dataId: resource_tool-analysis_tool-analysis__json.json | group: agentspec__enc.6d61726b6574696e672d62616964752d73656f2d7370656369616c697374__enc.302e302e31 | tenant: public | md5: 32c9cc53aeb0f2010f7c878bbb0f0580
2026-09-29 09:43:13,924|opType: publish | rt: 5ms | status: success | requestIp: null | dataId: resource_config_AGENTS__md.json | group: agentspec__enc.6d61726b6574696e672d62616964752d73656f2d7370656369616c697374__enc.302e302e31 | tenant: public | md5: 9f75e149b541509c02dc5c0501a29569
2026-09-29 09:43:13,927|opType: publish | rt: 6ms | status: success | requestIp: null | dataId: resource_config_SOUL__md.json | group: agentspec__enc.6d61726b6574696e672d62616964752d73656f2d7370656369616c697374__enc.302e302e31 | tenant: public | md5: eb5781227d8f4c7e4c6706165f33dd53
2026-09-29 09:43:13,929|opType: publish | rt: 4ms | status: success | requestIp: null | dataId: resource_config_MEMORY__md.json | group: agentspec__enc.6d61726b6574696e672d62616964752d73656f2d7370656369616c697374__enc.302e302e31 | tenant: public | md5: aeb6436aca23337ebf5bfa14e2474666
2026-09-29 09:43:13,951|opType: publish | rt: 5ms | status: success | requestIp: null | dataId: SKILL.md | group: skill_enc.616e616c79746963732d747261636b696e67__enc.312e312e30 | tenant: public | md5: a6b01ae7e65d851d0a48f010c502b1ba
2026-09-29 09:43:13,954|opType: publish | rt: 5ms | status: success | requestIp: null | dataId: enc.7265666572656e6365732f67746d2d696d706c656d656e746174696f6e2e6d64 | group: skill_enc.616e616c79746963732d747261636b696e67__enc.312e312e30 | tenant: public | md5: 767c55e30af16d5322aba15e740ca8ad
2026-09-29 09:43:13,957|opType: publish | rt: 5ms | status: success | requestIp: null | dataId: enc.7265666572656e6365732f6761342d696d706c656d656e746174696f6e2e6d64 | group: skill_enc.616e616c79746963732d747261636b696e67__enc.312e312e30 | tenant: public | md5: 25a51ecf8e085e8d26fc48c854b3f0b9
2026-09-29 09:43:13,959|opType: publish | rt: 5ms | status: success | requestIp: null | dataId: enc.6576616c732f6576616c732e6a736f6e | group: skill_enc.616e616c79746963732d747261636b696e67__enc.312e312e30 | tenant: public | md5: 9345aeced114a8a04ffc2bd3960850c1
2026-09-29 09:43:13,961|opType: publish | rt: 6ms | status: success | requestIp: null | dataId: enc.7265666572656e6365732f6576656e742d6c6962726172792e6d64 | group: skill_enc.616e616c79746963732d747261636b696e67__enc.312e312e30 | tenant: public | md5: fb9879a7e98e929f3139a0a6e9c27f57
2026-09-29 09:43:13,976|opType: publish | rt: 6ms | status: success | requestIp: null | dataId: manifest.json | group: agentspec__enc.6d61726b6574696e672d62696c6962696c692d636f6e74656e742d73747261746567697374__enc.302e302e31 | tenant: public | md5: dad101c1d4cfc48fe9bb4e5986cc8538
2026-09-29 09:43:13,978|opType: publish | rt: 5ms | status: success | requestIp: null | dataId: resource_crons_jobs__json.json | group: agentspec__enc.6d61726b6574696e672d62696c6962696c692d636f6e74656e742d73747261746567697374__enc.302e302e31 | tenant: public | md5: d384e9201172ec4aa206f5bb0d0fa246
2026-09-29 09:43:13,982|opType: publish | rt: 6ms | status: success | requestIp: null | dataId: SKILL.md | group: skill_enc.636875726e2d70726576656e74696f6e__enc.312e312e30 | tenant: public | md5: e6996b919f30e33c3798b52dc69e53a4
2026-09-29 09:43:13,983|opType: publish | rt: 5ms | status: success | requestIp: null | dataId: enc.6576616c732f6576616c732e6a736f6e | group: skill_enc.636875726e2d70726576656e74696f6e__enc.312e312e30 | tenant: public | md5: b24421a6fca782816447eb0f5f72d5df
2026-09-29 09:43:13,987|opType: publish | rt: 7ms | status: success | requestIp: null | dataId: enc.7265666572656e6365732f64756e6e696e672d706c6179626f6f6b2e6d64 | group: skill_enc.636875726e2d70726576656e74696f6e__enc.312e312e30 | tenant: public | md5: 559099a3c3d6d3221d8b6559d0f7e5b5
2026-09-29 09:43:13,990|opType: publish | rt: 7ms | status: success | requestIp: null | dataId: enc.7265666572656e6365732f63616e63656c2d666c6f772d7061747465726e732e6d64 | group: skill_enc.636875726e2d70726576656e74696f6e__enc.312e312e30 | tenant: public | md5: ceeae524c5d1161243695b1086d64875
2026-09-29 09:43:13,993|opType: publish | rt: 8ms | status: success | requestIp: null | dataId: resource_config_IDENTITY__md.json | group: agentspec__enc.6d61726b6574696e672d62696c6962696c692d636f6e74656e742d73747261746567697374__enc.302e302e31 | tenant: public | md5: 9fad56bac714545454f649fa610a43a4
2026-09-29 09:43:13,996|opType: publish | rt: 7ms | status: success | requestIp: null | dataId: skill_index.json | group: skill_ai-seo | tenant: public | md5: 068e8188061729a90a81774a9c07d369
2026-09-29 09:43:14,032|opType: publish | rt: 3ms | status: success | requestIp: null | dataId: resource_tool-analysis_tool-analysis__json.json | group: agentspec__enc.6d61726b6574696e672d62696c6962696c692d636f6e74656e742d73747261746567697374__enc.302e302e31 | tenant: public | md5: b33c6a6985337bdcb46c9bcb6f4560ab
2026-09-29 09:43:14,048|opType: publish | rt: 3ms | status: success | requestIp: null | dataId: resource_config_AGENTS__md.json | group: agentspec__enc.6d61726b6574696e672d62696c6962696c692d636f6e74656e742d73747261746567697374__enc.302e302e31 | tenant: public | md5: c435b6f9677b64bbdc41edc21e59d6df
2026-09-29 09:43:14,082|opType: publish | rt: 5ms | status: success | requestIp: null | dataId: SKILL.md | group: skill_enc.636f6c642d656d61696c__enc.312e312e30 | tenant: public | md5: c00f6fdb9fa8c925d263b1b9e53f014f
2026-09-29 09:43:14,083|opType: publish | rt: 6ms | status: success | requestIp: null | dataId: enc.7265666572656e6365732f706572736f6e616c697a6174696f6e2e6d64 | group: skill_enc.636f6c642d656d61696c__enc.312e312e30 | tenant: public | md5: cc061d98e50cfcc6d41e016f110c71fa
2026-09-29 09:43:14,086|opType: publish | rt: 5ms | status: success | requestIp: null | dataId: enc.7265666572656e6365732f6672616d65776f726b732e6d64 | group: skill_enc.636f6c642d656d61696c__enc.312e312e30 | tenant: public | md5: 8a23ca021858a687d75d7fe0c399f3dd
2026-09-29 09:43:14,090|opType: publish | rt: 6ms | status: success | requestIp: null | dataId: enc.7265666572656e6365732f7375626a6563742d6c696e65732e6d64 | group: skill_enc.636f6c642d656d61696c__enc.312e312e30 | tenant: public | md5: 1b1ac097e89041bf61982edc2ebaeb83
2026-09-29 09:43:14,091|opType: publish | rt: 5ms | status: success | requestIp: null | dataId: enc.6576616c732f6576616c732e6a736f6e | group: skill_enc.636f6c642d656d61696c__enc.312e312e30 | tenant: public | md5: de617a089bca108a7ac59fcf7c94e6c9
2026-09-29 09:43:14,094|opType: publish | rt: 6ms | status: success | requestIp: null | dataId: enc.7265666572656e6365732f62656e63686d61726b732e6d64 | group: skill_enc.636f6c642d656d61696c__enc.312e312e30 | tenant: public | md5: d29eb7d2b9f1617c530c9d5337fa564e
2026-09-29 09:43:14,096|opType: publish | rt: 5ms | status: success | requestIp: null | dataId: enc.7265666572656e6365732f666f6c6c6f772d75702d73657175656e6365732e6d64 | group: skill_enc.636f6c642d656d61696c__enc.312e312e30 | tenant: public | md5: 094a123fed30df546abc3a80363945b6
2026-09-29 09:43:14,097|opType: publish | rt: 5ms | status: success | requestIp: null | dataId: resource_config_SOUL__md.json | group: agentspec__enc.6d61726b6574696e672d62696c6962696c692d636f6e74656e742d73747261746567697374__enc.302e302e31 | tenant: public | md5: 5355a78c5b9f183d72329bf7ff31d29d
2026-09-29 09:43:14,102|opType: publish | rt: 6ms | status: success | requestIp: null | dataId: resource_config_MEMORY__md.json | group: agentspec__enc.6d61726b6574696e672d62696c6962696c692d636f6e74656e742d73747261746567697374__enc.302e302e31 | tenant: public | md5: 265f84e2f8ecf1b70c2f1531512d85c9
2026-09-29 09:43:14,103|opType: publish | rt: 5ms | status: success | requestIp: null | dataId: manifest.json | group: agentspec__enc.6d61726b6574696e672d62696c6962696c692d73747261746567697374__enc.302e302e31 | tenant: public | md5: b959caa06851327c4d2668ab31a0dfb0
2026-09-29 09:43:14,108|opType: publish | rt: 5ms | status: success | requestIp: null | dataId: resource_crons_jobs__json.json | group: agentspec__enc.6d61726b6574696e672d62696c6962696c692d73747261746567697374__enc.302e302e31 | tenant: public | md5: ee11c83c40fd405327c5148ca0303650
2026-09-29 09:43:14,109|opType: publish | rt: 5ms | status: success | requestIp: null | dataId: resource_config_IDENTITY__md.json | group: agentspec__enc.6d61726b6574696e672d62696c6962696c692d73747261746567697374__enc.302e302e31 | tenant: public | md5: a2f628265ba02b917f89b7aa8c970eb0
2026-09-29 09:43:14,113|opType: publish | rt: 5ms | status: success | requestIp: null | dataId: resource_tool-analysis_tool-analysis__json.json | group: agentspec__enc.6d61726b6574696e672d62696c6962696c692d73747261746567697374__enc.302e302e31 | tenant: public | md5: 36b7cdc9b4f2682f4f6e14f60b079abf
2026-09-29 09:43:14,116|opType: publish | rt: 4ms | status: success | requestIp: null | dataId: resource_config_AGENTS__md.json | group: agentspec__enc.6d61726b6574696e672d62696c6962696c692d73747261746567697374__enc.302e302e31 | tenant: public | md5: 9ab794d9534a18f07402704f03243c47
2026-09-29 09:43:14,120|opType: publish | rt: 6ms | status: success | requestIp: null | dataId: resource_config_SOUL__md.json | group: agentspec__enc.6d61726b6574696e672d62696c6962696c692d73747261746567697374__enc.302e302e31 | tenant: public | md5: 2cd16338fe6446ecfa2500c519609003
2026-09-29 09:43:14,124|opType: publish | rt: 5ms | status: success | requestIp: null | dataId: resource_config_MEMORY__md.json | group: agentspec__enc.6d61726b6574696e672d62696c6962696c692d73747261746567697374__enc.302e302e31 | tenant: public | md5: 1d39e19cbc93456ae4d0b17731f961de
2026-09-29 09:43:14,129|opType: publish | rt: 6ms | status: success | requestIp: null | dataId: manifest.json | group: agentspec__enc.6d61726b6574696e672d626f6f6b2d636f2d617574686f72__enc.302e302e31 | tenant: public | md5: 8363afcdaf45d75ba0e20540859374dd
2026-09-29 09:43:14,132|opType: publish | rt: 5ms | status: success | requestIp: null | dataId: resource_crons_jobs__json.json | group: agentspec__enc.6d61726b6574696e672d626f6f6b2d636f2d617574686f72__enc.302e302e31 | tenant: public | md5: 1fbadf13cc158322da6112bc0dbbc9f5
2026-09-29 09:43:14,135|opType: publish | rt: 5ms | status: success | requestIp: null | dataId: resource_config_IDENTITY__md.json | group: agentspec__enc.6d61726b6574696e672d626f6f6b2d636f2d617574686f72__enc.302e302e31 | tenant: public | md5: ee5990b4a54ff48ea3bf5e8d992423bb
2026-09-29 09:43:14,138|opType: publish | rt: 6ms | status: success | requestIp: null | dataId: resource_tool-analysis_tool-analysis__json.json | group: agentspec__enc.6d61726b6574696e672d626f6f6b2d636f2d617574686f72__enc.302e302e31 | tenant: public | md5: cf62aebba0d249a0ad5b2cf864a4f2a0
2026-09-29 09:43:14,141|opType: publish | rt: 6ms | status: success | requestIp: null | dataId: resource_config_AGENTS__md.json | group: agentspec__enc.6d61726b6574696e672d626f6f6b2d636f2d617574686f72__enc.302e302e31 | tenant: public | md5: 5aa883ae3dd2f4425deb80c0e7bab526
2026-09-29 09:43:14,142|opType: publish | rt: 6ms | status: success | requestIp: null | dataId: resource_config_SOUL__md.json | group: agentspec__enc.6d61726b6574696e672d626f6f6b2d636f2d617574686f72__enc.302e302e31 | tenant: public | md5: f9da49e060821c615d4b0f0f26ba3b05
2026-09-29 09:43:14,174|opType: publish | rt: 4ms | status: success | requestIp: null | dataId: skill_index.json | group: skill_analytics-tracking | tenant: public | md5: 9f9c11a6db95f6860d0ec975935f89fd
2026-09-29 09:43:14,186|opType: publish | rt: 5ms | status: success | requestIp: null | dataId: resource_config_MEMORY__md.json | group: agentspec__enc.6d61726b6574696e672d626f6f6b2d636f2d617574686f72__enc.302e302e31 | tenant: public | md5: 686130d49f7e42f67ed853cb994d7f27
2026-09-29 09:43:14,188|opType: publish | rt: 4ms | status: success | requestIp: null | dataId: manifest.json | group: agentspec__enc.6d61726b6574696e672d6361726f7573656c2d67726f7774682d656e67696e65__enc.302e302e31 | tenant: public | md5: 18b27d43b7e0eadae94b411a36d0b416
2026-09-29 09:43:14,204|opType: publish | rt: 5ms | status: success | requestIp: null | dataId: resource_crons_jobs__json.json | group: agentspec__enc.6d61726b6574696e672d6361726f7573656c2d67726f7774682d656e67696e65__enc.302e302e31 | tenant: public | md5: b19d89c1efc48f3dd1ae331baae1619e
2026-09-29 09:43:14,220|opType: publish | rt: 15ms | status: success | requestIp: null | dataId: skill_index.json | group: skill_churn-prevention | tenant: public | md5: ea69ca52cb5ca147d856d2d7011f047e
2026-09-29 09:43:14,223|opType: publish | rt: 17ms | status: success | requestIp: null | dataId: SKILL.md | group: skill_enc.636f6d70657469746f722d616c7465726e617469766573__enc.312e312e30 | tenant: public | md5: e60aa59f635a20de94f8ddca37339160
2026-09-29 09:43:14,226|opType: publish | rt: 5ms | status: success | requestIp: null | dataId: enc.6576616c732f6576616c732e6a736f6e | group: skill_enc.636f6d70657469746f722d616c7465726e617469766573__enc.312e312e30 | tenant: public | md5: cab9765a09b5a84cd2527a34a0adc209
2026-09-29 09:43:14,228|opType: publish | rt: 5ms | status: success | requestIp: null | dataId: enc.7265666572656e6365732f636f6e74656e742d6172636869746563747572652e6d64 | group: skill_enc.636f6d70657469746f722d616c7465726e617469766573__enc.312e312e30 | tenant: public | md5: 7e539e355764aac4b369992c9d9de3d7
2026-09-29 09:43:14,229|opType: publish | rt: 5ms | status: success | requestIp: null | dataId: enc.7265666572656e6365732f74656d706c617465732e6d64 | group: skill_enc.636f6d70657469746f722d616c7465726e617469766573__enc.312e312e30 | tenant: public | md5: f92fc8e87781b22fcd7d47bc7a2343d9
2026-09-29 09:43:14,243|opType: publish | rt: 4ms | status: success | requestIp: null | dataId: resource_config_IDENTITY__md.json | group: agentspec__enc.6d61726b6574696e672d6361726f7573656c2d67726f7774682d656e67696e65__enc.302e302e31 | tenant: public | md5: d3e0483ceee06e3b7827e30a7ad2125d
2026-09-29 09:43:14,258|opType: publish | rt: 4ms | status: success | requestIp: null | dataId: resource_tool-analysis_tool-analysis__json.json | group: agentspec__enc.6d61726b6574696e672d6361726f7573656c2d67726f7774682d656e67696e65__enc.302e302e31 | tenant: public | md5: 39cfd3761b7ba1bcb927567d1e054fb0
2026-09-29 09:43:14,312|opType: publish | rt: 6ms | status: success | requestIp: null | dataId: resource_config_AGENTS__md.json | group: agentspec__enc.6d61726b6574696e672d6361726f7573656c2d67726f7774682d656e67696e65__enc.302e302e31 | tenant: public | md5: 1b61c52aeedfa043144b8b55e80c880c
2026-09-29 09:43:14,314|opType: publish | rt: 5ms | status: success | requestIp: null | dataId: resource_config_SOUL__md.json | group: agentspec__enc.6d61726b6574696e672d6361726f7573656c2d67726f7774682d656e67696e65__enc.302e302e31 | tenant: public | md5: 553c50c09f2317bc945d0de421d14365
2026-09-29 09:43:14,318|opType: publish | rt: 5ms | status: success | requestIp: null | dataId: resource_config_MEMORY__md.json | group: agentspec__enc.6d61726b6574696e672d6361726f7573656c2d67726f7774682d656e67696e65__enc.302e302e31 | tenant: public | md5: 97ac9df5c0a32d00938348082ee43a75
2026-09-29 09:43:14,319|opType: publish | rt: 6ms | status: success | requestIp: null | dataId: skill_index.json | group: skill_cold-email | tenant: public | md5: d79674e56cc0c4c24ff2c990fdca9fe0
2026-09-29 09:43:14,322|opType: publish | rt: 6ms | status: success | requestIp: null | dataId: manifest.json | group: agentspec__enc.6d61726b6574696e672d6368696e612d65636f6d6d657263652d6f70657261746f72__enc.302e302e31 | tenant: public | md5: 57e210da72c08b14c6f1884c2d98d5a9
2026-09-29 09:43:14,325|opType: publish | rt: 6ms | status: success | requestIp: null | dataId: resource_crons_jobs__json.json | group: agentspec__enc.6d61726b6574696e672d6368696e612d65636f6d6d657263652d6f70657261746f72__enc.302e302e31 | tenant: public | md5: 6f507f562dae5df7afd50480308ec5cc
2026-09-29 09:43:14,326|opType: publish | rt: 6ms | status: success | requestIp: null | dataId: resource_config_IDENTITY__md.json | group: agentspec__enc.6d61726b6574696e672d6368696e612d65636f6d6d657263652d6f70657261746f72__enc.302e302e31 | tenant: public | md5: 1829aa7b0eda34bb40aed3b69572ba7e
2026-09-29 09:43:14,330|opType: publish | rt: 6ms | status: success | requestIp: null | dataId: resource_tool-analysis_tool-analysis__json.json | group: agentspec__enc.6d61726b6574696e672d6368696e612d65636f6d6d657263652d6f70657261746f72__enc.302e302e31 | tenant: public | md5: 833cb08b1be1c2ae0dbdbbb7c907f13d
2026-09-29 09:43:14,335|opType: publish | rt: 7ms | status: success | requestIp: null | dataId: resource_config_AGENTS__md.json | group: agentspec__enc.6d61726b6574696e672d6368696e612d65636f6d6d657263652d6f70657261746f72__enc.302e302e31 | tenant: public | md5: e345c97a4dcd851265b36d2893283f07
2026-09-29 09:43:14,337|opType: publish | rt: 6ms | status: success | requestIp: null | dataId: resource_config_SOUL__md.json | group: agentspec__enc.6d61726b6574696e672d6368696e612d65636f6d6d657263652d6f70657261746f72__enc.302e302e31 | tenant: public | md5: c8063ebe8f62efaf8ac6e0401dbb555d
2026-09-29 09:43:14,340|opType: publish | rt: 5ms | status: success | requestIp: null | dataId: resource_config_MEMORY__md.json | group: agentspec__enc.6d61726b6574696e672d6368696e612d65636f6d6d657263652d6f70657261746f72__enc.302e302e31 | tenant: public | md5: e03f41dbe8bf53cdcf7349e62779e651
2026-09-29 09:43:14,344|opType: publish | rt: 5ms | status: success | requestIp: null | dataId: manifest.json | group: agentspec__enc.6d61726b6574696e672d636f6e74656e742d63726561746f72__enc.302e302e31 | tenant: public | md5: 8ae31afb94b2d0924c7eded9bef19c5b
2026-09-29 09:43:14,346|opType: publish | rt: 5ms | status: success | requestIp: null | dataId: resource_crons_jobs__json.json | group: agentspec__enc.6d61726b6574696e672d636f6e74656e742d63726561746f72__enc.302e302e31 | tenant: public | md5: 8404574c92b333ddaf5c3dea40e50ba5
2026-09-29 09:43:14,350|opType: publish | rt: 5ms | status: success | requestIp: null | dataId: resource_config_IDENTITY__md.json | group: agentspec__enc.6d61726b6574696e672d636f6e74656e742d63726561746f72__enc.302e302e31 | tenant: public | md5: 98c6a7c20694ed7f2cea9293fcc602f8
2026-09-29 09:43:14,352|opType: publish | rt: 5ms | status: success | requestIp: null | dataId: resource_tool-analysis_tool-analysis__json.json | group: agentspec__enc.6d61726b6574696e672d636f6e74656e742d63726561746f72__enc.302e302e31 | tenant: public | md5: 6f82b24d4277d90e6572ab8bb9b88fa1
2026-09-29 09:43:14,353|opType: publish | rt: 4ms | status: success | requestIp: null | dataId: resource_config_AGENTS__md.json | group: agentspec__enc.6d61726b6574696e672d636f6e74656e742d63726561746f72__enc.302e302e31 | tenant: public | md5: 54a230cb62fc5a2ad1edcaf593f06411
2026-09-29 09:43:14,388|opType: publish | rt: 5ms | status: success | requestIp: null | dataId: enc.7265666572656e6365732f686561646c6573732d636d732e6d64 | group: skill_enc.636f6e74656e742d7374726174656779__enc.312e312e30 | tenant: public | md5: ae9cefeba9aea2c04eeb45a3035d3c20
2026-09-29 09:43:14,394|opType: publish | rt: 7ms | status: success | requestIp: null | dataId: SKILL.md | group: skill_enc.636f6e74656e742d7374726174656779__enc.312e312e30 | tenant: public | md5: 6ddd5c5b834bd6d61f65b0070ab9e818
2026-09-29 09:43:14,397|opType: publish | rt: 7ms | status: success | requestIp: null | dataId: enc.6576616c732f6576616c732e6a736f6e | group: skill_enc.636f6e74656e742d7374726174656779__enc.312e312e30 | tenant: public | md5: 1ed95767a8cbe57dc3f4cd82a6780fa8
2026-09-29 09:43:14,398|opType: publish | rt: 6ms | status: success | requestIp: null | dataId: resource_config_SOUL__md.json | group: agentspec__enc.6d61726b6574696e672d636f6e74656e742d63726561746f72__enc.302e302e31 | tenant: public | md5: 5967007a573137e4b05c863cda9244c8
2026-09-29 09:43:14,400|opType: publish | rt: 4ms | status: success | requestIp: null | dataId: resource_config_MEMORY__md.json | group: agentspec__enc.6d61726b6574696e672d636f6e74656e742d63726561746f72__enc.302e302e31 | tenant: public | md5: f7cecec19194b1b3ea78f4d1c3d1707b
2026-09-29 09:43:14,413|opType: publish | rt: 4ms | status: success | requestIp: null | dataId: manifest.json | group: agentspec__enc.6d61726b6574696e672d63726f73732d626f726465722d65636f6d6d65726365__enc.302e302e31 | tenant: public | md5: ca2d3e557457602d103c4a120ba2d871
2026-09-29 09:43:14,445|opType: publish | rt: 6ms | status: success | requestIp: null | dataId: enc.6576616c732f6576616c732e6a736f6e | group: skill_enc.636f70792d65646974696e67__enc.312e312e30 | tenant: public | md5: 91e2cc0ed46249797640c5fb4054b343
2026-09-29 09:43:14,451|opType: publish | rt: 9ms | status: success | requestIp: null | dataId: enc.7265666572656e6365732f706c61696e2d656e676c6973682d616c7465726e6174697665732e6d64 | group: skill_enc.636f70792d65646974696e67__enc.312e312e30 | tenant: public | md5: 845c585322fdda86640587093bcda4c9
2026-09-29 09:43:14,455|opType: publish | rt: 10ms | status: success | requestIp: null | dataId: SKILL.md | group: skill_enc.636f70792d65646974696e67__enc.312e312e30 | tenant: public | md5: 1377537f70d8e2648879f53df771e41b
2026-09-29 09:43:14,456|opType: publish | rt: 10ms | status: success | requestIp: null | dataId: skill_index.json | group: skill_competitor-alternatives | tenant: public | md5: 502efbb9f88e4081a6fe57183ea5e4e6
2026-09-29 09:43:14,458|opType: publish | rt: 5ms | status: success | requestIp: null | dataId: resource_crons_jobs__json.json | group: agentspec__enc.6d61726b6574696e672d63726f73732d626f726465722d65636f6d6d65726365__enc.302e302e31 | tenant: public | md5: 08d775ec36d5827329e5e7f98f7328f7
2026-09-29 09:43:14,466|opType: publish | rt: 3ms | status: success | requestIp: null | dataId: resource_config_IDENTITY__md.json | group: agentspec__enc.6d61726b6574696e672d63726f73732d626f726465722d65636f6d6d65726365__enc.302e302e31 | tenant: public | md5: 8a00dc8f6d63308555d9cabc56f5a489
2026-09-29 09:43:14,524|opType: publish | rt: 6ms | status: success | requestIp: null | dataId: resource_tool-analysis_tool-analysis__json.json | group: agentspec__enc.6d61726b6574696e672d63726f73732d626f726465722d65636f6d6d65726365__enc.302e302e31 | tenant: public | md5: 35bb79db905ef0c9762d314c3eebc92b
2026-09-29 09:43:14,526|opType: publish | rt: 6ms | status: success | requestIp: null | dataId: resource_config_AGENTS__md.json | group: agentspec__enc.6d61726b6574696e672d63726f73732d626f726465722d65636f6d6d65726365__enc.302e302e31 | tenant: public | md5: dbfa29519563b477cabe89ccdff1e729
2026-09-29 09:43:14,532|opType: publish | rt: 5ms | status: success | requestIp: null | dataId: resource_config_SOUL__md.json | group: agentspec__enc.6d61726b6574696e672d63726f73732d626f726465722d65636f6d6d65726365__enc.302e302e31 | tenant: public | md5: 080b34446e119fcffe4a3dc5a83a074c
2026-09-29 09:43:14,536|opType: publish | rt: 6ms | status: success | requestIp: null | dataId: SKILL.md | group: skill_enc.636f707977726974696e67__enc.312e312e30 | tenant: public | md5: a254724ae613c2e5bf4043f08af682c4
2026-09-29 09:43:14,537|opType: publish | rt: 5ms | status: success | requestIp: null | dataId: enc.6576616c732f6576616c732e6a736f6e | group: skill_enc.636f707977726974696e67__enc.312e312e30 | tenant: public | md5: bec6a520fbe919cedb8236b49ea253c5
2026-09-29 09:43:14,539|opType: publish | rt: 5ms | status: success | requestIp: null | dataId: enc.7265666572656e6365732f636f70792d6672616d65776f726b732e6d64 | group: skill_enc.636f707977726974696e67__enc.312e312e30 | tenant: public | md5: 7cc33f1a99ff1e2ded86ca33af3fbcfd
2026-09-29 09:43:14,543|opType: publish | rt: 5ms | status: success | requestIp: null | dataId: enc.7265666572656e6365732f6e61747572616c2d7472616e736974696f6e732e6d64 | group: skill_enc.636f707977726974696e67__enc.312e312e30 | tenant: public | md5: ff3c24b5ccb823e586199e3e8fb4a782
2026-09-29 09:43:14,545|opType: publish | rt: 6ms | status: success | requestIp: null | dataId: manifest.json | group: agentspec__enc.6d61726b6574696e672d646f7579696e2d73747261746567697374__enc.302e302e31 | tenant: public | md5: fc32d377811e129e4f901b5d9109fd02
2026-09-29 09:43:14,547|opType: publish | rt: 5ms | status: success | requestIp: null | dataId: resource_config_MEMORY__md.json | group: agentspec__enc.6d61726b6574696e672d63726f73732d626f726465722d65636f6d6d65726365__enc.302e302e31 | tenant: public | md5: 4a456bed28944e94a2eba958c12f5261
2026-09-29 09:43:14,549|opType: publish | rt: 4ms | status: success | requestIp: null | dataId: resource_crons_jobs__json.json | group: agentspec__enc.6d61726b6574696e672d646f7579696e2d73747261746567697374__enc.302e302e31 | tenant: public | md5: 3684a01267ffa9e0c22337ea01e492a4
2026-09-29 09:43:14,553|opType: publish | rt: 6ms | status: success | requestIp: null | dataId: resource_config_IDENTITY__md.json | group: agentspec__enc.6d61726b6574696e672d646f7579696e2d73747261746567697374__enc.302e302e31 | tenant: public | md5: d95bb9db9962d77c206c2ab01dd27752
2026-09-29 09:43:14,554|opType: publish | rt: 5ms | status: success | requestIp: null | dataId: resource_tool-analysis_tool-analysis__json.json | group: agentspec__enc.6d61726b6574696e672d646f7579696e2d73747261746567697374__enc.302e302e31 | tenant: public | md5: 8ad6cfe9b479591dedfc3ea8f5ec22ef
2026-09-29 09:43:14,557|opType: publish | rt: 5ms | status: success | requestIp: null | dataId: resource_config_SOUL__md.json | group: agentspec__enc.6d61726b6574696e672d646f7579696e2d73747261746567697374__enc.302e302e31 | tenant: public | md5: 1a78dea258262afb82464f9ba5f4806f
2026-09-29 09:43:14,560|opType: publish | rt: 6ms | status: success | requestIp: null | dataId: resource_config_AGENTS__md.json | group: agentspec__enc.6d61726b6574696e672d646f7579696e2d73747261746567697374__enc.302e302e31 | tenant: public | md5: 697c4c363c8784037c01a5ef75605523
2026-09-29 09:43:14,562|opType: publish | rt: 5ms | status: success | requestIp: null | dataId: manifest.json | group: agentspec__enc.6d61726b6574696e672d65636f6d6d657263652d6f70657261746f72__enc.302e302e31 | tenant: public | md5: 43a1210e3330721b9180420779aa042e
2026-09-29 09:43:14,565|opType: publish | rt: 6ms | status: success | requestIp: null | dataId: resource_config_MEMORY__md.json | group: agentspec__enc.6d61726b6574696e672d646f7579696e2d73747261746567697374__enc.302e302e31 | tenant: public | md5: e23015aaa9ca861e7c3f2237faf332bc
2026-09-29 09:43:14,567|opType: publish | rt: 5ms | status: success | requestIp: null | dataId: resource_crons_jobs__json.json | group: agentspec__enc.6d61726b6574696e672d65636f6d6d657263652d6f70657261746f72__enc.302e302e31 | tenant: public | md5: 534e21d1e335985f6efed5fd9e01eabe
2026-09-29 09:43:14,569|opType: publish | rt: 3ms | status: success | requestIp: null | dataId: resource_tool-analysis_tool-analysis__json.json | group: agentspec__enc.6d61726b6574696e672d65636f6d6d657263652d6f70657261746f72__enc.302e302e31 | tenant: public | md5: 65d6c484a8ec3257f873f650f2bd7446
2026-09-29 09:43:14,571|opType: publish | rt: 6ms | status: success | requestIp: null | dataId: resource_config_IDENTITY__md.json | group: agentspec__enc.6d61726b6574696e672d65636f6d6d657263652d6f70657261746f72__enc.302e302e31 | tenant: public | md5: 725e328d3f131c9c9ab7f0db4f19bf82
2026-09-29 09:43:14,611|opType: publish | rt: 6ms | status: success | requestIp: null | dataId: resource_config_AGENTS__md.json | group: agentspec__enc.6d61726b6574696e672d65636f6d6d657263652d6f70657261746f72__enc.302e302e31 | tenant: public | md5: 91cc2cc0dd7ea4373d9858ccda046112
2026-09-29 09:43:14,614|opType: publish | rt: 5ms | status: success | requestIp: null | dataId: resource_config_SOUL__md.json | group: agentspec__enc.6d61726b6574696e672d65636f6d6d657263652d6f70657261746f72__enc.302e302e31 | tenant: public | md5: 0cd69bbc71b10dfb77167da46788ebac
2026-09-29 09:43:14,618|opType: publish | rt: 5ms | status: success | requestIp: null | dataId: skill_index.json | group: skill_content-strategy | tenant: public | md5: 0faeebbd29f3b2d16e9833a0f8025146
2026-09-29 09:43:14,622|opType: publish | rt: 3ms | status: success | requestIp: null | dataId: resource_config_MEMORY__md.json | group: agentspec__enc.6d61726b6574696e672d65636f6d6d657263652d6f70657261746f72__enc.302e302e31 | tenant: public | md5: a9234f6a51f4194add37f004c69109af
2026-09-29 09:43:14,669|opType: publish | rt: 5ms | status: success | requestIp: null | dataId: SKILL.md | group: skill_enc.656d61696c2d73657175656e6365__enc.312e312e30 | tenant: public | md5: 148ec1da7be8cbd00336f7a3ff0c7d33
2026-09-29 09:43:14,673|opType: publish | rt: 5ms | status: success | requestIp: null | dataId: enc.7265666572656e6365732f636f70792d67756964656c696e65732e6d64 | group: skill_enc.656d61696c2d73657175656e6365__enc.312e312e30 | tenant: public | md5: b31ebd236f4088d889454c00d9b1946a
2026-09-29 09:43:14,676|opType: publish | rt: 6ms | status: success | requestIp: null | dataId: enc.6576616c732f6576616c732e6a736f6e | group: skill_enc.656d61696c2d73657175656e6365__enc.312e312e30 | tenant: public | md5: b28da9568ba94e7df312b029b75e229f
2026-09-29 09:43:14,678|opType: publish | rt: 5ms | status: success | requestIp: null | dataId: enc.7265666572656e6365732f73657175656e63652d74656d706c617465732e6d64 | group: skill_enc.656d61696c2d73657175656e6365__enc.312e312e30 | tenant: public | md5: c2649d989c2b155c411cb8c299091fc8
2026-09-29 09:43:14,681|opType: publish | rt: 5ms | status: success | requestIp: null | dataId: enc.7265666572656e6365732f656d61696c2d74797065732e6d64 | group: skill_enc.656d61696c2d73657175656e6365__enc.312e312e30 | tenant: public | md5: 655c04c8ae585527cff13b728e25005a
2026-09-29 09:43:14,684|opType: publish | rt: 6ms | status: success | requestIp: null | dataId: manifest.json | group: agentspec__enc.6d61726b6574696e672d67726f7774682d6861636b6572__enc.302e302e31 | tenant: public | md5: 5115c126096fb8571c502e0fa07a40de
2026-09-29 09:43:14,686|opType: publish | rt: 5ms | status: success | requestIp: null | dataId: skill_index.json | group: skill_copy-editing | tenant: public | md5: 28e7a3baadcb61b35ba27dd5e8491320
2026-09-29 09:43:14,687|opType: publish | rt: 5ms | status: success | requestIp: null | dataId: resource_crons_jobs__json.json | group: agentspec__enc.6d61726b6574696e672d67726f7774682d6861636b6572__enc.302e302e31 | tenant: public | md5: 23747af07af7cc0bf1398ba9e5fd8d06
2026-09-29 09:43:14,736|opType: publish | rt: 6ms | status: success | requestIp: null | dataId: resource_config_IDENTITY__md.json | group: agentspec__enc.6d61726b6574696e672d67726f7774682d6861636b6572__enc.302e302e31 | tenant: public | md5: 85986a0952bcc9458384a4c3a290db0f
2026-09-29 09:43:14,740|opType: publish | rt: 6ms | status: success | requestIp: null | dataId: resource_tool-analysis_tool-analysis__json.json | group: agentspec__enc.6d61726b6574696e672d67726f7774682d6861636b6572__enc.302e302e31 | tenant: public | md5: fd8133073078f306cf7ddd5283cc2add
2026-09-29 09:43:14,742|opType: publish | rt: 4ms | status: success | requestIp: null | dataId: resource_config_AGENTS__md.json | group: agentspec__enc.6d61726b6574696e672d67726f7774682d6861636b6572__enc.302e302e31 | tenant: public | md5: a507ba29a9c97e8d0e6ffe90c426f32f
2026-09-29 09:43:14,757|opType: publish | rt: 6ms | status: success | requestIp: null | dataId: resource_config_SOUL__md.json | group: agentspec__enc.6d61726b6574696e672d67726f7774682d6861636b6572__enc.302e302e31 | tenant: public | md5: aa45b177ebfd20edd4c9f3ecd79c3c09
2026-09-29 09:43:14,759|opType: publish | rt: 5ms | status: success | requestIp: null | dataId: skill_index.json | group: skill_copywriting | tenant: public | md5: 9d3cb3fd169466ae5b71a968e19166de
2026-09-29 09:43:14,761|opType: publish | rt: 6ms | status: success | requestIp: null | dataId: resource_config_MEMORY__md.json | group: agentspec__enc.6d61726b6574696e672d67726f7774682d6861636b6572__enc.302e302e31 | tenant: public | md5: c06d7b0ae3d99e0b81427871bb91e330
2026-09-29 09:43:14,766|opType: publish | rt: 7ms | status: success | requestIp: null | dataId: manifest.json | group: agentspec__enc.6d61726b6574696e672d696e7374616772616d2d63757261746f72__enc.302e302e31 | tenant: public | md5: 9ad6bb23548ef3b467ece72c29df5854
2026-09-29 09:43:14,768|opType: publish | rt: 6ms | status: success | requestIp: null | dataId: resource_config_IDENTITY__md.json | group: agentspec__enc.6d61726b6574696e672d696e7374616772616d2d63757261746f72__enc.302e302e31 | tenant: public | md5: 5025fd4c94a1fe8166ec31c331946faf
2026-09-29 09:43:14,769|opType: publish | rt: 5ms | status: success | requestIp: null | dataId: resource_crons_jobs__json.json | group: agentspec__enc.6d61726b6574696e672d696e7374616772616d2d63757261746f72__enc.302e302e31 | tenant: public | md5: 3efc430ca2dae0569e0a6a62cfa89be6
2026-09-29 09:43:14,772|opType: publish | rt: 5ms | status: success | requestIp: null | dataId: resource_tool-analysis_tool-analysis__json.json | group: agentspec__enc.6d61726b6574696e672d696e7374616772616d2d63757261746f72__enc.302e302e31 | tenant: public | md5: 4979806df8d8c8543e3ec1b058cebf48
2026-09-29 09:43:14,774|opType: publish | rt: 5ms | status: success | requestIp: null | dataId: resource_config_AGENTS__md.json | group: agentspec__enc.6d61726b6574696e672d696e7374616772616d2d63757261746f72__enc.302e302e31 | tenant: public | md5: e8ebede14ea0ef221825a36a0f916496
2026-09-29 09:43:14,778|opType: publish | rt: 5ms | status: success | requestIp: null | dataId: resource_config_SOUL__md.json | group: agentspec__enc.6d61726b6574696e672d696e7374616772616d2d63757261746f72__enc.302e302e31 | tenant: public | md5: 0f439445b227ade1bf7ee6ec918ebf2d
2026-09-29 09:43:14,780|opType: publish | rt: 4ms | status: success | requestIp: null | dataId: resource_config_MEMORY__md.json | group: agentspec__enc.6d61726b6574696e672d696e7374616772616d2d63757261746f72__enc.302e302e31 | tenant: public | md5: ace9155db0383b925c6c56e11f05a765
2026-09-29 09:43:14,784|opType: publish | rt: 5ms | status: success | requestIp: null | dataId: manifest.json | group: agentspec__enc.6d61726b6574696e672d6b6e6f776c656467652d636f6d6d657263652d73747261746567697374__enc.302e302e31 | tenant: public | md5: 3b960707c7fff806ace11cfecd32c956
2026-09-29 09:43:14,786|opType: publish | rt: 5ms | status: success | requestIp: null | dataId: resource_crons_jobs__json.json | group: agentspec__enc.6d61726b6574696e672d6b6e6f776c656467652d636f6d6d657263652d73747261746567697374__enc.302e302e31 | tenant: public | md5: 3fbe0f01e617eed2a86639b614e43770
2026-09-29 09:43:14,787|opType: publish | rt: 4ms | status: success | requestIp: null | dataId: resource_config_IDENTITY__md.json | group: agentspec__enc.6d61726b6574696e672d6b6e6f776c656467652d636f6d6d657263652d73747261746567697374__enc.302e302e31 | tenant: public | md5: f2d31880f30d04cd838b57fec7bffba4
2026-09-29 09:43:14,823|opType: publish | rt: 5ms | status: success | requestIp: null | dataId: resource_tool-analysis_tool-analysis__json.json | group: agentspec__enc.6d61726b6574696e672d6b6e6f776c656467652d636f6d6d657263652d73747261746567697374__enc.302e302e31 | tenant: public | md5: e3fa90cef65acb8a5c98933b74daa353
2026-09-29 09:43:14,830|opType: publish | rt: 7ms | status: success | requestIp: null | dataId: resource_config_AGENTS__md.json | group: agentspec__enc.6d61726b6574696e672d6b6e6f776c656467652d636f6d6d657263652d73747261746567697374__enc.302e302e31 | tenant: public | md5: 2a01512624f1b27c9004e394eb6c3c7c
2026-09-29 09:43:14,832|opType: publish | rt: 5ms | status: success | requestIp: null | dataId: enc.6576616c732f6576616c732e6a736f6e | group: skill_enc.666f726d2d63726f__enc.312e312e30 | tenant: public | md5: 606e7655a67196b91d1620181d63302c
2026-09-29 09:43:14,834|opType: publish | rt: 3ms | status: success | requestIp: null | dataId: resource_config_SOUL__md.json | group: agentspec__enc.6d61726b6574696e672d6b6e6f776c656467652d636f6d6d657263652d73747261746567697374__enc.302e302e31 | tenant: public | md5: 91648597f39bda367008cf879e872777
2026-09-29 09:43:14,836|opType: publish | rt: 6ms | status: success | requestIp: null | dataId: SKILL.md | group: skill_enc.666f726d2d63726f__enc.312e312e30 | tenant: public | md5: 1da0615b67ead6275f78de0f14c3fb4a
2026-09-29 09:43:14,897|opType: publish | rt: 6ms | status: success | requestIp: null | dataId: resource_config_MEMORY__md.json | group: agentspec__enc.6d61726b6574696e672d6b6e6f776c656467652d636f6d6d657263652d73747261746567697374__enc.302e302e31 | tenant: public | md5: 5a9f006705d304275b725996415faf11
2026-09-29 09:43:14,898|opType: publish | rt: 6ms | status: success | requestIp: null | dataId: skill_index.json | group: skill_email-sequence | tenant: public | md5: a865b84da49a739059a5e443307e4ad2
2026-09-29 09:43:14,903|opType: publish | rt: 6ms | status: success | requestIp: null | dataId: manifest.json | group: agentspec__enc.6d61726b6574696e672d6b75616973686f752d73747261746567697374__enc.302e302e31 | tenant: public | md5: 9e033bc952b529dd9de3edfb94996da6
2026-09-29 09:43:14,904|opType: publish | rt: 5ms | status: success | requestIp: null | dataId: SKILL.md | group: skill_enc.667265652d746f6f6c2d7374726174656779__enc.312e312e30 | tenant: public | md5: d5f3daa85c3f5d6654aa5a5ec178059e
2026-09-29 09:43:14,906|opType: publish | rt: 4ms | status: success | requestIp: null | dataId: enc.6576616c732f6576616c732e6a736f6e | group: skill_enc.667265652d746f6f6c2d7374726174656779__enc.312e312e30 | tenant: public | md5: 10d7f8ba9b826c2ad050c01906cf6cba
2026-09-29 09:43:14,909|opType: publish | rt: 5ms | status: success | requestIp: null | dataId: enc.7265666572656e6365732f746f6f6c2d74797065732e6d64 | group: skill_enc.667265652d746f6f6c2d7374726174656779__enc.312e312e30 | tenant: public | md5: 39a15c6f5f8a253acd9ee9740aeebf90
2026-09-29 09:43:14,945|opType: publish | rt: 4ms | status: success | requestIp: null | dataId: resource_crons_jobs__json.json | group: agentspec__enc.6d61726b6574696e672d6b75616973686f752d73747261746567697374__enc.302e302e31 | tenant: public | md5: a7dbaea09cc7a4ce6f2aa648faf6e5f8
2026-09-29 09:43:14,951|opType: publish | rt: 5ms | status: success | requestIp: null | dataId: resource_config_IDENTITY__md.json | group: agentspec__enc.6d61726b6574696e672d6b75616973686f752d73747261746567697374__enc.302e302e31 | tenant: public | md5: c28433ee00000f7b769c55e70a570f94
2026-09-29 09:43:14,953|opType: publish | rt: 6ms | status: success | requestIp: null | dataId: resource_tool-analysis_tool-analysis__json.json | group: agentspec__enc.6d61726b6574696e672d6b75616973686f752d73747261746567697374__enc.302e302e31 | tenant: public | md5: 70d0bd9f87facfdc22814ab611ca88f3
2026-09-29 09:43:14,966|opType: publish | rt: 5ms | status: success | requestIp: null | dataId: resource_config_AGENTS__md.json | group: agentspec__enc.6d61726b6574696e672d6b75616973686f752d73747261746567697374__enc.302e302e31 | tenant: public | md5: 332a6158bef7c5e8f52c217e6fd5c047
2026-09-29 09:43:14,973|opType: publish | rt: 5ms | status: success | requestIp: null | dataId: resource_config_SOUL__md.json | group: agentspec__enc.6d61726b6574696e672d6b75616973686f752d73747261746567697374__enc.302e302e31 | tenant: public | md5: 7145e65e79ac5bba20906690f1b1228a
2026-09-29 09:43:14,975|opType: publish | rt: 5ms | status: success | requestIp: null | dataId: enc.6576616c732f6576616c732e6a736f6e | group: skill_enc.6c61756e63682d7374726174656779__enc.312e312e30 | tenant: public | md5: b0544b88d4974e5aeb4bdc9c205639a6
2026-09-29 09:43:14,981|opType: publish | rt: 8ms | status: success | requestIp: null | dataId: SKILL.md | group: skill_enc.6c61756e63682d7374726174656779__enc.312e312e30 | tenant: public | md5: bc273a3c4e58c670a04c304a4667bc06
2026-09-29 09:43:14,982|opType: publish | rt: 7ms | status: success | requestIp: null | dataId: resource_config_MEMORY__md.json | group: agentspec__enc.6d61726b6574696e672d6b75616973686f752d73747261746567697374__enc.302e302e31 | tenant: public | md5: b2d24e3ec840606a0c8b1bb8ae16f1c8
2026-09-29 09:43:14,997|opType: publish | rt: 18ms | status: success | requestIp: null | dataId: manifest.json | group: agentspec__enc.6d61726b6574696e672d6c696e6b6564696e2d636f6e74656e742d63726561746f72__enc.302e302e31 | tenant: public | md5: 46aa1ec0f1edadba7d2e395264d440f0
2026-09-29 09:43:15,000|opType: publish | rt: 18ms | status: success | requestIp: null | dataId: resource_crons_jobs__json.json | group: agentspec__enc.6d61726b6574696e672d6c696e6b6564696e2d636f6e74656e742d63726561746f72__enc.302e302e31 | tenant: public | md5: 48173366569eac0cd42077a38f81c231
2026-09-29 09:43:15,002|opType: publish | rt: 5ms | status: success | requestIp: null | dataId: resource_config_IDENTITY__md.json | group: agentspec__enc.6d61726b6574696e672d6c696e6b6564696e2d636f6e74656e742d63726561746f72__enc.302e302e31 | tenant: public | md5: 020ee341c4005d9a4ac375cb2b21cb7f
2026-09-29 09:43:15,003|opType: publish | rt: 5ms | status: success | requestIp: null | dataId: resource_tool-analysis_tool-analysis__json.json | group: agentspec__enc.6d61726b6574696e672d6c696e6b6564696e2d636f6e74656e742d63726561746f72__enc.302e302e31 | tenant: public | md5: a49d8b234e69a4473284acfd89abe0f4
2026-09-29 09:43:15,006|opType: publish | rt: 5ms | status: success | requestIp: null | dataId: resource_config_AGENTS__md.json | group: agentspec__enc.6d61726b6574696e672d6c696e6b6564696e2d636f6e74656e742d63726561746f72__enc.302e302e31 | tenant: public | md5: b724ad2e90109fd3bdd132b5be08fc58
2026-09-29 09:43:15,010|opType: publish | rt: 6ms | status: success | requestIp: null | dataId: resource_config_SOUL__md.json | group: agentspec__enc.6d61726b6574696e672d6c696e6b6564696e2d636f6e74656e742d63726561746f72__enc.302e302e31 | tenant: public | md5: 514a202fa5322896d4fabb6d897816bd
2026-09-29 09:43:15,012|opType: publish | rt: 6ms | status: success | requestIp: null | dataId: resource_config_MEMORY__md.json | group: agentspec__enc.6d61726b6574696e672d6c696e6b6564696e2d636f6e74656e742d63726561746f72__enc.302e302e31 | tenant: public | md5: 0bd1601235d97427d47f0cc2ebd77f89
2026-09-29 09:43:15,013|opType: publish | rt: 5ms | status: success | requestIp: null | dataId: manifest.json | group: agentspec__enc.6d61726b6574696e672d6c69766573747265616d2d636f6d6d657263652d636f616368__enc.302e302e31 | tenant: public | md5: ec8f36fb6f6e139fdf76014bde1f2e2f
2026-09-29 09:43:15,015|opType: publish | rt: 4ms | status: success | requestIp: null | dataId: resource_crons_jobs__json.json | group: agentspec__enc.6d61726b6574696e672d6c69766573747265616d2d636f6d6d657263652d636f616368__enc.302e302e31 | tenant: public | md5: 794bdb9b3117b83f10c102b830bcf2a6
2026-09-29 09:43:15,034|opType: publish | rt: 5ms | status: success | requestIp: null | dataId: resource_config_IDENTITY__md.json | group: agentspec__enc.6d61726b6574696e672d6c69766573747265616d2d636f6d6d657263652d636f616368__enc.302e302e31 | tenant: public | md5: 746fb4367f48fecc4a806c813ca2e98d
2026-09-29 09:43:15,041|opType: publish | rt: 5ms | status: success | requestIp: null | dataId: resource_tool-analysis_tool-analysis__json.json | group: agentspec__enc.6d61726b6574696e672d6c69766573747265616d2d636f6d6d657263652d636f616368__enc.302e302e31 | tenant: public | md5: 1f8d711d44cea00d7715152225eae9db
2026-09-29 09:43:15,048|opType: publish | rt: 6ms | status: success | requestIp: null | dataId: resource_config_AGENTS__md.json | group: agentspec__enc.6d61726b6574696e672d6c69766573747265616d2d636f6d6d657263652d636f616368__enc.302e302e31 | tenant: public | md5: d65af2e2d596a0d97ce57d07196f0e89
2026-09-29 09:43:15,053|opType: publish | rt: 4ms | status: success | requestIp: null | dataId: skill_index.json | group: skill_form-cro | tenant: public | md5: 0c3e72e2215e86f4cee39b9bce336dd7
2026-09-29 09:43:15,114|opType: publish | rt: 6ms | status: success | requestIp: null | dataId: resource_config_SOUL__md.json | group: agentspec__enc.6d61726b6574696e672d6c69766573747265616d2d636f6d6d657263652d636f616368__enc.302e302e31 | tenant: public | md5: 6ecc78d6fdb7765a18c882ee85baf2d3
2026-09-29 09:43:15,116|opType: publish | rt: 6ms | status: success | requestIp: null | dataId: enc.7265666572656e6365732f62656e63686d61726b732e6d64 | group: skill_enc.6c6561642d6d61676e657473__enc.312e302e30 | tenant: public | md5: 4e1c7eae3b28e49ba50762e8b06d2097
2026-09-29 09:43:15,118|opType: publish | rt: 6ms | status: success | requestIp: null | dataId: enc.7265666572656e6365732f666f726d61742d67756964652e6d64 | group: skill_enc.6c6561642d6d61676e657473__enc.312e302e30 | tenant: public | md5: eb71a7fd323c62ce67c00a864e2697e4
2026-09-29 09:43:15,122|opType: publish | rt: 5ms | status: success | requestIp: null | dataId: SKILL.md | group: skill_enc.6c6561642d6d61676e657473__enc.312e302e30 | tenant: public | md5: 6908c5e09404d902f69edaeb3a0bebf6
2026-09-29 09:43:15,125|opType: publish | rt: 6ms | status: success | requestIp: null | dataId: resource_config_MEMORY__md.json | group: agentspec__enc.6d61726b6574696e672d6c69766573747265616d2d636f6d6d657263652d636f616368__enc.302e302e31 | tenant: public | md5: 0edb72edba15acb4f8dce25bbe970a4c
2026-09-29 09:43:15,125|opType: publish | rt: 4ms | status: success | requestIp: null | dataId: skill_index.json | group: skill_free-tool-strategy | tenant: public | md5: 1e989fb828f45f6d02a56d8fe2f70d89
2026-09-29 09:43:15,154|opType: publish | rt: 3ms | status: success | requestIp: null | dataId: manifest.json | group: agentspec__enc.6d61726b6574696e672d706f64636173742d73747261746567697374__enc.302e302e31 | tenant: public | md5: a378e4169abb94098efa73ae3b6e0da0
2026-09-29 09:43:15,164|opType: publish | rt: 6ms | status: success | requestIp: null | dataId: resource_crons_jobs__json.json | group: agentspec__enc.6d61726b6574696e672d706f64636173742d73747261746567697374__enc.302e302e31 | tenant: public | md5: 792a17ea73b21b37af2cb03ddddd53e9
2026-09-29 09:43:15,166|opType: publish | rt: 6ms | status: success | requestIp: null | dataId: resource_config_IDENTITY__md.json | group: agentspec__enc.6d61726b6574696e672d706f64636173742d73747261746567697374__enc.302e302e31 | tenant: public | md5: b6132ab9e2c84aef477dae5363c59a08
2026-09-29 09:43:15,174|opType: publish | rt: 4ms | status: success | requestIp: null | dataId: resource_tool-analysis_tool-analysis__json.json | group: agentspec__enc.6d61726b6574696e672d706f64636173742d73747261746567697374__enc.302e302e31 | tenant: public | md5: 8b15221cf15aadb5a06a6eb8dc347027
2026-09-29 09:43:15,182|opType: publish | rt: 4ms | status: success | requestIp: null | dataId: resource_config_AGENTS__md.json | group: agentspec__enc.6d61726b6574696e672d706f64636173742d73747261746567697374__enc.302e302e31 | tenant: public | md5: 14992cedd64ecef104f1610f789c028e
2026-09-29 09:43:15,193|opType: publish | rt: 4ms | status: success | requestIp: null | dataId: resource_config_SOUL__md.json | group: agentspec__enc.6d61726b6574696e672d706f64636173742d73747261746567697374__enc.302e302e31 | tenant: public | md5: 4ba9286305616aaf56dee3501cdaf2a4
2026-09-29 09:43:15,196|opType: publish | rt: 4ms | status: success | requestIp: null | dataId: skill_index.json | group: skill_launch-strategy | tenant: public | md5: 0c3e72e2215e86f4cee39b9bce336dd7
2026-09-29 09:43:15,206|opType: publish | rt: 4ms | status: success | requestIp: null | dataId: resource_config_MEMORY__md.json | group: agentspec__enc.6d61726b6574696e672d706f64636173742d73747261746567697374__enc.302e302e31 | tenant: public | md5: 7635559376d2af5fc12641d8a2472dc8
2026-09-29 09:43:15,211|opType: publish | rt: 5ms | status: success | requestIp: null | dataId: manifest.json | group: agentspec__enc.6d61726b6574696e672d707269766174652d646f6d61696e2d6f70657261746f72__enc.302e302e31 | tenant: public | md5: 1bd3a9007b7293d3c2a241f0cc8e0bfc
2026-09-29 09:43:15,213|opType: publish | rt: 4ms | status: success | requestIp: null | dataId: resource_crons_jobs__json.json | group: agentspec__enc.6d61726b6574696e672d707269766174652d646f6d61696e2d6f70657261746f72__enc.302e302e31 | tenant: public | md5: 66e7401944cb5ee6e31d9c9112201dbe
2026-09-29 09:43:15,216|opType: publish | rt: 5ms | status: success | requestIp: null | dataId: resource_config_IDENTITY__md.json | group: agentspec__enc.6d61726b6574696e672d707269766174652d646f6d61696e2d6f70657261746f72__enc.302e302e31 | tenant: public | md5: 8dbadcbeb2b0dee9a35fa7c73c3f9769
2026-09-29 09:43:15,217|opType: publish | rt: 5ms | status: success | requestIp: null | dataId: resource_tool-analysis_tool-analysis__json.json | group: agentspec__enc.6d61726b6574696e672d707269766174652d646f6d61696e2d6f70657261746f72__enc.302e302e31 | tenant: public | md5: 12b703b59ec9e42826903a86bceed30d
2026-09-29 09:43:15,227|opType: publish | rt: 9ms | status: success | requestIp: null | dataId: resource_config_AGENTS__md.json | group: agentspec__enc.6d61726b6574696e672d707269766174652d646f6d61696e2d6f70657261746f72__enc.302e302e31 | tenant: public | md5: 73844826ee015c9589c4627670977aa4
2026-09-29 09:43:15,230|opType: publish | rt: 9ms | status: success | requestIp: null | dataId: resource_config_SOUL__md.json | group: agentspec__enc.6d61726b6574696e672d707269766174652d646f6d61696e2d6f70657261746f72__enc.302e302e31 | tenant: public | md5: 13a4a83adf1b0f64fa80549a5fa8c59f
2026-09-29 09:43:15,231|opType: publish | rt: 8ms | status: success | requestIp: null | dataId: resource_config_MEMORY__md.json | group: agentspec__enc.6d61726b6574696e672d707269766174652d646f6d61696e2d6f70657261746f72__enc.302e302e31 | tenant: public | md5: ccba9d24ee18487d86a404656deafee7
2026-09-29 09:43:15,234|opType: publish | rt: 4ms | status: success | requestIp: null | dataId: manifest.json | group: agentspec__enc.6d61726b6574696e672d7265646469742d636f6d6d756e6974792d6275696c646572__enc.302e302e31 | tenant: public | md5: 1676c076a1cab28d6ea5ef50c5ab2517
2026-09-29 09:43:15,242|opType: publish | rt: 4ms | status: success | requestIp: null | dataId: resource_crons_jobs__json.json | group: agentspec__enc.6d61726b6574696e672d7265646469742d636f6d6d756e6974792d6275696c646572__enc.302e302e31 | tenant: public | md5: 4cd95206f6b855ba15fb07abc97288be
2026-09-29 09:43:15,249|opType: publish | rt: 3ms | status: success | requestIp: null | dataId: resource_config_IDENTITY__md.json | group: agentspec__enc.6d61726b6574696e672d7265646469742d636f6d6d756e6974792d6275696c646572__enc.302e302e31 | tenant: public | md5: e0d9d772ab45e320c8b04d4166228af3
2026-09-29 09:43:15,257|opType: publish | rt: 4ms | status: success | requestIp: null | dataId: resource_tool-analysis_tool-analysis__json.json | group: agentspec__enc.6d61726b6574696e672d7265646469742d636f6d6d756e6974792d6275696c646572__enc.302e302e31 | tenant: public | md5: 8afbfaa5680d83392eb3712674b63a87
2026-09-29 09:43:15,266|opType: publish | rt: 6ms | status: success | requestIp: null | dataId: SKILL.md | group: skill_enc.6d61726b6574696e672d6964656173__enc.312e312e30 | tenant: public | md5: 4f364251d0424cbee405adc33ee62b9a
2026-09-29 09:43:15,269|opType: publish | rt: 6ms | status: success | requestIp: null | dataId: enc.6576616c732f6576616c732e6a736f6e | group: skill_enc.6d61726b6574696e672d6964656173__enc.312e312e30 | tenant: public | md5: bbe147d54250266c77296e2c94c2f0c4
2026-09-29 09:43:15,270|opType: publish | rt: 5ms | status: success | requestIp: null | dataId: enc.7265666572656e6365732f69646561732d62792d63617465676f72792e6d64 | group: skill_enc.6d61726b6574696e672d6964656173__enc.312e312e30 | tenant: public | md5: 037d36ec60475fa42f6c4167bfc85af8
2026-09-29 09:43:15,324|opType: publish | rt: 5ms | status: success | requestIp: null | dataId: resource_config_AGENTS__md.json | group: agentspec__enc.6d61726b6574696e672d7265646469742d636f6d6d756e6974792d6275696c646572__enc.302e302e31 | tenant: public | md5: 562f5e3cb656c9e3a23e7fd3cdc3cf3d
2026-09-29 09:43:15,340|opType: publish | rt: 5ms | status: success | requestIp: null | dataId: resource_config_SOUL__md.json | group: agentspec__enc.6d61726b6574696e672d7265646469742d636f6d6d756e6974792d6275696c646572__enc.302e302e31 | tenant: public | md5: b6f12d1387541f53cf1d86680cbe3a23
2026-09-29 09:43:15,341|opType: publish | rt: 5ms | status: success | requestIp: null | dataId: skill_index.json | group: skill_lead-magnets | tenant: public | md5: 60dbaad9fac4cac81a16364c3d0c730b
2026-09-29 09:43:15,342|opType: publish | rt: 5ms | status: success | requestIp: null | dataId: enc.6576616c732f6576616c732e6a736f6e | group: skill_enc.6d61726b6574696e672d70737963686f6c6f6779__enc.312e312e30 | tenant: public | md5: 39d23f4b315111d0bcf59bb724b31884
2026-09-29 09:43:15,345|opType: publish | rt: 6ms | status: success | requestIp: null | dataId: SKILL.md | group: skill_enc.6d61726b6574696e672d70737963686f6c6f6779__enc.312e312e30 | tenant: public | md5: d04a5e61e000e3637a8a3bc2875ad09c
2026-09-29 09:43:15,363|opType: publish | rt: 4ms | status: success | requestIp: null | dataId: resource_config_MEMORY__md.json | group: agentspec__enc.6d61726b6574696e672d7265646469742d636f6d6d756e6974792d6275696c646572__enc.302e302e31 | tenant: public | md5: cf391c2b7dc4d0fc067292f89597508c
2026-09-29 09:43:15,376|opType: publish | rt: 6ms | status: success | requestIp: null | dataId: manifest.json | group: agentspec__enc.6d61726b6574696e672d73656f2d7370656369616c697374__enc.302e302e31 | tenant: public | md5: 341019a526a4abc6bcc4dc212c8dcbd9
2026-09-29 09:43:15,379|opType: publish | rt: 5ms | status: success | requestIp: null | dataId: resource_crons_jobs__json.json | group: agentspec__enc.6d61726b6574696e672d73656f2d7370656369616c697374__enc.302e302e31 | tenant: public | md5: fd099213b4eb235ba2c454dbfdab5983
2026-09-29 09:43:15,384|opType: publish | rt: 4ms | status: success | requestIp: null | dataId: resource_config_IDENTITY__md.json | group: agentspec__enc.6d61726b6574696e672d73656f2d7370656369616c697374__enc.302e302e31 | tenant: public | md5: 2b01d869a32a8ab12e9e01939adde416
2026-09-29 09:43:15,390|opType: publish | rt: 4ms | status: success | requestIp: null | dataId: resource_tool-analysis_tool-analysis__json.json | group: agentspec__enc.6d61726b6574696e672d73656f2d7370656369616c697374__enc.302e302e31 | tenant: public | md5: fa37c31307abb63a46d415352812373d
2026-09-29 09:43:15,402|opType: publish | rt: 4ms | status: success | requestIp: null | dataId: resource_config_AGENTS__md.json | group: agentspec__enc.6d61726b6574696e672d73656f2d7370656369616c697374__enc.302e302e31 | tenant: public | md5: 5f222476686aee63fcfb21ba775294d0
2026-09-29 09:43:15,409|opType: publish | rt: 5ms | status: success | requestIp: null | dataId: SKILL.md | group: skill_enc.6f6e626f617264696e672d63726f__enc.312e312e30 | tenant: public | md5: 7f66ce586c8ff1e192b158c848ab1aaf
2026-09-29 09:43:15,410|opType: publish | rt: 5ms | status: success | requestIp: null | dataId: enc.6576616c732f6576616c732e6a736f6e | group: skill_enc.6f6e626f617264696e672d63726f__enc.312e312e30 | tenant: public | md5: d166bff44a73ea9c78d982dea49e4322
2026-09-29 09:43:15,413|opType: publish | rt: 5ms | status: success | requestIp: null | dataId: enc.7265666572656e6365732f6578706572696d656e74732e6d64 | group: skill_enc.6f6e626f617264696e672d63726f__enc.312e312e30 | tenant: public | md5: 63e0660f8d13ad9d073f941dc5106cb7
2026-09-29 09:43:15,417|opType: publish | rt: 5ms | status: success | requestIp: null | dataId: resource_config_SOUL__md.json | group: agentspec__enc.6d61726b6574696e672d73656f2d7370656369616c697374__enc.302e302e31 | tenant: public | md5: 0254e50540643f4646508a81016ff84d
2026-09-29 09:43:15,423|opType: publish | rt: 5ms | status: success | requestIp: null | dataId: resource_config_MEMORY__md.json | group: agentspec__enc.6d61726b6574696e672d73656f2d7370656369616c697374__enc.302e302e31 | tenant: public | md5: dc65773b15f3e690b0c755c8cac4569b
2026-09-29 09:43:15,424|opType: publish | rt: 5ms | status: success | requestIp: null | dataId: manifest.json | group: agentspec__enc.6d61726b6574696e672d73686f72742d766964656f2d65646974696e672d636f616368__enc.302e302e31 | tenant: public | md5: 81802a054373ffde7b0f6fc0976a471a
2026-09-29 09:43:15,427|opType: publish | rt: 4ms | status: success | requestIp: null | dataId: resource_crons_jobs__json.json | group: agentspec__enc.6d61726b6574696e672d73686f72742d766964656f2d65646974696e672d636f616368__enc.302e302e31 | tenant: public | md5: 1fe74303984f2e874ba27e0dea15d760
2026-09-29 09:43:15,429|opType: publish | rt: 4ms | status: success | requestIp: null | dataId: resource_config_IDENTITY__md.json | group: agentspec__enc.6d61726b6574696e672d73686f72742d766964656f2d65646974696e672d636f616368__enc.302e302e31 | tenant: public | md5: b5a47ca7e44e94008431cb4440a23708
2026-09-29 09:43:15,437|opType: publish | rt: 5ms | status: success | requestIp: null | dataId: resource_tool-analysis_tool-analysis__json.json | group: agentspec__enc.6d61726b6574696e672d73686f72742d766964656f2d65646974696e672d636f616368__enc.302e302e31 | tenant: public | md5: d38e1a51f24d088645b0152a28c25125
2026-09-29 09:43:15,443|opType: publish | rt: 8ms | status: success | requestIp: null | dataId: resource_config_AGENTS__md.json | group: agentspec__enc.6d61726b6574696e672d73686f72742d766964656f2d65646974696e672d636f616368__enc.302e302e31 | tenant: public | md5: d427c9e536e7e96f80dd02e2cf47e8fd
2026-09-29 09:43:15,444|opType: publish | rt: 6ms | status: success | requestIp: null | dataId: resource_config_SOUL__md.json | group: agentspec__enc.6d61726b6574696e672d73686f72742d766964656f2d65646974696e672d636f616368__enc.302e302e31 | tenant: public | md5: 7a6df1e1e6e129d68d80a7a106f94b2b
2026-09-29 09:43:15,447|opType: publish | rt: 7ms | status: success | requestIp: null | dataId: resource_config_MEMORY__md.json | group: agentspec__enc.6d61726b6574696e672d73686f72742d766964656f2d65646974696e672d636f616368__enc.302e302e31 | tenant: public | md5: b2290bccbf774ac2f24dae8471ddcac3
2026-09-29 09:43:15,451|opType: publish | rt: 4ms | status: success | requestIp: null | dataId: manifest.json | group: agentspec__enc.6d61726b6574696e672d736f6369616c2d6d656469612d73747261746567697374__enc.302e302e31 | tenant: public | md5: cc198b6102dea5a805c63e52443d5ea9
2026-09-29 09:43:15,461|opType: publish | rt: 4ms | status: success | requestIp: null | dataId: resource_crons_jobs__json.json | group: agentspec__enc.6d61726b6574696e672d736f6369616c2d6d656469612d73747261746567697374__enc.302e302e31 | tenant: public | md5: 56d16271df9bacbd805d0179bba6ea56
2026-09-29 09:43:15,471|opType: publish | rt: 6ms | status: success | requestIp: null | dataId: resource_config_IDENTITY__md.json | group: agentspec__enc.6d61726b6574696e672d736f6369616c2d6d656469612d73747261746567697374__enc.302e302e31 | tenant: public | md5: fcdc4293c0876681d825e3bbcd456405
2026-09-29 09:43:15,485|opType: publish | rt: 4ms | status: success | requestIp: null | dataId: skill_index.json | group: skill_marketing-ideas | tenant: public | md5: 6154402369aff404b0b9196d5bf56ce3
2026-09-29 09:43:15,533|opType: publish | rt: 3ms | status: success | requestIp: null | dataId: resource_tool-analysis_tool-analysis__json.json | group: agentspec__enc.6d61726b6574696e672d736f6369616c2d6d656469612d73747261746567697374__enc.302e302e31 | tenant: public | md5: 3290f254fb1593939417f4b61f2d4155
2026-09-29 09:43:15,554|opType: publish | rt: 8ms | status: success | requestIp: null | dataId: resource_config_AGENTS__md.json | group: agentspec__enc.6d61726b6574696e672d736f6369616c2d6d656469612d73747261746567697374__enc.302e302e31 | tenant: public | md5: 151ae1416a43cdf18c9f82e03d4fed38
2026-09-29 09:43:15,555|opType: publish | rt: 5ms | status: success | requestIp: null | dataId: SKILL.md | group: skill_enc.706167652d63726f__enc.312e312e30 | tenant: public | md5: c1e2516a329cfcb9ac0595becf3fc0bf
2026-09-29 09:43:15,559|opType: publish | rt: 5ms | status: success | requestIp: null | dataId: enc.6576616c732f6576616c732e6a736f6e | group: skill_enc.706167652d63726f__enc.312e312e30 | tenant: public | md5: 4aff5de65806967b0c29797430b46e24
2026-09-29 09:43:15,561|opType: publish | rt: 5ms | status: success | requestIp: null | dataId: enc.7265666572656e6365732f6578706572696d656e74732e6d64 | group: skill_enc.706167652d63726f__enc.312e312e30 | tenant: public | md5: 813705188038889f41dabf1376db3310
2026-09-29 09:43:15,563|opType: publish | rt: 6ms | status: success | requestIp: null | dataId: skill_index.json | group: skill_marketing-psychology | tenant: public | md5: 0c3e72e2215e86f4cee39b9bce336dd7
2026-09-29 09:43:15,573|opType: publish | rt: 3ms | status: success | requestIp: null | dataId: resource_config_SOUL__md.json | group: agentspec__enc.6d61726b6574696e672d736f6369616c2d6d656469612d73747261746567697374__enc.302e302e31 | tenant: public | md5: 686cb1309272701a9532588ddfe841b8
2026-09-29 09:43:15,586|opType: publish | rt: 6ms | status: success | requestIp: null | dataId: resource_config_MEMORY__md.json | group: agentspec__enc.6d61726b6574696e672d736f6369616c2d6d656469612d73747261746567697374__enc.302e302e31 | tenant: public | md5: ac963d32ec23a1260e371522b0114aab
2026-09-29 09:43:15,591|opType: publish | rt: 5ms | status: success | requestIp: null | dataId: manifest.json | group: agentspec__enc.6d61726b6574696e672d74696b746f6b2d73747261746567697374__enc.302e302e31 | tenant: public | md5: 18cb9757b7c4cba4c1cc978e57ce44f4
2026-09-29 09:43:15,595|opType: publish | rt: 5ms | status: success | requestIp: null | dataId: resource_crons_jobs__json.json | group: agentspec__enc.6d61726b6574696e672d74696b746f6b2d73747261746567697374__enc.302e302e31 | tenant: public | md5: fc4a2bf12418c2b037fd8183e8643e60
2026-09-29 09:43:15,600|opType: publish | rt: 4ms | status: success | requestIp: null | dataId: resource_config_IDENTITY__md.json | group: agentspec__enc.6d61726b6574696e672d74696b746f6b2d73747261746567697374__enc.302e302e31 | tenant: public | md5: dd9640159839bb16b852c3f3c8c60b67
2026-09-29 09:43:15,611|opType: publish | rt: 4ms | status: success | requestIp: null | dataId: resource_tool-analysis_tool-analysis__json.json | group: agentspec__enc.6d61726b6574696e672d74696b746f6b2d73747261746567697374__enc.302e302e31 | tenant: public | md5: 124308b64ef9c91c0eb6bc1dc718c1d3
2026-09-29 09:43:15,627|opType: publish | rt: 6ms | status: success | requestIp: null | dataId: skill_index.json | group: skill_onboarding-cro | tenant: public | md5: d6d3b3ef546461e39dd2abd94b3bebbb
2026-09-29 09:43:15,631|opType: publish | rt: 5ms | status: success | requestIp: null | dataId: resource_config_AGENTS__md.json | group: agentspec__enc.6d61726b6574696e672d74696b746f6b2d73747261746567697374__enc.302e302e31 | tenant: public | md5: c2c9f85f2cf4efffa1168aa921bfe00a
2026-09-29 09:43:15,635|opType: publish | rt: 6ms | status: success | requestIp: null | dataId: resource_config_SOUL__md.json | group: agentspec__enc.6d61726b6574696e672d74696b746f6b2d73747261746567697374__enc.302e302e31 | tenant: public | md5: ee8aae0f418fd2ec6e48ff699ff523fd
2026-09-29 09:43:15,639|opType: publish | rt: 7ms | status: success | requestIp: null | dataId: resource_config_MEMORY__md.json | group: agentspec__enc.6d61726b6574696e672d74696b746f6b2d73747261746567697374__enc.302e302e31 | tenant: public | md5: e1f182fa150f8a19ce78febe7af239b5
2026-09-29 09:43:15,646|opType: publish | rt: 5ms | status: success | requestIp: null | dataId: manifest.json | group: agentspec__enc.6d61726b6574696e672d747769747465722d656e6761676572__enc.302e302e31 | tenant: public | md5: 86f3d58af35efdcc261413aa50c23550
2026-09-29 09:43:15,649|opType: publish | rt: 6ms | status: success | requestIp: null | dataId: resource_crons_jobs__json.json | group: agentspec__enc.6d61726b6574696e672d747769747465722d656e6761676572__enc.302e302e31 | tenant: public | md5: e3ae0f546e6de4751df1e8a2b732f1b2
2026-09-29 09:43:15,651|opType: publish | rt: 6ms | status: success | requestIp: null | dataId: resource_config_IDENTITY__md.json | group: agentspec__enc.6d61726b6574696e672d747769747465722d656e6761676572__enc.302e302e31 | tenant: public | md5: e871b75debd60930c6dc25cc03af2c74
2026-09-29 09:43:15,655|opType: publish | rt: 5ms | status: success | requestIp: null | dataId: resource_tool-analysis_tool-analysis__json.json | group: agentspec__enc.6d61726b6574696e672d747769747465722d656e6761676572__enc.302e302e31 | tenant: public | md5: be97e59732f09c836e9f7fa816c810c7
2026-09-29 09:43:15,656|opType: publish | rt: 5ms | status: success | requestIp: null | dataId: resource_config_AGENTS__md.json | group: agentspec__enc.6d61726b6574696e672d747769747465722d656e6761676572__enc.302e302e31 | tenant: public | md5: f9ccd2c291e5008efc3eb4998dbe0de4
2026-09-29 09:43:15,660|opType: publish | rt: 5ms | status: success | requestIp: null | dataId: resource_config_SOUL__md.json | group: agentspec__enc.6d61726b6574696e672d747769747465722d656e6761676572__enc.302e302e31 | tenant: public | md5: 9ffab7006a52c8f16bce016dc9c24605
2026-09-29 09:43:15,663|opType: publish | rt: 4ms | status: success | requestIp: null | dataId: resource_config_MEMORY__md.json | group: agentspec__enc.6d61726b6574696e672d747769747465722d656e6761676572__enc.302e302e31 | tenant: public | md5: 1fb55784cac97798b908ec182f517093
2026-09-29 09:43:15,670|opType: publish | rt: 4ms | status: success | requestIp: null | dataId: manifest.json | group: agentspec__enc.6d61726b6574696e672d7765636861742d6f6666696369616c2d6163636f756e74__enc.302e302e31 | tenant: public | md5: 24a560f2974c5e84e1300829e86f9d64
2026-09-29 09:43:15,680|opType: publish | rt: 4ms | status: success | requestIp: null | dataId: resource_crons_jobs__json.json | group: agentspec__enc.6d61726b6574696e672d7765636861742d6f6666696369616c2d6163636f756e74__enc.302e302e31 | tenant: public | md5: d8bf1f120d773dcd191aed2e1aaadd75
2026-09-29 09:43:15,701|opType: publish | rt: 5ms | status: success | requestIp: null | dataId: SKILL.md | group: skill_enc.706169642d616473__enc.312e312e30 | tenant: public | md5: 34029c604c2757768b56afc6b0bb0c29
2026-09-29 09:43:15,705|opType: publish | rt: 6ms | status: success | requestIp: null | dataId: enc.6576616c732f6576616c732e6a736f6e | group: skill_enc.706169642d616473__enc.312e312e30 | tenant: public | md5: d16863e7ff60b4498ba0dd5f12a765c1
2026-09-29 09:43:15,721|opType: publish | rt: 19ms | status: success | requestIp: null | dataId: enc.7265666572656e6365732f61756469656e63652d746172676574696e672e6d64 | group: skill_enc.706169642d616473__enc.312e312e30 | tenant: public | md5: 76976fd32b0b96b89729f3fa28fdce76
2026-09-29 09:43:15,722|opType: publish | rt: 16ms | status: success | requestIp: null | dataId: enc.7265666572656e6365732f61642d636f70792d74656d706c617465732e6d64 | group: skill_enc.706169642d616473__enc.312e312e30 | tenant: public | md5: b35a771ee8a25e85e550ff0c5ccc4b73
2026-09-29 09:43:15,723|opType: publish | rt: 18ms | status: success | requestIp: null | dataId: enc.7265666572656e6365732f706c6174666f726d2d73657475702d636865636b6c697374732e6d64 | group: skill_enc.706169642d616473__enc.312e312e30 | tenant: public | md5: a2dd6ce65dd56d15db30ab3e32a15940
2026-09-29 09:43:15,741|opType: publish | rt: 3ms | status: success | requestIp: null | dataId: resource_config_IDENTITY__md.json | group: agentspec__enc.6d61726b6574696e672d7765636861742d6f6666696369616c2d6163636f756e74__enc.302e302e31 | tenant: public | md5: 3fa01cdb9a2794169e40f6092b235afc
2026-09-29 09:43:15,767|opType: publish | rt: 6ms | status: success | requestIp: null | dataId: resource_tool-analysis_tool-analysis__json.json | group: agentspec__enc.6d61726b6574696e672d7765636861742d6f6666696369616c2d6163636f756e74__enc.302e302e31 | tenant: public | md5: 840ca3a2af15f010aa925fe99fa3e760
2026-09-29 09:43:15,776|opType: publish | rt: 5ms | status: success | requestIp: null | dataId: SKILL.md | group: skill_enc.70617977616c6c2d757067726164652d63726f__enc.312e312e30 | tenant: public | md5: 6b6bff3205fafa4902bb33c687114ba7
2026-09-29 09:43:15,781|opType: publish | rt: 5ms | status: success | requestIp: null | dataId: enc.6576616c732f6576616c732e6a736f6e | group: skill_enc.70617977616c6c2d757067726164652d63726f__enc.312e312e30 | tenant: public | md5: 27026615fe9eca7d29d9d0ad4e091968
2026-09-29 09:43:15,783|opType: publish | rt: 5ms | status: success | requestIp: null | dataId: enc.7265666572656e6365732f6578706572696d656e74732e6d64 | group: skill_enc.70617977616c6c2d757067726164652d63726f__enc.312e312e30 | tenant: public | md5: c2874867bb8a4476ee6d6ecbabc72ce8
2026-09-29 09:43:15,786|opType: publish | rt: 7ms | status: success | requestIp: null | dataId: skill_index.json | group: skill_page-cro | tenant: public | md5: d6d3b3ef546461e39dd2abd94b3bebbb
2026-09-29 09:43:15,788|opType: publish | rt: 6ms | status: success | requestIp: null | dataId: resource_config_AGENTS__md.json | group: agentspec__enc.6d61726b6574696e672d7765636861742d6f6666696369616c2d6163636f756e74__enc.302e302e31 | tenant: public | md5: c6963c283810bf2db5859257e336a5e6
2026-09-29 09:43:15,796|opType: publish | rt: 4ms | status: success | requestIp: null | dataId: resource_config_SOUL__md.json | group: agentspec__enc.6d61726b6574696e672d7765636861742d6f6666696369616c2d6163636f756e74__enc.302e302e31 | tenant: public | md5: 6d75b79b74f82469154c707643e6849d
2026-09-29 09:43:15,803|opType: publish | rt: 5ms | status: success | requestIp: null | dataId: resource_config_MEMORY__md.json | group: agentspec__enc.6d61726b6574696e672d7765636861742d6f6666696369616c2d6163636f756e74__enc.302e302e31 | tenant: public | md5: ecf5b4eb906ad4d5ced36f917ed96dc3
2026-09-29 09:43:15,808|opType: publish | rt: 6ms | status: success | requestIp: null | dataId: manifest.json | group: agentspec__enc.6d61726b6574696e672d7765636861742d6f70657261746f72__enc.302e302e31 | tenant: public | md5: 090dc05a966ed94e65408de5822f0bfb
2026-09-29 09:43:15,810|opType: publish | rt: 4ms | status: success | requestIp: null | dataId: resource_crons_jobs__json.json | group: agentspec__enc.6d61726b6574696e672d7765636861742d6f70657261746f72__enc.302e302e31 | tenant: public | md5: 11ca1dd315f1bfe2610b8ec40fbf2386
2026-09-29 09:43:15,821|opType: publish | rt: 4ms | status: success | requestIp: null | dataId: resource_config_IDENTITY__md.json | group: agentspec__enc.6d61726b6574696e672d7765636861742d6f70657261746f72__enc.302e302e31 | tenant: public | md5: cd5fc3354e41575dba00f07f823de621
2026-09-29 09:43:15,840|opType: publish | rt: 6ms | status: success | requestIp: null | dataId: enc.6576616c732f6576616c732e6a736f6e | group: skill_enc.706f7075702d63726f__enc.312e312e30 | tenant: public | md5: 346304e054f902674e5d6fab3fe470c9
2026-09-29 09:43:15,842|opType: publish | rt: 5ms | status: success | requestIp: null | dataId: SKILL.md | group: skill_enc.706f7075702d63726f__enc.312e312e30 | tenant: public | md5: 88afa69b6f5061b12dae3fcdec43a7b7
2026-09-29 09:43:15,846|opType: publish | rt: 5ms | status: success | requestIp: null | dataId: resource_config_AGENTS__md.json | group: agentspec__enc.6d61726b6574696e672d7765636861742d6f70657261746f72__enc.302e302e31 | tenant: public | md5: 4d3d394eb9271c902feec87e4ef09a0f
2026-09-29 09:43:15,848|opType: publish | rt: 8ms | status: success | requestIp: null | dataId: resource_tool-analysis_tool-analysis__json.json | group: agentspec__enc.6d61726b6574696e672d7765636861742d6f70657261746f72__enc.302e302e31 | tenant: public | md5: 3ce61a2005c248815feee96707334361
2026-09-29 09:43:15,851|opType: publish | rt: 5ms | status: success | requestIp: null | dataId: resource_config_SOUL__md.json | group: agentspec__enc.6d61726b6574696e672d7765636861742d6f70657261746f72__enc.302e302e31 | tenant: public | md5: 912db040e89e7cc263bfcd4810b8db4f
2026-09-29 09:43:15,857|opType: publish | rt: 5ms | status: success | requestIp: null | dataId: resource_config_MEMORY__md.json | group: agentspec__enc.6d61726b6574696e672d7765636861742d6f70657261746f72__enc.302e302e31 | tenant: public | md5: c0c0bf40da8d28e5469deab41d16f153
2026-09-29 09:43:15,859|opType: publish | rt: 6ms | status: success | requestIp: null | dataId: manifest.json | group: agentspec__enc.6d61726b6574696e672d776569626f2d73747261746567697374__enc.302e302e31 | tenant: public | md5: 492b19e4b0d371c41668bcc79b6bb16d
2026-09-29 09:43:15,864|opType: publish | rt: 5ms | status: success | requestIp: null | dataId: resource_crons_jobs__json.json | group: agentspec__enc.6d61726b6574696e672d776569626f2d73747261746567697374__enc.302e302e31 | tenant: public | md5: fb30250caaf2196c7e8b12355a30b008
2026-09-29 09:43:15,868|opType: publish | rt: 6ms | status: success | requestIp: null | dataId: resource_config_IDENTITY__md.json | group: agentspec__enc.6d61726b6574696e672d776569626f2d73747261746567697374__enc.302e302e31 | tenant: public | md5: 5c6f1feed86b102aedecc19a2fa07a29
2026-09-29 09:43:15,870|opType: publish | rt: 5ms | status: success | requestIp: null | dataId: resource_tool-analysis_tool-analysis__json.json | group: agentspec__enc.6d61726b6574696e672d776569626f2d73747261746567697374__enc.302e302e31 | tenant: public | md5: 444f7408c9ed6fca5f0c70720f87be08
2026-09-29 09:43:15,872|opType: publish | rt: 5ms | status: success | requestIp: null | dataId: resource_config_AGENTS__md.json | group: agentspec__enc.6d61726b6574696e672d776569626f2d73747261746567697374__enc.302e302e31 | tenant: public | md5: 5eba51ba5af0b88d6b600c7b979310e0
2026-09-29 09:43:15,876|opType: publish | rt: 5ms | status: success | requestIp: null | dataId: resource_config_SOUL__md.json | group: agentspec__enc.6d61726b6574696e672d776569626f2d73747261746567697374__enc.302e302e31 | tenant: public | md5: 506524bd38438d2e56630187d0234e5e
2026-09-29 09:43:15,878|opType: publish | rt: 4ms | status: success | requestIp: null | dataId: resource_config_MEMORY__md.json | group: agentspec__enc.6d61726b6574696e672d776569626f2d73747261746567697374__enc.302e302e31 | tenant: public | md5: 9b6b092c651795e4c0f9a9e0a01853e3
2026-09-29 09:43:15,888|opType: publish | rt: 4ms | status: success | requestIp: null | dataId: manifest.json | group: agentspec__enc.6d61726b6574696e672d77656978696e2d6368616e6e656c732d73747261746567697374__enc.302e302e31 | tenant: public | md5: 4524d7de75ae568c1f498fc2319c8b16
2026-09-29 09:43:15,936|opType: publish | rt: 4ms | status: success | requestIp: null | dataId: skill_index.json | group: skill_paid-ads | tenant: public | md5: bc483117bbae74fbf6f7186b752e90f5
2026-09-29 09:43:15,950|opType: publish | rt: 4ms | status: success | requestIp: null | dataId: resource_crons_jobs__json.json | group: agentspec__enc.6d61726b6574696e672d77656978696e2d6368616e6e656c732d73747261746567697374__enc.302e302e31 | tenant: public | md5: 1e49fe9ac3738d1ff65ca619d73b44f2
2026-09-29 09:43:15,976|opType: publish | rt: 4ms | status: success | requestIp: null | dataId: resource_config_IDENTITY__md.json | group: agentspec__enc.6d61726b6574696e672d77656978696e2d6368616e6e656c732d73747261746567697374__enc.302e302e31 | tenant: public | md5: 10acff294e70f355d3316980665b71c0
2026-09-29 09:43:15,998|opType: publish | rt: 5ms | status: success | requestIp: null | dataId: skill_index.json | group: skill_paywall-upgrade-cro | tenant: public | md5: d6d3b3ef546461e39dd2abd94b3bebbb
2026-09-29 09:43:15,999|opType: publish | rt: 5ms | status: success | requestIp: null | dataId: SKILL.md | group: skill_enc.70726963696e672d7374726174656779__enc.312e312e30 | tenant: public | md5: 0f8b0a7854cbe1bf4955dcdd614d0627
2026-09-29 09:43:16,004|opType: publish | rt: 5ms | status: success | requestIp: null | dataId: enc.7265666572656e6365732f746965722d7374727563747572652e6d64 | group: skill_enc.70726963696e672d7374726174656779__enc.312e312e30 | tenant: public | md5: 05c84b4eb13a5cd8e3047e64aa0b16f3
2026-09-29 09:43:16,006|opType: publish | rt: 6ms | status: success | requestIp: null | dataId: enc.7265666572656e6365732f72657365617263682d6d6574686f64732e6d64 | group: skill_enc.70726963696e672d7374726174656779__enc.312e312e30 | tenant: public | md5: 913e82543afc5059ee44bf00c74e9724
2026-09-29 09:43:16,009|opType: publish | rt: 6ms | status: success | requestIp: null | dataId: enc.6576616c732f6576616c732e6a736f6e | group: skill_enc.70726963696e672d7374726174656779__enc.312e312e30 | tenant: public | md5: 34f697e39d8c1f874e9b4ddb405d2f32
2026-09-29 09:43:16,012|opType: publish | rt: 6ms | status: success | requestIp: null | dataId: resource_tool-analysis_tool-analysis__json.json | group: agentspec__enc.6d61726b6574696e672d77656978696e2d6368616e6e656c732d73747261746567697374__enc.302e302e31 | tenant: public | md5: de98ef7f8f6919e936d866e6cff30f75
2026-09-29 09:43:16,016|opType: publish | rt: 7ms | status: success | requestIp: null | dataId: resource_config_AGENTS__md.json | group: agentspec__enc.6d61726b6574696e672d77656978696e2d6368616e6e656c732d73747261746567697374__enc.302e302e31 | tenant: public | md5: 950f98b73d3013aba0c6a5acf6199e23
2026-09-29 09:43:16,017|opType: publish | rt: 5ms | status: success | requestIp: null | dataId: resource_config_SOUL__md.json | group: agentspec__enc.6d61726b6574696e672d77656978696e2d6368616e6e656c732d73747261746567697374__enc.302e302e31 | tenant: public | md5: 2142ea42553323815fc53af1015f36b1
2026-09-29 09:43:16,021|opType: publish | rt: 5ms | status: success | requestIp: null | dataId: resource_config_MEMORY__md.json | group: agentspec__enc.6d61726b6574696e672d77656978696e2d6368616e6e656c732d73747261746567697374__enc.302e302e31 | tenant: public | md5: b51a8badf5d0c49a53d6714703173ef8
2026-09-29 09:43:16,026|opType: publish | rt: 7ms | status: success | requestIp: null | dataId: manifest.json | group: agentspec__enc.6d61726b6574696e672d7869616f686f6e677368752d6f70657261746f72__enc.302e302e31 | tenant: public | md5: 235a0128234ceafbd454b5a56f4e2c1b
2026-09-29 09:43:16,032|opType: publish | rt: 4ms | status: success | requestIp: null | dataId: resource_crons_jobs__json.json | group: agentspec__enc.6d61726b6574696e672d7869616f686f6e677368752d6f70657261746f72__enc.302e302e31 | tenant: public | md5: 92a778f0ae2f323c231fed961c8a29a3
2026-09-29 09:43:16,059|opType: publish | rt: 5ms | status: success | requestIp: null | dataId: skill_index.json | group: skill_popup-cro | tenant: public | md5: 0c3e72e2215e86f4cee39b9bce336dd7
2026-09-29 09:43:16,063|opType: publish | rt: 6ms | status: success | requestIp: null | dataId: resource_config_IDENTITY__md.json | group: agentspec__enc.6d61726b6574696e672d7869616f686f6e677368752d6f70657261746f72__enc.302e302e31 | tenant: public | md5: c4c5c440f5315de01720433e733675e2
2026-09-29 09:43:16,065|opType: publish | rt: 6ms | status: success | requestIp: null | dataId: resource_tool-analysis_tool-analysis__json.json | group: agentspec__enc.6d61726b6574696e672d7869616f686f6e677368752d6f70657261746f72__enc.302e302e31 | tenant: public | md5: d3c92f75e2623edd9b25bd25259c8375
2026-09-29 09:43:16,067|opType: publish | rt: 5ms | status: success | requestIp: null | dataId: resource_config_AGENTS__md.json | group: agentspec__enc.6d61726b6574696e672d7869616f686f6e677368752d6f70657261746f72__enc.302e302e31 | tenant: public | md5: 08bc699daee2e17f9c30fadb83464a99
2026-09-29 09:43:16,071|opType: publish | rt: 5ms | status: success | requestIp: null | dataId: resource_config_SOUL__md.json | group: agentspec__enc.6d61726b6574696e672d7869616f686f6e677368752d6f70657261746f72__enc.302e302e31 | tenant: public | md5: 472fb31061d781e53a4f6ee9202d0f94
2026-09-29 09:43:16,073|opType: publish | rt: 5ms | status: success | requestIp: null | dataId: resource_config_MEMORY__md.json | group: agentspec__enc.6d61726b6574696e672d7869616f686f6e677368752d6f70657261746f72__enc.302e302e31 | tenant: public | md5: 0d0809bc1115e4461be1be823007401c
2026-09-29 09:43:16,076|opType: publish | rt: 6ms | status: success | requestIp: null | dataId: manifest.json | group: agentspec__enc.6d61726b6574696e672d7869616f686f6e677368752d7370656369616c697374__enc.302e302e31 | tenant: public | md5: 231a8617e6fff739aeb59b76606a12b6
2026-09-29 09:43:16,081|opType: publish | rt: 6ms | status: success | requestIp: null | dataId: resource_crons_jobs__json.json | group: agentspec__enc.6d61726b6574696e672d7869616f686f6e677368752d7370656369616c697374__enc.302e302e31 | tenant: public | md5: e3d1a57389bfb6e3660769a954291334
2026-09-29 09:43:16,084|opType: publish | rt: 6ms | status: success | requestIp: null | dataId: resource_config_IDENTITY__md.json | group: agentspec__enc.6d61726b6574696e672d7869616f686f6e677368752d7370656369616c697374__enc.302e302e31 | tenant: public | md5: fd18d4eff45b9b68bf012dbff01cb8f0
2026-09-29 09:43:16,085|opType: publish | rt: 5ms | status: success | requestIp: null | dataId: resource_tool-analysis_tool-analysis__json.json | group: agentspec__enc.6d61726b6574696e672d7869616f686f6e677368752d7370656369616c697374__enc.302e302e31 | tenant: public | md5: 386ce313f7c31f7f64f2427e8e079556
2026-09-29 09:43:16,087|opType: publish | rt: 4ms | status: success | requestIp: null | dataId: resource_config_AGENTS__md.json | group: agentspec__enc.6d61726b6574696e672d7869616f686f6e677368752d7370656369616c697374__enc.302e302e31 | tenant: public | md5: 89c7af6022d51086d9f9b1c5c7627b2d
2026-09-29 09:43:16,091|opType: publish | rt: 5ms | status: success | requestIp: null | dataId: resource_config_SOUL__md.json | group: agentspec__enc.6d61726b6574696e672d7869616f686f6e677368752d7370656369616c697374__enc.302e302e31 | tenant: public | md5: 81cbbe674931ab0e0c25b8efd5a74e96
2026-09-29 09:43:16,097|opType: publish | rt: 4ms | status: success | requestIp: null | dataId: resource_config_MEMORY__md.json | group: agentspec__enc.6d61726b6574696e672d7869616f686f6e677368752d7370656369616c697374__enc.302e302e31 | tenant: public | md5: 2f6be7a5438ce5ba7f50f61bd2994994
2026-09-29 09:43:16,153|opType: publish | rt: 5ms | status: success | requestIp: null | dataId: SKILL.md | group: skill_enc.70726f647563742d6d61726b6574696e672d636f6e74657874__enc.312e312e30 | tenant: public | md5: dbf5f4ebada8d27fd65cc9ff0231679b
2026-09-29 09:43:16,154|opType: publish | rt: 5ms | status: success | requestIp: null | dataId: enc.6576616c732f6576616c732e6a736f6e | group: skill_enc.70726f647563742d6d61726b6574696e672d636f6e74657874__enc.312e312e30 | tenant: public | md5: 0e0df293cf4236550804623be7871a09
2026-09-29 09:43:16,162|opType: publish | rt: 5ms | status: success | requestIp: null | dataId: manifest.json | group: agentspec__enc.6d61726b6574696e672d7a686968752d73747261746567697374__enc.302e302e31 | tenant: public | md5: 6ff7eb636a6fcfd88b73ded3e6857359
2026-09-29 09:43:16,190|opType: publish | rt: 6ms | status: success | requestIp: null | dataId: resource_crons_jobs__json.json | group: agentspec__enc.6d61726b6574696e672d7a686968752d73747261746567697374__enc.302e302e31 | tenant: public | md5: ad605e32c8ae60d42b9bee7360aa6d79
2026-09-29 09:43:16,213|opType: publish | rt: 5ms | status: success | requestIp: null | dataId: SKILL.md | group: skill_enc.70726f6772616d6d617469632d73656f__enc.312e312e30 | tenant: public | md5: 939289647b2370744db0ad7011dc1da3
2026-09-29 09:43:16,220|opType: publish | rt: 8ms | status: success | requestIp: null | dataId: enc.7265666572656e6365732f706c6179626f6f6b732e6d64 | group: skill_enc.70726f6772616d6d617469632d73656f__enc.312e312e30 | tenant: public | md5: 93ba45d6254ef5dbb10b0fa65cc9ea49
2026-09-29 09:43:16,221|opType: publish | rt: 7ms | status: success | requestIp: null | dataId: enc.6576616c732f6576616c732e6a736f6e | group: skill_enc.70726f6772616d6d617469632d73656f__enc.312e312e30 | tenant: public | md5: 7d72ace3b7bd1dbcad6f0bdafdb75008
2026-09-29 09:43:16,226|opType: publish | rt: 6ms | status: success | requestIp: null | dataId: resource_config_IDENTITY__md.json | group: agentspec__enc.6d61726b6574696e672d7a686968752d73747261746567697374__enc.302e302e31 | tenant: public | md5: c489a9bd25f88dcb549b3c3aea809c3a
2026-09-29 09:43:16,227|opType: publish | rt: 5ms | status: success | requestIp: null | dataId: skill_index.json | group: skill_pricing-strategy | tenant: public | md5: 2e393320eb2610f073f349f223d96d0b
2026-09-29 09:43:16,230|opType: publish | rt: 6ms | status: success | requestIp: null | dataId: resource_tool-analysis_tool-analysis__json.json | group: agentspec__enc.6d61726b6574696e672d7a686968752d73747261746567697374__enc.302e302e31 | tenant: public | md5: b85d7c7f411d3b7f1558dfdd66d700a8
2026-09-29 09:43:16,233|opType: publish | rt: 6ms | status: success | requestIp: null | dataId: resource_config_AGENTS__md.json | group: agentspec__enc.6d61726b6574696e672d7a686968752d73747261746567697374__enc.302e302e31 | tenant: public | md5: d808a68f1a399194d14b2d60551c3ed5
2026-09-29 09:43:16,234|opType: publish | rt: 5ms | status: success | requestIp: null | dataId: resource_config_SOUL__md.json | group: agentspec__enc.6d61726b6574696e672d7a686968752d73747261746567697374__enc.302e302e31 | tenant: public | md5: ec788fc839d7fedc7a5e00c350f5034c
2026-09-29 09:43:16,238|opType: publish | rt: 4ms | status: success | requestIp: null | dataId: resource_config_MEMORY__md.json | group: agentspec__enc.6d61726b6574696e672d7a686968752d73747261746567697374__enc.302e302e31 | tenant: public | md5: 14f1d9fa1f6278950e541ea80ffe884d
2026-09-29 09:43:16,243|opType: publish | rt: 4ms | status: success | requestIp: null | dataId: manifest.json | group: agentspec__enc.6e61727261746976652d64657369676e6572__enc.302e302e31 | tenant: public | md5: 7c38532fd528108385cfdeea1b981c61
2026-09-29 09:43:16,281|opType: publish | rt: 7ms | status: success | requestIp: null | dataId: resource_crons_jobs__json.json | group: agentspec__enc.6e61727261746976652d64657369676e6572__enc.302e302e31 | tenant: public | md5: 3fe5c4404a6b0d4479bfdd4c0899fe73
2026-09-29 09:43:16,283|opType: publish | rt: 6ms | status: success | requestIp: null | dataId: SKILL.md | group: skill_enc.726566657272616c2d70726f6772616d__enc.312e312e30 | tenant: public | md5: b0a9efa60ff532791c482c00c6c003e9
2026-09-29 09:43:16,286|opType: publish | rt: 6ms | status: success | requestIp: null | dataId: enc.6576616c732f6576616c732e6a736f6e | group: skill_enc.726566657272616c2d70726f6772616d__enc.312e312e30 | tenant: public | md5: 67ebe58bbdf1485c7dc56a6f7c9bf97f
2026-09-29 09:43:16,288|opType: publish | rt: 6ms | status: success | requestIp: null | dataId: enc.7265666572656e6365732f616666696c696174652d70726f6772616d732e6d64 | group: skill_enc.726566657272616c2d70726f6772616d__enc.312e312e30 | tenant: public | md5: d090f656860d164b25557e82e936aa2a
2026-09-29 09:43:16,291|opType: publish | rt: 6ms | status: success | requestIp: null | dataId: enc.7265666572656e6365732f70726f6772616d2d6578616d706c65732e6d64 | group: skill_enc.726566657272616c2d70726f6772616d__enc.312e312e30 | tenant: public | md5: 50989f2d4e8a3914475865b2cc17fe53
2026-09-29 09:43:16,295|opType: publish | rt: 7ms | status: success | requestIp: null | dataId: resource_config_IDENTITY__md.json | group: agentspec__enc.6e61727261746976652d64657369676e6572__enc.302e302e31 | tenant: public | md5: fa088f08c6465ec50445a57784cd5ffa
2026-09-29 09:43:16,298|opType: publish | rt: 7ms | status: success | requestIp: null | dataId: resource_config_AGENTS__md.json | group: agentspec__enc.6e61727261746976652d64657369676e6572__enc.302e302e31 | tenant: public | md5: 3a85ffe0039fb886c451016b0ab1b596
2026-09-29 09:43:16,299|opType: publish | rt: 6ms | status: success | requestIp: null | dataId: resource_config_MEMORY__md.json | group: agentspec__enc.6e61727261746976652d64657369676e6572__enc.302e302e31 | tenant: public | md5: e80a1cf9ec61a236deeb42489c75fd81
2026-09-29 09:43:16,302|opType: publish | rt: 6ms | status: success | requestIp: null | dataId: resource_tool-analysis_tool-analysis__json.json | group: agentspec__enc.6e61727261746976652d64657369676e6572__enc.302e302e31 | tenant: public | md5: 2866543ecfeaaf774ec7f4c284188d67
2026-09-29 09:43:16,305|opType: publish | rt: 6ms | status: success | requestIp: null | dataId: resource_config_SOUL__md.json | group: agentspec__enc.6e61727261746976652d64657369676e6572__enc.302e302e31 | tenant: public | md5: ce76872733787f5c7193ff5e38c2ec75
2026-09-29 09:43:16,307|opType: publish | rt: 5ms | status: success | requestIp: null | dataId: manifest.json | group: agentspec__enc.706169642d6d656469612d61756469746f72__enc.302e302e31 | tenant: public | md5: 3703dbfb6e90d5ab957e4fae9bbcfe34
2026-09-29 09:43:16,311|opType: publish | rt: 6ms | status: success | requestIp: null | dataId: resource_config_IDENTITY__md.json | group: agentspec__enc.706169642d6d656469612d61756469746f72__enc.302e302e31 | tenant: public | md5: 51cd74b2abda3f7ed27c393335f2a9df
2026-09-29 09:43:16,312|opType: publish | rt: 5ms | status: success | requestIp: null | dataId: resource_crons_jobs__json.json | group: agentspec__enc.706169642d6d656469612d61756469746f72__enc.302e302e31 | tenant: public | md5: 43d80b58f8637fcd819fd7df1ed130aa
2026-09-29 09:43:16,315|opType: publish | rt: 6ms | status: success | requestIp: null | dataId: resource_config_AGENTS__md.json | group: agentspec__enc.706169642d6d656469612d61756469746f72__enc.302e302e31 | tenant: public | md5: f199317dfe117c6cdf2777dc243d460b
2026-09-29 09:43:16,317|opType: publish | rt: 5ms | status: success | requestIp: null | dataId: resource_config_SOUL__md.json | group: agentspec__enc.706169642d6d656469612d61756469746f72__enc.302e302e31 | tenant: public | md5: 4f911dd24ea9cff661ce7c6fddad901d
2026-09-29 09:43:16,318|opType: publish | rt: 5ms | status: success | requestIp: null | dataId: resource_tool-analysis_tool-analysis__json.json | group: agentspec__enc.706169642d6d656469612d61756469746f72__enc.302e302e31 | tenant: public | md5: c31fa30a6f21cdd6fe7b30c1115fb020
2026-09-29 09:43:16,371|opType: publish | rt: 6ms | status: success | requestIp: null | dataId: skill_index.json | group: skill_product-marketing-context | tenant: public | md5: 0c3e72e2215e86f4cee39b9bce336dd7
2026-09-29 09:43:16,374|opType: publish | rt: 5ms | status: success | requestIp: null | dataId: resource_config_MEMORY__md.json | group: agentspec__enc.706169642d6d656469612d61756469746f72__enc.302e302e31 | tenant: public | md5: 4f3e8374ca14edc70a8c97c03a15e5cd
2026-09-29 09:43:16,400|opType: publish | rt: 4ms | status: success | requestIp: null | dataId: manifest.json | group: agentspec__enc.706169642d6d656469612d63726561746976652d73747261746567697374__enc.302e302e31 | tenant: public | md5: 16c1a74947e5af84c608ab85c360c848
2026-09-29 09:43:16,446|opType: publish | rt: 7ms | status: success | requestIp: null | dataId: skill_index.json | group: skill_programmatic-seo | tenant: public | md5: d3b9881ae8dbf0238fe432d03b4d81ea
2026-09-29 09:43:16,448|opType: publish | rt: 6ms | status: success | requestIp: null | dataId: resource_crons_jobs__json.json | group: agentspec__enc.706169642d6d656469612d63726561746976652d73747261746567697374__enc.302e302e31 | tenant: public | md5: b2102828749e9317d57af29651689774
2026-09-29 09:43:16,452|opType: publish | rt: 7ms | status: success | requestIp: null | dataId: resource_config_IDENTITY__md.json | group: agentspec__enc.706169642d6d656469612d63726561746976652d73747261746567697374__enc.302e302e31 | tenant: public | md5: 0d422b8f7f0804cf17c0480fe243dbb2
2026-09-29 09:43:16,454|opType: publish | rt: 6ms | status: success | requestIp: null | dataId: enc.7265666572656e6365732f6c6966656379636c652d646566696e6974696f6e732e6d64 | group: skill_enc.7265766f7073__enc.312e312e30 | tenant: public | md5: 9fbace16fffb548c3d241df767c21a32
2026-09-29 09:43:16,455|opType: publish | rt: 8ms | status: success | requestIp: null | dataId: SKILL.md | group: skill_enc.7265766f7073__enc.312e312e30 | tenant: public | md5: 5fee793ca78b9f001b9a93db74ac2c94
2026-09-29 09:43:16,456|opType: publish | rt: 6ms | status: success | requestIp: null | dataId: enc.6576616c732f6576616c732e6a736f6e | group: skill_enc.7265766f7073__enc.312e312e30 | tenant: public | md5: 5e0f21fad28c5edc7df354b962750817
2026-09-29 09:43:16,459|opType: publish | rt: 6ms | status: success | requestIp: null | dataId: enc.7265666572656e6365732f726f7574696e672d72756c65732e6d64 | group: skill_enc.7265766f7073__enc.312e312e30 | tenant: public | md5: a999961c8835f8e945319a9f7a4ccb30
2026-09-29 09:43:16,461|opType: publish | rt: 6ms | status: success | requestIp: null | dataId: enc.7265666572656e6365732f6175746f6d6174696f6e2d706c6179626f6f6b732e6d64 | group: skill_enc.7265766f7073__enc.312e312e30 | tenant: public | md5: dfdb9f356112d35230a146aafc3fadbf
2026-09-29 09:43:16,478|opType: publish | rt: 21ms | status: success | requestIp: null | dataId: enc.7265666572656e6365732f73636f72696e672d6d6f64656c732e6d64 | group: skill_enc.7265766f7073__enc.312e312e30 | tenant: public | md5: 78ada608ac48a7feb8f7bc20076bb18a
2026-09-29 09:43:16,481|opType: publish | rt: 20ms | status: success | requestIp: null | dataId: resource_tool-analysis_tool-analysis__json.json | group: agentspec__enc.706169642d6d656469612d63726561746976652d73747261746567697374__enc.302e302e31 | tenant: public | md5: 612e1071e81174c3027383fee95bcb9b
2026-09-29 09:43:16,483|opType: publish | rt: 5ms | status: success | requestIp: null | dataId: resource_config_AGENTS__md.json | group: agentspec__enc.706169642d6d656469612d63726561746976652d73747261746567697374__enc.302e302e31 | tenant: public | md5: aa12991d24659fb3df3afa0f40c822ba
2026-09-29 09:43:16,486|opType: publish | rt: 6ms | status: success | requestIp: null | dataId: resource_config_MEMORY__md.json | group: agentspec__enc.706169642d6d656469612d63726561746976652d73747261746567697374__enc.302e302e31 | tenant: public | md5: 8b64e1cb5aec6ba3af7a777457644dcb
2026-09-29 09:43:16,487|opType: publish | rt: 5ms | status: success | requestIp: null | dataId: resource_config_SOUL__md.json | group: agentspec__enc.706169642d6d656469612d63726561746976652d73747261746567697374__enc.302e302e31 | tenant: public | md5: d959bcdf021177ef6dbeac9dbf257a35
2026-09-29 09:43:16,493|opType: publish | rt: 5ms | status: success | requestIp: null | dataId: manifest.json | group: agentspec__enc.706169642d6d656469612d706169642d736f6369616c2d73747261746567697374__enc.302e302e31 | tenant: public | md5: 75be0f7a9688c3372de071151a4b67d7
2026-09-29 09:43:16,509|opType: publish | rt: 7ms | status: success | requestIp: null | dataId: resource_crons_jobs__json.json | group: agentspec__enc.706169642d6d656469612d706169642d736f6369616c2d73747261746567697374__enc.302e302e31 | tenant: public | md5: 6fe0b0d06ae8ff292657a111b1dafb1a
2026-09-29 09:43:16,512|opType: publish | rt: 7ms | status: success | requestIp: null | dataId: resource_config_IDENTITY__md.json | group: agentspec__enc.706169642d6d656469612d706169642d736f6369616c2d73747261746567697374__enc.302e302e31 | tenant: public | md5: 5a301e1e5fe6a186dac0974deba63818
2026-09-29 09:43:16,513|opType: publish | rt: 6ms | status: success | requestIp: null | dataId: resource_tool-analysis_tool-analysis__json.json | group: agentspec__enc.706169642d6d656469612d706169642d736f6369616c2d73747261746567697374__enc.302e302e31 | tenant: public | md5: f203f402930c147e01e318534eec6f6b
2026-09-29 09:43:16,517|opType: publish | rt: 7ms | status: success | requestIp: null | dataId: resource_config_AGENTS__md.json | group: agentspec__enc.706169642d6d656469612d706169642d736f6369616c2d73747261746567697374__enc.302e302e31 | tenant: public | md5: 0af1b55a6dc19ee954823375611d1ca6
2026-09-29 09:43:16,520|opType: publish | rt: 5ms | status: success | requestIp: null | dataId: resource_config_SOUL__md.json | group: agentspec__enc.706169642d6d656469612d706169642d736f6369616c2d73747261746567697374__enc.302e302e31 | tenant: public | md5: dc78a4c02692336326476a7052ab7785
2026-09-29 09:43:16,522|opType: publish | rt: 5ms | status: success | requestIp: null | dataId: resource_config_MEMORY__md.json | group: agentspec__enc.706169642d6d656469612d706169642d736f6369616c2d73747261746567697374__enc.302e302e31 | tenant: public | md5: dd3def4075b33841672a249c8b54bbd4
2026-09-29 09:43:16,526|opType: publish | rt: 7ms | status: success | requestIp: null | dataId: skill_index.json | group: skill_referral-program | tenant: public | md5: 4e85f2fe0291496bd67871664cf0afcb
2026-09-29 09:43:16,535|opType: publish | rt: 5ms | status: success | requestIp: null | dataId: manifest.json | group: agentspec__enc.706169642d6d656469612d7070632d73747261746567697374__enc.302e302e31 | tenant: public | md5: c8d4d17464faafa155fc8c3df4f91be8
2026-09-29 09:43:16,539|opType: publish | rt: 5ms | status: success | requestIp: null | dataId: resource_crons_jobs__json.json | group: agentspec__enc.706169642d6d656469612d7070632d73747261746567697374__enc.302e302e31 | tenant: public | md5: 3fc440c2387d5d9942101993414cbf90
2026-09-29 09:43:16,542|opType: publish | rt: 6ms | status: success | requestIp: null | dataId: resource_config_IDENTITY__md.json | group: agentspec__enc.706169642d6d656469612d7070632d73747261746567697374__enc.302e302e31 | tenant: public | md5: 816fabf16634f73a27ae330bf2bcce7f
2026-09-29 09:43:16,544|opType: publish | rt: 5ms | status: success | requestIp: null | dataId: resource_tool-analysis_tool-analysis__json.json | group: agentspec__enc.706169642d6d656469612d7070632d73747261746567697374__enc.302e302e31 | tenant: public | md5: b8d7ca3418d140d744d40d5ff7b9128b
2026-09-29 09:43:16,546|opType: publish | rt: 5ms | status: success | requestIp: null | dataId: resource_config_AGENTS__md.json | group: agentspec__enc.706169642d6d656469612d7070632d73747261746567697374__enc.302e302e31 | tenant: public | md5: 916629dec7ed1444263fc3969e97018b
2026-09-29 09:43:16,588|opType: publish | rt: 6ms | status: success | requestIp: null | dataId: resource_config_SOUL__md.json | group: agentspec__enc.706169642d6d656469612d7070632d73747261746567697374__enc.302e302e31 | tenant: public | md5: 69147303ce207984975981daa968a6b1
2026-09-29 09:43:16,589|opType: publish | rt: 5ms | status: success | requestIp: null | dataId: enc.6576616c732f6576616c732e6a736f6e | group: skill_enc.73616c65732d656e61626c656d656e74__enc.312e312e30 | tenant: public | md5: 75949c868952a7b945d4da1981f61dfa
2026-09-29 09:43:16,593|opType: publish | rt: 7ms | status: success | requestIp: null | dataId: SKILL.md | group: skill_enc.73616c65732d656e61626c656d656e74__enc.312e312e30 | tenant: public | md5: 891bf6d669f3557d57ee4b8e996b4116
2026-09-29 09:43:16,595|opType: publish | rt: 6ms | status: success | requestIp: null | dataId: enc.7265666572656e6365732f64656d6f2d736372697074732e6d64 | group: skill_enc.73616c65732d656e61626c656d656e74__enc.312e312e30 | tenant: public | md5: 3fbc2811dc136bba624290c91f7d6445
2026-09-29 09:43:16,597|opType: publish | rt: 6ms | status: success | requestIp: null | dataId: enc.7265666572656e6365732f6f6e652d70616765722d74656d706c617465732e6d64 | group: skill_enc.73616c65732d656e61626c656d656e74__enc.312e312e30 | tenant: public | md5: 304570a0e2c3e853440a2fcf67af636e
2026-09-29 09:43:16,599|opType: publish | rt: 5ms | status: success | requestIp: null | dataId: enc.7265666572656e6365732f6f626a656374696f6e2d6c6962726172792e6d64 | group: skill_enc.73616c65732d656e61626c656d656e74__enc.312e312e30 | tenant: public | md5: 28a45496ef58f58d68c056e6bdf5bc51
2026-09-29 09:43:16,602|opType: publish | rt: 6ms | status: success | requestIp: null | dataId: enc.7265666572656e6365732f6465636b2d6672616d65776f726b732e6d64 | group: skill_enc.73616c65732d656e61626c656d656e74__enc.312e312e30 | tenant: public | md5: 034bfb3e4dfa7ee3f2ee6777ecbcb4fd
2026-09-29 09:43:16,609|opType: publish | rt: 3ms | status: success | requestIp: null | dataId: resource_config_MEMORY__md.json | group: agentspec__enc.706169642d6d656469612d7070632d73747261746567697374__enc.302e302e31 | tenant: public | md5: 53ddc58d879c2ce317a11be3836f31c7
2026-09-29 09:43:16,665|opType: publish | rt: 4ms | status: success | requestIp: null | dataId: manifest.json | group: agentspec__enc.706169642d6d656469612d70726f6772616d6d617469632d6275796572__enc.302e302e31 | tenant: public | md5: 90ad1d0edb69fce3575753686d990ae4
2026-09-29 09:43:16,669|opType: publish | rt: 5ms | status: success | requestIp: null | dataId: SKILL.md | group: skill_enc.736368656d612d6d61726b7570__enc.312e312e30 | tenant: public | md5: 5f182ef51428c07596759f6dac478244
2026-09-29 09:43:16,671|opType: publish | rt: 4ms | status: success | requestIp: null | dataId: enc.7265666572656e6365732f736368656d612d6578616d706c65732e6d64 | group: skill_enc.736368656d612d6d61726b7570__enc.312e312e30 | tenant: public | md5: c72a35b6a04234484bbb986553d601e7
2026-09-29 09:43:16,674|opType: publish | rt: 6ms | status: success | requestIp: null | dataId: enc.6576616c732f6576616c732e6a736f6e | group: skill_enc.736368656d612d6d61726b7570__enc.312e312e30 | tenant: public | md5: ce656a928c6992cb91faf8e3623f9f5f
2026-09-29 09:43:16,675|opType: publish | rt: 5ms | status: success | requestIp: null | dataId: resource_crons_jobs__json.json | group: agentspec__enc.706169642d6d656469612d70726f6772616d6d617469632d6275796572__enc.302e302e31 | tenant: public | md5: da32d3616efb82c72d2ff5b12b2622a0
2026-09-29 09:43:16,690|opType: publish | rt: 4ms | status: success | requestIp: null | dataId: resource_config_IDENTITY__md.json | group: agentspec__enc.706169642d6d656469612d70726f6772616d6d617469632d6275796572__enc.302e302e31 | tenant: public | md5: 3585a6930021141b70a43af0e8f56b2f
2026-09-29 09:43:16,696|opType: publish | rt: 7ms | status: success | requestIp: null | dataId: skill_index.json | group: skill_revops | tenant: public | md5: cfb57d623c155639e3ace01087b223f6
2026-09-29 09:43:16,697|opType: publish | rt: 5ms | status: success | requestIp: null | dataId: resource_tool-analysis_tool-analysis__json.json | group: agentspec__enc.706169642d6d656469612d70726f6772616d6d617469632d6275796572__enc.302e302e31 | tenant: public | md5: 29ac067167b7da25263875cca1960f5f
2026-09-29 09:43:16,699|opType: publish | rt: 5ms | status: success | requestIp: null | dataId: resource_config_AGENTS__md.json | group: agentspec__enc.706169642d6d656469612d70726f6772616d6d617469632d6275796572__enc.302e302e31 | tenant: public | md5: ec100f1709ebcc81cdea961326a0764a
2026-09-29 09:43:16,700|opType: publish | rt: 5ms | status: success | requestIp: null | dataId: resource_config_SOUL__md.json | group: agentspec__enc.706169642d6d656469612d70726f6772616d6d617469632d6275796572__enc.302e302e31 | tenant: public | md5: 5f24a07d85aa0400d8db9f5100b4d1c0
2026-09-29 09:43:16,702|opType: publish | rt: 3ms | status: success | requestIp: null | dataId: resource_config_MEMORY__md.json | group: agentspec__enc.706169642d6d656469612d70726f6772616d6d617469632d6275796572__enc.302e302e31 | tenant: public | md5: 794bf1691f28bac21800f31b9f10f4b7
2026-09-29 09:43:16,718|opType: publish | rt: 5ms | status: success | requestIp: null | dataId: manifest.json | group: agentspec__enc.706169642d6d656469612d7365617263682d71756572792d616e616c797374__enc.302e302e31 | tenant: public | md5: 551e4fef709963584668e9e6c9c4fc0a
2026-09-29 09:43:16,724|opType: publish | rt: 5ms | status: success | requestIp: null | dataId: resource_crons_jobs__json.json | group: agentspec__enc.706169642d6d656469612d7365617263682d71756572792d616e616c797374__enc.302e302e31 | tenant: public | md5: 1d29acd07971e78db0b652c348827596
2026-09-29 09:43:16,725|opType: publish | rt: 5ms | status: success | requestIp: null | dataId: resource_config_IDENTITY__md.json | group: agentspec__enc.706169642d6d656469612d7365617263682d71756572792d616e616c797374__enc.302e302e31 | tenant: public | md5: c843074459e35b393c6a9211dec5b8dd
2026-09-29 09:43:16,730|opType: publish | rt: 5ms | status: success | requestIp: null | dataId: resource_tool-analysis_tool-analysis__json.json | group: agentspec__enc.706169642d6d656469612d7365617263682d71756572792d616e616c797374__enc.302e302e31 | tenant: public | md5: 9f20a40471e54918216bc0d04ae36ebe
2026-09-29 09:43:16,731|opType: publish | rt: 3ms | status: success | requestIp: null | dataId: resource_config_AGENTS__md.json | group: agentspec__enc.706169642d6d656469612d7365617263682d71756572792d616e616c797374__enc.302e302e31 | tenant: public | md5: fdbbe29fa9eff96551614a43e1b29c4d
2026-09-29 09:43:16,735|opType: publish | rt: 5ms | status: success | requestIp: null | dataId: resource_config_SOUL__md.json | group: agentspec__enc.706169642d6d656469612d7365617263682d71756572792d616e616c797374__enc.302e302e31 | tenant: public | md5: 4d63511f93f4e448fd10e536ce29ba5b
2026-09-29 09:43:16,743|opType: publish | rt: 6ms | status: success | requestIp: null | dataId: SKILL.md | group: skill_enc.73656f2d6175646974__enc.312e312e30 | tenant: public | md5: 8323e3ac498769d811a3b63918a41186
2026-09-29 09:43:16,744|opType: publish | rt: 5ms | status: success | requestIp: null | dataId: enc.7265666572656e6365732f61692d77726974696e672d646574656374696f6e2e6d64 | group: skill_enc.73656f2d6175646974__enc.312e312e30 | tenant: public | md5: 26787dad8564856ee9c9a4fa64a919de
2026-09-29 09:43:16,747|opType: publish | rt: 6ms | status: success | requestIp: null | dataId: enc.6576616c732f6576616c732e6a736f6e | group: skill_enc.73656f2d6175646974__enc.312e312e30 | tenant: public | md5: 33de97debe012834fc1136c61de936c9
2026-09-29 09:43:16,750|opType: publish | rt: 6ms | status: success | requestIp: null | dataId: resource_config_MEMORY__md.json | group: agentspec__enc.706169642d6d656469612d7365617263682d71756572792d616e616c797374__enc.302e302e31 | tenant: public | md5: b7f6e464e91575b51781b67456a9fad8
2026-09-29 09:43:16,751|opType: publish | rt: 5ms | status: success | requestIp: null | dataId: manifest.json | group: agentspec__enc.706169642d6d656469612d747261636b696e672d7370656369616c697374__enc.302e302e31 | tenant: public | md5: 8c17515a14852129599d0cb9fa9c424b
2026-09-29 09:43:16,755|opType: publish | rt: 6ms | status: success | requestIp: null | dataId: resource_crons_jobs__json.json | group: agentspec__enc.706169642d6d656469612d747261636b696e672d7370656369616c697374__enc.302e302e31 | tenant: public | md5: 34312fe81f4aa7dd2648592cd83032de
2026-09-29 09:43:16,756|opType: publish | rt: 5ms | status: success | requestIp: null | dataId: resource_config_IDENTITY__md.json | group: agentspec__enc.706169642d6d656469612d747261636b696e672d7370656369616c697374__enc.302e302e31 | tenant: public | md5: 082141d91d4d047b320671f2216f6227
2026-09-29 09:43:16,757|opType: publish | rt: 4ms | status: success | requestIp: null | dataId: resource_tool-analysis_tool-analysis__json.json | group: agentspec__enc.706169642d6d656469612d747261636b696e672d7370656369616c697374__enc.302e302e31 | tenant: public | md5: 230acba5b1e6d75074a0872eb3e1e0ef
2026-09-29 09:43:16,799|opType: publish | rt: 4ms | status: success | requestIp: null | dataId: resource_config_AGENTS__md.json | group: agentspec__enc.706169642d6d656469612d747261636b696e672d7370656369616c697374__enc.302e302e31 | tenant: public | md5: 9b1b425ae5ac96ae7c7fbca6f53bc17a
2026-09-29 09:43:16,814|opType: publish | rt: 4ms | status: success | requestIp: null | dataId: skill_index.json | group: skill_sales-enablement | tenant: public | md5: 4d26a47325cb82e6daadacedf32c9a76
2026-09-29 09:43:16,819|opType: publish | rt: 4ms | status: success | requestIp: null | dataId: resource_config_SOUL__md.json | group: agentspec__enc.706169642d6d656469612d747261636b696e672d7370656369616c697374__enc.302e302e31 | tenant: public | md5: 67bafd08d2b5d99cf8549588fafa55a6
2026-09-29 09:43:16,875|opType: publish | rt: 5ms | status: success | requestIp: null | dataId: resource_config_MEMORY__md.json | group: agentspec__enc.706169642d6d656469612d747261636b696e672d7370656369616c697374__enc.302e302e31 | tenant: public | md5: 9bc3cc1b1d9e8a5cdf3c0687bfc54349
2026-09-29 09:43:16,887|opType: publish | rt: 5ms | status: success | requestIp: null | dataId: manifest.json | group: agentspec__enc.70726f647563742d6265686176696f72616c2d6e756467652d656e67696e65__enc.302e302e31 | tenant: public | md5: 31e572f853d1df1d0a175da4b1dc1c1d
2026-09-29 09:43:16,890|opType: publish | rt: 4ms | status: success | requestIp: null | dataId: skill_index.json | group: skill_schema-markup | tenant: public | md5: 499dce1f852f4948311e890127c0258c
2026-09-29 09:43:16,898|opType: publish | rt: 4ms | status: success | requestIp: null | dataId: resource_crons_jobs__json.json | group: agentspec__enc.70726f647563742d6265686176696f72616c2d6e756467652d656e67696e65__enc.302e302e31 | tenant: public | md5: cc08d069bc62a35210163f7998b7b2f5
2026-09-29 09:43:16,910|opType: publish | rt: 6ms | status: success | requestIp: null | dataId: resource_config_IDENTITY__md.json | group: agentspec__enc.70726f647563742d6265686176696f72616c2d6e756467652d656e67696e65__enc.302e302e31 | tenant: public | md5: 209b74482848ac493363e73d5b247731
2026-09-29 09:43:16,912|opType: publish | rt: 6ms | status: success | requestIp: null | dataId: enc.6576616c732f6576616c732e6a736f6e | group: skill_enc.7369676e75702d666c6f772d63726f__enc.312e312e30 | tenant: public | md5: 747b85d3706e98db43cf617eb452b672
2026-09-29 09:43:16,916|opType: publish | rt: 6ms | status: success | requestIp: null | dataId: SKILL.md | group: skill_enc.7369676e75702d666c6f772d63726f__enc.312e312e30 | tenant: public | md5: 13aafb2fbe6201931789e31aa5a046ed
2026-09-29 09:43:16,917|opType: publish | rt: 5ms | status: success | requestIp: null | dataId: resource_tool-analysis_tool-analysis__json.json | group: agentspec__enc.70726f647563742d6265686176696f72616c2d6e756467652d656e67696e65__enc.302e302e31 | tenant: public | md5: 78b9bbeb533e114c547152ee51e1aea8
2026-09-29 09:43:16,919|opType: publish | rt: 5ms | status: success | requestIp: null | dataId: resource_config_AGENTS__md.json | group: agentspec__enc.70726f647563742d6265686176696f72616c2d6e756467652d656e67696e65__enc.302e302e31 | tenant: public | md5: d6aec50d5917ddb017ac315f51b05b04
2026-09-29 09:43:16,921|opType: publish | rt: 4ms | status: success | requestIp: null | dataId: resource_config_SOUL__md.json | group: agentspec__enc.70726f647563742d6265686176696f72616c2d6e756467652d656e67696e65__enc.302e302e31 | tenant: public | md5: ce068efd4505aa67cf4621fbf754ada4
2026-09-29 09:43:16,926|opType: publish | rt: 3ms | status: success | requestIp: null | dataId: resource_config_MEMORY__md.json | group: agentspec__enc.70726f647563742d6265686176696f72616c2d6e756467652d656e67696e65__enc.302e302e31 | tenant: public | md5: 1f6856b73c1c6ca7716dcccae572b737
2026-09-29 09:43:16,935|opType: publish | rt: 6ms | status: success | requestIp: null | dataId: manifest.json | group: agentspec__enc.70726f647563742d666565646261636b2d73796e74686573697a6572__enc.302e302e31 | tenant: public | md5: 1c5c15b1584eb9a82957dfc1c6e38adf
2026-09-29 09:43:16,938|opType: publish | rt: 6ms | status: success | requestIp: null | dataId: resource_crons_jobs__json.json | group: agentspec__enc.70726f647563742d666565646261636b2d73796e74686573697a6572__enc.302e302e31 | tenant: public | md5: 89f13a7e215a80c55a274e475e1dd84e
2026-09-29 09:43:16,943|opType: publish | rt: 6ms | status: success | requestIp: null | dataId: resource_config_IDENTITY__md.json | group: agentspec__enc.70726f647563742d666565646261636b2d73796e74686573697a6572__enc.302e302e31 | tenant: public | md5: 704fd1b83b70536ed75e85802365c8a2
2026-09-29 09:43:16,945|opType: publish | rt: 6ms | status: success | requestIp: null | dataId: resource_tool-analysis_tool-analysis__json.json | group: agentspec__enc.70726f647563742d666565646261636b2d73796e74686573697a6572__enc.302e302e31 | tenant: public | md5: 6479254737726bebe6c9840ed3e870fc
2026-09-29 09:43:16,946|opType: publish | rt: 5ms | status: success | requestIp: null | dataId: resource_config_AGENTS__md.json | group: agentspec__enc.70726f647563742d666565646261636b2d73796e74686573697a6572__enc.302e302e31 | tenant: public | md5: b92eaf51d2ee1f22fbe30e00a127f3b3
2026-09-29 09:43:16,962|opType: publish | rt: 5ms | status: success | requestIp: null | dataId: skill_index.json | group: skill_seo-audit | tenant: public | md5: a8969d965e2d934508c09d0260249994
2026-09-29 09:43:16,967|opType: publish | rt: 5ms | status: success | requestIp: null | dataId: resource_config_SOUL__md.json | group: agentspec__enc.70726f647563742d666565646261636b2d73796e74686573697a6572__enc.302e302e31 | tenant: public | md5: 6be24a342d9add1d587733cf2aed1f2e
2026-09-29 09:43:16,968|opType: publish | rt: 5ms | status: success | requestIp: null | dataId: resource_config_MEMORY__md.json | group: agentspec__enc.70726f647563742d666565646261636b2d73796e74686573697a6572__enc.302e302e31 | tenant: public | md5: 6f30ad1f74ebd65278ce4014600b4c6c
2026-09-29 09:43:16,970|opType: publish | rt: 5ms | status: success | requestIp: null | dataId: manifest.json | group: agentspec__enc.70726f647563742d6d616e61676572__enc.302e302e31 | tenant: public | md5: ab13dd6ca00ce1add790bada420f5a95
2026-09-29 09:43:16,971|opType: publish | rt: 4ms | status: success | requestIp: null | dataId: resource_crons_jobs__json.json | group: agentspec__enc.70726f647563742d6d616e61676572__enc.302e302e31 | tenant: public | md5: 17b869f5a6c2ab436be48189a034941c
2026-09-29 09:43:16,974|opType: publish | rt: 4ms | status: success | requestIp: null | dataId: resource_config_IDENTITY__md.json | group: agentspec__enc.70726f647563742d6d616e61676572__enc.302e302e31 | tenant: public | md5: 5813e01ff63ba6182a18e4bc5ca60583
2026-09-29 09:43:17,010|opType: publish | rt: 4ms | status: success | requestIp: null | dataId: resource_tool-analysis_tool-analysis__json.json | group: agentspec__enc.70726f647563742d6d616e61676572__enc.302e302e31 | tenant: public | md5: fd9fa0d4ef784c4a4855ae9c336a82b7
2026-09-29 09:43:17,034|opType: publish | rt: 7ms | status: success | requestIp: null | dataId: enc.7265666572656e6365732f6e617669676174696f6e2d7061747465726e732e6d64 | group: skill_enc.736974652d617263686974656374757265__enc.312e312e30 | tenant: public | md5: 0eb4f19b4ba0a5be0990c8698cd435b0
2026-09-29 09:43:17,035|opType: publish | rt: 7ms | status: success | requestIp: null | dataId: enc.7265666572656e6365732f736974652d747970652d74656d706c617465732e6d64 | group: skill_enc.736974652d617263686974656374757265__enc.312e312e30 | tenant: public | md5: c972619dbe809eeb3da3f3adc50358b4
2026-09-29 09:43:17,038|opType: publish | rt: 5ms | status: success | requestIp: null | dataId: SKILL.md | group: skill_enc.736974652d617263686974656374757265__enc.312e312e30 | tenant: public | md5: d293478c61b6c21ef7754ec4c0301529
2026-09-29 09:43:17,042|opType: publish | rt: 6ms | status: success | requestIp: null | dataId: enc.6576616c732f6576616c732e6a736f6e | group: skill_enc.736974652d617263686974656374757265__enc.312e312e30 | tenant: public | md5: 2b59bc7ae26cc1c1f019a1ab0b013bd1
2026-09-29 09:43:17,044|opType: publish | rt: 6ms | status: success | requestIp: null | dataId: resource_config_AGENTS__md.json | group: agentspec__enc.70726f647563742d6d616e61676572__enc.302e302e31 | tenant: public | md5: 940a271003582c4cd661991fbd8c24a8
2026-09-29 09:43:17,046|opType: publish | rt: 5ms | status: success | requestIp: null | dataId: enc.7265666572656e6365732f6d65726d6169642d74656d706c617465732e6d64 | group: skill_enc.736974652d617263686974656374757265__enc.312e312e30 | tenant: public | md5: 7fe021149a4803d117467544b26aeedd
2026-09-29 09:43:17,088|opType: publish | rt: 5ms | status: success | requestIp: null | dataId: resource_config_SOUL__md.json | group: agentspec__enc.70726f647563742d6d616e61676572__enc.302e302e31 | tenant: public | md5: 554ea9c8a17ac8966d218b9e9ab13917
2026-09-29 09:43:17,098|opType: publish | rt: 5ms | status: success | requestIp: null | dataId: resource_config_MEMORY__md.json | group: agentspec__enc.70726f647563742d6d616e61676572__enc.302e302e31 | tenant: public | md5: 3a2342a856af594dd7ab1b9c288a8506
2026-09-29 09:43:17,107|opType: publish | rt: 6ms | status: success | requestIp: null | dataId: enc.7265666572656e6365732f706c6174666f726d732e6d64 | group: skill_enc.736f6369616c2d636f6e74656e74__enc.312e312e30 | tenant: public | md5: 8a9ca50689468807c2b82876ec7ab04b
2026-09-29 09:43:17,113|opType: publish | rt: 8ms | status: success | requestIp: null | dataId: enc.6576616c732f6576616c732e6a736f6e | group: skill_enc.736f6369616c2d636f6e74656e74__enc.312e312e30 | tenant: public | md5: 3fd33c5dbdae18151ff326ac076491c6
2026-09-29 09:43:17,115|opType: publish | rt: 8ms | status: success | requestIp: null | dataId: SKILL.md | group: skill_enc.736f6369616c2d636f6e74656e74__enc.312e312e30 | tenant: public | md5: e40238f5a96b1a35d7df5875f6b97ca5
2026-09-29 09:43:17,118|opType: publish | rt: 8ms | status: success | requestIp: null | dataId: enc.7265666572656e6365732f726576657273652d656e67696e656572696e672e6d64 | group: skill_enc.736f6369616c2d636f6e74656e74__enc.312e312e30 | tenant: public | md5: bfd05ba02e5c065550e54f73291d4fe7
2026-09-29 09:43:17,118|opType: publish | rt: 5ms | status: success | requestIp: null | dataId: manifest.json | group: agentspec__enc.70726f647563742d737072696e742d7072696f726974697a6572__enc.302e302e31 | tenant: public | md5: 7922e605fe94136ce3b6b6c5f9844f6b
2026-09-29 09:43:17,134|opType: publish | rt: 20ms | status: success | requestIp: null | dataId: enc.7265666572656e6365732f706f73742d74656d706c617465732e6d64 | group: skill_enc.736f6369616c2d636f6e74656e74__enc.312e312e30 | tenant: public | md5: a4a6f679084788342027401f1c7d4ad5
2026-09-29 09:43:17,136|opType: publish | rt: 18ms | status: success | requestIp: null | dataId: resource_crons_jobs__json.json | group: agentspec__enc.70726f647563742d737072696e742d7072696f726974697a6572__enc.302e302e31 | tenant: public | md5: 9114f98e23d2d2af59980944ca0add98
2026-09-29 09:43:17,143|opType: publish | rt: 7ms | status: success | requestIp: null | dataId: resource_config_IDENTITY__md.json | group: agentspec__enc.70726f647563742d737072696e742d7072696f726974697a6572__enc.302e302e31 | tenant: public | md5: 12bdad760fd3643311391814f6e5df07
2026-09-29 09:43:17,147|opType: publish | rt: 8ms | status: success | requestIp: null | dataId: resource_tool-analysis_tool-analysis__json.json | group: agentspec__enc.70726f647563742d737072696e742d7072696f726974697a6572__enc.302e302e31 | tenant: public | md5: 69d0aad448135fa524dc8aa02aacb038
2026-09-29 09:43:17,150|opType: publish | rt: 7ms | status: success | requestIp: null | dataId: resource_config_AGENTS__md.json | group: agentspec__enc.70726f647563742d737072696e742d7072696f726974697a6572__enc.302e302e31 | tenant: public | md5: fba452ea7a294f4bb4850c3a5846d681
2026-09-29 09:43:17,153|opType: publish | rt: 6ms | status: success | requestIp: null | dataId: resource_config_SOUL__md.json | group: agentspec__enc.70726f647563742d737072696e742d7072696f726974697a6572__enc.302e302e31 | tenant: public | md5: dd7d2f2b82491edd970e727685bb1ea9
2026-09-29 09:43:17,155|opType: publish | rt: 5ms | status: success | requestIp: null | dataId: resource_config_MEMORY__md.json | group: agentspec__enc.70726f647563742d737072696e742d7072696f726974697a6572__enc.302e302e31 | tenant: public | md5: f51d6338df350dfd127dc04d2511431a
2026-09-29 09:43:17,157|opType: publish | rt: 4ms | status: success | requestIp: null | dataId: skill_index.json | group: skill_signup-flow-cro | tenant: public | md5: 0c3e72e2215e86f4cee39b9bce336dd7
2026-09-29 09:43:17,159|opType: publish | rt: 5ms | status: success | requestIp: null | dataId: manifest.json | group: agentspec__enc.70726f647563742d7472656e642d72657365617263686572__enc.302e302e31 | tenant: public | md5: 3c0f8f743fd8906ab8cc7fc26c8abf84
2026-09-29 09:43:17,161|opType: publish | rt: 5ms | status: success | requestIp: null | dataId: resource_tool-analysis_tool-analysis__json.json | group: agentspec__enc.70726f647563742d7472656e642d72657365617263686572__enc.302e302e31 | tenant: public | md5: 2b8ab325154a1b64bca2f6edf67f5b5f
2026-09-29 09:43:17,163|opType: publish | rt: 4ms | status: success | requestIp: null | dataId: resource_config_IDENTITY__md.json | group: agentspec__enc.70726f647563742d7472656e642d72657365617263686572__enc.302e302e31 | tenant: public | md5: fabc4269e2c9a9b132dcda7e5e0cf3ea
2026-09-29 09:43:17,164|opType: publish | rt: 4ms | status: success | requestIp: null | dataId: resource_crons_jobs__json.json | group: agentspec__enc.70726f647563742d7472656e642d72657365617263686572__enc.302e302e31 | tenant: public | md5: 2223e569b180c4f40b5717d81904030d
2026-09-29 09:43:17,184|opType: publish | rt: 7ms | status: success | requestIp: null | dataId: SKILL.md | group: skill_enc.6167656e742d62726f77736572__enc.302e302e31 | tenant: public | md5: 8651a813447fdd0554f1ef1b4167a01e
2026-09-29 09:43:17,184|opType: publish | rt: 6ms | status: success | requestIp: null | dataId: enc.7265666572656e6365732f70726f78792d737570706f72742e6d64 | group: skill_enc.6167656e742d62726f77736572__enc.302e302e31 | tenant: public | md5: 7fcef1d396dd90b51d8cd4f9401f2ddf
2026-09-29 09:43:17,186|opType: publish | rt: 6ms | status: success | requestIp: null | dataId: enc.7265666572656e6365732f636f6d6d616e64732e6d64 | group: skill_enc.6167656e742d62726f77736572__enc.302e302e31 | tenant: public | md5: 0de52bea469f321cc6177d250bbadd92
2026-09-29 09:43:17,188|opType: publish | rt: 6ms | status: success | requestIp: null | dataId: enc.7265666572656e6365732f73657373696f6e2d6d616e6167656d656e742e6d64 | group: skill_enc.6167656e742d62726f77736572__enc.302e302e31 | tenant: public | md5: 9841d9a0b113b0294fe20d0d020a783e
2026-09-29 09:43:17,191|opType: publish | rt: 6ms | status: success | requestIp: null | dataId: enc.74656d706c617465732f636170747572652d776f726b666c6f772e7368 | group: skill_enc.6167656e742d62726f77736572__enc.302e302e31 | tenant: public | md5: 1665ab76efae2c43bb821c4fe0862fcd
2026-09-29 09:43:17,193|opType: publish | rt: 6ms | status: success | requestIp: null | dataId: enc.7265666572656e6365732f766964656f2d7265636f7264696e672e6d64 | group: skill_enc.6167656e742d62726f77736572__enc.302e302e31 | tenant: public | md5: 450c8caf748dc8b4f73a1a992d838f54
2026-09-29 09:43:17,196|opType: publish | rt: 6ms | status: success | requestIp: null | dataId: enc.7265666572656e6365732f61757468656e7469636174696f6e2e6d64 | group: skill_enc.6167656e742d62726f77736572__enc.302e302e31 | tenant: public | md5: c3a8f1088214fe0f2835034403b28923
2026-09-29 09:43:17,198|opType: publish | rt: 5ms | status: success | requestIp: null | dataId: enc.74656d706c617465732f666f726d2d6175746f6d6174696f6e2e7368 | group: skill_enc.6167656e742d62726f77736572__enc.302e302e31 | tenant: public | md5: ec934c21c0ba33bf0dddd49d69294576
2026-09-29 09:43:17,200|opType: publish | rt: 5ms | status: success | requestIp: null | dataId: enc.7265666572656e6365732f736e617073686f742d726566732e6d64 | group: skill_enc.6167656e742d62726f77736572__enc.302e302e31 | tenant: public | md5: 0941be7f4d7c30d83efd706d87dd3963
2026-09-29 09:43:17,204|opType: publish | rt: 6ms | status: success | requestIp: null | dataId: enc.74656d706c617465732f61757468656e746963617465642d73657373696f6e2e7368 | group: skill_enc.6167656e742d62726f77736572__enc.302e302e31 | tenant: public | md5: b320b2b53f414ccf028fe68ecaa5f180
2026-09-29 09:43:17,206|opType: publish | rt: 6ms | status: success | requestIp: null | dataId: resource_config_AGENTS__md.json | group: agentspec__enc.70726f647563742d7472656e642d72657365617263686572__enc.302e302e31 | tenant: public | md5: 1bf8526f4c4fb2a6a8fb08b6670fc391
2026-09-29 09:43:17,209|opType: publish | rt: 6ms | status: success | requestIp: null | dataId: resource_config_SOUL__md.json | group: agentspec__enc.70726f647563742d7472656e642d72657365617263686572__enc.302e302e31 | tenant: public | md5: eef8f414bcea08ef6953cfe39ebe46c8
2026-09-29 09:43:17,211|opType: publish | rt: 5ms | status: success | requestIp: null | dataId: manifest.json | group: agentspec__enc.70726f6a6563742d6d616e6167656d656e742d6578706572696d656e742d747261636b6572__enc.302e302e31 | tenant: public | md5: 480106b3649e2612e54798dae967ba8f
2026-09-29 09:43:17,213|opType: publish | rt: 5ms | status: success | requestIp: null | dataId: resource_crons_jobs__json.json | group: agentspec__enc.70726f6a6563742d6d616e6167656d656e742d6578706572696d656e742d747261636b6572__enc.302e302e31 | tenant: public | md5: 7d5c45ba21ff7f0a64e4edfda818f3b1
2026-09-29 09:43:17,215|opType: publish | rt: 5ms | status: success | requestIp: null | dataId: resource_config_MEMORY__md.json | group: agentspec__enc.70726f647563742d7472656e642d72657365617263686572__enc.302e302e31 | tenant: public | md5: b23f8b1ba5732c29a2ab0d9cfdaddcad
2026-09-29 09:43:17,220|opType: publish | rt: 4ms | status: success | requestIp: null | dataId: resource_config_IDENTITY__md.json | group: agentspec__enc.70726f6a6563742d6d616e6167656d656e742d6578706572696d656e742d747261636b6572__enc.302e302e31 | tenant: public | md5: 0f1ee392ec8f0193cb17f9641aaac807
2026-09-29 09:43:17,257|opType: publish | rt: 6ms | status: success | requestIp: null | dataId: resource_tool-analysis_tool-analysis__json.json | group: agentspec__enc.70726f6a6563742d6d616e6167656d656e742d6578706572696d656e742d747261636b6572__enc.302e302e31 | tenant: public | md5: 6e807f46e79f5f1309a3de14e7ab52ec
2026-09-29 09:43:17,262|opType: publish | rt: 4ms | status: success | requestIp: null | dataId: skill_index.json | group: skill_site-architecture | tenant: public | md5: ecd2f29e8f4c76d7270a34cde5a2b7ad
2026-09-29 09:43:17,297|opType: publish | rt: 4ms | status: success | requestIp: null | dataId: resource_config_AGENTS__md.json | group: agentspec__enc.70726f6a6563742d6d616e6167656d656e742d6578706572696d656e742d747261636b6572__enc.302e302e31 | tenant: public | md5: 7a5da0b08f817fb10cccc2c3d0b16f74
2026-09-29 09:43:17,309|opType: publish | rt: 4ms | status: success | requestIp: null | dataId: resource_config_SOUL__md.json | group: agentspec__enc.70726f6a6563742d6d616e6167656d656e742d6578706572696d656e742d747261636b6572__enc.302e302e31 | tenant: public | md5: 63dfee627153785acc0f6ab099e0c653
2026-09-29 09:43:17,329|opType: publish | rt: 4ms | status: success | requestIp: null | dataId: resource_config_MEMORY__md.json | group: agentspec__enc.70726f6a6563742d6d616e6167656d656e742d6578706572696d656e742d747261636b6572__enc.302e302e31 | tenant: public | md5: c4bcca12af7e8404ba36c50d6dd94c80
2026-09-29 09:43:17,347|opType: publish | rt: 5ms | status: success | requestIp: null | dataId: manifest.json | group: agentspec__enc.70726f6a6563742d6d616e6167656d656e742d6a6972612d776f726b666c6f772d73746577617264__enc.302e302e31 | tenant: public | md5: 68ca9580c518fbac103d35d165d7dded
2026-09-29 09:43:17,350|opType: publish | rt: 5ms | status: success | requestIp: null | dataId: skill_index.json | group: skill_social-content | tenant: public | md5: 7c98d4aca7e49ec83deaaae3bec2e7d7
2026-09-29 09:43:17,357|opType: publish | rt: 5ms | status: success | requestIp: null | dataId: resource_crons_jobs__json.json | group: agentspec__enc.70726f6a6563742d6d616e6167656d656e742d6a6972612d776f726b666c6f772d73746577617264__enc.302e302e31 | tenant: public | md5: 9167874d48c077ec220cf9b320fe0b64
2026-09-29 09:43:17,358|opType: publish | rt: 5ms | status: success | requestIp: null | dataId: resource_config_IDENTITY__md.json | group: agentspec__enc.70726f6a6563742d6d616e6167656d656e742d6a6972612d776f726b666c6f772d73746577617264__enc.302e302e31 | tenant: public | md5: ac13774ec7978613c25a2eec057a3dda
2026-09-29 09:43:17,362|opType: publish | rt: 5ms | status: success | requestIp: null | dataId: resource_tool-analysis_tool-analysis__json.json | group: agentspec__enc.70726f6a6563742d6d616e6167656d656e742d6a6972612d776f726b666c6f772d73746577617264__enc.302e302e31 | tenant: public | md5: 48890a36fd702ab71e661fa6a2862200
2026-09-29 09:43:17,364|opType: publish | rt: 5ms | status: success | requestIp: null | dataId: resource_config_AGENTS__md.json | group: agentspec__enc.70726f6a6563742d6d616e6167656d656e742d6a6972612d776f726b666c6f772d73746577617264__enc.302e302e31 | tenant: public | md5: 0f7c54a0450ba6f6998147d19e04fddc
2026-09-29 09:43:17,371|opType: publish | rt: 6ms | status: success | requestIp: null | dataId: resource_config_SOUL__md.json | group: agentspec__enc.70726f6a6563742d6d616e6167656d656e742d6a6972612d776f726b666c6f772d73746577617264__enc.302e302e31 | tenant: public | md5: 96e2b6e66bb314524c5c96b5943f8d46
2026-09-29 09:43:17,375|opType: publish | rt: 7ms | status: success | requestIp: null | dataId: SKILL.md | group: skill_enc.6167656e742d746f6f6c73__enc.302e302e31 | tenant: public | md5: 8f61c7e80e2e69dcaded2aeff06f5e94
2026-09-29 09:43:17,376|opType: publish | rt: 6ms | status: success | requestIp: null | dataId: enc.7265666572656e6365732f72756e6e696e672d617070732e6d64 | group: skill_enc.6167656e742d746f6f6c73__enc.302e302e31 | tenant: public | md5: fd689c450695dec66cdf013741d66273
2026-09-29 09:43:17,377|opType: publish | rt: 5ms | status: success | requestIp: null | dataId: enc.7265666572656e6365732f6170702d646973636f766572792e6d64 | group: skill_enc.6167656e742d746f6f6c73__enc.302e302e31 | tenant: public | md5: d9f79e2efd476655587f07121b20b8e0
2026-09-29 09:43:17,380|opType: publish | rt: 5ms | status: success | requestIp: null | dataId: enc.7265666572656e6365732f61757468656e7469636174696f6e2e6d64 | group: skill_enc.6167656e742d746f6f6c73__enc.302e302e31 | tenant: public | md5: deb0ec845ad1813c3e54906b4a952b88
2026-09-29 09:43:17,383|opType: publish | rt: 6ms | status: success | requestIp: null | dataId: enc.7265666572656e6365732f636c692d7265666572656e63652e6d64 | group: skill_enc.6167656e742d746f6f6c73__enc.302e302e31 | tenant: public | md5: b0c112393310a53890afa25fa4a74632
2026-09-29 09:43:17,385|opType: publish | rt: 5ms | status: success | requestIp: null | dataId: resource_config_MEMORY__md.json | group: agentspec__enc.70726f6a6563742d6d616e6167656d656e742d6a6972612d776f726b666c6f772d73746577617264__enc.302e302e31 | tenant: public | md5: 0e78cf5bcf80f8f5fe67b34b1021d4f5
2026-09-29 09:43:17,389|opType: publish | rt: 6ms | status: success | requestIp: null | dataId: manifest.json | group: agentspec__enc.70726f6a6563742d6d616e6167656d656e742d70726f6a6563742d7368657068657264__enc.302e302e31 | tenant: public | md5: dc6f077b593dcb01d73be3cb3239d30f
2026-09-29 09:43:17,392|opType: publish | rt: 7ms | status: success | requestIp: null | dataId: resource_crons_jobs__json.json | group: agentspec__enc.70726f6a6563742d6d616e6167656d656e742d70726f6a6563742d7368657068657264__enc.302e302e31 | tenant: public | md5: 08a78ad770ef26c758fc01134bae8c5f
2026-09-29 09:43:17,393|opType: publish | rt: 6ms | status: success | requestIp: null | dataId: resource_config_IDENTITY__md.json | group: agentspec__enc.70726f6a6563742d6d616e6167656d656e742d70726f6a6563742d7368657068657264__enc.302e302e31 | tenant: public | md5: 0f77552839e3700e9849cc12c46e855d
2026-09-29 09:43:17,419|opType: publish | rt: 6ms | status: success | requestIp: null | dataId: resource_tool-analysis_tool-analysis__json.json | group: agentspec__enc.70726f6a6563742d6d616e6167656d656e742d70726f6a6563742d7368657068657264__enc.302e302e31 | tenant: public | md5: 037f5c9d3c345ff12c7546483f7769fd
2026-09-29 09:43:17,423|opType: publish | rt: 6ms | status: success | requestIp: null | dataId: skill_index.json | group: skill_agent-browser | tenant: public | md5: d8d3658b02fea5a61b7ab4fc60491446
2026-09-29 09:43:17,426|opType: publish | rt: 6ms | status: success | requestIp: null | dataId: resource_config_AGENTS__md.json | group: agentspec__enc.70726f6a6563742d6d616e6167656d656e742d70726f6a6563742d7368657068657264__enc.302e302e31 | tenant: public | md5: d90fd5c27c0f70e9471c2ca446ac0ddb
2026-09-29 09:43:17,430|opType: publish | rt: 7ms | status: success | requestIp: null | dataId: resource_config_MEMORY__md.json | group: agentspec__enc.70726f6a6563742d6d616e6167656d656e742d70726f6a6563742d7368657068657264__enc.302e302e31 | tenant: public | md5: a6062fc660a39982ae14a0dd0d648ba2
2026-09-29 09:43:17,432|opType: publish | rt: 7ms | status: success | requestIp: null | dataId: resource_config_SOUL__md.json | group: agentspec__enc.70726f6a6563742d6d616e6167656d656e742d70726f6a6563742d7368657068657264__enc.302e302e31 | tenant: public | md5: fbf743a96250e57a5a29be0b1aed4a80
2026-09-29 09:43:17,435|opType: publish | rt: 4ms | status: success | requestIp: null | dataId: resource_crons_jobs__json.json | group: agentspec__enc.70726f6a6563742d6d616e6167656d656e742d73747564696f2d6f7065726174696f6e73__enc.302e302e31 | tenant: public | md5: b410fa1f37f893185d529b3c2446ff3e
2026-09-29 09:43:17,438|opType: publish | rt: 5ms | status: success | requestIp: null | dataId: manifest.json | group: agentspec__enc.70726f6a6563742d6d616e6167656d656e742d73747564696f2d6f7065726174696f6e73__enc.302e302e31 | tenant: public | md5: b6b8f258bd9341ac35ea787cffb7c702
2026-09-29 09:43:17,467|opType: publish | rt: 5ms | status: success | requestIp: null | dataId: resource_config_IDENTITY__md.json | group: agentspec__enc.70726f6a6563742d6d616e6167656d656e742d73747564696f2d6f7065726174696f6e73__enc.302e302e31 | tenant: public | md5: 2dda54e7db0d5ec9f5d0c902df6de49a
2026-09-29 09:43:17,474|opType: publish | rt: 5ms | status: success | requestIp: null | dataId: SKILL.md | group: skill_enc.6167656e742d7569__enc.302e302e31 | tenant: public | md5: 760f195ebeeb0187f48bc6401178c9d4
2026-09-29 09:43:17,509|opType: publish | rt: 5ms | status: success | requestIp: null | dataId: resource_tool-analysis_tool-analysis__json.json | group: agentspec__enc.70726f6a6563742d6d616e6167656d656e742d73747564696f2d6f7065726174696f6e73__enc.302e302e31 | tenant: public | md5: 9d6c348a89daca9be3ba5b4adeba6518
2026-09-29 09:43:17,521|opType: publish | rt: 5ms | status: success | requestIp: null | dataId: resource_config_AGENTS__md.json | group: agentspec__enc.70726f6a6563742d6d616e6167656d656e742d73747564696f2d6f7065726174696f6e73__enc.302e302e31 | tenant: public | md5: cbed7963e68b4fc0b8a5d956a1c24653
2026-09-29 09:43:17,545|opType: publish | rt: 5ms | status: success | requestIp: null | dataId: resource_config_SOUL__md.json | group: agentspec__enc.70726f6a6563742d6d616e6167656d656e742d73747564696f2d6f7065726174696f6e73__enc.302e302e31 | tenant: public | md5: 838d0f20f95b49340d101ef9229fe929
2026-09-29 09:43:17,557|opType: publish | rt: 5ms | status: success | requestIp: null | dataId: resource_config_MEMORY__md.json | group: agentspec__enc.70726f6a6563742d6d616e6167656d656e742d73747564696f2d6f7065726174696f6e73__enc.302e302e31 | tenant: public | md5: 3889c650a4a120694e1f1927fa0709de
2026-09-29 09:43:17,564|opType: publish | rt: 6ms | status: success | requestIp: null | dataId: SKILL.md | group: skill_enc.61692d6175746f6d6174696f6e2d776f726b666c6f7773__enc.302e302e31 | tenant: public | md5: 7e072e6f85a633ea25f9f4628f83ac99
2026-09-29 09:43:17,570|opType: publish | rt: 5ms | status: success | requestIp: null | dataId: manifest.json | group: agentspec__enc.70726f6a6563742d6d616e6167656d656e742d73747564696f2d70726f6475636572__enc.302e302e31 | tenant: public | md5: ff5b37a3af28858c50c74d27da11d2a5
2026-09-29 09:43:17,571|opType: publish | rt: 5ms | status: success | requestIp: null | dataId: resource_crons_jobs__json.json | group: agentspec__enc.70726f6a6563742d6d616e6167656d656e742d73747564696f2d70726f6475636572__enc.302e302e31 | tenant: public | md5: 5c34575b898e7150c978e7d9311a55fa
2026-09-29 09:43:17,574|opType: publish | rt: 4ms | status: success | requestIp: null | dataId: resource_config_IDENTITY__md.json | group: agentspec__enc.70726f6a6563742d6d616e6167656d656e742d73747564696f2d70726f6475636572__enc.302e302e31 | tenant: public | md5: 27fa0f4592d5870b24a3f962c345905c
2026-09-29 09:43:17,578|opType: publish | rt: 6ms | status: success | requestIp: null | dataId: resource_tool-analysis_tool-analysis__json.json | group: agentspec__enc.70726f6a6563742d6d616e6167656d656e742d73747564696f2d70726f6475636572__enc.302e302e31 | tenant: public | md5: cbbb7586feb394ddc0415e54ff483ba0
2026-09-29 09:43:17,582|opType: publish | rt: 5ms | status: success | requestIp: null | dataId: resource_config_AGENTS__md.json | group: agentspec__enc.70726f6a6563742d6d616e6167656d656e742d73747564696f2d70726f6475636572__enc.302e302e31 | tenant: public | md5: efa1e0f972d0872db52e5bf917f59349
2026-09-29 09:43:17,598|opType: publish | rt: 5ms | status: success | requestIp: null | dataId: resource_config_SOUL__md.json | group: agentspec__enc.70726f6a6563742d6d616e6167656d656e742d73747564696f2d70726f6475636572__enc.302e302e31 | tenant: public | md5: 0863bf0f0b4c7187c1336b48da826d40
2026-09-29 09:43:17,599|opType: publish | rt: 5ms | status: success | requestIp: null | dataId: skill_index.json | group: skill_agent-tools | tenant: public | md5: 165e9bf1b31b15cb0e75e7e5953f2a9a
2026-09-29 09:43:17,602|opType: publish | rt: 5ms | status: success | requestIp: null | dataId: resource_config_MEMORY__md.json | group: agentspec__enc.70726f6a6563742d6d616e6167656d656e742d73747564696f2d70726f6475636572__enc.302e302e31 | tenant: public | md5: 2da14232d0d59ed80f056c9a9d1b3295
2026-09-29 09:43:17,605|opType: publish | rt: 6ms | status: success | requestIp: null | dataId: manifest.json | group: agentspec__enc.70726f6a6563742d6d616e616765722d73656e696f72__enc.302e302e31 | tenant: public | md5: 1ebd994fc49cacfb44a473188b93f705
2026-09-29 09:43:17,606|opType: publish | rt: 5ms | status: success | requestIp: null | dataId: resource_crons_jobs__json.json | group: agentspec__enc.70726f6a6563742d6d616e616765722d73656e696f72__enc.302e302e31 | tenant: public | md5: fa68db7539b6d97f6b6a6bccf9241bc5
2026-09-29 09:43:17,629|opType: publish | rt: 4ms | status: success | requestIp: null | dataId: resource_config_IDENTITY__md.json | group: agentspec__enc.70726f6a6563742d6d616e616765722d73656e696f72__enc.302e302e31 | tenant: public | md5: 9aa718260e118571389d8ab6b06a120c
2026-09-29 09:43:17,638|opType: publish | rt: 6ms | status: success | requestIp: null | dataId: SKILL.md | group: skill_enc.61692d6176617461722d766964656f__enc.302e302e31 | tenant: public | md5: 2e21e1453c8d5f844687d14f55b606b5
2026-09-29 09:43:17,639|opType: publish | rt: 5ms | status: success | requestIp: null | dataId: resource_tool-analysis_tool-analysis__json.json | group: agentspec__enc.70726f6a6563742d6d616e616765722d73656e696f72__enc.302e302e31 | tenant: public | md5: 2bb6ef90e43a8e405f2bb4696d020f31
2026-09-29 09:43:17,644|opType: publish | rt: 5ms | status: success | requestIp: null | dataId: resource_config_AGENTS__md.json | group: agentspec__enc.70726f6a6563742d6d616e616765722d73656e696f72__enc.302e302e31 | tenant: public | md5: 90141224f336dce80033883343455cfc
2026-09-29 09:43:17,647|opType: publish | rt: 6ms | status: success | requestIp: null | dataId: resource_config_SOUL__md.json | group: agentspec__enc.70726f6a6563742d6d616e616765722d73656e696f72__enc.302e302e31 | tenant: public | md5: 0c05488f8ca69c53459245d47d7b2093
2026-09-29 09:43:17,648|opType: publish | rt: 5ms | status: success | requestIp: null | dataId: resource_config_MEMORY__md.json | group: agentspec__enc.70726f6a6563742d6d616e616765722d73656e696f72__enc.302e302e31 | tenant: public | md5: 2cd6f72622c061346c413efd18866dec
2026-09-29 09:43:17,651|opType: publish | rt: 5ms | status: success | requestIp: null | dataId: manifest.json | group: agentspec__enc.70726f6d70742d656e67696e656572__enc.302e302e31 | tenant: public | md5: ceae7b7e5d28202077ca7b8a5c941fea
2026-09-29 09:43:17,679|opType: publish | rt: 5ms | status: success | requestIp: null | dataId: resource_crons_jobs__json.json | group: agentspec__enc.70726f6d70742d656e67696e656572__enc.302e302e31 | tenant: public | md5: c062576f285ba61f3e2b9a98a2b0e25d
2026-09-29 09:43:17,689|opType: publish | rt: 4ms | status: success | requestIp: null | dataId: skill_index.json | group: skill_agent-ui | tenant: public | md5: a954ba25a6022882637d1312aa486859
2026-09-29 09:43:17,718|opType: publish | rt: 5ms | status: success | requestIp: null | dataId: resource_config_IDENTITY__md.json | group: agentspec__enc.70726f6d70742d656e67696e656572__enc.302e302e31 | tenant: public | md5: cbdc621f0cbb6b6108e92285dd22e1ad
2026-09-29 09:43:17,730|opType: publish | rt: 4ms | status: success | requestIp: null | dataId: resource_tool-analysis_tool-analysis__json.json | group: agentspec__enc.70726f6d70742d656e67696e656572__enc.302e302e31 | tenant: public | md5: 175a22d5aec4da0dfd557f44d803e75b
2026-09-29 09:43:17,755|opType: publish | rt: 5ms | status: success | requestIp: null | dataId: resource_config_AGENTS__md.json | group: agentspec__enc.70726f6d70742d656e67696e656572__enc.302e302e31 | tenant: public | md5: c398f883f66f252d524274c712e0130d
2026-09-29 09:43:17,769|opType: publish | rt: 5ms | status: success | requestIp: null | dataId: resource_config_SOUL__md.json | group: agentspec__enc.70726f6d70742d656e67696e656572__enc.302e302e31 | tenant: public | md5: 8716f9ba75a8c466bb56878a6f53d291
2026-09-29 09:43:17,781|opType: publish | rt: 5ms | status: success | requestIp: null | dataId: skill_index.json | group: skill_ai-automation-workflows | tenant: public | md5: a954ba25a6022882637d1312aa486859
2026-09-29 09:43:17,784|opType: publish | rt: 6ms | status: success | requestIp: null | dataId: resource_config_MEMORY__md.json | group: agentspec__enc.70726f6d70742d656e67696e656572__enc.302e302e31 | tenant: public | md5: 9ff939363b2fde112f9d1da175e79b87
2026-09-29 09:43:17,790|opType: publish | rt: 9ms | status: success | requestIp: null | dataId: manifest.json | group: agentspec__enc.726563727569746d656e742d7370656369616c697374__enc.302e302e31 | tenant: public | md5: 88e610b239fb5499a80d175c39d2599f
2026-09-29 09:43:17,792|opType: publish | rt: 7ms | status: success | requestIp: null | dataId: resource_config_IDENTITY__md.json | group: agentspec__enc.726563727569746d656e742d7370656369616c697374__enc.302e302e31 | tenant: public | md5: ba6dd3e1d98144fadff6f4a7316fac5f
2026-09-29 09:43:17,792|opType: publish | rt: 8ms | status: success | requestIp: null | dataId: resource_crons_jobs__json.json | group: agentspec__enc.726563727569746d656e742d7370656369616c697374__enc.302e302e31 | tenant: public | md5: a30b366cae37ed07ef4d454e2103bd08
2026-09-29 09:43:17,794|opType: publish | rt: 4ms | status: success | requestIp: null | dataId: resource_tool-analysis_tool-analysis__json.json | group: agentspec__enc.726563727569746d656e742d7370656369616c697374__enc.302e302e31 | tenant: public | md5: 208f9ef9e4a64f227c167b8b09a5acb6
2026-09-29 09:43:17,810|opType: publish | rt: 5ms | status: success | requestIp: null | dataId: resource_config_AGENTS__md.json | group: agentspec__enc.726563727569746d656e742d7370656369616c697374__enc.302e302e31 | tenant: public | md5: e5317ccb7490b0f191ad6b398c30d8be
2026-09-29 09:43:17,814|opType: publish | rt: 5ms | status: success | requestIp: null | dataId: SKILL.md | group: skill_enc.61692d636f6e74656e742d706970656c696e65__enc.302e302e31 | tenant: public | md5: 1465d2824bda84a1a1974a72fd1a8dcf
2026-09-29 09:43:17,817|opType: publish | rt: 6ms | status: success | requestIp: null | dataId: resource_config_SOUL__md.json | group: agentspec__enc.726563727569746d656e742d7370656369616c697374__enc.302e302e31 | tenant: public | md5: 1ca15279276a5b7b27d2f77956230f3f
2026-09-29 09:43:17,819|opType: publish | rt: 5ms | status: success | requestIp: null | dataId: resource_config_MEMORY__md.json | group: agentspec__enc.726563727569746d656e742d7370656369616c697374__enc.302e302e31 | tenant: public | md5: 26a7769783b7e24420a2fe213930fd7f
2026-09-29 09:43:17,820|opType: publish | rt: 5ms | status: success | requestIp: null | dataId: manifest.json | group: agentspec__enc.7265706f72742d646973747269627574696f6e2d6167656e74__enc.302e302e31 | tenant: public | md5: 69d4bacbf7ea52a7a43d0ec739c056e3
2026-09-29 09:43:17,841|opType: publish | rt: 5ms | status: success | requestIp: null | dataId: resource_crons_jobs__json.json | group: agentspec__enc.7265706f72742d646973747269627574696f6e2d6167656e74__enc.302e302e31 | tenant: public | md5: 360b65c4805b15d3e2118f63307133be
2026-09-29 09:43:17,850|opType: publish | rt: 5ms | status: success | requestIp: null | dataId: resource_config_IDENTITY__md.json | group: agentspec__enc.7265706f72742d646973747269627574696f6e2d6167656e74__enc.302e302e31 | tenant: public | md5: c870859146aaf30daa756cf2d7a68480
2026-09-29 09:43:17,855|opType: publish | rt: 5ms | status: success | requestIp: null | dataId: skill_index.json | group: skill_ai-avatar-video | tenant: public | md5: a954ba25a6022882637d1312aa486859
2026-09-29 09:43:17,857|opType: publish | rt: 5ms | status: success | requestIp: null | dataId: resource_tool-analysis_tool-analysis__json.json | group: agentspec__enc.7265706f72742d646973747269627574696f6e2d6167656e74__enc.302e302e31 | tenant: public | md5: 847e420e3c455bd5e7fbc57f6a5d42cf
2026-09-29 09:43:17,859|opType: publish | rt: 5ms | status: success | requestIp: null | dataId: resource_config_AGENTS__md.json | group: agentspec__enc.7265706f72742d646973747269627574696f6e2d6167656e74__enc.302e302e31 | tenant: public | md5: 29712b0e61aafb02fe91be979686a425
2026-09-29 09:43:17,862|opType: publish | rt: 5ms | status: success | requestIp: null | dataId: resource_config_SOUL__md.json | group: agentspec__enc.7265706f72742d646973747269627574696f6e2d6167656e74__enc.302e302e31 | tenant: public | md5: fae379938ea6ad72fb30311e70f8ce2c
2026-09-29 09:43:17,863|opType: publish | rt: 5ms | status: success | requestIp: null | dataId: resource_config_MEMORY__md.json | group: agentspec__enc.7265706f72742d646973747269627574696f6e2d6167656e74__enc.302e302e31 | tenant: public | md5: 786f4534d9679f01eb776c44d00b05d8
2026-09-29 09:43:17,888|opType: publish | rt: 4ms | status: success | requestIp: null | dataId: manifest.json | group: agentspec__enc.726f626c6f782d6176617461722d63726561746f72__enc.302e302e31 | tenant: public | md5: 6457f2448e416b6cb9c87368320245bb
2026-09-29 09:43:17,903|opType: publish | rt: 4ms | status: success | requestIp: null | dataId: SKILL.md | group: skill_enc.61692d696d6167652d67656e65726174696f6e__enc.302e302e31 | tenant: public | md5: 71c8a1c8796a80b828be3997c3d036a4
2026-09-29 09:43:17,928|opType: publish | rt: 4ms | status: success | requestIp: null | dataId: resource_crons_jobs__json.json | group: agentspec__enc.726f626c6f782d6176617461722d63726561746f72__enc.302e302e31 | tenant: public | md5: a5d2a1cb3db1241f752ef5fb2597c9fc
2026-09-29 09:43:17,941|opType: publish | rt: 5ms | status: success | requestIp: null | dataId: resource_config_IDENTITY__md.json | group: agentspec__enc.726f626c6f782d6176617461722d63726561746f72__enc.302e302e31 | tenant: public | md5: 70db4582427a6ba5bc9095a0452be1e5
2026-09-29 09:43:17,965|opType: publish | rt: 5ms | status: success | requestIp: null | dataId: resource_tool-analysis_tool-analysis__json.json | group: agentspec__enc.726f626c6f782d6176617461722d63726561746f72__enc.302e302e31 | tenant: public | md5: c312a2554922e704d79106cad118c75d
2026-09-29 09:43:17,980|opType: publish | rt: 5ms | status: success | requestIp: null | dataId: resource_config_AGENTS__md.json | group: agentspec__enc.726f626c6f782d6176617461722d63726561746f72__enc.302e302e31 | tenant: public | md5: 2fc385cb3d07608039281956f869ac50
2026-09-29 09:43:18,007|opType: publish | rt: 18ms | status: success | requestIp: null | dataId: SKILL.md | group: skill_enc.61692d6d61726b6574696e672d766964656f73__enc.302e302e31 | tenant: public | md5: 1d8c4fbf6ca3f8914290dfd02fc10438
2026-09-29 09:43:18,009|opType: publish | rt: 17ms | status: success | requestIp: null | dataId: resource_config_SOUL__md.json | group: agentspec__enc.726f626c6f782d6176617461722d63726561746f72__enc.302e302e31 | tenant: public | md5: 80107ad149cd6b28bfa250b90af5d134
2026-09-29 09:43:18,012|opType: publish | rt: 4ms | status: success | requestIp: null | dataId: resource_config_MEMORY__md.json | group: agentspec__enc.726f626c6f782d6176617461722d63726561746f72__enc.302e302e31 | tenant: public | md5: fe54e170acc0ee02ce0dc4705c709d46
2026-09-29 09:43:18,016|opType: publish | rt: 5ms | status: success | requestIp: null | dataId: manifest.json | group: agentspec__enc.726f626c6f782d657870657269656e63652d64657369676e6572__enc.302e302e31 | tenant: public | md5: 5e4a64f5883a6a462995f3a8f8267fb5
2026-09-29 09:43:18,018|opType: publish | rt: 5ms | status: success | requestIp: null | dataId: resource_crons_jobs__json.json | group: agentspec__enc.726f626c6f782d657870657269656e63652d64657369676e6572__enc.302e302e31 | tenant: public | md5: 565b132512481495bd56f14c546d5266
2026-09-29 09:43:18,019|opType: publish | rt: 5ms | status: success | requestIp: null | dataId: resource_config_IDENTITY__md.json | group: agentspec__enc.726f626c6f782d657870657269656e63652d64657369676e6572__enc.302e302e31 | tenant: public | md5: c2e47334bfd21c0d3d5a47eb49b7a56d
2026-09-29 09:43:18,023|opType: publish | rt: 5ms | status: success | requestIp: null | dataId: resource_tool-analysis_tool-analysis__json.json | group: agentspec__enc.726f626c6f782d657870657269656e63652d64657369676e6572__enc.302e302e31 | tenant: public | md5: 05b787de20c88fd482ad94f3d9a69e5a
2026-09-29 09:43:18,031|opType: publish | rt: 7ms | status: success | requestIp: null | dataId: resource_config_AGENTS__md.json | group: agentspec__enc.726f626c6f782d657870657269656e63652d64657369676e6572__enc.302e302e31 | tenant: public | md5: 281b21bbe2aec71323bc1e446d7cac65
2026-09-29 09:43:18,032|opType: publish | rt: 5ms | status: success | requestIp: null | dataId: skill_index.json | group: skill_ai-content-pipeline | tenant: public | md5: a954ba25a6022882637d1312aa486859
2026-09-29 09:43:18,036|opType: publish | rt: 6ms | status: success | requestIp: null | dataId: resource_config_SOUL__md.json | group: agentspec__enc.726f626c6f782d657870657269656e63652d64657369676e6572__enc.302e302e31 | tenant: public | md5: 860e500441c99f020dcc605b510d6879
2026-09-29 09:43:18,037|opType: publish | rt: 5ms | status: success | requestIp: null | dataId: resource_config_MEMORY__md.json | group: agentspec__enc.726f626c6f782d657870657269656e63652d64657369676e6572__enc.302e302e31 | tenant: public | md5: 542824cd49b68f035006f2fc0893515b
2026-09-29 09:43:18,052|opType: publish | rt: 5ms | status: success | requestIp: null | dataId: manifest.json | group: agentspec__enc.726f626c6f782d73797374656d732d7363726970746572__enc.302e302e31 | tenant: public | md5: 5290e1c4a7e2ecd250a13c365c8a527a
2026-09-29 09:43:18,062|opType: publish | rt: 6ms | status: success | requestIp: null | dataId: resource_crons_jobs__json.json | group: agentspec__enc.726f626c6f782d73797374656d732d7363726970746572__enc.302e302e31 | tenant: public | md5: 459e5ea883d10915ee263602cf0568a3
2026-09-29 09:43:18,069|opType: publish | rt: 5ms | status: success | requestIp: null | dataId: SKILL.md | group: skill_enc.61692d6d757369632d67656e65726174696f6e__enc.302e302e31 | tenant: public | md5: 11fe33fb315c88849cb2375800faf5f7
2026-09-29 09:43:18,071|opType: publish | rt: 6ms | status: success | requestIp: null | dataId: resource_config_IDENTITY__md.json | group: agentspec__enc.726f626c6f782d73797374656d732d7363726970746572__enc.302e302e31 | tenant: public | md5: 41a24f439f3bb42e627d436e10fa0a78
2026-09-29 09:43:18,074|opType: publish | rt: 5ms | status: success | requestIp: null | dataId: resource_tool-analysis_tool-analysis__json.json | group: agentspec__enc.726f626c6f782d73797374656d732d7363726970746572__enc.302e302e31 | tenant: public | md5: 9f3f749c86a1212e0cd4728ee27fb66d
2026-09-29 09:43:18,077|opType: publish | rt: 4ms | status: success | requestIp: null | dataId: resource_config_SOUL__md.json | group: agentspec__enc.726f626c6f782d73797374656d732d7363726970746572__enc.302e302e31 | tenant: public | md5: 3ab3adb078af912bd9789649f59e9283
2026-09-29 09:43:18,078|opType: publish | rt: 6ms | status: success | requestIp: null | dataId: resource_config_AGENTS__md.json | group: agentspec__enc.726f626c6f782d73797374656d732d7363726970746572__enc.302e302e31 | tenant: public | md5: 7685e01eb792bf211a4a3b8a5c0eae98
2026-09-29 09:43:18,099|opType: publish | rt: 4ms | status: success | requestIp: null | dataId: resource_config_MEMORY__md.json | group: agentspec__enc.726f626c6f782d73797374656d732d7363726970746572__enc.302e302e31 | tenant: public | md5: 3fab7968ec31dfeecba2f58c168d8b97
2026-09-29 09:43:18,116|opType: publish | rt: 4ms | status: success | requestIp: null | dataId: skill_index.json | group: skill_ai-image-generation | tenant: public | md5: a954ba25a6022882637d1312aa486859
2026-09-29 09:43:18,137|opType: publish | rt: 4ms | status: success | requestIp: null | dataId: manifest.json | group: agentspec__enc.73616c65732d6163636f756e742d73747261746567697374__enc.302e302e31 | tenant: public | md5: 4669fed322bd4a8feed5e23e96305cfe
2026-09-29 09:43:18,150|opType: publish | rt: 3ms | status: success | requestIp: null | dataId: resource_crons_jobs__json.json | group: agentspec__enc.73616c65732d6163636f756e742d73747261746567697374__enc.302e302e31 | tenant: public | md5: 76ad928bd2578e8c644e0a21463cdeca
2026-09-29 09:43:18,178|opType: publish | rt: 5ms | status: success | requestIp: null | dataId: resource_config_IDENTITY__md.json | group: agentspec__enc.73616c65732d6163636f756e742d73747261746567697374__enc.302e302e31 | tenant: public | md5: 7ba32996c38d07d69a32178e1d3bf059
2026-09-29 09:43:18,190|opType: publish | rt: 5ms | status: success | requestIp: null | dataId: resource_tool-analysis_tool-analysis__json.json | group: agentspec__enc.73616c65732d6163636f756e742d73747261746567697374__enc.302e302e31 | tenant: public | md5: 93fa25e807af731f86921bc1af67fbb9
2026-09-29 09:43:18,222|opType: publish | rt: 6ms | status: success | requestIp: null | dataId: resource_config_AGENTS__md.json | group: agentspec__enc.73616c65732d6163636f756e742d73747261746567697374__enc.302e302e31 | tenant: public | md5: 02ed749588c18b16cfb16c43d819a155
2026-09-29 09:43:18,224|opType: publish | rt: 5ms | status: success | requestIp: null | dataId: skill_index.json | group: skill_ai-marketing-videos | tenant: public | md5: a954ba25a6022882637d1312aa486859
2026-09-29 09:43:18,228|opType: publish | rt: 6ms | status: success | requestIp: null | dataId: resource_config_SOUL__md.json | group: agentspec__enc.73616c65732d6163636f756e742d73747261746567697374__enc.302e302e31 | tenant: public | md5: 8cc100e3e13779e5037c9cd9c016995d
2026-09-29 09:43:18,229|opType: publish | rt: 5ms | status: success | requestIp: null | dataId: resource_config_MEMORY__md.json | group: agentspec__enc.73616c65732d6163636f756e742d73747261746567697374__enc.302e302e31 | tenant: public | md5: b4b583d5b00d854ead8300a797f37bae
2026-09-29 09:43:18,232|opType: publish | rt: 6ms | status: success | requestIp: null | dataId: resource_crons_jobs__json.json | group: agentspec__enc.73616c65732d636f616368__enc.302e302e31 | tenant: public | md5: 10a6c5cc91448dbd7dda3d146759c316
2026-09-29 09:43:18,235|opType: publish | rt: 6ms | status: success | requestIp: null | dataId: manifest.json | group: agentspec__enc.73616c65732d636f616368__enc.302e302e31 | tenant: public | md5: 15e1df6ace7f0a2c54d4c18fd8f4cd7b
2026-09-29 09:43:18,236|opType: publish | rt: 5ms | status: success | requestIp: null | dataId: resource_config_IDENTITY__md.json | group: agentspec__enc.73616c65732d636f616368__enc.302e302e31 | tenant: public | md5: 7860eb864c390b88a26bcd4183feaf2f
2026-09-29 09:43:18,242|opType: publish | rt: 5ms | status: success | requestIp: null | dataId: resource_tool-analysis_tool-analysis__json.json | group: agentspec__enc.73616c65732d636f616368__enc.302e302e31 | tenant: public | md5: 7074452b0157750232442624cd1b6815
2026-09-29 09:43:18,246|opType: publish | rt: 5ms | status: success | requestIp: null | dataId: SKILL.md | group: skill_enc.61692d706f64636173742d6372656174696f6e__enc.302e302e31 | tenant: public | md5: 4d49c4c831f6e7a462433f48a70870e2
2026-09-29 09:43:18,250|opType: publish | rt: 5ms | status: success | requestIp: null | dataId: resource_config_SOUL__md.json | group: agentspec__enc.73616c65732d636f616368__enc.302e302e31 | tenant: public | md5: cbc1004d54233bcf2471b70d70428672
2026-09-29 09:43:18,251|opType: publish | rt: 7ms | status: success | requestIp: null | dataId: resource_config_AGENTS__md.json | group: agentspec__enc.73616c65732d636f616368__enc.302e302e31 | tenant: public | md5: 86ce65e0f3739adaa53bcb0fa11ecf9b
2026-09-29 09:43:18,261|opType: publish | rt: 4ms | status: success | requestIp: null | dataId: resource_config_MEMORY__md.json | group: agentspec__enc.73616c65732d636f616368__enc.302e302e31 | tenant: public | md5: 2123fbb1ae6cc2e257d63a0d5c331dcf
2026-09-29 09:43:18,271|opType: publish | rt: 4ms | status: success | requestIp: null | dataId: manifest.json | group: agentspec__enc.73616c65732d646174612d65787472616374696f6e2d6167656e74__enc.302e302e31 | tenant: public | md5: 1c31410fec19d84ab0fcd39acedef11d
2026-09-29 09:43:18,281|opType: publish | rt: 5ms | status: success | requestIp: null | dataId: resource_crons_jobs__json.json | group: agentspec__enc.73616c65732d646174612d65787472616374696f6e2d6167656e74__enc.302e302e31 | tenant: public | md5: 4f3a095748623a80cb40a8bb1ee56f3a
2026-09-29 09:43:18,286|opType: publish | rt: 6ms | status: success | requestIp: null | dataId: skill_index.json | group: skill_ai-music-generation | tenant: public | md5: a954ba25a6022882637d1312aa486859
2026-09-29 09:43:18,287|opType: publish | rt: 5ms | status: success | requestIp: null | dataId: resource_config_IDENTITY__md.json | group: agentspec__enc.73616c65732d646174612d65787472616374696f6e2d6167656e74__enc.302e302e31 | tenant: public | md5: 52be079e7136a10c99c8ed42d1b9eee6
2026-09-29 09:43:18,289|opType: publish | rt: 4ms | status: success | requestIp: null | dataId: resource_tool-analysis_tool-analysis__json.json | group: agentspec__enc.73616c65732d646174612d65787472616374696f6e2d6167656e74__enc.302e302e31 | tenant: public | md5: d4d007a370ddf08f553da4ba73293260
2026-09-29 09:43:18,292|opType: publish | rt: 5ms | status: success | requestIp: null | dataId: resource_config_AGENTS__md.json | group: agentspec__enc.73616c65732d646174612d65787472616374696f6e2d6167656e74__enc.302e302e31 | tenant: public | md5: 4ea16586bae8cf49ed0483a20e3cf433
2026-09-29 09:43:18,311|opType: publish | rt: 5ms | status: success | requestIp: null | dataId: resource_config_SOUL__md.json | group: agentspec__enc.73616c65732d646174612d65787472616374696f6e2d6167656e74__enc.302e302e31 | tenant: public | md5: 17c10614338b1292acf712894c1c52fe
2026-09-29 09:43:18,330|opType: publish | rt: 6ms | status: success | requestIp: null | dataId: SKILL.md | group: skill_enc.61692d70726f647563742d70686f746f677261706879__enc.302e302e31 | tenant: public | md5: caa09215e78142a4f5ccafc4b01737af
2026-09-29 09:43:18,347|opType: publish | rt: 4ms | status: success | requestIp: null | dataId: resource_config_MEMORY__md.json | group: agentspec__enc.73616c65732d646174612d65787472616374696f6e2d6167656e74__enc.302e302e31 | tenant: public | md5: e6830e76618f43bc800a6ad3809e0eac
2026-09-29 09:43:18,360|opType: publish | rt: 4ms | status: success | requestIp: null | dataId: manifest.json | group: agentspec__enc.73616c65732d6465616c2d73747261746567697374__enc.302e302e31 | tenant: public | md5: 3672ea150aff25f95b4d11bb9b68cca4
2026-09-29 09:43:18,389|opType: publish | rt: 4ms | status: success | requestIp: null | dataId: resource_crons_jobs__json.json | group: agentspec__enc.73616c65732d6465616c2d73747261746567697374__enc.302e302e31 | tenant: public | md5: 3d7c03961853437f7d2c15d0c210ff62
2026-09-29 09:43:18,399|opType: publish | rt: 4ms | status: success | requestIp: null | dataId: resource_config_IDENTITY__md.json | group: agentspec__enc.73616c65732d6465616c2d73747261746567697374__enc.302e302e31 | tenant: public | md5: 40d83880e7f7e105c3ff61a6863fd5cc
2026-09-29 09:43:18,432|opType: publish | rt: 5ms | status: success | requestIp: null | dataId: resource_tool-analysis_tool-analysis__json.json | group: agentspec__enc.73616c65732d6465616c2d73747261746567697374__enc.302e302e31 | tenant: public | md5: 8b59007b3adf5b20de04c055ffc89194
2026-09-29 09:43:18,437|opType: publish | rt: 6ms | status: success | requestIp: null | dataId: SKILL.md | group: skill_enc.61692d7261672d706970656c696e65__enc.302e302e31 | tenant: public | md5: 3ca6dded4eb1057933b80ff88baf9f99
2026-09-29 09:43:18,440|opType: publish | rt: 6ms | status: success | requestIp: null | dataId: resource_config_AGENTS__md.json | group: agentspec__enc.73616c65732d6465616c2d73747261746567697374__enc.302e302e31 | tenant: public | md5: f6deea692bcfc52012381bf14e34da0e
2026-09-29 09:43:18,441|opType: publish | rt: 5ms | status: success | requestIp: null | dataId: resource_config_SOUL__md.json | group: agentspec__enc.73616c65732d6465616c2d73747261746567697374__enc.302e302e31 | tenant: public | md5: dcc4f691e65827237c260d309b38d1bd
2026-09-29 09:43:18,444|opType: publish | rt: 4ms | status: success | requestIp: null | dataId: resource_config_MEMORY__md.json | group: agentspec__enc.73616c65732d6465616c2d73747261746567697374__enc.302e302e31 | tenant: public | md5: 88d32154c152a2e3cbe524080020742c
2026-09-29 09:43:18,448|opType: publish | rt: 5ms | status: success | requestIp: null | dataId: manifest.json | group: agentspec__enc.73616c65732d646973636f766572792d636f616368__enc.302e302e31 | tenant: public | md5: c7218ba52eb960c759fb3106780eb5aa
2026-09-29 09:43:18,450|opType: publish | rt: 4ms | status: success | requestIp: null | dataId: resource_crons_jobs__json.json | group: agentspec__enc.73616c65732d646973636f766572792d636f616368__enc.302e302e31 | tenant: public | md5: 064e37f7e828dde86f6efb261a88d966
2026-09-29 09:43:18,453|opType: publish | rt: 4ms | status: success | requestIp: null | dataId: resource_config_IDENTITY__md.json | group: agentspec__enc.73616c65732d646973636f766572792d636f616368__enc.302e302e31 | tenant: public | md5: e415230216a07b1a784e278d5e61b418
2026-09-29 09:43:18,460|opType: publish | rt: 5ms | status: success | requestIp: null | dataId: resource_tool-analysis_tool-analysis__json.json | group: agentspec__enc.73616c65732d646973636f766572792d636f616368__enc.302e302e31 | tenant: public | md5: 4a280b07c42543440ed884469ada1142
2026-09-29 09:43:18,463|opType: publish | rt: 4ms | status: success | requestIp: null | dataId: skill_index.json | group: skill_ai-podcast-creation | tenant: public | md5: a954ba25a6022882637d1312aa486859
2026-09-29 09:43:18,467|opType: publish | rt: 6ms | status: success | requestIp: null | dataId: resource_config_AGENTS__md.json | group: agentspec__enc.73616c65732d646973636f766572792d636f616368__enc.302e302e31 | tenant: public | md5: a7608c59d1068636e5c2b46e93586d3b
2026-09-29 09:43:18,470|opType: publish | rt: 4ms | status: success | requestIp: null | dataId: resource_config_SOUL__md.json | group: agentspec__enc.73616c65732d646973636f766572792d636f616368__enc.302e302e31 | tenant: public | md5: b48cd3f583b38019601b54dee4a7beb5
2026-09-29 09:43:18,480|opType: publish | rt: 4ms | status: success | requestIp: null | dataId: resource_config_MEMORY__md.json | group: agentspec__enc.73616c65732d646973636f766572792d636f616368__enc.302e302e31 | tenant: public | md5: 129757a271f702b28163b1f5675b4910
2026-09-29 09:43:18,490|opType: publish | rt: 3ms | status: success | requestIp: null | dataId: manifest.json | group: agentspec__enc.73616c65732d656e67696e656572__enc.302e302e31 | tenant: public | md5: ad37dd25715ce8858cac0e39a8b09a50
2026-09-29 09:43:18,499|opType: publish | rt: 6ms | status: success | requestIp: null | dataId: resource_crons_jobs__json.json | group: agentspec__enc.73616c65732d656e67696e656572__enc.302e302e31 | tenant: public | md5: 680aea05e2cbf6459828d02ae4e1b650
2026-09-29 09:43:18,501|opType: publish | rt: 6ms | status: success | requestIp: null | dataId: SKILL.md | group: skill_enc.61692d736f6369616c2d6d656469612d636f6e74656e74__enc.302e302e31 | tenant: public | md5: 7085078e0a9219a102f6f3115cab547c
2026-09-29 09:43:18,504|opType: publish | rt: 5ms | status: success | requestIp: null | dataId: resource_config_IDENTITY__md.json | group: agentspec__enc.73616c65732d656e67696e656572__enc.302e302e31 | tenant: public | md5: 563aa14c9bcc91b24712d3b6f59a09b7
2026-09-29 09:43:18,506|opType: publish | rt: 4ms | status: success | requestIp: null | dataId: resource_tool-analysis_tool-analysis__json.json | group: agentspec__enc.73616c65732d656e67696e656572__enc.302e302e31 | tenant: public | md5: b1038d856a05e57a206ff61b6d219241
2026-09-29 09:43:18,522|opType: publish | rt: 5ms | status: success | requestIp: null | dataId: resource_config_AGENTS__md.json | group: agentspec__enc.73616c65732d656e67696e656572__enc.302e302e31 | tenant: public | md5: 9f9cfa67ee2065bdfde5fb8357feac19
2026-09-29 09:43:18,543|opType: publish | rt: 4ms | status: success | requestIp: null | dataId: skill_index.json | group: skill_ai-product-photography | tenant: public | md5: a954ba25a6022882637d1312aa486859
2026-09-29 09:43:18,559|opType: publish | rt: 5ms | status: success | requestIp: null | dataId: resource_config_SOUL__md.json | group: agentspec__enc.73616c65732d656e67696e656572__enc.302e302e31 | tenant: public | md5: e28f8620daede5fb7fd0eaa31788f8ab
2026-09-29 09:43:18,572|opType: publish | rt: 4ms | status: success | requestIp: null | dataId: resource_config_MEMORY__md.json | group: agentspec__enc.73616c65732d656e67696e656572__enc.302e302e31 | tenant: public | md5: 3c5c0e3427a9629b4b8130e9f22c079f
2026-09-29 09:43:18,600|opType: publish | rt: 5ms | status: success | requestIp: null | dataId: manifest.json | group: agentspec__enc.73616c65732d6f7574626f756e642d73747261746567697374__enc.302e302e31 | tenant: public | md5: fda8110e458a2c2855146143ccb96395
2026-09-29 09:43:18,609|opType: publish | rt: 4ms | status: success | requestIp: null | dataId: resource_crons_jobs__json.json | group: agentspec__enc.73616c65732d6f7574626f756e642d73747261746567697374__enc.302e302e31 | tenant: public | md5: 8e105d035b4182ed7cd5ac586c990941
2026-09-29 09:43:18,642|opType: publish | rt: 5ms | status: success | requestIp: null | dataId: resource_config_IDENTITY__md.json | group: agentspec__enc.73616c65732d6f7574626f756e642d73747261746567697374__enc.302e302e31 | tenant: public | md5: 5b4e833e31cfd9f32f1402f531b688aa
2026-09-29 09:43:18,650|opType: publish | rt: 5ms | status: success | requestIp: null | dataId: resource_tool-analysis_tool-analysis__json.json | group: agentspec__enc.73616c65732d6f7574626f756e642d73747261746567697374__enc.302e302e31 | tenant: public | md5: bdcc7fab027c9088a8711bf6c5c4cf63
2026-09-29 09:43:18,654|opType: publish | rt: 5ms | status: success | requestIp: null | dataId: resource_config_AGENTS__md.json | group: agentspec__enc.73616c65732d6f7574626f756e642d73747261746567697374__enc.302e302e31 | tenant: public | md5: 1a7c19f2d305c93aea54be409c06c47f
2026-09-29 09:43:18,657|opType: publish | rt: 5ms | status: success | requestIp: null | dataId: skill_index.json | group: skill_ai-rag-pipeline | tenant: public | md5: a954ba25a6022882637d1312aa486859
2026-09-29 09:43:18,659|opType: publish | rt: 6ms | status: success | requestIp: null | dataId: resource_config_SOUL__md.json | group: agentspec__enc.73616c65732d6f7574626f756e642d73747261746567697374__enc.302e302e31 | tenant: public | md5: 67bded307262db3b2ce7fe807ea157e9
2026-09-29 09:43:18,664|opType: publish | rt: 7ms | status: success | requestIp: null | dataId: resource_config_MEMORY__md.json | group: agentspec__enc.73616c65732d6f7574626f756e642d73747261746567697374__enc.302e302e31 | tenant: public | md5: 0760306e8db2fa901f59682af4bea615
2026-09-29 09:43:18,667|opType: publish | rt: 7ms | status: success | requestIp: null | dataId: manifest.json | group: agentspec__enc.73616c65732d706970656c696e652d616e616c797374__enc.302e302e31 | tenant: public | md5: 96bb670a067bc09fb04c1344eb99a4fc
2026-09-29 09:43:18,668|opType: publish | rt: 6ms | status: success | requestIp: null | dataId: resource_crons_jobs__json.json | group: agentspec__enc.73616c65732d706970656c696e652d616e616c797374__enc.302e302e31 | tenant: public | md5: 2b27d65fb3a3f41cde6703edfad5ab95
2026-09-29 09:43:18,676|opType: publish | rt: 7ms | status: success | requestIp: null | dataId: resource_config_IDENTITY__md.json | group: agentspec__enc.73616c65732d706970656c696e652d616e616c797374__enc.302e302e31 | tenant: public | md5: c61dfefdce58377f82f943020c5c2ec9
2026-09-29 09:43:18,678|opType: publish | rt: 6ms | status: success | requestIp: null | dataId: SKILL.md | group: skill_enc.61692d766964656f2d67656e65726174696f6e__enc.302e302e31 | tenant: public | md5: 130b1f9aec7284d7cb3708eab36793a6
2026-09-29 09:43:18,683|opType: publish | rt: 7ms | status: success | requestIp: null | dataId: resource_tool-analysis_tool-analysis__json.json | group: agentspec__enc.73616c65732d706970656c696e652d616e616c797374__enc.302e302e31 | tenant: public | md5: dee404310091c35dd7f52e2ab543918f
2026-09-29 09:43:18,684|opType: publish | rt: 5ms | status: success | requestIp: null | dataId: resource_config_AGENTS__md.json | group: agentspec__enc.73616c65732d706970656c696e652d616e616c797374__enc.302e302e31 | tenant: public | md5: 24d662110692653f53fe06e6ffe61f69
2026-09-29 09:43:18,693|opType: publish | rt: 5ms | status: success | requestIp: null | dataId: resource_config_SOUL__md.json | group: agentspec__enc.73616c65732d706970656c696e652d616e616c797374__enc.302e302e31 | tenant: public | md5: 0b30c6b035289b40fa0e1432fd843792
2026-09-29 09:43:18,701|opType: publish | rt: 4ms | status: success | requestIp: null | dataId: resource_config_MEMORY__md.json | group: agentspec__enc.73616c65732d706970656c696e652d616e616c797374__enc.302e302e31 | tenant: public | md5: 0ff1124841671b8bf9987033cc698ce0
2026-09-29 09:43:18,711|opType: publish | rt: 5ms | status: success | requestIp: null | dataId: manifest.json | group: agentspec__enc.73616c65732d70726f706f73616c2d73747261746567697374__enc.302e302e31 | tenant: public | md5: dcaa631ac3f89010aae9dd564b065b61
2026-09-29 09:43:18,717|opType: publish | rt: 5ms | status: success | requestIp: null | dataId: resource_crons_jobs__json.json | group: agentspec__enc.73616c65732d70726f706f73616c2d73747261746567697374__enc.302e302e31 | tenant: public | md5: f361145abbb23b1b56664b9f81066aee
2026-09-29 09:43:18,720|opType: publish | rt: 6ms | status: success | requestIp: null | dataId: skill_index.json | group: skill_ai-social-media-content | tenant: public | md5: a954ba25a6022882637d1312aa486859
2026-09-29 09:43:18,721|opType: publish | rt: 6ms | status: success | requestIp: null | dataId: resource_config_IDENTITY__md.json | group: agentspec__enc.73616c65732d70726f706f73616c2d73747261746567697374__enc.302e302e31 | tenant: public | md5: 8586abb4aa44e96ee91c5e39cebc41ad
2026-09-29 09:43:18,731|opType: publish | rt: 4ms | status: success | requestIp: null | dataId: resource_tool-analysis_tool-analysis__json.json | group: agentspec__enc.73616c65732d70726f706f73616c2d73747261746567697374__enc.302e302e31 | tenant: public | md5: 239cb758121b42b44de6b76fc1c7e95f
2026-09-29 09:43:18,756|opType: publish | rt: 5ms | status: success | requestIp: null | dataId: SKILL.md | group: skill_enc.61692d766f6963652d636c6f6e696e67__enc.302e302e31 | tenant: public | md5: fca58e4a23e743991f2752841f1e77c5
2026-09-29 09:43:18,771|opType: publish | rt: 4ms | status: success | requestIp: null | dataId: resource_config_AGENTS__md.json | group: agentspec__enc.73616c65732d70726f706f73616c2d73747261746567697374__enc.302e302e31 | tenant: public | md5: 6593b91306f4cdc4fc4405b1827a2419
2026-09-29 09:43:18,784|opType: publish | rt: 5ms | status: success | requestIp: null | dataId: resource_config_SOUL__md.json | group: agentspec__enc.73616c65732d70726f706f73616c2d73747261746567697374__enc.302e302e31 | tenant: public | md5: 2c209ff760fd061013047e067213f175
2026-09-29 09:43:18,810|opType: publish | rt: 4ms | status: success | requestIp: null | dataId: resource_config_MEMORY__md.json | group: agentspec__enc.73616c65732d70726f706f73616c2d73747261746567697374__enc.302e302e31 | tenant: public | md5: 6e2575cb3e72745d35749eb8e77121c2
2026-09-29 09:43:18,818|opType: publish | rt: 4ms | status: success | requestIp: null | dataId: manifest.json | group: agentspec__enc.7370656369616c697a65642d61692d706f6c6963792d777269746572__enc.302e302e31 | tenant: public | md5: 788015126608d736840fc492f9a36cbe
2026-09-29 09:43:18,851|opType: publish | rt: 4ms | status: success | requestIp: null | dataId: resource_crons_jobs__json.json | group: agentspec__enc.7370656369616c697a65642d61692d706f6c6963792d777269746572__enc.302e302e31 | tenant: public | md5: ca391e1145607a6cd2fd477027d7f91c
2026-09-29 09:43:18,860|opType: publish | rt: 5ms | status: success | requestIp: null | dataId: resource_config_IDENTITY__md.json | group: agentspec__enc.7370656369616c697a65642d61692d706f6c6963792d777269746572__enc.302e302e31 | tenant: public | md5: ebae4adbe5c37b606534da1d25b8d0fe
2026-09-29 09:43:18,867|opType: publish | rt: 6ms | status: success | requestIp: null | dataId: resource_tool-analysis_tool-analysis__json.json | group: agentspec__enc.7370656369616c697a65642d61692d706f6c6963792d777269746572__enc.302e302e31 | tenant: public | md5: 6d85b00dc985b76734d7dcabded52b77
2026-09-29 09:43:18,872|opType: publish | rt: 6ms | status: success | requestIp: null | dataId: SKILL.md | group: skill_enc.6170702d73746f72652d73637265656e73686f7473__enc.302e302e31 | tenant: public | md5: ae759c1bdb5340a3f07559f01c3437db
2026-09-29 09:43:18,874|opType: publish | rt: 5ms | status: success | requestIp: null | dataId: resource_config_AGENTS__md.json | group: agentspec__enc.7370656369616c697a65642d61692d706f6c6963792d777269746572__enc.302e302e31 | tenant: public | md5: 1309c7ceaa3b67eabfb94286b36ebb0e
2026-09-29 09:43:18,876|opType: publish | rt: 4ms | status: success | requestIp: null | dataId: resource_config_SOUL__md.json | group: agentspec__enc.7370656369616c697a65642d61692d706f6c6963792d777269746572__enc.302e302e31 | tenant: public | md5: 4a12ad2a19ab4bf93486ea2fe9f383e2
2026-09-29 09:43:18,880|opType: publish | rt: 5ms | status: success | requestIp: null | dataId: resource_config_MEMORY__md.json | group: agentspec__enc.7370656369616c697a65642d61692d706f6c6963792d777269746572__enc.302e302e31 | tenant: public | md5: 8c5562f3fe2533ae088f0778263d1236
2026-09-29 09:43:18,884|opType: publish | rt: 5ms | status: success | requestIp: null | dataId: manifest.json | group: agentspec__enc.7370656369616c697a65642d63756c747572616c2d696e74656c6c6967656e63652d73747261746567697374__enc.302e302e31 | tenant: public | md5: 6083aba9211215e9186c4e992a3eac50
2026-09-29 09:43:18,886|opType: publish | rt: 4ms | status: success | requestIp: null | dataId: resource_crons_jobs__json.json | group: agentspec__enc.7370656369616c697a65642d63756c747572616c2d696e74656c6c6967656e63652d73747261746567697374__enc.302e302e31 | tenant: public | md5: fd281a9cad97a004ab3024fef23381d9
2026-09-29 09:43:18,894|opType: publish | rt: 5ms | status: success | requestIp: null | dataId: skill_index.json | group: skill_ai-video-generation | tenant: public | md5: a954ba25a6022882637d1312aa486859
2026-09-29 09:43:18,896|opType: publish | rt: 4ms | status: success | requestIp: null | dataId: resource_config_IDENTITY__md.json | group: agentspec__enc.7370656369616c697a65642d63756c747572616c2d696e74656c6c6967656e63652d73747261746567697374__enc.302e302e31 | tenant: public | md5: bc4193e139db19009ee748629d7701cd
2026-09-29 09:43:18,900|opType: publish | rt: 6ms | status: success | requestIp: null | dataId: resource_tool-analysis_tool-analysis__json.json | group: agentspec__enc.7370656369616c697a65642d63756c747572616c2d696e74656c6c6967656e63652d73747261746567697374__enc.302e302e31 | tenant: public | md5: 57683e87ee0ef1d2d21736ad1201a6a9
2026-09-29 09:43:18,906|opType: publish | rt: 5ms | status: success | requestIp: null | dataId: resource_config_AGENTS__md.json | group: agentspec__enc.7370656369616c697a65642d63756c747572616c2d696e74656c6c6967656e63652d73747261746567697374__enc.302e302e31 | tenant: public | md5: 3caa165814bc23b12b947d3d5c91eae5
2026-09-29 09:43:18,912|opType: publish | rt: 4ms | status: success | requestIp: null | dataId: resource_config_SOUL__md.json | group: agentspec__enc.7370656369616c697a65642d63756c747572616c2d696e74656c6c6967656e63652d73747261746567697374__enc.302e302e31 | tenant: public | md5: bb3eb0a215106cbd88bdb35d7128c649
2026-09-29 09:43:18,920|opType: publish | rt: 4ms | status: success | requestIp: null | dataId: resource_config_MEMORY__md.json | group: agentspec__enc.7370656369616c697a65642d63756c747572616c2d696e74656c6c6967656e63652d73747261746567697374__enc.302e302e31 | tenant: public | md5: 26967e5e3ab8c44f1c6c2155fac325c4
2026-09-29 09:43:18,928|opType: publish | rt: 5ms | status: success | requestIp: null | dataId: manifest.json | group: agentspec__enc.7370656369616c697a65642d646576656c6f7065722d6164766f63617465__enc.302e302e31 | tenant: public | md5: b547750c2e3d10449b4c0172ec64cf3e
2026-09-29 09:43:18,934|opType: publish | rt: 6ms | status: success | requestIp: null | dataId: resource_crons_jobs__json.json | group: agentspec__enc.7370656369616c697a65642d646576656c6f7065722d6164766f63617465__enc.302e302e31 | tenant: public | md5: d03657d94858becc9bc7329fc94aae3a
2026-09-29 09:43:18,935|opType: publish | rt: 5ms | status: success | requestIp: null | dataId: SKILL.md | group: skill_enc.6261636b67726f756e642d72656d6f76616c__enc.302e302e31 | tenant: public | md5: cabf829df8ea89bc8b55dd9ec52e0848
2026-09-29 09:43:18,940|opType: publish | rt: 4ms | status: success | requestIp: null | dataId: resource_config_IDENTITY__md.json | group: agentspec__enc.7370656369616c697a65642d646576656c6f7065722d6164766f63617465__enc.302e302e31 | tenant: public | md5: 76e07aaf774a77536dd68f502bc799c8
2026-09-29 09:43:18,969|opType: publish | rt: 4ms | status: success | requestIp: null | dataId: skill_index.json | group: skill_ai-voice-cloning | tenant: public | md5: a954ba25a6022882637d1312aa486859
2026-09-29 09:43:18,981|opType: publish | rt: 4ms | status: success | requestIp: null | dataId: resource_tool-analysis_tool-analysis__json.json | group: agentspec__enc.7370656369616c697a65642d646576656c6f7065722d6164766f63617465__enc.302e302e31 | tenant: public | md5: c0ea53e26e02ab0327ee274678c4dc69
2026-09-29 09:43:18,994|opType: publish | rt: 5ms | status: success | requestIp: null | dataId: resource_config_AGENTS__md.json | group: agentspec__enc.7370656369616c697a65642d646576656c6f7065722d6164766f63617465__enc.302e302e31 | tenant: public | md5: bf0afb4125aaa49f8ee103f6b2e87aff
2026-09-29 09:43:19,021|opType: publish | rt: 4ms | status: success | requestIp: null | dataId: resource_config_SOUL__md.json | group: agentspec__enc.7370656369616c697a65642d646576656c6f7065722d6164766f63617465__enc.302e302e31 | tenant: public | md5: 0f5f4a2a371dc35fd71bc4c2f4b98a4c
2026-09-29 09:43:19,027|opType: publish | rt: 4ms | status: success | requestIp: null | dataId: resource_config_MEMORY__md.json | group: agentspec__enc.7370656369616c697a65642d646576656c6f7065722d6164766f63617465__enc.302e302e31 | tenant: public | md5: d179d7b62f5938223293a989a744e133
2026-09-29 09:43:19,060|opType: publish | rt: 4ms | status: success | requestIp: null | dataId: manifest.json | group: agentspec__enc.7370656369616c697a65642d646f63756d656e742d67656e657261746f72__enc.302e302e31 | tenant: public | md5: ff5054652ae44455e46dd47f450cf13e
2026-09-29 09:43:19,080|opType: publish | rt: 6ms | status: success | requestIp: null | dataId: resource_crons_jobs__json.json | group: agentspec__enc.7370656369616c697a65642d646f63756d656e742d67656e657261746f72__enc.302e302e31 | tenant: public | md5: 3c530e828b8d39f04b0d86e6d6da4be8
2026-09-29 09:43:19,082|opType: publish | rt: 5ms | status: success | requestIp: null | dataId: resource_config_IDENTITY__md.json | group: agentspec__enc.7370656369616c697a65642d646f63756d656e742d67656e657261746f72__enc.302e302e31 | tenant: public | md5: e477a277335829ec7373c0112cb6ca5b
2026-09-29 09:43:19,086|opType: publish | rt: 5ms | status: success | requestIp: null | dataId: resource_tool-analysis_tool-analysis__json.json | group: agentspec__enc.7370656369616c697a65642d646f63756d656e742d67656e657261746f72__enc.302e302e31 | tenant: public | md5: b3fb7995a58a7f6e8e30c502701b1b7d
2026-09-29 09:43:19,090|opType: publish | rt: 5ms | status: success | requestIp: null | dataId: resource_config_AGENTS__md.json | group: agentspec__enc.7370656369616c697a65642d646f63756d656e742d67656e657261746f72__enc.302e302e31 | tenant: public | md5: 92177ef63c6c5513b2be12845b18ccc3
2026-09-29 09:43:19,093|opType: publish | rt: 6ms | status: success | requestIp: null | dataId: skill_index.json | group: skill_app-store-screenshots | tenant: public | md5: a954ba25a6022882637d1312aa486859
2026-09-29 09:43:19,095|opType: publish | rt: 5ms | status: success | requestIp: null | dataId: resource_config_SOUL__md.json | group: agentspec__enc.7370656369616c697a65642d646f63756d656e742d67656e657261746f72__enc.302e302e31 | tenant: public | md5: d564af0c5c25fb4048908b593fba437a
2026-09-29 09:43:19,096|opType: publish | rt: 4ms | status: success | requestIp: null | dataId: resource_config_MEMORY__md.json | group: agentspec__enc.7370656369616c697a65642d646f63756d656e742d67656e657261746f72__enc.302e302e31 | tenant: public | md5: 08ee968e2bab73d0ea88cce84656eadb
2026-09-29 09:43:19,100|opType: publish | rt: 5ms | status: success | requestIp: null | dataId: manifest.json | group: agentspec__enc.7370656369616c697a65642d6672656e63682d636f6e73756c74696e672d6d61726b6574__enc.302e302e31 | tenant: public | md5: 309f291ca6e09cc2509ba62d3c8a4848
2026-09-29 09:43:19,108|opType: publish | rt: 7ms | status: success | requestIp: null | dataId: SKILL.md | group: skill_enc.626f6f6b2d636f7665722d64657369676e__enc.302e302e31 | tenant: public | md5: dacc863f66cfdd3d853bf62e736a7746
2026-09-29 09:43:19,109|opType: publish | rt: 6ms | status: success | requestIp: null | dataId: resource_crons_jobs__json.json | group: agentspec__enc.7370656369616c697a65642d6672656e63682d636f6e73756c74696e672d6d61726b6574__enc.302e302e31 | tenant: public | md5: 9b7748fb817458152c83311932d55d86
2026-09-29 09:43:19,114|opType: publish | rt: 5ms | status: success | requestIp: null | dataId: resource_config_IDENTITY__md.json | group: agentspec__enc.7370656369616c697a65642d6672656e63682d636f6e73756c74696e672d6d61726b6574__enc.302e302e31 | tenant: public | md5: cd1dcc089c0da87adf25c954d41dcc52
2026-09-29 09:43:19,117|opType: publish | rt: 5ms | status: success | requestIp: null | dataId: resource_tool-analysis_tool-analysis__json.json | group: agentspec__enc.7370656369616c697a65642d6672656e63682d636f6e73756c74696e672d6d61726b6574__enc.302e302e31 | tenant: public | md5: 8e6089e7254b6ad3d21b435340b8066f
2026-09-29 09:43:19,123|opType: publish | rt: 5ms | status: success | requestIp: null | dataId: resource_config_AGENTS__md.json | group: agentspec__enc.7370656369616c697a65642d6672656e63682d636f6e73756c74696e672d6d61726b6574__enc.302e302e31 | tenant: public | md5: da587521dc39e4712db3b473df6dfaef
2026-09-29 09:43:19,131|opType: publish | rt: 4ms | status: success | requestIp: null | dataId: resource_config_SOUL__md.json | group: agentspec__enc.7370656369616c697a65642d6672656e63682d636f6e73756c74696e672d6d61726b6574__enc.302e302e31 | tenant: public | md5: 01ffb06ce066baaeb0cdb7e85dfc4078
2026-09-29 09:43:19,137|opType: publish | rt: 4ms | status: success | requestIp: null | dataId: resource_config_MEMORY__md.json | group: agentspec__enc.7370656369616c697a65642d6672656e63682d636f6e73756c74696e672d6d61726b6574__enc.302e302e31 | tenant: public | md5: 04d22583f1e822eb9265431c6e476d7c
2026-09-29 09:43:19,144|opType: publish | rt: 5ms | status: success | requestIp: null | dataId: manifest.json | group: agentspec__enc.7370656369616c697a65642d6b6f7265616e2d627573696e6573732d6e6176696761746f72__enc.302e302e31 | tenant: public | md5: 292e64e77989ec717881bf923ef44c1a
2026-09-29 09:43:19,153|opType: publish | rt: 6ms | status: success | requestIp: null | dataId: resource_crons_jobs__json.json | group: agentspec__enc.7370656369616c697a65642d6b6f7265616e2d627573696e6573732d6e6176696761746f72__enc.302e302e31 | tenant: public | md5: 59643ee28a042cee76470729b61af225
2026-09-29 09:43:19,154|opType: publish | rt: 9ms | status: success | requestIp: null | dataId: skill_index.json | group: skill_background-removal | tenant: public | md5: a954ba25a6022882637d1312aa486859
2026-09-29 09:43:19,191|opType: publish | rt: 6ms | status: success | requestIp: null | dataId: enc.7265666572656e6365732f6e6f64652d736563726574732d6f617574682e6d64 | group: skill_enc.6275696c64696e672d696e666572656e636573682d61707073__enc.302e302e31 | tenant: public | md5: 1b736e65eca833601cc0fae9ae685cb5
2026-09-29 09:43:19,192|opType: publish | rt: 5ms | status: success | requestIp: null | dataId: SKILL.md | group: skill_enc.6275696c64696e672d696e666572656e636573682d61707073__enc.302e302e31 | tenant: public | md5: 18e9a3ef1df1c57467630b23917b9f8e
2026-09-29 09:43:19,195|opType: publish | rt: 6ms | status: success | requestIp: null | dataId: enc.7265666572656e6365732f6e6f64652d747261636b696e672e6d64 | group: skill_enc.6275696c64696e672d696e666572656e636573682d61707073__enc.302e302e31 | tenant: public | md5: bfa162c1a88f7652b6764b9a03de2747
2026-09-29 09:43:19,197|opType: publish | rt: 5ms | status: success | requestIp: null | dataId: enc.7265666572656e6365732f707974686f6e2d736563726574732d6f617574682e6d64 | group: skill_enc.6275696c64696e672d696e666572656e636573682d61707073__enc.302e302e31 | tenant: public | md5: 0ceb8db6e5a731fac1f820a6610bfaa5
2026-09-29 09:43:19,200|opType: publish | rt: 6ms | status: success | requestIp: null | dataId: enc.7265666572656e6365732f6e6f64652d6170702d6c6f6769632e6d64 | group: skill_enc.6275696c64696e672d696e666572656e636573682d61707073__enc.302e302e31 | tenant: public | md5: 3abb30dfa78590d4b1c874d22f4ad792
2026-09-29 09:43:19,201|opType: publish | rt: 5ms | status: success | requestIp: null | dataId: enc.7265666572656e6365732f636c692e6d64 | group: skill_enc.6275696c64696e672d696e666572656e636573682d61707073__enc.302e302e31 | tenant: public | md5: a2904733fdd07ac89c7eacc627c0b324
2026-09-29 09:43:19,204|opType: publish | rt: 6ms | status: success | requestIp: null | dataId: enc.7265666572656e6365732f707974686f6e2d6170702d6c6f6769632e6d64 | group: skill_enc.6275696c64696e672d696e666572656e636573682d61707073__enc.302e302e31 | tenant: public | md5: 8af71a4ff2aef7382e453c8433c36781
2026-09-29 09:43:19,206|opType: publish | rt: 5ms | status: success | requestIp: null | dataId: enc.7265666572656e6365732f707974686f6e2d7061747465726e732e6d64 | group: skill_enc.6275696c64696e672d696e666572656e636573682d61707073__enc.302e302e31 | tenant: public | md5: 9466427e48aff023f939ce045e1759ad
2026-09-29 09:43:19,208|opType: publish | rt: 5ms | status: success | requestIp: null | dataId: enc.7265666572656e6365732f6e6f64652d7061747465726e732e6d64 | group: skill_enc.6275696c64696e672d696e666572656e636573682d61707073__enc.302e302e31 | tenant: public | md5: 1571e0654eede1bccb1ba7fd23932ce8
2026-09-29 09:43:19,211|opType: publish | rt: 5ms | status: success | requestIp: null | dataId: enc.7265666572656e6365732f707974686f6e2d747261636b696e672e6d64 | group: skill_enc.6275696c64696e672d696e666572656e636573682d61707073__enc.302e302e31 | tenant: public | md5: eac714732daf814f073e305e33df37f6
2026-09-29 09:43:19,213|opType: publish | rt: 5ms | status: success | requestIp: null | dataId: resource_config_IDENTITY__md.json | group: agentspec__enc.7370656369616c697a65642d6b6f7265616e2d627573696e6573732d6e6176696761746f72__enc.302e302e31 | tenant: public | md5: 33eeae52e41b88a97b4ac78c76f25826
2026-09-29 09:43:19,214|opType: publish | rt: 5ms | status: success | requestIp: null | dataId: resource_tool-analysis_tool-analysis__json.json | group: agentspec__enc.7370656369616c697a65642d6b6f7265616e2d627573696e6573732d6e6176696761746f72__enc.302e302e31 | tenant: public | md5: c273cd53885952e5604530f5d129a6e5
2026-09-29 09:43:19,251|opType: publish | rt: 5ms | status: success | requestIp: null | dataId: resource_config_AGENTS__md.json | group: agentspec__enc.7370656369616c697a65642d6b6f7265616e2d627573696e6573732d6e6176696761746f72__enc.302e302e31 | tenant: public | md5: 457d05f14b896759c1c4e9db011b44c6
2026-09-29 09:43:19,252|opType: publish | rt: 5ms | status: success | requestIp: null | dataId: resource_config_SOUL__md.json | group: agentspec__enc.7370656369616c697a65642d6b6f7265616e2d627573696e6573732d6e6176696761746f72__enc.302e302e31 | tenant: public | md5: 078197185f4db4ffc1a3897538d15c60
2026-09-29 09:43:19,269|opType: publish | rt: 4ms | status: success | requestIp: null | dataId: resource_config_MEMORY__md.json | group: agentspec__enc.7370656369616c697a65642d6b6f7265616e2d627573696e6573732d6e6176696761746f72__enc.302e302e31 | tenant: public | md5: 8e8f21b66cc5fee2428061c25ba2e087
2026-09-29 09:43:19,290|opType: publish | rt: 5ms | status: success | requestIp: null | dataId: manifest.json | group: agentspec__enc.7370656369616c697a65642d6d63702d6275696c646572__enc.302e302e31 | tenant: public | md5: 4777e3bfe59fb8b75bfc0fde6c4044df
2026-09-29 09:43:19,294|opType: publish | rt: 5ms | status: success | requestIp: null | dataId: resource_crons_jobs__json.json | group: agentspec__enc.7370656369616c697a65642d6d63702d6275696c646572__enc.302e302e31 | tenant: public | md5: e7741f055f44cdbd2d5ab1a71f8bf288
2026-09-29 09:43:19,298|opType: publish | rt: 5ms | status: success | requestIp: null | dataId: resource_config_IDENTITY__md.json | group: agentspec__enc.7370656369616c697a65642d6d63702d6275696c646572__enc.302e302e31 | tenant: public | md5: 030d1f1c549be844a56faa9fe83e9c4c
2026-09-29 09:43:19,301|opType: publish | rt: 5ms | status: success | requestIp: null | dataId: resource_tool-analysis_tool-analysis__json.json | group: agentspec__enc.7370656369616c697a65642d6d63702d6275696c646572__enc.302e302e31 | tenant: public | md5: 23ff3514cc01ab8cd9112b8fe497e644
2026-09-29 09:43:19,309|opType: publish | rt: 6ms | status: success | requestIp: null | dataId: resource_config_AGENTS__md.json | group: agentspec__enc.7370656369616c697a65642d6d63702d6275696c646572__enc.302e302e31 | tenant: public | md5: 6471c3b428ec08422264c2590d95cfe7
2026-09-29 09:43:19,311|opType: publish | rt: 5ms | status: success | requestIp: null | dataId: SKILL.md | group: skill_enc.636173652d73747564792d77726974696e67__enc.302e302e31 | tenant: public | md5: c1c55849383689b1614dc3c7e5017cb9
2026-09-29 09:43:19,314|opType: publish | rt: 6ms | status: success | requestIp: null | dataId: resource_config_SOUL__md.json | group: agentspec__enc.7370656369616c697a65642d6d63702d6275696c646572__enc.302e302e31 | tenant: public | md5: 0cd86885a0856e321ac0060d9e968fea
2026-09-29 09:43:19,315|opType: publish | rt: 6ms | status: success | requestIp: null | dataId: resource_config_MEMORY__md.json | group: agentspec__enc.7370656369616c697a65642d6d63702d6275696c646572__enc.302e302e31 | tenant: public | md5: 149196dc95989c4a02de6060dcdbb351
2026-09-29 09:43:19,321|opType: publish | rt: 5ms | status: success | requestIp: null | dataId: manifest.json | group: agentspec__enc.7370656369616c697a65642d6d656574696e672d617373697374616e74__enc.302e302e31 | tenant: public | md5: 3237764f553dfdf79478c24c3de3cd1a
2026-09-29 09:43:19,325|opType: publish | rt: 5ms | status: success | requestIp: null | dataId: skill_index.json | group: skill_book-cover-design | tenant: public | md5: a954ba25a6022882637d1312aa486859
2026-09-29 09:43:19,327|opType: publish | rt: 5ms | status: success | requestIp: null | dataId: resource_crons_jobs__json.json | group: agentspec__enc.7370656369616c697a65642d6d656574696e672d617373697374616e74__enc.302e302e31 | tenant: public | md5: 0a015d035a6633c2b1326a8fe8126dee
2026-09-29 09:43:19,328|opType: publish | rt: 5ms | status: success | requestIp: null | dataId: resource_config_IDENTITY__md.json | group: agentspec__enc.7370656369616c697a65642d6d656574696e672d617373697374616e74__enc.302e302e31 | tenant: public | md5: e44c4e495fb851f4d19dbbb0b5d30df9
2026-09-29 09:43:19,333|opType: publish | rt: 4ms | status: success | requestIp: null | dataId: resource_tool-analysis_tool-analysis__json.json | group: agentspec__enc.7370656369616c697a65642d6d656574696e672d617373697374616e74__enc.302e302e31 | tenant: public | md5: 53f3dbfcd99a01c732613d7acade4ce7
2026-09-29 09:43:19,341|opType: publish | rt: 5ms | status: success | requestIp: null | dataId: resource_config_AGENTS__md.json | group: agentspec__enc.7370656369616c697a65642d6d656574696e672d617373697374616e74__enc.302e302e31 | tenant: public | md5: b69cbb6148ed8353559ed5d84614ca4e
2026-09-29 09:43:19,348|opType: publish | rt: 4ms | status: success | requestIp: null | dataId: resource_config_SOUL__md.json | group: agentspec__enc.7370656369616c697a65642d6d656574696e672d617373697374616e74__enc.302e302e31 | tenant: public | md5: c85ec93902296610c6fbdfd17b5aaa9c
2026-09-29 09:43:19,355|opType: publish | rt: 5ms | status: success | requestIp: null | dataId: resource_config_MEMORY__md.json | group: agentspec__enc.7370656369616c697a65642d6d656574696e672d617373697374616e74__enc.302e302e31 | tenant: public | md5: b3a20f9d190c8154ec60a40bbbbc1098
2026-09-29 09:43:19,364|opType: publish | rt: 5ms | status: success | requestIp: null | dataId: manifest.json | group: agentspec__enc.7370656369616c697a65642d6d6f64656c2d7161__enc.302e302e31 | tenant: public | md5: 85126c2306f14bbf8ba3c7b861876b45
2026-09-29 09:43:19,367|opType: publish | rt: 5ms | status: success | requestIp: null | dataId: SKILL.md | group: skill_enc.6368617261637465722d64657369676e2d7368656574__enc.302e302e31 | tenant: public | md5: 34271f6819a3907fe6f3124bef236bf7
2026-09-29 09:43:19,423|opType: publish | rt: 5ms | status: success | requestIp: null | dataId: resource_crons_jobs__json.json | group: agentspec__enc.7370656369616c697a65642d6d6f64656c2d7161__enc.302e302e31 | tenant: public | md5: 31ec603b1e31e779e39cc1c0240d16b6
2026-09-29 09:43:19,426|opType: publish | rt: 4ms | status: success | requestIp: null | dataId: resource_config_IDENTITY__md.json | group: agentspec__enc.7370656369616c697a65642d6d6f64656c2d7161__enc.302e302e31 | tenant: public | md5: e808b06dd9fbeacaf375d1980a48b9f3
2026-09-29 09:43:19,429|opType: publish | rt: 5ms | status: success | requestIp: null | dataId: skill_index.json | group: skill_building-inferencesh-apps | tenant: public | md5: 218fad1301a66358423f86653ac9cbfb
2026-09-29 09:43:19,461|opType: publish | rt: 6ms | status: success | requestIp: null | dataId: resource_tool-analysis_tool-analysis__json.json | group: agentspec__enc.7370656369616c697a65642d6d6f64656c2d7161__enc.302e302e31 | tenant: public | md5: 3ac193a595092b0879f203ce2f6e109b
2026-09-29 09:43:19,464|opType: publish | rt: 4ms | status: success | requestIp: null | dataId: resource_config_AGENTS__md.json | group: agentspec__enc.7370656369616c697a65642d6d6f64656c2d7161__enc.302e302e31 | tenant: public | md5: a8236dc21673f8d80d4c8954fc339739
2026-09-29 09:43:19,479|opType: publish | rt: 4ms | status: success | requestIp: null | dataId: resource_config_SOUL__md.json | group: agentspec__enc.7370656369616c697a65642d6d6f64656c2d7161__enc.302e302e31 | tenant: public | md5: a60a7cf94b1e3c07aabb155c1ccaefc6
2026-09-29 09:43:19,502|opType: publish | rt: 6ms | status: success | requestIp: null | dataId: resource_config_MEMORY__md.json | group: agentspec__enc.7370656369616c697a65642d6d6f64656c2d7161__enc.302e302e31 | tenant: public | md5: 7528f1f33f2ce72a48923ffeec62a95b
2026-09-29 09:43:19,506|opType: publish | rt: 5ms | status: success | requestIp: null | dataId: manifest.json | group: agentspec__enc.7370656369616c697a65642d70726963696e672d6f7074696d697a6572__enc.302e302e31 | tenant: public | md5: b50c08598dd4531aecd82e4142c35e19
2026-09-29 09:43:19,509|opType: publish | rt: 4ms | status: success | requestIp: null | dataId: resource_crons_jobs__json.json | group: agentspec__enc.7370656369616c697a65642d70726963696e672d6f7074696d697a6572__enc.302e302e31 | tenant: public | md5: 6a886e4be5b8945ce7bf5bc1f74a4c67
2026-09-29 09:43:19,511|opType: publish | rt: 4ms | status: success | requestIp: null | dataId: resource_config_IDENTITY__md.json | group: agentspec__enc.7370656369616c697a65642d70726963696e672d6f7074696d697a6572__enc.302e302e31 | tenant: public | md5: 2f199ef2030d546b35f5ff75a949eea9
2026-09-29 09:43:19,519|opType: publish | rt: 5ms | status: success | requestIp: null | dataId: resource_tool-analysis_tool-analysis__json.json | group: agentspec__enc.7370656369616c697a65642d70726963696e672d6f7074696d697a6572__enc.302e302e31 | tenant: public | md5: 4e14386f1d60289dc5f1ad5372eb0384
2026-09-29 09:43:19,526|opType: publish | rt: 6ms | status: success | requestIp: null | dataId: resource_config_AGENTS__md.json | group: agentspec__enc.7370656369616c697a65642d70726963696e672d6f7074696d697a6572__enc.302e302e31 | tenant: public | md5: e3e7bdf17812a71cb0c489bc669a8918
2026-09-29 09:43:19,527|opType: publish | rt: 5ms | status: success | requestIp: null | dataId: resource_config_SOUL__md.json | group: agentspec__enc.7370656369616c697a65642d70726963696e672d6f7074696d697a6572__enc.302e302e31 | tenant: public | md5: 31f413c5008af0153404961520c950fa
2026-09-29 09:43:19,529|opType: publish | rt: 4ms | status: success | requestIp: null | dataId: skill_index.json | group: skill_case-study-writing | tenant: public | md5: a954ba25a6022882637d1312aa486859
2026-09-29 09:43:19,533|opType: publish | rt: 6ms | status: success | requestIp: null | dataId: resource_config_MEMORY__md.json | group: agentspec__enc.7370656369616c697a65642d70726963696e672d6f7074696d697a6572__enc.302e302e31 | tenant: public | md5: 8fadf97ec724067f634927af550722c2
2026-09-29 09:43:19,538|opType: publish | rt: 5ms | status: success | requestIp: null | dataId: SKILL.md | group: skill_enc.636861742d7569__enc.302e302e31 | tenant: public | md5: afd2cae589c3fb183fcb56a43b11d97c
2026-09-29 09:43:19,541|opType: publish | rt: 5ms | status: success | requestIp: null | dataId: manifest.json | group: agentspec__enc.7370656369616c697a65642d7269736b2d6173736573736f72__enc.302e302e31 | tenant: public | md5: b845177e166b3d38f250132df64a203a
2026-09-29 09:43:19,543|opType: publish | rt: 5ms | status: success | requestIp: null | dataId: resource_crons_jobs__json.json | group: agentspec__enc.7370656369616c697a65642d7269736b2d6173736573736f72__enc.302e302e31 | tenant: public | md5: 021aef82927f7dbdcbef0457a12f7ce8
2026-09-29 09:43:19,544|opType: publish | rt: 5ms | status: success | requestIp: null | dataId: resource_config_IDENTITY__md.json | group: agentspec__enc.7370656369616c697a65642d7269736b2d6173736573736f72__enc.302e302e31 | tenant: public | md5: d42a155e69c96750a7e383b94f402005
2026-09-29 09:43:19,551|opType: publish | rt: 4ms | status: success | requestIp: null | dataId: resource_tool-analysis_tool-analysis__json.json | group: agentspec__enc.7370656369616c697a65642d7269736b2d6173736573736f72__enc.302e302e31 | tenant: public | md5: d7568be426dbacaed0bafb4f8af26a0e
2026-09-29 09:43:19,557|opType: publish | rt: 4ms | status: success | requestIp: null | dataId: resource_config_AGENTS__md.json | group: agentspec__enc.7370656369616c697a65642d7269736b2d6173736573736f72__enc.302e302e31 | tenant: public | md5: 785735901f8649e1ebb7f0280853a720
2026-09-29 09:43:19,566|opType: publish | rt: 4ms | status: success | requestIp: null | dataId: resource_config_SOUL__md.json | group: agentspec__enc.7370656369616c697a65642d7269736b2d6173736573736f72__enc.302e302e31 | tenant: public | md5: 34f73151f5873808944ed5c5109a0006
2026-09-29 09:43:19,573|opType: publish | rt: 4ms | status: success | requestIp: null | dataId: resource_config_MEMORY__md.json | group: agentspec__enc.7370656369616c697a65642d7269736b2d6173736573736f72__enc.302e302e31 | tenant: public | md5: 6492c12f0eefc554cdba533efd953ed3
2026-09-29 09:43:19,580|opType: publish | rt: 4ms | status: success | requestIp: null | dataId: skill_index.json | group: skill_character-design-sheet | tenant: public | md5: a954ba25a6022882637d1312aa486859
2026-09-29 09:43:19,635|opType: publish | rt: 5ms | status: success | requestIp: null | dataId: manifest.json | group: agentspec__enc.7370656369616c697a65642d73616c6573666f7263652d617263686974656374__enc.302e302e31 | tenant: public | md5: f330d6b32b87408daabf0f019f969d87
2026-09-29 09:43:19,639|opType: publish | rt: 5ms | status: success | requestIp: null | dataId: resource_crons_jobs__json.json | group: agentspec__enc.7370656369616c697a65642d73616c6573666f7263652d617263686974656374__enc.302e302e31 | tenant: public | md5: 955936938b72426477bcac230b938efa
2026-09-29 09:43:19,642|opType: publish | rt: 5ms | status: success | requestIp: null | dataId: SKILL.md | group: skill_enc.636f6d70657469746f722d74656172646f776e__enc.302e302e31 | tenant: public | md5: 4d7a889663b5e25ec46fd0a3eed93c65
2026-09-29 09:43:19,673|opType: publish | rt: 6ms | status: success | requestIp: null | dataId: resource_config_IDENTITY__md.json | group: agentspec__enc.7370656369616c697a65642d73616c6573666f7263652d617263686974656374__enc.302e302e31 | tenant: public | md5: 2403ecec39c7b69d03d192b16907aec4
2026-09-29 09:43:19,676|opType: publish | rt: 5ms | status: success | requestIp: null | dataId: resource_tool-analysis_tool-analysis__json.json | group: agentspec__enc.7370656369616c697a65642d73616c6573666f7263652d617263686974656374__enc.302e302e31 | tenant: public | md5: 1994585f21ddbc01a09b09864c343693
2026-09-29 09:43:19,688|opType: publish | rt: 5ms | status: success | requestIp: null | dataId: resource_config_AGENTS__md.json | group: agentspec__enc.7370656369616c697a65642d73616c6573666f7263652d617263686974656374__enc.302e302e31 | tenant: public | md5: 91fb186d0d7c13994195e886403673c9
2026-09-29 09:43:19,711|opType: publish | rt: 3ms | status: success | requestIp: null | dataId: resource_config_SOUL__md.json | group: agentspec__enc.7370656369616c697a65642d73616c6573666f7263652d617263686974656374__enc.302e302e31 | tenant: public | md5: 857f5d8e46733a88f5dcb57ad227e73b
2026-09-29 09:43:19,717|opType: publish | rt: 5ms | status: success | requestIp: null | dataId: resource_config_MEMORY__md.json | group: agentspec__enc.7370656369616c697a65642d73616c6573666f7263652d617263686974656374__enc.302e302e31 | tenant: public | md5: c84123db14e9930de4884767a6b29ac5
2026-09-29 09:43:19,718|opType: publish | rt: 4ms | status: success | requestIp: null | dataId: manifest.json | group: agentspec__enc.7370656369616c697a65642d776f726b666c6f772d617263686974656374__enc.302e302e31 | tenant: public | md5: 95919f188f698971e2e6b5fe3b191a8e
2026-09-29 09:43:19,721|opType: publish | rt: 3ms | status: success | requestIp: null | dataId: resource_crons_jobs__json.json | group: agentspec__enc.7370656369616c697a65642d776f726b666c6f772d617263686974656374__enc.302e302e31 | tenant: public | md5: 5b7a6934f825dd018be569b8352667df
2026-09-29 09:43:19,728|opType: publish | rt: 4ms | status: success | requestIp: null | dataId: resource_config_IDENTITY__md.json | group: agentspec__enc.7370656369616c697a65642d776f726b666c6f772d617263686974656374__enc.302e302e31 | tenant: public | md5: 18290894d618b7387c1a83039067328f
2026-09-29 09:43:19,737|opType: publish | rt: 6ms | status: success | requestIp: null | dataId: resource_tool-analysis_tool-analysis__json.json | group: agentspec__enc.7370656369616c697a65642d776f726b666c6f772d617263686974656374__enc.302e302e31 | tenant: public | md5: 43b621615c345396ea742f68472f1cc2
2026-09-29 09:43:19,744|opType: publish | rt: 9ms | status: success | requestIp: null | dataId: resource_config_AGENTS__md.json | group: agentspec__enc.7370656369616c697a65642d776f726b666c6f772d617263686974656374__enc.302e302e31 | tenant: public | md5: eea1be4704a5f8950c82674d98987123
2026-09-29 09:43:19,745|opType: publish | rt: 6ms | status: success | requestIp: null | dataId: SKILL.md | group: skill_enc.636f6e74656e742d7265707572706f73696e67__enc.302e302e31 | tenant: public | md5: 1f07df12a477654c21594a69cb329507
2026-09-29 09:43:19,747|opType: publish | rt: 6ms | status: success | requestIp: null | dataId: resource_config_SOUL__md.json | group: agentspec__enc.7370656369616c697a65642d776f726b666c6f772d617263686974656374__enc.302e302e31 | tenant: public | md5: a3127812ec792b0d8a5cee61fe2de27d
2026-09-29 09:43:19,752|opType: publish | rt: 5ms | status: success | requestIp: null | dataId: resource_config_MEMORY__md.json | group: agentspec__enc.7370656369616c697a65642d776f726b666c6f772d617263686974656374__enc.302e302e31 | tenant: public | md5: 7e6f4c3b4381e4152b29aa0c24bc8679
2026-09-29 09:43:19,755|opType: publish | rt: 5ms | status: success | requestIp: null | dataId: manifest.json | group: agentspec__enc.73747564792d6162726f61642d61647669736f72__enc.302e302e31 | tenant: public | md5: ed981a1a5c01f932ee5b65a26c6d92f7
2026-09-29 09:43:19,769|opType: publish | rt: 17ms | status: success | requestIp: null | dataId: resource_crons_jobs__json.json | group: agentspec__enc.73747564792d6162726f61642d61647669736f72__enc.302e302e31 | tenant: public | md5: cd0b8254f98fba202af8755abd2c92d5
2026-09-29 09:43:19,771|opType: publish | rt: 18ms | status: success | requestIp: null | dataId: skill_index.json | group: skill_chat-ui | tenant: public | md5: a954ba25a6022882637d1312aa486859
2026-09-29 09:43:19,774|opType: publish | rt: 4ms | status: success | requestIp: null | dataId: resource_config_IDENTITY__md.json | group: agentspec__enc.73747564792d6162726f61642d61647669736f72__enc.302e302e31 | tenant: public | md5: a9cde7422e12318de0d1de2006f13124
2026-09-29 09:43:19,776|opType: publish | rt: 4ms | status: success | requestIp: null | dataId: resource_tool-analysis_tool-analysis__json.json | group: agentspec__enc.73747564792d6162726f61642d61647669736f72__enc.302e302e31 | tenant: public | md5: 7f0985d1825f611e4a3d603f588e03f4
2026-09-29 09:43:19,777|opType: publish | rt: 4ms | status: success | requestIp: null | dataId: resource_config_AGENTS__md.json | group: agentspec__enc.73747564792d6162726f61642d61647669736f72__enc.302e302e31 | tenant: public | md5: ee3be9edda5a35d2b7dbb02c5106c1ad
2026-09-29 09:43:19,782|opType: publish | rt: 3ms | status: success | requestIp: null | dataId: resource_config_SOUL__md.json | group: agentspec__enc.73747564792d6162726f61642d61647669736f72__enc.302e302e31 | tenant: public | md5: 1494961c71468d46fb9570e57b891fc2
2026-09-29 09:43:19,791|opType: publish | rt: 5ms | status: success | requestIp: null | dataId: SKILL.md | group: skill_enc.637573746f6d65722d706572736f6e61__enc.302e302e31 | tenant: public | md5: e430c090518a293465b5c60f26ababb6
2026-09-29 09:43:19,844|opType: publish | rt: 4ms | status: success | requestIp: null | dataId: resource_config_MEMORY__md.json | group: agentspec__enc.73747564792d6162726f61642d61647669736f72__enc.302e302e31 | tenant: public | md5: 4ed3dafd99a95777bac7fb9547be5ef5
2026-09-29 09:43:19,850|opType: publish | rt: 4ms | status: success | requestIp: null | dataId: manifest.json | group: agentspec__enc.737570706c792d636861696e2d696e76656e746f72792d666f7265636173746572__enc.302e302e31 | tenant: public | md5: e5a1814592de43935ee7d921e05d623f
2026-09-29 09:43:19,856|opType: publish | rt: 4ms | status: success | requestIp: null | dataId: skill_index.json | group: skill_competitor-teardown | tenant: public | md5: a954ba25a6022882637d1312aa486859
2026-09-29 09:43:19,883|opType: publish | rt: 5ms | status: success | requestIp: null | dataId: resource_crons_jobs__json.json | group: agentspec__enc.737570706c792d636861696e2d696e76656e746f72792d666f7265636173746572__enc.302e302e31 | tenant: public | md5: 3df756a4c8c90a869561560958843538
2026-09-29 09:43:19,886|opType: publish | rt: 4ms | status: success | requestIp: null | dataId: resource_config_IDENTITY__md.json | group: agentspec__enc.737570706c792d636861696e2d696e76656e746f72792d666f7265636173746572__enc.302e302e31 | tenant: public | md5: 86702ecad80b9df6c91048526a9d971a
2026-09-29 09:43:19,898|opType: publish | rt: 5ms | status: success | requestIp: null | dataId: resource_tool-analysis_tool-analysis__json.json | group: agentspec__enc.737570706c792d636861696e2d696e76656e746f72792d666f7265636173746572__enc.302e302e31 | tenant: public | md5: 7efc521c87188a583463785e791b8cd0
2026-09-29 09:43:19,921|opType: publish | rt: 5ms | status: success | requestIp: null | dataId: resource_config_AGENTS__md.json | group: agentspec__enc.737570706c792d636861696e2d696e76656e746f72792d666f7265636173746572__enc.302e302e31 | tenant: public | md5: be096d6c67c6cc71f2a25987e10c9b2a
2026-09-29 09:43:19,929|opType: publish | rt: 5ms | status: success | requestIp: null | dataId: resource_config_SOUL__md.json | group: agentspec__enc.737570706c792d636861696e2d696e76656e746f72792d666f7265636173746572__enc.302e302e31 | tenant: public | md5: 7a1673129c8143295433ad1a410370b3
2026-09-29 09:43:19,930|opType: publish | rt: 5ms | status: success | requestIp: null | dataId: resource_config_MEMORY__md.json | group: agentspec__enc.737570706c792d636861696e2d696e76656e746f72792d666f7265636173746572__enc.302e302e31 | tenant: public | md5: 86984d3e20354ab5ac650c1df79ed147
2026-09-29 09:43:19,933|opType: publish | rt: 4ms | status: success | requestIp: null | dataId: manifest.json | group: agentspec__enc.737570706c792d636861696e2d726f7574652d6f7074696d697a6572__enc.302e302e31 | tenant: public | md5: 19baa83646951fd5f491386e92ef18f8
2026-09-29 09:43:19,939|opType: publish | rt: 4ms | status: success | requestIp: null | dataId: resource_crons_jobs__json.json | group: agentspec__enc.737570706c792d636861696e2d726f7574652d6f7074696d697a6572__enc.302e302e31 | tenant: public | md5: 79844eb2a5f3c4a524a66b9513df5e70
2026-09-29 09:43:19,945|opType: publish | rt: 4ms | status: success | requestIp: null | dataId: resource_config_IDENTITY__md.json | group: agentspec__enc.737570706c792d636861696e2d726f7574652d6f7074696d697a6572__enc.302e302e31 | tenant: public | md5: eb1e0d7c7886b7b8c2170066b9878fb6
2026-09-29 09:43:19,958|opType: publish | rt: 6ms | status: success | requestIp: null | dataId: resource_tool-analysis_tool-analysis__json.json | group: agentspec__enc.737570706c792d636861696e2d726f7574652d6f7074696d697a6572__enc.302e302e31 | tenant: public | md5: 328bf799335e61c2f01ce31af4b99511
2026-09-29 09:43:19,960|opType: publish | rt: 6ms | status: success | requestIp: null | dataId: resource_config_AGENTS__md.json | group: agentspec__enc.737570706c792d636861696e2d726f7574652d6f7074696d697a6572__enc.302e302e31 | tenant: public | md5: 0726ebeb69a104f4f11a94cd15a35d57
2026-09-29 09:43:19,963|opType: publish | rt: 5ms | status: success | requestIp: null | dataId: skill_index.json | group: skill_content-repurposing | tenant: public | md5: a954ba25a6022882637d1312aa486859
2026-09-29 09:43:19,966|opType: publish | rt: 6ms | status: success | requestIp: null | dataId: resource_config_SOUL__md.json | group: agentspec__enc.737570706c792d636861696e2d726f7574652d6f7074696d697a6572__enc.302e302e31 | tenant: public | md5: 04f693609455b317225cfbd95f477b4b
2026-09-29 09:43:19,967|opType: publish | rt: 6ms | status: success | requestIp: null | dataId: resource_config_MEMORY__md.json | group: agentspec__enc.737570706c792d636861696e2d726f7574652d6f7074696d697a6572__enc.302e302e31 | tenant: public | md5: ef8b913f3eb4ecd6095507e6d421dc5a
2026-09-29 09:43:19,980|opType: publish | rt: 5ms | status: success | requestIp: null | dataId: manifest.json | group: agentspec__enc.737570706c792d636861696e2d73747261746567697374__enc.302e302e31 | tenant: public | md5: 8c6932e767184a33de5cb0d9367dbb67
2026-09-29 09:43:19,986|opType: publish | rt: 5ms | status: success | requestIp: null | dataId: SKILL.md | group: skill_enc.646174612d76697375616c697a6174696f6e__enc.302e302e31 | tenant: public | md5: 792c7e89052cd3e02551d3a81a42ed43
2026-09-29 09:43:19,987|opType: publish | rt: 5ms | status: success | requestIp: null | dataId: resource_crons_jobs__json.json | group: agentspec__enc.737570706c792d636861696e2d73747261746567697374__enc.302e302e31 | tenant: public | md5: d0d1d7e6549f1ce898030f740b66bd17
2026-09-29 09:43:19,990|opType: publish | rt: 5ms | status: success | requestIp: null | dataId: resource_config_IDENTITY__md.json | group: agentspec__enc.737570706c792d636861696e2d73747261746567697374__enc.302e302e31 | tenant: public | md5: aaf9eda19fbb470a3b100e82ed809113
2026-09-29 09:43:19,994|opType: publish | rt: 6ms | status: success | requestIp: null | dataId: resource_tool-analysis_tool-analysis__json.json | group: agentspec__enc.737570706c792d636861696e2d73747261746567697374__enc.302e302e31 | tenant: public | md5: d04095089bfcce229a93ade1f244f6a3
2026-09-29 09:43:19,995|opType: publish | rt: 6ms | status: success | requestIp: null | dataId: resource_config_AGENTS__md.json | group: agentspec__enc.737570706c792d636861696e2d73747261746567697374__enc.302e302e31 | tenant: public | md5: 490385dbd83bc851f22fde33c3bcce92
2026-09-29 09:43:20,004|opType: publish | rt: 4ms | status: success | requestIp: null | dataId: skill_index.json | group: skill_customer-persona | tenant: public | md5: a954ba25a6022882637d1312aa486859
2026-09-29 09:43:20,062|opType: publish | rt: 10ms | status: success | requestIp: null | dataId: resource_config_SOUL__md.json | group: agentspec__enc.737570706c792d636861696e2d73747261746567697374__enc.302e302e31 | tenant: public | md5: a0b3a4cc2331f602b622b5352c49dafd
2026-09-29 09:43:20,068|opType: publish | rt: 5ms | status: success | requestIp: null | dataId: resource_config_MEMORY__md.json | group: agentspec__enc.737570706c792d636861696e2d73747261746567697374__enc.302e302e31 | tenant: public | md5: 6ff1b224d8125ad97fbc2fc6aff2dd98
2026-09-29 09:43:20,069|opType: publish | rt: 5ms | status: success | requestIp: null | dataId: SKILL.md | group: skill_enc.6469616c6f6775652d617564696f__enc.302e302e31 | tenant: public | md5: 78c3eb5b93dc9638aa5f23cab2e7b335
2026-09-29 09:43:20,094|opType: publish | rt: 5ms | status: success | requestIp: null | dataId: manifest.json | group: agentspec__enc.737570706c792d636861696e2d76656e646f722d6576616c7561746f72__enc.302e302e31 | tenant: public | md5: de03d28ef13ec6fc7c7573f99938952e
2026-09-29 09:43:20,097|opType: publish | rt: 5ms | status: success | requestIp: null | dataId: resource_crons_jobs__json.json | group: agentspec__enc.737570706c792d636861696e2d76656e646f722d6576616c7561746f72__enc.302e302e31 | tenant: public | md5: ab3fcf85e4e00396a8566d8d48fee399
2026-09-29 09:43:20,109|opType: publish | rt: 4ms | status: success | requestIp: null | dataId: resource_config_IDENTITY__md.json | group: agentspec__enc.737570706c792d636861696e2d76656e646f722d6576616c7561746f72__enc.302e302e31 | tenant: public | md5: bd3249111a486756cb8fb56ba5fa0a9f
2026-09-29 09:43:20,131|opType: publish | rt: 4ms | status: success | requestIp: null | dataId: resource_tool-analysis_tool-analysis__json.json | group: agentspec__enc.737570706c792d636861696e2d76656e646f722d6576616c7561746f72__enc.302e302e31 | tenant: public | md5: e7e5ebf0ed0d73a18db1f0efef473631
2026-09-29 09:43:20,143|opType: publish | rt: 6ms | status: success | requestIp: null | dataId: resource_config_AGENTS__md.json | group: agentspec__enc.737570706c792d636861696e2d76656e646f722d6576616c7561746f72__enc.302e302e31 | tenant: public | md5: 1608aba2e32cbeb04af6aa279d2b62c2
2026-09-29 09:43:20,144|opType: publish | rt: 6ms | status: success | requestIp: null | dataId: resource_config_SOUL__md.json | group: agentspec__enc.737570706c792d636861696e2d76656e646f722d6576616c7561746f72__enc.302e302e31 | tenant: public | md5: bf67be9c3d77d7885279827288563fdb
2026-09-29 09:43:20,149|opType: publish | rt: 7ms | status: success | requestIp: null | dataId: resource_config_MEMORY__md.json | group: agentspec__enc.737570706c792d636861696e2d76656e646f722d6576616c7561746f72__enc.302e302e31 | tenant: public | md5: 8319b4ba53805b3663a46512a1d0c12c
2026-09-29 09:43:20,150|opType: publish | rt: 5ms | status: success | requestIp: null | dataId: manifest.json | group: agentspec__enc.737570706f72742d616e616c79746963732d7265706f72746572__enc.302e302e31 | tenant: public | md5: 5ea507be5aea362f63df086a93f824e6
2026-09-29 09:43:20,156|opType: publish | rt: 5ms | status: success | requestIp: null | dataId: resource_crons_jobs__json.json | group: agentspec__enc.737570706f72742d616e616c79746963732d7265706f72746572__enc.302e302e31 | tenant: public | md5: 5bb3515bba85be166da7192aa0409eb0
2026-09-29 09:43:20,171|opType: publish | rt: 6ms | status: success | requestIp: null | dataId: resource_config_IDENTITY__md.json | group: agentspec__enc.737570706f72742d616e616c79746963732d7265706f72746572__enc.302e302e31 | tenant: public | md5: 624f55d0a542697e0491394f211401e8
2026-09-29 09:43:20,173|opType: publish | rt: 5ms | status: success | requestIp: null | dataId: resource_tool-analysis_tool-analysis__json.json | group: agentspec__enc.737570706f72742d616e616c79746963732d7265706f72746572__enc.302e302e31 | tenant: public | md5: 5555235815295577f533b3182c90d13a
2026-09-29 09:43:20,177|opType: publish | rt: 5ms | status: success | requestIp: null | dataId: SKILL.md | group: skill_enc.656c6576656e6c6162732d6469616c6f677565__enc.302e302e31 | tenant: public | md5: 6d0070290670d889492e3e7d91df26c7
2026-09-29 09:43:20,180|opType: publish | rt: 5ms | status: success | requestIp: null | dataId: resource_config_AGENTS__md.json | group: agentspec__enc.737570706f72742d616e616c79746963732d7265706f72746572__enc.302e302e31 | tenant: public | md5: 97a118c38caceea298ec7d5a2ec81efe
2026-09-29 09:43:20,181|opType: publish | rt: 5ms | status: success | requestIp: null | dataId: resource_config_SOUL__md.json | group: agentspec__enc.737570706f72742d616e616c79746963732d7265706f72746572__enc.302e302e31 | tenant: public | md5: 001164d033d5119c1da0cc2137973f79
2026-09-29 09:43:20,190|opType: publish | rt: 5ms | status: success | requestIp: null | dataId: resource_config_MEMORY__md.json | group: agentspec__enc.737570706f72742d616e616c79746963732d7265706f72746572__enc.302e302e31 | tenant: public | md5: b424d905dd156e7c95ce7e68878bfafc
2026-09-29 09:43:20,198|opType: publish | rt: 5ms | status: success | requestIp: null | dataId: manifest.json | group: agentspec__enc.737570706f72742d6578656375746976652d73756d6d6172792d67656e657261746f72__enc.302e302e31 | tenant: public | md5: 320c1b0805ca26706d14eb0ee3c31b55
2026-09-29 09:43:20,203|opType: publish | rt: 6ms | status: success | requestIp: null | dataId: skill_index.json | group: skill_data-visualization | tenant: public | md5: a954ba25a6022882637d1312aa486859
2026-09-29 09:43:20,204|opType: publish | rt: 5ms | status: success | requestIp: null | dataId: resource_crons_jobs__json.json | group: agentspec__enc.737570706f72742d6578656375746976652d73756d6d6172792d67656e657261746f72__enc.302e302e31 | tenant: public | md5: ea4e27ff4cd7599316937ece10623466
2026-09-29 09:43:20,208|opType: publish | rt: 6ms | status: success | requestIp: null | dataId: resource_config_IDENTITY__md.json | group: agentspec__enc.737570706f72742d6578656375746976652d73756d6d6172792d67656e657261746f72__enc.302e302e31 | tenant: public | md5: 821d9f9f8fd9074659bbdb517baa1dcc
2026-09-29 09:43:20,208|opType: publish | rt: 4ms | status: success | requestIp: null | dataId: resource_tool-analysis_tool-analysis__json.json | group: agentspec__enc.737570706f72742d6578656375746976652d73756d6d6172792d67656e657261746f72__enc.302e302e31 | tenant: public | md5: b4a32f7368682d003fcd73609a143d72
2026-09-29 09:43:20,216|opType: publish | rt: 4ms | status: success | requestIp: null | dataId: SKILL.md | group: skill_enc.656c6576656e6c6162732d64756262696e67__enc.302e302e31 | tenant: public | md5: 2a3f899042bf2da8d2861dc3ad0cfbce
2026-09-29 09:43:20,273|opType: publish | rt: 6ms | status: success | requestIp: null | dataId: resource_config_AGENTS__md.json | group: agentspec__enc.737570706f72742d6578656375746976652d73756d6d6172792d67656e657261746f72__enc.302e302e31 | tenant: public | md5: 57c7cca05fdd2fb0cee1449c69f79fb3
2026-09-29 09:43:20,280|opType: publish | rt: 4ms | status: success | requestIp: null | dataId: resource_config_SOUL__md.json | group: agentspec__enc.737570706f72742d6578656375746976652d73756d6d6172792d67656e657261746f72__enc.302e302e31 | tenant: public | md5: 2016c3e4a597db80bdea523c1dceccb3
2026-09-29 09:43:20,285|opType: publish | rt: 4ms | status: success | requestIp: null | dataId: skill_index.json | group: skill_dialogue-audio | tenant: public | md5: a954ba25a6022882637d1312aa486859
2026-09-29 09:43:20,305|opType: publish | rt: 5ms | status: success | requestIp: null | dataId: resource_config_MEMORY__md.json | group: agentspec__enc.737570706f72742d6578656375746976652d73756d6d6172792d67656e657261746f72__enc.302e302e31 | tenant: public | md5: 67fcf973f5e9e3057a8cd79181504a92
2026-09-29 09:43:20,308|opType: publish | rt: 4ms | status: success | requestIp: null | dataId: manifest.json | group: agentspec__enc.737570706f72742d66696e616e63652d747261636b6572__enc.302e302e31 | tenant: public | md5: 33ae2112cf5b3f8ceda57719dd1e23b0
2026-09-29 09:43:20,319|opType: publish | rt: 4ms | status: success | requestIp: null | dataId: resource_crons_jobs__json.json | group: agentspec__enc.737570706f72742d66696e616e63652d747261636b6572__enc.302e302e31 | tenant: public | md5: 78a8af033d056e6e3c19d353af7e6d21
2026-09-29 09:43:20,341|opType: publish | rt: 4ms | status: success | requestIp: null | dataId: resource_config_IDENTITY__md.json | group: agentspec__enc.737570706f72742d66696e616e63652d747261636b6572__enc.302e302e31 | tenant: public | md5: 3adbb4da1c7c855504810f599f1a4df2
2026-09-29 09:43:20,353|opType: publish | rt: 5ms | status: success | requestIp: null | dataId: resource_tool-analysis_tool-analysis__json.json | group: agentspec__enc.737570706f72742d66696e616e63652d747261636b6572__enc.302e302e31 | tenant: public | md5: 8e3cc381339c3f31810455bf7480c152
2026-09-29 09:43:20,358|opType: publish | rt: 7ms | status: success | requestIp: null | dataId: resource_config_AGENTS__md.json | group: agentspec__enc.737570706f72742d66696e616e63652d747261636b6572__enc.302e302e31 | tenant: public | md5: 571d255b887203da1d7536d9b1494e9c
2026-09-29 09:43:20,361|opType: publish | rt: 6ms | status: success | requestIp: null | dataId: resource_config_SOUL__md.json | group: agentspec__enc.737570706f72742d66696e616e63652d747261636b6572__enc.302e302e31 | tenant: public | md5: 9f6bd4a09761d48051a5c48e6ec68cc0
2026-09-29 09:43:20,361|opType: publish | rt: 5ms | status: success | requestIp: null | dataId: resource_config_MEMORY__md.json | group: agentspec__enc.737570706f72742d66696e616e63652d747261636b6572__enc.302e302e31 | tenant: public | md5: 431152e8f631565181b6397877743d4e
2026-09-29 09:43:20,366|opType: publish | rt: 4ms | status: success | requestIp: null | dataId: manifest.json | group: agentspec__enc.737570706f72742d696e6672617374727563747572652d6d61696e7461696e6572__enc.302e302e31 | tenant: public | md5: 4c31fad27da2b5136e7aa4d0a2b9dce4
2026-09-29 09:43:20,382|opType: publish | rt: 5ms | status: success | requestIp: null | dataId: resource_crons_jobs__json.json | group: agentspec__enc.737570706f72742d696e6672617374727563747572652d6d61696e7461696e6572__enc.302e302e31 | tenant: public | md5: 587e763a9491e54c4edd23c7e85f4aa0
2026-09-29 09:43:20,386|opType: publish | rt: 5ms | status: success | requestIp: null | dataId: resource_config_IDENTITY__md.json | group: agentspec__enc.737570706f72742d696e6672617374727563747572652d6d61696e7461696e6572__enc.302e302e31 | tenant: public | md5: 0f804583c5b33e483d6060ef8204697d
2026-09-29 09:43:20,392|opType: publish | rt: 5ms | status: success | requestIp: null | dataId: resource_tool-analysis_tool-analysis__json.json | group: agentspec__enc.737570706f72742d696e6672617374727563747572652d6d61696e7461696e6572__enc.302e302e31 | tenant: public | md5: 300f6b1480f3f0926fa83e18c2fe8eb8
2026-09-29 09:43:20,394|opType: publish | rt: 6ms | status: success | requestIp: null | dataId: resource_config_AGENTS__md.json | group: agentspec__enc.737570706f72742d696e6672617374727563747572652d6d61696e7461696e6572__enc.302e302e31 | tenant: public | md5: 54ec1bfa43e34b7d829ecf9652129f05
2026-09-29 09:43:20,395|opType: publish | rt: 5ms | status: success | requestIp: null | dataId: skill_index.json | group: skill_elevenlabs-dialogue | tenant: public | md5: a954ba25a6022882637d1312aa486859
2026-09-29 09:43:20,401|opType: publish | rt: 4ms | status: success | requestIp: null | dataId: resource_config_SOUL__md.json | group: agentspec__enc.737570706f72742d696e6672617374727563747572652d6d61696e7461696e6572__enc.302e302e31 | tenant: public | md5: 26a425861e7f7d85c4034cbbebb3b31c
2026-09-29 09:43:20,407|opType: publish | rt: 4ms | status: success | requestIp: null | dataId: resource_config_MEMORY__md.json | group: agentspec__enc.737570706f72742d696e6672617374727563747572652d6d61696e7461696e6572__enc.302e302e31 | tenant: public | md5: 6e959f833a154777cf8fc841deafc456
2026-09-29 09:43:20,416|opType: publish | rt: 5ms | status: success | requestIp: null | dataId: manifest.json | group: agentspec__enc.737570706f72742d6c6567616c2d636f6d706c69616e63652d636865636b6572__enc.302e302e31 | tenant: public | md5: 816fd1c43037d81f90b1ab14d1603d20
2026-09-29 09:43:20,418|opType: publish | rt: 6ms | status: success | requestIp: null | dataId: SKILL.md | group: skill_enc.656c6576656e6c6162732d6d75736963__enc.302e302e31 | tenant: public | md5: 7fd5cf45519fbec1eee7fd30f43d4111
2026-09-29 09:43:20,420|opType: publish | rt: 5ms | status: success | requestIp: null | dataId: resource_crons_jobs__json.json | group: agentspec__enc.737570706f72742d6c6567616c2d636f6d706c69616e63652d636865636b6572__enc.302e302e31 | tenant: public | md5: 86c432baee1d0b1529c0e53ae1497697
2026-09-29 09:43:20,422|opType: publish | rt: 5ms | status: success | requestIp: null | dataId: resource_config_IDENTITY__md.json | group: agentspec__enc.737570706f72742d6c6567616c2d636f6d706c69616e63652d636865636b6572__enc.302e302e31 | tenant: public | md5: 61d2450c6e6f3bd311a7a9db4d6d3bf3
2026-09-29 09:43:20,429|opType: publish | rt: 4ms | status: success | requestIp: null | dataId: skill_index.json | group: skill_elevenlabs-dubbing | tenant: public | md5: a954ba25a6022882637d1312aa486859
2026-09-29 09:43:20,483|opType: publish | rt: 4ms | status: success | requestIp: null | dataId: resource_tool-analysis_tool-analysis__json.json | group: agentspec__enc.737570706f72742d6c6567616c2d636f6d706c69616e63652d636865636b6572__enc.302e302e31 | tenant: public | md5: 3aef62ef3071063a075a2a8fc39ce464
2026-09-29 09:43:20,492|opType: publish | rt: 5ms | status: success | requestIp: null | dataId: resource_config_AGENTS__md.json | group: agentspec__enc.737570706f72742d6c6567616c2d636f6d706c69616e63652d636865636b6572__enc.302e302e31 | tenant: public | md5: 1d0bb27ee1e377f7da48057c2530bef2
2026-09-29 09:43:20,498|opType: publish | rt: 5ms | status: success | requestIp: null | dataId: SKILL.md | group: skill_enc.656c6576656e6c6162732d736f756e642d65666665637473__enc.302e302e31 | tenant: public | md5: 9f9bc6261f6c234eb107a5af4f19ad68
2026-09-29 09:43:20,517|opType: publish | rt: 5ms | status: success | requestIp: null | dataId: resource_config_SOUL__md.json | group: agentspec__enc.737570706f72742d6c6567616c2d636f6d706c69616e63652d636865636b6572__enc.302e302e31 | tenant: public | md5: 1a42e154fc021decff9a1a8f5f47f6db
2026-09-29 09:43:20,518|opType: publish | rt: 5ms | status: success | requestIp: null | dataId: resource_config_MEMORY__md.json | group: agentspec__enc.737570706f72742d6c6567616c2d636f6d706c69616e63652d636865636b6572__enc.302e302e31 | tenant: public | md5: 53d35e9cbb0879f1f24a14f19ba9573d
2026-09-29 09:43:20,529|opType: publish | rt: 4ms | status: success | requestIp: null | dataId: manifest.json | group: agentspec__enc.737570706f72742d726563727569746d656e742d7370656369616c697374__enc.302e302e31 | tenant: public | md5: 62d687816bcb30a2c539a56faad6c4b9
2026-09-29 09:43:20,553|opType: publish | rt: 6ms | status: success | requestIp: null | dataId: resource_crons_jobs__json.json | group: agentspec__enc.737570706f72742d726563727569746d656e742d7370656369616c697374__enc.302e302e31 | tenant: public | md5: 72193b25c60b580e6453a6d7762358a2
2026-09-29 09:43:20,566|opType: publish | rt: 6ms | status: success | requestIp: null | dataId: resource_config_IDENTITY__md.json | group: agentspec__enc.737570706f72742d726563727569746d656e742d7370656369616c697374__enc.302e302e31 | tenant: public | md5: af9ea33f16a7d97f7910ed3b8237f192
2026-09-29 09:43:20,572|opType: publish | rt: 5ms | status: success | requestIp: null | dataId: resource_tool-analysis_tool-analysis__json.json | group: agentspec__enc.737570706f72742d726563727569746d656e742d7370656369616c697374__enc.302e302e31 | tenant: public | md5: ec0bfe39ca860d825719f1ae0e6bf0ee
2026-09-29 09:43:20,576|opType: publish | rt: 5ms | status: success | requestIp: null | dataId: resource_config_SOUL__md.json | group: agentspec__enc.737570706f72742d726563727569746d656e742d7370656369616c697374__enc.302e302e31 | tenant: public | md5: 4181edf931135f0c7abbc9e484ae2b96
2026-09-29 09:43:20,577|opType: publish | rt: 8ms | status: success | requestIp: null | dataId: resource_config_AGENTS__md.json | group: agentspec__enc.737570706f72742d726563727569746d656e742d7370656369616c697374__enc.302e302e31 | tenant: public | md5: 26af84ea8a7dd5192f06085126cec129
2026-09-29 09:43:20,578|opType: publish | rt: 4ms | status: success | requestIp: null | dataId: resource_config_MEMORY__md.json | group: agentspec__enc.737570706f72742d726563727569746d656e742d7370656369616c697374__enc.302e302e31 | tenant: public | md5: fb3dc6f4e598687bddfaa61512daf177
2026-09-29 09:43:20,593|opType: publish | rt: 5ms | status: success | requestIp: null | dataId: manifest.json | group: agentspec__enc.737570706f72742d737570706c792d636861696e2d73747261746567697374__enc.302e302e31 | tenant: public | md5: 6f1e6a4ded45ef33209c7d9006a64618
2026-09-29 09:43:20,599|opType: publish | rt: 5ms | status: success | requestIp: null | dataId: resource_crons_jobs__json.json | group: agentspec__enc.737570706f72742d737570706c792d636861696e2d73747261746567697374__enc.302e302e31 | tenant: public | md5: f4cf86c2ea20547dd34974e54f291c13
2026-09-29 09:43:20,602|opType: publish | rt: 4ms | status: success | requestIp: null | dataId: resource_config_IDENTITY__md.json | group: agentspec__enc.737570706f72742d737570706c792d636861696e2d73747261746567697374__enc.302e302e31 | tenant: public | md5: 89d8c67f9524db0240c9c1b46f7d3f7b
2026-09-29 09:43:20,605|opType: publish | rt: 5ms | status: success | requestIp: null | dataId: resource_tool-analysis_tool-analysis__json.json | group: agentspec__enc.737570706f72742d737570706c792d636861696e2d73747261746567697374__enc.302e302e31 | tenant: public | md5: 016d7d7619d21f41e226e2018e9439cf
2026-09-29 09:43:20,609|opType: publish | rt: 5ms | status: success | requestIp: null | dataId: SKILL.md | group: skill_enc.656c6576656e6c6162732d737474__enc.302e302e31 | tenant: public | md5: 711a05b8980a095122f1d8c213ea8c28
2026-09-29 09:43:20,616|opType: publish | rt: 7ms | status: success | requestIp: null | dataId: resource_config_AGENTS__md.json | group: agentspec__enc.737570706f72742d737570706c792d636861696e2d73747261746567697374__enc.302e302e31 | tenant: public | md5: 689b5637042a52870f3717f448f63697
2026-09-29 09:43:20,619|opType: publish | rt: 5ms | status: success | requestIp: null | dataId: resource_config_SOUL__md.json | group: agentspec__enc.737570706f72742d737570706c792d636861696e2d73747261746567697374__enc.302e302e31 | tenant: public | md5: 8223cf26eaf7077444d729f8c8d0e464
2026-09-29 09:43:20,629|opType: publish | rt: 7ms | status: success | requestIp: null | dataId: resource_config_MEMORY__md.json | group: agentspec__enc.737570706f72742d737570706c792d636861696e2d73747261746567697374__enc.302e302e31 | tenant: public | md5: 37f4756576bfc3d725c970e00a2a4d05
2026-09-29 09:43:20,635|opType: publish | rt: 5ms | status: success | requestIp: null | dataId: manifest.json | group: agentspec__enc.737570706f72742d737570706f72742d726573706f6e646572__enc.302e302e31 | tenant: public | md5: ca01f0a78b1d437c1cedef92ba2229fd
2026-09-29 09:43:20,637|opType: publish | rt: 6ms | status: success | requestIp: null | dataId: resource_crons_jobs__json.json | group: agentspec__enc.737570706f72742d737570706f72742d726573706f6e646572__enc.302e302e31 | tenant: public | md5: f2bcb9b85a3020a3b56b259e85ccb7b3
2026-09-29 09:43:20,639|opType: publish | rt: 5ms | status: success | requestIp: null | dataId: skill_index.json | group: skill_elevenlabs-music | tenant: public | md5: a954ba25a6022882637d1312aa486859
2026-09-29 09:43:20,643|opType: publish | rt: 6ms | status: success | requestIp: null | dataId: SKILL.md | group: skill_enc.656c6576656e6c6162732d747473__enc.302e302e31 | tenant: public | md5: 1b8d3c45343923d2570a3ecbd38f25c2
2026-09-29 09:43:20,694|opType: publish | rt: 4ms | status: success | requestIp: null | dataId: resource_config_IDENTITY__md.json | group: agentspec__enc.737570706f72742d737570706f72742d726573706f6e646572__enc.302e302e31 | tenant: public | md5: be7f7f4801231e7a681d236a042de106
2026-09-29 09:43:20,704|opType: publish | rt: 5ms | status: success | requestIp: null | dataId: resource_tool-analysis_tool-analysis__json.json | group: agentspec__enc.737570706f72742d737570706f72742d726573706f6e646572__enc.302e302e31 | tenant: public | md5: e7a8049181642808ee420acd8a7a8119
2026-09-29 09:43:20,711|opType: publish | rt: 4ms | status: success | requestIp: null | dataId: skill_index.json | group: skill_elevenlabs-sound-effects | tenant: public | md5: a954ba25a6022882637d1312aa486859
2026-09-29 09:43:20,728|opType: publish | rt: 5ms | status: success | requestIp: null | dataId: resource_config_AGENTS__md.json | group: agentspec__enc.737570706f72742d737570706f72742d726573706f6e646572__enc.302e302e31 | tenant: public | md5: 9374f7f48256c6032ae87e23a06d63b1
2026-09-29 09:43:20,741|opType: publish | rt: 15ms | status: success | requestIp: null | dataId: resource_config_SOUL__md.json | group: agentspec__enc.737570706f72742d737570706f72742d726573706f6e646572__enc.302e302e31 | tenant: public | md5: b286a925c0502ec5715a140f6b256590
2026-09-29 09:43:20,745|opType: publish | rt: 3ms | status: success | requestIp: null | dataId: resource_config_MEMORY__md.json | group: agentspec__enc.737570706f72742d737570706f72742d726573706f6e646572__enc.302e302e31 | tenant: public | md5: b7eb7bf450c16dfd41210819aedca87c
2026-09-29 09:43:20,763|opType: publish | rt: 4ms | status: success | requestIp: null | dataId: manifest.json | group: agentspec__enc.746563686e6963616c2d617274697374__enc.302e302e31 | tenant: public | md5: 3f17e50c76db28c9dbd30a5ac8e0cf1f
2026-09-29 09:43:20,779|opType: publish | rt: 7ms | status: success | requestIp: null | dataId: resource_crons_jobs__json.json | group: agentspec__enc.746563686e6963616c2d617274697374__enc.302e302e31 | tenant: public | md5: 3ec919498e558025b99651e88492d78a
2026-09-29 09:43:20,787|opType: publish | rt: 6ms | status: success | requestIp: null | dataId: resource_config_IDENTITY__md.json | group: agentspec__enc.746563686e6963616c2d617274697374__enc.302e302e31 | tenant: public | md5: d4e25bfe7544b02bd16e1f3c5769dd67
2026-09-29 09:43:20,788|opType: publish | rt: 5ms | status: success | requestIp: null | dataId: resource_tool-analysis_tool-analysis__json.json | group: agentspec__enc.746563686e6963616c2d617274697374__enc.302e302e31 | tenant: public | md5: 0c6df910b3eb9f67a39110426c353955
2026-09-29 09:43:20,790|opType: publish | rt: 4ms | status: success | requestIp: null | dataId: resource_config_AGENTS__md.json | group: agentspec__enc.746563686e6963616c2d617274697374__enc.302e302e31 | tenant: public | md5: 860a2e273c65383b64817045c10006aa
2026-09-29 09:43:20,793|opType: publish | rt: 5ms | status: success | requestIp: null | dataId: resource_config_SOUL__md.json | group: agentspec__enc.746563686e6963616c2d617274697374__enc.302e302e31 | tenant: public | md5: 46c35c4615008f55be27ac69d2c79556
2026-09-29 09:43:20,802|opType: publish | rt: 4ms | status: success | requestIp: null | dataId: resource_config_MEMORY__md.json | group: agentspec__enc.746563686e6963616c2d617274697374__enc.302e302e31 | tenant: public | md5: 6d04206b3081cf665592df09a9c57d42
2026-09-29 09:43:20,811|opType: publish | rt: 7ms | status: success | requestIp: null | dataId: manifest.json | group: agentspec__enc.7465726d696e616c2d696e746567726174696f6e2d7370656369616c697374__enc.302e302e31 | tenant: public | md5: 3fa300a45449d01ea959b2deab3e4426
2026-09-29 09:43:20,817|opType: publish | rt: 6ms | status: success | requestIp: null | dataId: resource_crons_jobs__json.json | group: agentspec__enc.7465726d696e616c2d696e746567726174696f6e2d7370656369616c697374__enc.302e302e31 | tenant: public | md5: 03e70d0c3ec53be287e050a11dad8b9a
2026-09-29 09:43:20,818|opType: publish | rt: 4ms | status: success | requestIp: null | dataId: resource_config_IDENTITY__md.json | group: agentspec__enc.7465726d696e616c2d696e746567726174696f6e2d7370656369616c697374__enc.302e302e31 | tenant: public | md5: ffc474bd0d8e58a8438079b1049a6a44
2026-09-29 09:43:20,826|opType: publish | rt: 5ms | status: success | requestIp: null | dataId: skill_index.json | group: skill_elevenlabs-stt | tenant: public | md5: a954ba25a6022882637d1312aa486859
2026-09-29 09:43:20,830|opType: publish | rt: 8ms | status: success | requestIp: null | dataId: resource_tool-analysis_tool-analysis__json.json | group: agentspec__enc.7465726d696e616c2d696e746567726174696f6e2d7370656369616c697374__enc.302e302e31 | tenant: public | md5: 092db39b0cdba24fceb8bf1a8d7ee05c
2026-09-29 09:43:20,835|opType: publish | rt: 8ms | status: success | requestIp: null | dataId: resource_config_AGENTS__md.json | group: agentspec__enc.7465726d696e616c2d696e746567726174696f6e2d7370656369616c697374__enc.302e302e31 | tenant: public | md5: 55c7a52bdde53c2aa1081e563b2f3b05
2026-09-29 09:43:20,844|opType: publish | rt: 6ms | status: success | requestIp: null | dataId: resource_config_SOUL__md.json | group: agentspec__enc.7465726d696e616c2d696e746567726174696f6e2d7370656369616c697374__enc.302e302e31 | tenant: public | md5: e334fcae5a4ecd6243697a9f194e83f8
2026-09-29 09:43:20,852|opType: publish | rt: 7ms | status: success | requestIp: null | dataId: resource_config_MEMORY__md.json | group: agentspec__enc.7465726d696e616c2d696e746567726174696f6e2d7370656369616c697374__enc.302e302e31 | tenant: public | md5: f5efdf62c9139932198dec139b96b7a1
2026-09-29 09:43:20,855|opType: publish | rt: 8ms | status: success | requestIp: null | dataId: manifest.json | group: agentspec__enc.74657374696e672d6163636573736962696c6974792d61756469746f72__enc.302e302e31 | tenant: public | md5: 9059a645ca4bdfde95bdd0029969bfca
2026-09-29 09:43:20,857|opType: publish | rt: 7ms | status: success | requestIp: null | dataId: SKILL.md | group: skill_enc.656c6576656e6c6162732d766f6963652d6368616e676572__enc.302e302e31 | tenant: public | md5: 1bf141e942ad86e2c42e37b71eec891c
2026-09-29 09:43:20,859|opType: publish | rt: 6ms | status: success | requestIp: null | dataId: skill_index.json | group: skill_elevenlabs-tts | tenant: public | md5: a954ba25a6022882637d1312aa486859
2026-09-29 09:43:20,906|opType: publish | rt: 6ms | status: success | requestIp: null | dataId: resource_crons_jobs__json.json | group: agentspec__enc.74657374696e672d6163636573736962696c6974792d61756469746f72__enc.302e302e31 | tenant: public | md5: f4538c12607594bc18bdc47c07bd1b6b
2026-09-29 09:43:20,916|opType: publish | rt: 6ms | status: success | requestIp: null | dataId: resource_config_IDENTITY__md.json | group: agentspec__enc.74657374696e672d6163636573736962696c6974792d61756469746f72__enc.302e302e31 | tenant: public | md5: a051de274f30a1e4bbffda1fc5394115
2026-09-29 09:43:20,926|opType: publish | rt: 5ms | status: success | requestIp: null | dataId: SKILL.md | group: skill_enc.656c6576656e6c6162732d766f6963652d69736f6c61746f72__enc.302e302e31 | tenant: public | md5: 60ffacba8f8a050c572412632b9b70fe
2026-09-29 09:43:20,939|opType: publish | rt: 5ms | status: success | requestIp: null | dataId: resource_tool-analysis_tool-analysis__json.json | group: agentspec__enc.74657374696e672d6163636573736962696c6974792d61756469746f72__enc.302e302e31 | tenant: public | md5: 42d4dd10ef0f25e8092487c7d82b1693
2026-09-29 09:43:20,957|opType: publish | rt: 9ms | status: success | requestIp: null | dataId: resource_config_AGENTS__md.json | group: agentspec__enc.74657374696e672d6163636573736962696c6974792d61756469746f72__enc.302e302e31 | tenant: public | md5: 9a4238ea2808b33bde4f208f5f16fff8
2026-09-29 09:43:20,961|opType: publish | rt: 5ms | status: success | requestIp: null | dataId: resource_config_SOUL__md.json | group: agentspec__enc.74657374696e672d6163636573736962696c6974792d61756469746f72__enc.302e302e31 | tenant: public | md5: 79ecd41110679dce40672d5c78628d9d
2026-09-29 09:43:20,974|opType: publish | rt: 5ms | status: success | requestIp: null | dataId: resource_config_MEMORY__md.json | group: agentspec__enc.74657374696e672d6163636573736962696c6974792d61756469746f72__enc.302e302e31 | tenant: public | md5: 4b675b877fe525cfa99f41a5ae17bc23
2026-09-29 09:43:20,989|opType: publish | rt: 4ms | status: success | requestIp: null | dataId: manifest.json | group: agentspec__enc.74657374696e672d6170692d746573746572__enc.302e302e31 | tenant: public | md5: 155cc50afdfeaaa7c0b6c798c5085fcc
2026-09-29 09:43:20,997|opType: publish | rt: 5ms | status: success | requestIp: null | dataId: resource_crons_jobs__json.json | group: agentspec__enc.74657374696e672d6170692d746573746572__enc.302e302e31 | tenant: public | md5: 5e1694fd859e6ec7fbe074011f6491c2
2026-09-29 09:43:21,001|opType: publish | rt: 6ms | status: success | requestIp: null | dataId: resource_config_IDENTITY__md.json | group: agentspec__enc.74657374696e672d6170692d746573746572__enc.302e302e31 | tenant: public | md5: cc307d19aca6a0194c7012b6e11aacb3
2026-09-29 09:43:21,003|opType: publish | rt: 5ms | status: success | requestIp: null | dataId: resource_tool-analysis_tool-analysis__json.json | group: agentspec__enc.74657374696e672d6170692d746573746572__enc.302e302e31 | tenant: public | md5: 74216ac7e3d02a1196d1a5c14c90da03
2026-09-29 09:43:21,005|opType: publish | rt: 5ms | status: success | requestIp: null | dataId: resource_config_AGENTS__md.json | group: agentspec__enc.74657374696e672d6170692d746573746572__enc.302e302e31 | tenant: public | md5: a274449a1b90365909adc7758a6e9eac
2026-09-29 09:43:21,013|opType: publish | rt: 5ms | status: success | requestIp: null | dataId: resource_config_SOUL__md.json | group: agentspec__enc.74657374696e672d6170692d746573746572__enc.302e302e31 | tenant: public | md5: 5cda3909ced1089191b9ef51e816a1db
2026-09-29 09:43:21,020|opType: publish | rt: 4ms | status: success | requestIp: null | dataId: resource_config_MEMORY__md.json | group: agentspec__enc.74657374696e672d6170692d746573746572__enc.302e302e31 | tenant: public | md5: 4a48892c9b3823c378f1f3d6b1d8c844
2026-09-29 09:43:21,027|opType: publish | rt: 5ms | status: success | requestIp: null | dataId: manifest.json | group: agentspec__enc.74657374696e672d656d6265646465642d71612d656e67696e656572__enc.302e302e31 | tenant: public | md5: ade24756f92d5620a251759589ca71c1
2026-09-29 09:43:21,031|opType: publish | rt: 5ms | status: success | requestIp: null | dataId: resource_crons_jobs__json.json | group: agentspec__enc.74657374696e672d656d6265646465642d71612d656e67696e656572__enc.302e302e31 | tenant: public | md5: ad7cf7616bc2589cb1257fea0a32f452
2026-09-29 09:43:21,039|opType: publish | rt: 4ms | status: success | requestIp: null | dataId: SKILL.md | group: skill_enc.656d61696c2d64657369676e__enc.302e302e31 | tenant: public | md5: 42b57239c0e628babf130a379e344f11
2026-09-29 09:43:21,041|opType: publish | rt: 5ms | status: success | requestIp: null | dataId: resource_config_IDENTITY__md.json | group: agentspec__enc.74657374696e672d656d6265646465642d71612d656e67696e656572__enc.302e302e31 | tenant: public | md5: 651d8133fbee5b4e11716396088401df
2026-09-29 09:43:21,047|opType: publish | rt: 4ms | status: success | requestIp: null | dataId: resource_tool-analysis_tool-analysis__json.json | group: agentspec__enc.74657374696e672d656d6265646465642d71612d656e67696e656572__enc.302e302e31 | tenant: public | md5: 83c8a300aa1fbf9a50ce3ce6b072b896
2026-09-29 09:43:21,054|opType: publish | rt: 5ms | status: success | requestIp: null | dataId: resource_config_AGENTS__md.json | group: agentspec__enc.74657374696e672d656d6265646465642d71612d656e67696e656572__enc.302e302e31 | tenant: public | md5: f2a4afdb6e716f76921ca5b17afc64d9
2026-09-29 09:43:21,063|opType: publish | rt: 5ms | status: success | requestIp: null | dataId: resource_config_SOUL__md.json | group: agentspec__enc.74657374696e672d656d6265646465642d71612d656e67696e656572__enc.302e302e31 | tenant: public | md5: c20ddb70f3a1c59607427108941d3d3c
2026-09-29 09:43:21,067|opType: publish | rt: 5ms | status: success | requestIp: null | dataId: resource_config_MEMORY__md.json | group: agentspec__enc.74657374696e672d656d6265646465642d71612d656e67696e656572__enc.302e302e31 | tenant: public | md5: dd3dfe73e241a1b162de48c6a82d0e75
2026-09-29 09:43:21,073|opType: publish | rt: 5ms | status: success | requestIp: null | dataId: SKILL.md | group: skill_enc.6578706c61696e65722d766964656f2d6775696465__enc.302e302e31 | tenant: public | md5: 82412baffff80c651d55c54afe4af58a
2026-09-29 09:43:21,074|opType: publish | rt: 5ms | status: success | requestIp: null | dataId: skill_index.json | group: skill_elevenlabs-voice-changer | tenant: public | md5: a954ba25a6022882637d1312aa486859
2026-09-29 09:43:21,116|opType: publish | rt: 4ms | status: success | requestIp: null | dataId: manifest.json | group: agentspec__enc.74657374696e672d65766964656e63652d636f6c6c6563746f72__enc.302e302e31 | tenant: public | md5: dfed1ecf6a74f8a30761ad9c351eed8c
2026-09-29 09:43:21,125|opType: publish | rt: 4ms | status: success | requestIp: null | dataId: resource_crons_jobs__json.json | group: agentspec__enc.74657374696e672d65766964656e63652d636f6c6c6563746f72__enc.302e302e31 | tenant: public | md5: 3bea9731e3bc04c757f7b457684d63f9
2026-09-29 09:43:21,138|opType: publish | rt: 4ms | status: success | requestIp: null | dataId: skill_index.json | group: skill_elevenlabs-voice-isolator | tenant: public | md5: a954ba25a6022882637d1312aa486859
2026-09-29 09:43:21,148|opType: publish | rt: 4ms | status: success | requestIp: null | dataId: resource_config_IDENTITY__md.json | group: agentspec__enc.74657374696e672d65766964656e63652d636f6c6c6563746f72__enc.302e302e31 | tenant: public | md5: d2a18f424d6675191660131d65593021
2026-09-29 09:43:21,167|opType: publish | rt: 4ms | status: success | requestIp: null | dataId: resource_tool-analysis_tool-analysis__json.json | group: agentspec__enc.74657374696e672d65766964656e63652d636f6c6c6563746f72__enc.302e302e31 | tenant: public | md5: b62beb255772cf593197467d5751f973
2026-09-29 09:43:21,172|opType: publish | rt: 4ms | status: success | requestIp: null | dataId: resource_config_AGENTS__md.json | group: agentspec__enc.74657374696e672d65766964656e63652d636f6c6c6563746f72__enc.302e302e31 | tenant: public | md5: 05da4c3b6cde1c272c8103716400da86
2026-09-29 09:43:21,184|opType: publish | rt: 4ms | status: success | requestIp: null | dataId: resource_config_SOUL__md.json | group: agentspec__enc.74657374696e672d65766964656e63652d636f6c6c6563746f72__enc.302e302e31 | tenant: public | md5: 41ce45f3ddef0998f07eeb833f7a7c47
2026-09-29 09:43:21,198|opType: publish | rt: 4ms | status: success | requestIp: null | dataId: resource_config_MEMORY__md.json | group: agentspec__enc.74657374696e672d65766964656e63652d636f6c6c6563746f72__enc.302e302e31 | tenant: public | md5: 5f005ee518864906fbbf343ab9ddd358
2026-09-29 09:43:21,207|opType: publish | rt: 5ms | status: success | requestIp: null | dataId: manifest.json | group: agentspec__enc.74657374696e672d706572666f726d616e63652d62656e63686d61726b6572__enc.302e302e31 | tenant: public | md5: f8fa8f4317620ced17d6d854892cafd5
2026-09-29 09:43:21,213|opType: publish | rt: 5ms | status: success | requestIp: null | dataId: resource_crons_jobs__json.json | group: agentspec__enc.74657374696e672d706572666f726d616e63652d62656e63686d61726b6572__enc.302e302e31 | tenant: public | md5: abe574279de6bec67247c91c6f31b5b2
2026-09-29 09:43:21,215|opType: publish | rt: 5ms | status: success | requestIp: null | dataId: resource_config_IDENTITY__md.json | group: agentspec__enc.74657374696e672d706572666f726d616e63652d62656e63686d61726b6572__enc.302e302e31 | tenant: public | md5: 836673700937bcad23a64c67abfc0e2c
2026-09-29 09:43:21,217|opType: publish | rt: 6ms | status: success | requestIp: null | dataId: resource_tool-analysis_tool-analysis__json.json | group: agentspec__enc.74657374696e672d706572666f726d616e63652d62656e63686d61726b6572__enc.302e302e31 | tenant: public | md5: 929a9f507df31a26f17101368b17b55d
2026-09-29 09:43:21,222|opType: publish | rt: 4ms | status: success | requestIp: null | dataId: resource_config_AGENTS__md.json | group: agentspec__enc.74657374696e672d706572666f726d616e63652d62656e63686d61726b6572__enc.302e302e31 | tenant: public | md5: b161ead6b0db826c1cc4b4a3e8b48bcc
2026-09-29 09:43:21,231|opType: publish | rt: 5ms | status: success | requestIp: null | dataId: resource_config_SOUL__md.json | group: agentspec__enc.74657374696e672d706572666f726d616e63652d62656e63686d61726b6572__enc.302e302e31 | tenant: public | md5: 115bf419bf7846a4b1412123a97ac9d9
2026-09-29 09:43:21,237|opType: publish | rt: 4ms | status: success | requestIp: null | dataId: resource_config_MEMORY__md.json | group: agentspec__enc.74657374696e672d706572666f726d616e63652d62656e63686d61726b6572__enc.302e302e31 | tenant: public | md5: e994a9f2138c0ede69dcf384df5045ef
2026-09-29 09:43:21,242|opType: publish | rt: 4ms | status: success | requestIp: null | dataId: manifest.json | group: agentspec__enc.74657374696e672d7265616c6974792d636865636b6572__enc.302e302e31 | tenant: public | md5: f1d9f3a71099947ffd234aaa7f4d9f7a
2026-09-29 09:43:21,253|opType: publish | rt: 5ms | status: success | requestIp: null | dataId: resource_crons_jobs__json.json | group: agentspec__enc.74657374696e672d7265616c6974792d636865636b6572__enc.302e302e31 | tenant: public | md5: 18c0c03ecb1d526c229a279ee075b0e8
2026-09-29 09:43:21,256|opType: publish | rt: 5ms | status: success | requestIp: null | dataId: skill_index.json | group: skill_email-design | tenant: public | md5: a954ba25a6022882637d1312aa486859
2026-09-29 09:43:21,259|opType: publish | rt: 5ms | status: success | requestIp: null | dataId: resource_config_IDENTITY__md.json | group: agentspec__enc.74657374696e672d7265616c6974792d636865636b6572__enc.302e302e31 | tenant: public | md5: bea81884ff430405faa6ff10a321e4b2
2026-09-29 09:43:21,264|opType: publish | rt: 4ms | status: success | requestIp: null | dataId: resource_tool-analysis_tool-analysis__json.json | group: agentspec__enc.74657374696e672d7265616c6974792d636865636b6572__enc.302e302e31 | tenant: public | md5: a347909ce2a42327ab688f746700b152
2026-09-29 09:43:21,273|opType: publish | rt: 4ms | status: success | requestIp: null | dataId: resource_config_AGENTS__md.json | group: agentspec__enc.74657374696e672d7265616c6974792d636865636b6572__enc.302e302e31 | tenant: public | md5: 907adbb4dcfe55c12635959ad6c1d1e4
2026-09-29 09:43:21,278|opType: publish | rt: 5ms | status: success | requestIp: null | dataId: resource_config_SOUL__md.json | group: agentspec__enc.74657374696e672d7265616c6974792d636865636b6572__enc.302e302e31 | tenant: public | md5: adbd333baf08e0c15895faea7fe0f11f
2026-09-29 09:43:21,286|opType: publish | rt: 5ms | status: success | requestIp: null | dataId: SKILL.md | group: skill_enc.666c75782d696d616765__enc.302e302e31 | tenant: public | md5: 0d2492590536af71f78ffe99421cc56e
2026-09-29 09:43:21,289|opType: publish | rt: 5ms | status: success | requestIp: null | dataId: skill_index.json | group: skill_explainer-video-guide | tenant: public | md5: a954ba25a6022882637d1312aa486859
2026-09-29 09:43:21,327|opType: publish | rt: 5ms | status: success | requestIp: null | dataId: resource_config_MEMORY__md.json | group: agentspec__enc.74657374696e672d7265616c6974792d636865636b6572__enc.302e302e31 | tenant: public | md5: 7eacf5bb97be4557c8e34af9f62733f0
2026-09-29 09:43:21,336|opType: publish | rt: 5ms | status: success | requestIp: null | dataId: manifest.json | group: agentspec__enc.74657374696e672d746573742d726573756c74732d616e616c797a6572__enc.302e302e31 | tenant: public | md5: e6b4731d483356cb25272733c6af1dfe
2026-09-29 09:43:21,349|opType: publish | rt: 4ms | status: success | requestIp: null | dataId: SKILL.md | group: skill_enc.676f6f676c652d76656f__enc.302e302e31 | tenant: public | md5: 17253de034e7e1bf3b2a1eda3ed2be55
2026-09-29 09:43:21,357|opType: publish | rt: 4ms | status: success | requestIp: null | dataId: resource_crons_jobs__json.json | group: agentspec__enc.74657374696e672d746573742d726573756c74732d616e616c797a6572__enc.302e302e31 | tenant: public | md5: 1ca4c129e3a06fc7ad323a2cf0a6b265
2026-09-29 09:43:21,379|opType: publish | rt: 5ms | status: success | requestIp: null | dataId: resource_config_IDENTITY__md.json | group: agentspec__enc.74657374696e672d746573742d726573756c74732d616e616c797a6572__enc.302e302e31 | tenant: public | md5: aae5f16eaa841feab49816c2f0190385
2026-09-29 09:43:21,384|opType: publish | rt: 4ms | status: success | requestIp: null | dataId: resource_tool-analysis_tool-analysis__json.json | group: agentspec__enc.74657374696e672d746573742d726573756c74732d616e616c797a6572__enc.302e302e31 | tenant: public | md5: f4d9d488f5e60715577a8897aef5da61
2026-09-29 09:43:21,395|opType: publish | rt: 5ms | status: success | requestIp: null | dataId: resource_config_AGENTS__md.json | group: agentspec__enc.74657374696e672d746573742d726573756c74732d616e616c797a6572__enc.302e302e31 | tenant: public | md5: ecd599cab887eefadc7dc76fcd333789
2026-09-29 09:43:21,409|opType: publish | rt: 4ms | status: success | requestIp: null | dataId: resource_config_SOUL__md.json | group: agentspec__enc.74657374696e672d746573742d726573756c74732d616e616c797a6572__enc.302e302e31 | tenant: public | md5: 3949f5706caa6c5771289ca6714b3dd9
2026-09-29 09:43:21,416|opType: publish | rt: 4ms | status: success | requestIp: null | dataId: resource_config_MEMORY__md.json | group: agentspec__enc.74657374696e672d746573742d726573756c74732d616e616c797a6572__enc.302e302e31 | tenant: public | md5: 02cbb13a1c080f76e24ff183a9dcf7cc
2026-09-29 09:43:21,425|opType: publish | rt: 6ms | status: success | requestIp: null | dataId: manifest.json | group: agentspec__enc.74657374696e672d746f6f6c2d6576616c7561746f72__enc.302e302e31 | tenant: public | md5: 5d9547b5213f4950256fe3a2f3e4b30a
2026-09-29 09:43:21,426|opType: publish | rt: 5ms | status: success | requestIp: null | dataId: resource_crons_jobs__json.json | group: agentspec__enc.74657374696e672d746f6f6c2d6576616c7561746f72__enc.302e302e31 | tenant: public | md5: 230584107f20e46511ba9eb99992cfdd
2026-09-29 09:43:21,430|opType: publish | rt: 6ms | status: success | requestIp: null | dataId: resource_config_IDENTITY__md.json | group: agentspec__enc.74657374696e672d746f6f6c2d6576616c7561746f72__enc.302e302e31 | tenant: public | md5: 92e1c6e3e4d86a6397d824c6c54008bd
2026-09-29 09:43:21,433|opType: publish | rt: 5ms | status: success | requestIp: null | dataId: resource_tool-analysis_tool-analysis__json.json | group: agentspec__enc.74657374696e672d746f6f6c2d6576616c7561746f72__enc.302e302e31 | tenant: public | md5: 2528ea018da4362286d230f5db288338
2026-09-29 09:43:21,444|opType: publish | rt: 7ms | status: success | requestIp: null | dataId: resource_config_AGENTS__md.json | group: agentspec__enc.74657374696e672d746f6f6c2d6576616c7561746f72__enc.302e302e31 | tenant: public | md5: 903eb715b3662a9bca3ee24d3979ddc5
2026-09-29 09:43:21,449|opType: publish | rt: 5ms | status: success | requestIp: null | dataId: resource_config_SOUL__md.json | group: agentspec__enc.74657374696e672d746f6f6c2d6576616c7561746f72__enc.302e302e31 | tenant: public | md5: 69216e3523aef86cf51a160ec6be5276
2026-09-29 09:43:21,454|opType: publish | rt: 4ms | status: success | requestIp: null | dataId: resource_config_MEMORY__md.json | group: agentspec__enc.74657374696e672d746f6f6c2d6576616c7561746f72__enc.302e302e31 | tenant: public | md5: e77e1b249fb8d1d639182230e5408978
2026-09-29 09:43:21,464|opType: publish | rt: 6ms | status: success | requestIp: null | dataId: manifest.json | group: agentspec__enc.74657374696e672d776f726b666c6f772d6f7074696d697a6572__enc.302e302e31 | tenant: public | md5: 82407199eaa3604a315b2fb925e6343c
2026-09-29 09:43:21,470|opType: publish | rt: 5ms | status: success | requestIp: null | dataId: SKILL.md | group: skill_enc.696d6167652d746f2d766964656f__enc.302e302e31 | tenant: public | md5: 719157b4fb208a9ba1de075b85fd8026
2026-09-29 09:43:21,471|opType: publish | rt: 5ms | status: success | requestIp: null | dataId: resource_crons_jobs__json.json | group: agentspec__enc.74657374696e672d776f726b666c6f772d6f7074696d697a6572__enc.302e302e31 | tenant: public | md5: 1faeb8dc543af98966f7387d6e20b688
2026-09-29 09:43:21,477|opType: publish | rt: 6ms | status: success | requestIp: null | dataId: resource_config_IDENTITY__md.json | group: agentspec__enc.74657374696e672d776f726b666c6f772d6f7074696d697a6572__enc.302e302e31 | tenant: public | md5: 0a5bd537653c7c30bda5ef3cadbd8374
2026-09-29 09:43:21,486|opType: publish | rt: 5ms | status: success | requestIp: null | dataId: resource_tool-analysis_tool-analysis__json.json | group: agentspec__enc.74657374696e672d776f726b666c6f772d6f7074696d697a6572__enc.302e302e31 | tenant: public | md5: 1f618db2e8332b2d193064e6781cfb78
2026-09-29 09:43:21,493|opType: publish | rt: 6ms | status: success | requestIp: null | dataId: resource_config_AGENTS__md.json | group: agentspec__enc.74657374696e672d776f726b666c6f772d6f7074696d697a6572__enc.302e302e31 | tenant: public | md5: bd9ded2208926e5a2257aaba162e1afe
2026-09-29 09:43:21,501|opType: publish | rt: 5ms | status: success | requestIp: null | dataId: skill_index.json | group: skill_flux-image | tenant: public | md5: a954ba25a6022882637d1312aa486859
2026-09-29 09:43:21,503|opType: publish | rt: 5ms | status: success | requestIp: null | dataId: SKILL.md | group: skill_enc.696d6167652d75707363616c696e67__enc.302e302e31 | tenant: public | md5: 8d1e4d67e510f88e55540079580bf2fc
2026-09-29 09:43:21,537|opType: publish | rt: 3ms | status: success | requestIp: null | dataId: resource_config_SOUL__md.json | group: agentspec__enc.74657374696e672d776f726b666c6f772d6f7074696d697a6572__enc.302e302e31 | tenant: public | md5: 74af58e8074f627137d1d36b9f4db0be
2026-09-29 09:43:21,545|opType: publish | rt: 4ms | status: success | requestIp: null | dataId: resource_config_MEMORY__md.json | group: agentspec__enc.74657374696e672d776f726b666c6f772d6f7074696d697a6572__enc.302e302e31 | tenant: public | md5: 31afe952feafd51ff9ce871204b642d4
2026-09-29 09:43:21,564|opType: publish | rt: 5ms | status: success | requestIp: null | dataId: skill_index.json | group: skill_google-veo | tenant: public | md5: a954ba25a6022882637d1312aa486859
2026-09-29 09:43:21,570|opType: publish | rt: 5ms | status: success | requestIp: null | dataId: manifest.json | group: agentspec__enc.756e6974792d617263686974656374__enc.302e302e31 | tenant: public | md5: 7e53a6281f01ea4a2845bf6c8e9f5275
2026-09-29 09:43:21,589|opType: publish | rt: 4ms | status: success | requestIp: null | dataId: resource_crons_jobs__json.json | group: agentspec__enc.756e6974792d617263686974656374__enc.302e302e31 | tenant: public | md5: 10656350d4ec78911166134810e7752b
2026-09-29 09:43:21,596|opType: publish | rt: 5ms | status: success | requestIp: null | dataId: resource_config_IDENTITY__md.json | group: agentspec__enc.756e6974792d617263686974656374__enc.302e302e31 | tenant: public | md5: 8ed107871eaa92fac83a25766da8596e
2026-09-29 09:43:21,604|opType: publish | rt: 4ms | status: success | requestIp: null | dataId: resource_tool-analysis_tool-analysis__json.json | group: agentspec__enc.756e6974792d617263686974656374__enc.302e302e31 | tenant: public | md5: 9e315340c2d210a05f5ffbd126e068e1
2026-09-29 09:43:21,622|opType: publish | rt: 6ms | status: success | requestIp: null | dataId: resource_config_AGENTS__md.json | group: agentspec__enc.756e6974792d617263686974656374__enc.302e302e31 | tenant: public | md5: 14b973a87c605ace6a4efb32e9eeaab8
2026-09-29 09:43:21,628|opType: publish | rt: 4ms | status: success | requestIp: null | dataId: resource_config_SOUL__md.json | group: agentspec__enc.756e6974792d617263686974656374__enc.302e302e31 | tenant: public | md5: 0c48930f1d9b271693de285dd3888a9a
2026-09-29 09:43:21,638|opType: publish | rt: 6ms | status: success | requestIp: null | dataId: resource_config_MEMORY__md.json | group: agentspec__enc.756e6974792d617263686974656374__enc.302e302e31 | tenant: public | md5: f3c0c39c8945e2a14204d7db6630c612
2026-09-29 09:43:21,641|opType: publish | rt: 8ms | status: success | requestIp: null | dataId: manifest.json | group: agentspec__enc.756e6974792d656469746f722d746f6f6c2d646576656c6f706572__enc.302e302e31 | tenant: public | md5: 9d12a1634e979b7f186c1575da264188
2026-09-29 09:43:21,643|opType: publish | rt: 4ms | status: success | requestIp: null | dataId: resource_crons_jobs__json.json | group: agentspec__enc.756e6974792d656469746f722d746f6f6c2d646576656c6f706572__enc.302e302e31 | tenant: public | md5: f905c04fc09d18ed1bcffe3f78463b13
2026-09-29 09:43:21,646|opType: publish | rt: 5ms | status: success | requestIp: null | dataId: resource_config_IDENTITY__md.json | group: agentspec__enc.756e6974792d656469746f722d746f6f6c2d646576656c6f706572__enc.302e302e31 | tenant: public | md5: feb07e75b789ce86743bc7c62a77f687
2026-09-29 09:43:21,653|opType: publish | rt: 4ms | status: success | requestIp: null | dataId: resource_tool-analysis_tool-analysis__json.json | group: agentspec__enc.756e6974792d656469746f722d746f6f6c2d646576656c6f706572__enc.302e302e31 | tenant: public | md5: 4cc311d43bbb5f90a0761969da13688a
2026-09-29 09:43:21,661|opType: publish | rt: 6ms | status: success | requestIp: null | dataId: resource_config_AGENTS__md.json | group: agentspec__enc.756e6974792d656469746f722d746f6f6c2d646576656c6f706572__enc.302e302e31 | tenant: public | md5: c6f4ad25409cedceaebcb650f1339831
2026-09-29 09:43:21,666|opType: publish | rt: 5ms | status: success | requestIp: null | dataId: resource_config_SOUL__md.json | group: agentspec__enc.756e6974792d656469746f722d746f6f6c2d646576656c6f706572__enc.302e302e31 | tenant: public | md5: 6b73f76e08720fa688ca46e66a8213ae
2026-09-29 09:43:21,675|opType: publish | rt: 5ms | status: success | requestIp: null | dataId: resource_config_MEMORY__md.json | group: agentspec__enc.756e6974792d656469746f722d746f6f6c2d646576656c6f706572__enc.302e302e31 | tenant: public | md5: 551f57fd9adff9e94702ba4ee1a1c0b6
2026-09-29 09:43:21,683|opType: publish | rt: 5ms | status: success | requestIp: null | dataId: manifest.json | group: agentspec__enc.756e6974792d6d756c7469706c617965722d656e67696e656572__enc.302e302e31 | tenant: public | md5: c3cd46b8a798b62df686f18808d4edd9
2026-09-29 09:43:21,686|opType: publish | rt: 4ms | status: success | requestIp: null | dataId: skill_index.json | group: skill_image-to-video | tenant: public | md5: a954ba25a6022882637d1312aa486859
2026-09-29 09:43:21,689|opType: publish | rt: 4ms | status: success | requestIp: null | dataId: resource_crons_jobs__json.json | group: agentspec__enc.756e6974792d6d756c7469706c617965722d656e67696e656572__enc.302e302e31 | tenant: public | md5: a833754748dfd1bdc57f196d0e63a2ec
2026-09-29 09:43:21,695|opType: publish | rt: 4ms | status: success | requestIp: null | dataId: resource_config_IDENTITY__md.json | group: agentspec__enc.756e6974792d6d756c7469706c617965722d656e67696e656572__enc.302e302e31 | tenant: public | md5: 219506168e12f3c8e22c8c221f4e4521
2026-09-29 09:43:21,702|opType: publish | rt: 4ms | status: success | requestIp: null | dataId: resource_tool-analysis_tool-analysis__json.json | group: agentspec__enc.756e6974792d6d756c7469706c617965722d656e67696e656572__enc.302e302e31 | tenant: public | md5: 5357d7ba76212f7fa71815d4a2375410
2026-09-29 09:43:21,728|opType: publish | rt: 18ms | status: success | requestIp: null | dataId: SKILL.md | group: skill_enc.696e6673682d636c69__enc.302e302e31 | tenant: public | md5: a562dbcf1e9e2340ae155767089cd360
2026-09-29 09:43:21,729|opType: publish | rt: 18ms | status: success | requestIp: null | dataId: enc.7265666572656e6365732f72756e6e696e672d617070732e6d64 | group: skill_enc.696e6673682d636c69__enc.302e302e31 | tenant: public | md5: fd689c450695dec66cdf013741d66273
2026-09-29 09:43:21,733|opType: publish | rt: 5ms | status: success | requestIp: null | dataId: enc.7265666572656e6365732f61757468656e7469636174696f6e2e6d64 | group: skill_enc.696e6673682d636c69__enc.302e302e31 | tenant: public | md5: deb0ec845ad1813c3e54906b4a952b88
2026-09-29 09:43:21,734|opType: publish | rt: 4ms | status: success | requestIp: null | dataId: enc.7265666572656e6365732f6170702d646973636f766572792e6d64 | group: skill_enc.696e6673682d636c69__enc.302e302e31 | tenant: public | md5: d9f79e2efd476655587f07121b20b8e0
2026-09-29 09:43:21,735|opType: publish | rt: 3ms | status: success | requestIp: null | dataId: skill_index.json | group: skill_image-upscaling | tenant: public | md5: a954ba25a6022882637d1312aa486859
2026-09-29 09:43:21,739|opType: publish | rt: 5ms | status: success | requestIp: null | dataId: enc.7265666572656e6365732f636c692d7265666572656e63652e6d64 | group: skill_enc.696e6673682d636c69__enc.302e302e31 | tenant: public | md5: b0c112393310a53890afa25fa4a74632
2026-09-29 09:43:21,747|opType: publish | rt: 4ms | status: success | requestIp: null | dataId: resource_config_AGENTS__md.json | group: agentspec__enc.756e6974792d6d756c7469706c617965722d656e67696e656572__enc.302e302e31 | tenant: public | md5: 523ca183b6c11ec2572a24123a212de8
2026-09-29 09:43:21,757|opType: publish | rt: 5ms | status: success | requestIp: null | dataId: resource_config_SOUL__md.json | group: agentspec__enc.756e6974792d6d756c7469706c617965722d656e67696e656572__enc.302e302e31 | tenant: public | md5: 8240799f907d999d3658c613139bad46
2026-09-29 09:43:21,789|opType: publish | rt: 6ms | status: success | requestIp: null | dataId: SKILL.md | group: skill_enc.6a6176617363726970742d73646b__enc.302e302e31 | tenant: public | md5: 2ce5746f4d257babd73cf343011bc489
2026-09-29 09:43:21,789|opType: publish | rt: 6ms | status: success | requestIp: null | dataId: enc.7265666572656e6365732f7365727665722d70726f78792e6d64 | group: skill_enc.6a6176617363726970742d73646b__enc.302e302e31 | tenant: public | md5: cd49f0c23694c8cb6fd0f772bde701f3
2026-09-29 09:43:21,790|opType: publish | rt: 5ms | status: success | requestIp: null | dataId: enc.7265666572656e6365732f746f6f6c2d6275696c6465722e6d64 | group: skill_enc.6a6176617363726970742d73646b__enc.302e302e31 | tenant: public | md5: 9431f7995b4f437b57fff83a5aac3bad
2026-09-29 09:43:21,794|opType: publish | rt: 7ms | status: success | requestIp: null | dataId: enc.7265666572656e6365732f6167656e742d7061747465726e732e6d64 | group: skill_enc.6a6176617363726970742d73646b__enc.302e302e31 | tenant: public | md5: 9571831c0eac806c720437d0c51a062c
2026-09-29 09:43:21,796|opType: publish | rt: 6ms | status: success | requestIp: null | dataId: enc.7265666572656e6365732f747970657363726970742e6d64 | group: skill_enc.6a6176617363726970742d73646b__enc.302e302e31 | tenant: public | md5: 2623683992c3702e418126693eb70916
2026-09-29 09:43:21,798|opType: publish | rt: 6ms | status: success | requestIp: null | dataId: enc.7265666572656e6365732f73657373696f6e732e6d64 | group: skill_enc.6a6176617363726970742d73646b__enc.302e302e31 | tenant: public | md5: 4154f96ff10bb26d062ce743adb3b770
2026-09-29 09:43:21,800|opType: publish | rt: 6ms | status: success | requestIp: null | dataId: enc.7265666572656e6365732f66696c65732e6d64 | group: skill_enc.6a6176617363726970742d73646b__enc.302e302e31 | tenant: public | md5: 71ed26b265b0dbc4ad0a30091c38b20f
2026-09-29 09:43:21,802|opType: publish | rt: 5ms | status: success | requestIp: null | dataId: enc.7265666572656e6365732f72656163742d696e746567726174696f6e2e6d64 | group: skill_enc.6a6176617363726970742d73646b__enc.302e302e31 | tenant: public | md5: ce7de67327c8cf4a399a9f8139fc5c13
2026-09-29 09:43:21,805|opType: publish | rt: 6ms | status: success | requestIp: null | dataId: resource_config_MEMORY__md.json | group: agentspec__enc.756e6974792d6d756c7469706c617965722d656e67696e656572__enc.302e302e31 | tenant: public | md5: 3ddafec526cb52e2c05c57f0baf623ec
2026-09-29 09:43:21,808|opType: publish | rt: 6ms | status: success | requestIp: null | dataId: enc.7265666572656e6365732f73747265616d696e672e6d64 | group: skill_enc.6a6176617363726970742d73646b__enc.302e302e31 | tenant: public | md5: f3e8151078261bc6ea5cf6251314a4bd
2026-09-29 09:43:21,809|opType: publish | rt: 4ms | status: success | requestIp: null | dataId: manifest.json | group: agentspec__enc.756e6974792d7368616465722d67726170682d617274697374__enc.302e302e31 | tenant: public | md5: cea5ac6bda707000cf92ade6590a65b0
2026-09-29 09:43:21,812|opType: publish | rt: 5ms | status: success | requestIp: null | dataId: resource_crons_jobs__json.json | group: agentspec__enc.756e6974792d7368616465722d67726170682d617274697374__enc.302e302e31 | tenant: public | md5: e81789cf3a0ccc5c710f865cb724e865
2026-09-29 09:43:21,814|opType: publish | rt: 3ms | status: success | requestIp: null | dataId: resource_config_IDENTITY__md.json | group: agentspec__enc.756e6974792d7368616465722d67726170682d617274697374__enc.302e302e31 | tenant: public | md5: 9e51b7e576fdbcde5caa6bf36fc16a94
2026-09-29 09:43:21,831|opType: publish | rt: 4ms | status: success | requestIp: null | dataId: resource_tool-analysis_tool-analysis__json.json | group: agentspec__enc.756e6974792d7368616465722d67726170682d617274697374__enc.302e302e31 | tenant: public | md5: 1afa4ee6f143223219d0e659fa741db5
2026-09-29 09:43:21,838|opType: publish | rt: 5ms | status: success | requestIp: null | dataId: resource_config_AGENTS__md.json | group: agentspec__enc.756e6974792d7368616465722d67726170682d617274697374__enc.302e302e31 | tenant: public | md5: 18d1cbd5c2e3a2a7ac9522c7d7210d32
2026-09-29 09:43:21,850|opType: publish | rt: 5ms | status: success | requestIp: null | dataId: resource_config_SOUL__md.json | group: agentspec__enc.756e6974792d7368616465722d67726170682d617274697374__enc.302e302e31 | tenant: public | md5: 803e3c4be1d73d90ba34b4ec1a57af40
2026-09-29 09:43:21,851|opType: publish | rt: 5ms | status: success | requestIp: null | dataId: resource_config_MEMORY__md.json | group: agentspec__enc.756e6974792d7368616465722d67726170682d617274697374__enc.302e302e31 | tenant: public | md5: 4440735cc572d93a67a8062ac997be0b
2026-09-29 09:43:21,856|opType: publish | rt: 5ms | status: success | requestIp: null | dataId: manifest.json | group: agentspec__enc.756e7265616c2d6d756c7469706c617965722d617263686974656374__enc.302e302e31 | tenant: public | md5: 40077271dc12deda23555162b554cd94
2026-09-29 09:43:21,857|opType: publish | rt: 5ms | status: success | requestIp: null | dataId: resource_crons_jobs__json.json | group: agentspec__enc.756e7265616c2d6d756c7469706c617965722d617263686974656374__enc.302e302e31 | tenant: public | md5: 524b4cf8d26cfe16ae1e9b052c0fb51e
2026-09-29 09:43:21,862|opType: publish | rt: 4ms | status: success | requestIp: null | dataId: resource_config_IDENTITY__md.json | group: agentspec__enc.756e7265616c2d6d756c7469706c617965722d617263686974656374__enc.302e302e31 | tenant: public | md5: 4a6c442fa38c856aecea6d0a93646b4e
2026-09-29 09:43:21,870|opType: publish | rt: 4ms | status: success | requestIp: null | dataId: resource_tool-analysis_tool-analysis__json.json | group: agentspec__enc.756e7265616c2d6d756c7469706c617965722d617263686974656374__enc.302e302e31 | tenant: public | md5: 5b6731f511af5866f15dca0193845c6a
2026-09-29 09:43:21,875|opType: publish | rt: 4ms | status: success | requestIp: null | dataId: resource_config_AGENTS__md.json | group: agentspec__enc.756e7265616c2d6d756c7469706c617965722d617263686974656374__enc.302e302e31 | tenant: public | md5: c43fb604658fbeee7963656d5ab40b92
2026-09-29 09:43:21,885|opType: publish | rt: 4ms | status: success | requestIp: null | dataId: resource_config_SOUL__md.json | group: agentspec__enc.756e7265616c2d6d756c7469706c617965722d617263686974656374__enc.302e302e31 | tenant: public | md5: 8f3070a2607daab0b76d25414711b8fa
2026-09-29 09:43:21,894|opType: publish | rt: 5ms | status: success | requestIp: null | dataId: resource_config_MEMORY__md.json | group: agentspec__enc.756e7265616c2d6d756c7469706c617965722d617263686974656374__enc.302e302e31 | tenant: public | md5: 950231106080ce657412a219bde9467a
2026-09-29 09:43:21,900|opType: publish | rt: 5ms | status: success | requestIp: null | dataId: SKILL.md | group: skill_enc.6c616e64696e672d706167652d64657369676e__enc.302e302e31 | tenant: public | md5: dad943aec23913ea93e0ec96da8efdba
2026-09-29 09:43:21,901|opType: publish | rt: 5ms | status: success | requestIp: null | dataId: manifest.json | group: agentspec__enc.756e7265616c2d73797374656d732d656e67696e656572__enc.302e302e31 | tenant: public | md5: cca2fe03a895083dce42250183544484
2026-09-29 09:43:21,907|opType: publish | rt: 5ms | status: success | requestIp: null | dataId: resource_crons_jobs__json.json | group: agentspec__enc.756e7265616c2d73797374656d732d656e67696e656572__enc.302e302e31 | tenant: public | md5: 200dd39e2d3538c30abf5357236a4bd7
2026-09-29 09:43:21,911|opType: publish | rt: 4ms | status: success | requestIp: null | dataId: resource_config_IDENTITY__md.json | group: agentspec__enc.756e7265616c2d73797374656d732d656e67696e656572__enc.302e302e31 | tenant: public | md5: d956c5db47717a2ae72afd56c9619ae7
2026-09-29 09:43:21,949|opType: publish | rt: 5ms | status: success | requestIp: null | dataId: SKILL.md | group: skill_enc.6c696e6b6564696e2d636f6e74656e74__enc.302e302e31 | tenant: public | md5: 3c9947eaf7d63a9aa41f402eb1f614db
2026-09-29 09:43:21,956|opType: publish | rt: 6ms | status: success | requestIp: null | dataId: skill_index.json | group: skill_infsh-cli | tenant: public | md5: 165e9bf1b31b15cb0e75e7e5953f2a9a
2026-09-29 09:43:21,958|opType: publish | rt: 4ms | status: success | requestIp: null | dataId: resource_tool-analysis_tool-analysis__json.json | group: agentspec__enc.756e7265616c2d73797374656d732d656e67696e656572__enc.302e302e31 | tenant: public | md5: 6813b46dfd4808a13e09556bcec5d800
2026-09-29 09:43:21,966|opType: publish | rt: 5ms | status: success | requestIp: null | dataId: resource_config_AGENTS__md.json | group: agentspec__enc.756e7265616c2d73797374656d732d656e67696e656572__enc.302e302e31 | tenant: public | md5: 8c1f564e7908da647eb43b11487dc3a5
2026-09-29 09:43:22,017|opType: publish | rt: 6ms | status: success | requestIp: null | dataId: resource_config_SOUL__md.json | group: agentspec__enc.756e7265616c2d73797374656d732d656e67696e656572__enc.302e302e31 | tenant: public | md5: 6cc7470757ef19345d257e9d9cfc5319
2026-09-29 09:43:22,023|opType: publish | rt: 5ms | status: success | requestIp: null | dataId: resource_config_MEMORY__md.json | group: agentspec__enc.756e7265616c2d73797374656d732d656e67696e656572__enc.302e302e31 | tenant: public | md5: 711870e4390a65fab0485809cb29f7c4
2026-09-29 09:43:22,024|opType: publish | rt: 5ms | status: success | requestIp: null | dataId: manifest.json | group: agentspec__enc.756e7265616c2d746563686e6963616c2d617274697374__enc.302e302e31 | tenant: public | md5: 4cf15611af62c010c80b9ccc199e9edc
2026-09-29 09:43:22,026|opType: publish | rt: 4ms | status: success | requestIp: null | dataId: skill_index.json | group: skill_javascript-sdk | tenant: public | md5: b6ecbf76e5f2b8d5365ec7680c51ed53
2026-09-29 09:43:22,029|opType: publish | rt: 5ms | status: success | requestIp: null | dataId: resource_crons_jobs__json.json | group: agentspec__enc.756e7265616c2d746563686e6963616c2d617274697374__enc.302e302e31 | tenant: public | md5: fbbda10275dda39f9c99d09416b99d24
2026-09-29 09:43:22,042|opType: publish | rt: 5ms | status: success | requestIp: null | dataId: resource_config_IDENTITY__md.json | group: agentspec__enc.756e7265616c2d746563686e6963616c2d617274697374__enc.302e302e31 | tenant: public | md5: 6d42517f6eb29a5ca0b2a97fc5d40c30
2026-09-29 09:43:22,048|opType: publish | rt: 4ms | status: success | requestIp: null | dataId: resource_tool-analysis_tool-analysis__json.json | group: agentspec__enc.756e7265616c2d746563686e6963616c2d617274697374__enc.302e302e31 | tenant: public | md5: 918f89ba8053d86c62362a051106fc03
2026-09-29 09:43:22,065|opType: publish | rt: 5ms | status: success | requestIp: null | dataId: resource_config_SOUL__md.json | group: agentspec__enc.756e7265616c2d746563686e6963616c2d617274697374__enc.302e302e31 | tenant: public | md5: 60a91c7fcce00ed51a142bc2d19ccf19
2026-09-29 09:43:22,065|opType: publish | rt: 6ms | status: success | requestIp: null | dataId: resource_config_AGENTS__md.json | group: agentspec__enc.756e7265616c2d746563686e6963616c2d617274697374__enc.302e302e31 | tenant: public | md5: ffbeb2727711fe0f93ccd597543fbd54
2026-09-29 09:43:22,070|opType: publish | rt: 6ms | status: success | requestIp: null | dataId: resource_config_MEMORY__md.json | group: agentspec__enc.756e7265616c2d746563686e6963616c2d617274697374__enc.302e302e31 | tenant: public | md5: 9857e8978a963596f91b4e95ab1b8029
2026-09-29 09:43:22,071|opType: publish | rt: 5ms | status: success | requestIp: null | dataId: manifest.json | group: agentspec__enc.756e7265616c2d776f726c642d6275696c646572__enc.302e302e31 | tenant: public | md5: d225bba3c2c7be501e75684caf66a123
2026-09-29 09:43:22,073|opType: publish | rt: 5ms | status: success | requestIp: null | dataId: resource_crons_jobs__json.json | group: agentspec__enc.756e7265616c2d776f726c642d6275696c646572__enc.302e302e31 | tenant: public | md5: af3d332c3b800e7b2e26ef413d2c12ae
2026-09-29 09:43:22,081|opType: publish | rt: 5ms | status: success | requestIp: null | dataId: resource_config_IDENTITY__md.json | group: agentspec__enc.756e7265616c2d776f726c642d6275696c646572__enc.302e302e31 | tenant: public | md5: 2b89b7fc209afda8a22962bf1c544192
2026-09-29 09:43:22,088|opType: publish | rt: 6ms | status: success | requestIp: null | dataId: resource_tool-analysis_tool-analysis__json.json | group: agentspec__enc.756e7265616c2d776f726c642d6275696c646572__enc.302e302e31 | tenant: public | md5: 439cd6ac9f166d5159fa1fa2c6f199f1
2026-09-29 09:43:22,097|opType: publish | rt: 6ms | status: success | requestIp: null | dataId: resource_config_AGENTS__md.json | group: agentspec__enc.756e7265616c2d776f726c642d6275696c646572__enc.302e302e31 | tenant: public | md5: 58adde5bbff481c1364c9028704313f8
2026-09-29 09:43:22,107|opType: publish | rt: 6ms | status: success | requestIp: null | dataId: resource_config_SOUL__md.json | group: agentspec__enc.756e7265616c2d776f726c642d6275696c646572__enc.302e302e31 | tenant: public | md5: 1859ab4a7467ead940b32c6801bb9773
2026-09-29 09:43:22,114|opType: publish | rt: 6ms | status: success | requestIp: null | dataId: resource_config_MEMORY__md.json | group: agentspec__enc.756e7265616c2d776f726c642d6275696c646572__enc.302e302e31 | tenant: public | md5: 4daf70328b89647093b94d2555f0d5f8
2026-09-29 09:43:22,118|opType: publish | rt: 6ms | status: success | requestIp: null | dataId: skill_index.json | group: skill_landing-page-design | tenant: public | md5: a954ba25a6022882637d1312aa486859
2026-09-29 09:43:22,120|opType: publish | rt: 5ms | status: success | requestIp: null | dataId: manifest.json | group: agentspec__enc.766973696f6e6f732d7370617469616c2d656e67696e656572__enc.302e302e31 | tenant: public | md5: f8be2dc7963c8e735406073ccbc0f30f
2026-09-29 09:43:22,123|opType: publish | rt: 4ms | status: success | requestIp: null | dataId: resource_crons_jobs__json.json | group: agentspec__enc.766973696f6e6f732d7370617469616c2d656e67696e656572__enc.302e302e31 | tenant: public | md5: ad4a195373a3d8a9ae1879d5a883f906
2026-09-29 09:43:22,162|opType: publish | rt: 4ms | status: success | requestIp: null | dataId: skill_index.json | group: skill_linkedin-content | tenant: public | md5: a954ba25a6022882637d1312aa486859
2026-09-29 09:43:22,170|opType: publish | rt: 5ms | status: success | requestIp: null | dataId: SKILL.md | group: skill_enc.6c6c6d2d6d6f64656c73__enc.302e302e31 | tenant: public | md5: 00959d9f17eadfa31c9ba63be0008fb8
2026-09-29 09:43:22,171|opType: publish | rt: 5ms | status: success | requestIp: null | dataId: resource_config_IDENTITY__md.json | group: agentspec__enc.766973696f6e6f732d7370617469616c2d656e67696e656572__enc.302e302e31 | tenant: public | md5: 42b8eeabd88e5f71457d2649f3d4f6b7
2026-09-29 09:43:22,176|opType: publish | rt: 4ms | status: success | requestIp: null | dataId: resource_tool-analysis_tool-analysis__json.json | group: agentspec__enc.766973696f6e6f732d7370617469616c2d656e67696e656572__enc.302e302e31 | tenant: public | md5: 6f1d7607628996e396fada7581a9abb1
2026-09-29 09:43:22,229|opType: publish | rt: 6ms | status: success | requestIp: null | dataId: resource_config_AGENTS__md.json | group: agentspec__enc.766973696f6e6f732d7370617469616c2d656e67696e656572__enc.302e302e31 | tenant: public | md5: ecebec83a6e9f8774bdf9f75742f019c
2026-09-29 09:43:22,237|opType: publish | rt: 6ms | status: success | requestIp: null | dataId: resource_config_SOUL__md.json | group: agentspec__enc.766973696f6e6f732d7370617469616c2d656e67696e656572__enc.302e302e31 | tenant: public | md5: 0b4d439f80ad2621aa44ea9f12c1d4d2
2026-09-29 09:43:22,237|opType: publish | rt: 5ms | status: success | requestIp: null | dataId: resource_config_MEMORY__md.json | group: agentspec__enc.766973696f6e6f732d7370617469616c2d656e67696e656572__enc.302e302e31 | tenant: public | md5: 43135fef69eb5005f201e1c65ddec730
2026-09-29 09:43:22,240|opType: publish | rt: 4ms | status: success | requestIp: null | dataId: SKILL.md | group: skill_enc.6c6f676f2d64657369676e2d6775696465__enc.302e302e31 | tenant: public | md5: f8a33e8cc7136c7709f4fd0a8057f499
2026-09-29 09:43:22,243|opType: publish | rt: 5ms | status: success | requestIp: null | dataId: manifest.json | group: agentspec__enc.78722d636f636b7069742d696e746572616374696f6e2d7370656369616c697374__enc.302e302e31 | tenant: public | md5: b37507b7c3733b13504594d880aa6b55
2026-09-29 09:43:22,251|opType: publish | rt: 4ms | status: success | requestIp: null | dataId: resource_crons_jobs__json.json | group: agentspec__enc.78722d636f636b7069742d696e746572616374696f6e2d7370656369616c697374__enc.302e302e31 | tenant: public | md5: 0651a9ec43f031b88df71102f7077779
2026-09-29 09:43:22,257|opType: publish | rt: 3ms | status: success | requestIp: null | dataId: resource_config_IDENTITY__md.json | group: agentspec__enc.78722d636f636b7069742d696e746572616374696f6e2d7370656369616c697374__enc.302e302e31 | tenant: public | md5: 29dac9b4cc6a2139b3968095e14e43f8
2026-09-29 09:43:22,277|opType: publish | rt: 6ms | status: success | requestIp: null | dataId: resource_tool-analysis_tool-analysis__json.json | group: agentspec__enc.78722d636f636b7069742d696e746572616374696f6e2d7370656369616c697374__enc.302e302e31 | tenant: public | md5: 331c68a7fee2f523aea2d053ed6b40f7
2026-09-29 09:43:22,279|opType: publish | rt: 5ms | status: success | requestIp: null | dataId: resource_config_AGENTS__md.json | group: agentspec__enc.78722d636f636b7069742d696e746572616374696f6e2d7370656369616c697374__enc.302e302e31 | tenant: public | md5: dd74ff58b086d10bc4df8a5a881c9a80
2026-09-29 09:43:22,283|opType: publish | rt: 5ms | status: success | requestIp: null | dataId: resource_config_SOUL__md.json | group: agentspec__enc.78722d636f636b7069742d696e746572616374696f6e2d7370656369616c697374__enc.302e302e31 | tenant: public | md5: 399f9f3b6d8492abacadf11701d7d102
2026-09-29 09:43:22,285|opType: publish | rt: 5ms | status: success | requestIp: null | dataId: resource_config_MEMORY__md.json | group: agentspec__enc.78722d636f636b7069742d696e746572616374696f6e2d7370656369616c697374__enc.302e302e31 | tenant: public | md5: 15bb9273d65ea3d644e2246b32e5ae5e
2026-09-29 09:43:22,286|opType: publish | rt: 5ms | status: success | requestIp: null | dataId: manifest.json | group: agentspec__enc.78722d696d6d6572736976652d646576656c6f706572__enc.302e302e31 | tenant: public | md5: 3bee8970c95ab28a55bd4748f24d98f6
2026-09-29 09:43:22,291|opType: publish | rt: 4ms | status: success | requestIp: null | dataId: resource_crons_jobs__json.json | group: agentspec__enc.78722d696d6d6572736976652d646576656c6f706572__enc.302e302e31 | tenant: public | md5: 8ee54c7b76b83d4828f6bd9897074c42
2026-09-29 09:43:22,296|opType: publish | rt: 3ms | status: success | requestIp: null | dataId: resource_config_IDENTITY__md.json | group: agentspec__enc.78722d696d6d6572736976652d646576656c6f706572__enc.302e302e31 | tenant: public | md5: 9905da6561e309b8da27034cc3bbfd94
2026-09-29 09:43:22,305|opType: publish | rt: 3ms | status: success | requestIp: null | dataId: resource_tool-analysis_tool-analysis__json.json | group: agentspec__enc.78722d696d6d6572736976652d646576656c6f706572__enc.302e302e31 | tenant: public | md5: e4f430abc4fd4602a15d2bb4fc649af7
2026-09-29 09:43:22,317|opType: publish | rt: 5ms | status: success | requestIp: null | dataId: resource_config_AGENTS__md.json | group: agentspec__enc.78722d696d6d6572736976652d646576656c6f706572__enc.302e302e31 | tenant: public | md5: 043c98b07a378f487b63123983f4a663
2026-09-29 09:43:22,326|opType: publish | rt: 5ms | status: success | requestIp: null | dataId: resource_config_SOUL__md.json | group: agentspec__enc.78722d696d6d6572736976652d646576656c6f706572__enc.302e302e31 | tenant: public | md5: 846693d486c6aa4eacab8a5b5c9b05b6
2026-09-29 09:43:22,333|opType: publish | rt: 7ms | status: success | requestIp: null | dataId: resource_config_MEMORY__md.json | group: agentspec__enc.78722d696d6d6572736976652d646576656c6f706572__enc.302e302e31 | tenant: public | md5: d6a36e6c0e42eae86647a824751c17ce
2026-09-29 09:43:22,334|opType: publish | rt: 6ms | status: success | requestIp: null | dataId: SKILL.md | group: skill_enc.6e616e6f2d62616e616e61__enc.302e302e31 | tenant: public | md5: 3eae5844d16d201f21a64ac001a55608
2026-09-29 09:43:22,335|opType: publish | rt: 4ms | status: success | requestIp: null | dataId: manifest.json | group: agentspec__enc.78722d696e746572666163652d617263686974656374__enc.302e302e31 | tenant: public | md5: 68fb184ec587faf119878d78ce8dd86c
2026-09-29 09:43:22,373|opType: publish | rt: 4ms | status: success | requestIp: null | dataId: SKILL.md | group: skill_enc.6e616e6f2d62616e616e612d32__enc.302e302e31 | tenant: public | md5: 1e130716f6ce28023fd3f4bdd6b085be
2026-09-29 09:43:22,385|opType: publish | rt: 6ms | status: success | requestIp: null | dataId: resource_crons_jobs__json.json | group: agentspec__enc.78722d696e746572666163652d617263686974656374__enc.302e302e31 | tenant: public | md5: 0c6b6f93324a8e656295cf2582509367
2026-09-29 09:43:22,388|opType: publish | rt: 5ms | status: success | requestIp: null | dataId: skill_index.json | group: skill_llm-models | tenant: public | md5: a954ba25a6022882637d1312aa486859
2026-09-29 09:43:22,390|opType: publish | rt: 4ms | status: success | requestIp: null | dataId: resource_config_IDENTITY__md.json | group: agentspec__enc.78722d696e746572666163652d617263686974656374__enc.302e302e31 | tenant: public | md5: 2a4efc71a45295f8036eb0bcc629bb8d
2026-09-29 09:43:22,439|opType: publish | rt: 5ms | status: success | requestIp: null | dataId: resource_tool-analysis_tool-analysis__json.json | group: agentspec__enc.78722d696e746572666163652d617263686974656374__enc.302e302e31 | tenant: public | md5: 462d4c5f79569901bf10c98dbba4fd73
2026-09-29 09:43:22,448|opType: publish | rt: 4ms | status: success | requestIp: null | dataId: resource_config_AGENTS__md.json | group: agentspec__enc.78722d696e746572666163652d617263686974656374__enc.302e302e31 | tenant: public | md5: 4bf8acf2b4da56570aece57d0b50e75f
2026-09-29 09:43:22,451|opType: publish | rt: 4ms | status: success | requestIp: null | dataId: resource_config_SOUL__md.json | group: agentspec__enc.78722d696e746572666163652d617263686974656374__enc.302e302e31 | tenant: public | md5: 8cc1a827bf465bc48749d9c70203ad05
2026-09-29 09:43:22,454|opType: publish | rt: 4ms | status: success | requestIp: null | dataId: resource_config_MEMORY__md.json | group: agentspec__enc.78722d696e746572666163652d617263686974656374__enc.302e302e31 | tenant: public | md5: 5382f16aacb0a338c3eedb405df7a0c6
2026-09-29 09:43:22,458|opType: publish | rt: 6ms | status: success | requestIp: null | dataId: skill_index.json | group: skill_logo-design-guide | tenant: public | md5: a954ba25a6022882637d1312aa486859
2026-09-29 09:43:22,460|opType: publish | rt: 4ms | status: success | requestIp: null | dataId: manifest.json | group: agentspec__enc.7a6b2d73746577617264__enc.302e302e31 | tenant: public | md5: 7926c195f7e3bc124b21670b6303fea2
2026-09-29 09:43:22,466|opType: publish | rt: 3ms | status: success | requestIp: null | dataId: resource_crons_jobs__json.json | group: agentspec__enc.7a6b2d73746577617264__enc.302e302e31 | tenant: public | md5: 92ae4f6e9c81062235dbc7d5c0256071
2026-09-29 09:43:22,489|opType: publish | rt: 5ms | status: success | requestIp: null | dataId: resource_config_IDENTITY__md.json | group: agentspec__enc.7a6b2d73746577617264__enc.302e302e31 | tenant: public | md5: ad48b36074c2a680f8d1c1631d4e8b89
2026-09-29 09:43:22,490|opType: publish | rt: 5ms | status: success | requestIp: null | dataId: resource_tool-analysis_tool-analysis__json.json | group: agentspec__enc.7a6b2d73746577617264__enc.302e302e31 | tenant: public | md5: 8c8d399ac4ca795f5d8f75ac653f52df
2026-09-29 09:43:22,497|opType: publish | rt: 6ms | status: success | requestIp: null | dataId: resource_config_AGENTS__md.json | group: agentspec__enc.7a6b2d73746577617264__enc.302e302e31 | tenant: public | md5: 024c8b15e054175713b093c33d5287ab
2026-09-29 09:43:22,499|opType: publish | rt: 4ms | status: success | requestIp: null | dataId: resource_config_SOUL__md.json | group: agentspec__enc.7a6b2d73746577617264__enc.302e302e31 | tenant: public | md5: 30a1910509ba678163678e19547563b7
2026-09-29 09:43:22,501|opType: publish | rt: 5ms | status: success | requestIp: null | dataId: resource_config_MEMORY__md.json | group: agentspec__enc.7a6b2d73746577617264__enc.302e302e31 | tenant: public | md5: 9b13cc7ce934bfa9ad7bfbbf76d43617
2026-09-29 09:43:22,549|opType: publish | rt: 4ms | status: success | requestIp: null | dataId: skill_index.json | group: skill_nano-banana | tenant: public | md5: a954ba25a6022882637d1312aa486859
2026-09-29 09:43:22,586|opType: publish | rt: 4ms | status: success | requestIp: null | dataId: skill_index.json | group: skill_nano-banana-2 | tenant: public | md5: a954ba25a6022882637d1312aa486859
2026-09-29 09:43:22,610|opType: publish | rt: 15ms | status: success | requestIp: null | dataId: SKILL.md | group: skill_enc.6e6577736c65747465722d6375726174696f6e__enc.302e302e31 | tenant: public | md5: b05a53dce522d261dd5420af6d4f64ca
2026-09-29 09:43:22,668|opType: publish | rt: 4ms | status: success | requestIp: null | dataId: SKILL.md | group: skill_enc.6f672d696d6167652d64657369676e__enc.302e302e31 | tenant: public | md5: 13d4f39b39646a73ab0595c0a8b9e906
2026-09-29 09:43:22,735|opType: delete | rt: 18ms | status: success | requestIp: null | dataId: nacos.ai.agentspec.bootstrap | group: nacos_internal | tenant: public | md5: 16e0db9cc969ccceaec398bcb2c38fe9
2026-09-29 09:43:22,762|opType: publish | rt: 5ms | status: success | requestIp: null | dataId: SKILL.md | group: skill_enc.702d696d616765__enc.302e302e31 | tenant: public | md5: 143ed6de611dc1b674595d4c7ecc867b
2026-09-29 09:43:22,798|opType: publish | rt: 4ms | status: success | requestIp: null | dataId: SKILL.md | group: skill_enc.702d766964656f__enc.302e302e31 | tenant: public | md5: 8e48416f1f3c703106b7f96bee1cf21f
2026-09-29 09:43:22,824|opType: publish | rt: 4ms | status: success | requestIp: null | dataId: skill_index.json | group: skill_newsletter-curation | tenant: public | md5: a954ba25a6022882637d1312aa486859
2026-09-29 09:43:22,882|opType: publish | rt: 4ms | status: success | requestIp: null | dataId: skill_index.json | group: skill_og-image-design | tenant: public | md5: a954ba25a6022882637d1312aa486859
2026-09-29 09:43:22,977|opType: publish | rt: 5ms | status: success | requestIp: null | dataId: skill_index.json | group: skill_p-image | tenant: public | md5: a954ba25a6022882637d1312aa486859
2026-09-29 09:43:23,013|opType: publish | rt: 5ms | status: success | requestIp: null | dataId: skill_index.json | group: skill_p-video | tenant: public | md5: a954ba25a6022882637d1312aa486859
2026-09-29 09:43:23,036|opType: publish | rt: 5ms | status: success | requestIp: null | dataId: SKILL.md | group: skill_enc.70697463682d6465636b2d76697375616c73__enc.302e302e31 | tenant: public | md5: 93d538292b645783a283a89ede43ff23
2026-09-29 09:43:23,095|opType: publish | rt: 5ms | status: success | requestIp: null | dataId: SKILL.md | group: skill_enc.70726573732d72656c656173652d77726974696e67__enc.302e302e31 | tenant: public | md5: 3ecd6eab5610f77c8c16d8f63445e04c
2026-09-29 09:43:23,190|opType: publish | rt: 5ms | status: success | requestIp: null | dataId: SKILL.md | group: skill_enc.70726f647563742d6368616e67656c6f67__enc.302e302e31 | tenant: public | md5: 932ebff5ace958015fa12f9de5f78307
2026-09-29 09:43:23,225|opType: publish | rt: 4ms | status: success | requestIp: null | dataId: SKILL.md | group: skill_enc.70726f647563742d68756e742d6c61756e6368__enc.302e302e31 | tenant: public | md5: 908edb6cb1f041007c49d151154090fb
2026-09-29 09:43:23,250|opType: publish | rt: 5ms | status: success | requestIp: null | dataId: skill_index.json | group: skill_pitch-deck-visuals | tenant: public | md5: a954ba25a6022882637d1312aa486859
2026-09-29 09:43:23,309|opType: publish | rt: 4ms | status: success | requestIp: null | dataId: skill_index.json | group: skill_press-release-writing | tenant: public | md5: a954ba25a6022882637d1312aa486859
2026-09-29 09:43:23,405|opType: publish | rt: 4ms | status: success | requestIp: null | dataId: skill_index.json | group: skill_product-changelog | tenant: public | md5: a954ba25a6022882637d1312aa486859
2026-09-29 09:43:23,440|opType: publish | rt: 5ms | status: success | requestIp: null | dataId: skill_index.json | group: skill_product-hunt-launch | tenant: public | md5: a954ba25a6022882637d1312aa486859
2026-09-29 09:43:23,463|opType: publish | rt: 5ms | status: success | requestIp: null | dataId: SKILL.md | group: skill_enc.70726f647563742d70686f746f677261706879__enc.302e302e31 | tenant: public | md5: f162dec04391dea867e922e6976666a9
2026-09-29 09:43:23,523|opType: publish | rt: 6ms | status: success | requestIp: null | dataId: SKILL.md | group: skill_enc.70726f6d70742d656e67696e656572696e67__enc.302e302e31 | tenant: public | md5: 319e837f5766ef7ddc6a664200b8c794
2026-09-29 09:43:23,617|opType: publish | rt: 5ms | status: success | requestIp: null | dataId: SKILL.md | group: skill_enc.707974686f6e2d6578656375746f72__enc.302e302e31 | tenant: public | md5: 639f89c6d8704b76c29bd47683052f81
2026-09-29 09:43:23,657|opType: publish | rt: 5ms | status: success | requestIp: null | dataId: SKILL.md | group: skill_enc.707974686f6e2d73646b__enc.302e302e31 | tenant: public | md5: 979c3ad1c26f83506c3bae164374ed5f
2026-09-29 09:43:23,661|opType: publish | rt: 5ms | status: success | requestIp: null | dataId: enc.7265666572656e6365732f746f6f6c2d6275696c6465722e6d64 | group: skill_enc.707974686f6e2d73646b__enc.302e302e31 | tenant: public | md5: b98d081c424aafde836b63cdf640ed4f
2026-09-29 09:43:23,664|opType: publish | rt: 6ms | status: success | requestIp: null | dataId: enc.7265666572656e6365732f73657373696f6e732e6d64 | group: skill_enc.707974686f6e2d73646b__enc.302e302e31 | tenant: public | md5: e90d7169b6ecf884459a76ce28e72caf
2026-09-29 09:43:23,665|opType: publish | rt: 5ms | status: success | requestIp: null | dataId: enc.7265666572656e6365732f6167656e742d7061747465726e732e6d64 | group: skill_enc.707974686f6e2d73646b__enc.302e302e31 | tenant: public | md5: de5a4508c3d3aa59debb4dcdc324d7c2
2026-09-29 09:43:23,667|opType: publish | rt: 5ms | status: success | requestIp: null | dataId: enc.7265666572656e6365732f66696c65732e6d64 | group: skill_enc.707974686f6e2d73646b__enc.302e302e31 | tenant: public | md5: 152508beebc75fd185d774a9d39d8cdb
2026-09-29 09:43:23,670|opType: publish | rt: 5ms | status: success | requestIp: null | dataId: enc.7265666572656e6365732f6173796e632d7061747465726e732e6d64 | group: skill_enc.707974686f6e2d73646b__enc.302e302e31 | tenant: public | md5: ac0f180ce6c86f9a5f90165a568579fc
2026-09-29 09:43:23,672|opType: publish | rt: 5ms | status: success | requestIp: null | dataId: enc.7265666572656e6365732f73747265616d696e672e6d64 | group: skill_enc.707974686f6e2d73646b__enc.302e302e31 | tenant: public | md5: bff63bb4b67403ce9d04add732cf5258
2026-09-29 09:43:23,678|opType: publish | rt: 5ms | status: success | requestIp: null | dataId: skill_index.json | group: skill_product-photography | tenant: public | md5: a954ba25a6022882637d1312aa486859
2026-09-29 09:43:23,736|opType: publish | rt: 4ms | status: success | requestIp: null | dataId: skill_index.json | group: skill_prompt-engineering | tenant: public | md5: a954ba25a6022882637d1312aa486859
2026-09-29 09:43:23,830|opType: publish | rt: 4ms | status: success | requestIp: null | dataId: skill_index.json | group: skill_python-executor | tenant: public | md5: a954ba25a6022882637d1312aa486859
2026-09-29 09:43:23,887|opType: publish | rt: 5ms | status: success | requestIp: null | dataId: skill_index.json | group: skill_python-sdk | tenant: public | md5: 2b785075509cd5cad9535c985aa3fd61
2026-09-29 09:43:23,890|opType: publish | rt: 5ms | status: success | requestIp: null | dataId: SKILL.md | group: skill_enc.7177656e2d696d6167652d32__enc.302e302e31 | tenant: public | md5: 9831b25a4945d328f1e15ac05a9d0fd2
2026-09-29 09:43:23,948|opType: publish | rt: 4ms | status: success | requestIp: null | dataId: SKILL.md | group: skill_enc.7177656e2d696d6167652d322d70726f__enc.302e302e31 | tenant: public | md5: dbda7bc12f15c39053dfdad54cf7c0d9
2026-09-29 09:43:24,042|opType: publish | rt: 5ms | status: success | requestIp: null | dataId: SKILL.md | group: skill_enc.72656c617465642d736b696c6c__enc.302e302e31 | tenant: public | md5: a9be7c18202003a6e4fbac9338d1be28
2026-09-29 09:43:24,101|opType: publish | rt: 6ms | status: success | requestIp: null | dataId: SKILL.md | group: skill_enc.72656d6f74696f6e2d72656e646572__enc.302e302e31 | tenant: public | md5: 12175d08b9746a3516747936a75933f4
2026-09-29 09:43:24,105|opType: publish | rt: 4ms | status: success | requestIp: null | dataId: skill_index.json | group: skill_qwen-image-2 | tenant: public | md5: a954ba25a6022882637d1312aa486859
2026-09-29 09:43:24,162|opType: publish | rt: 4ms | status: success | requestIp: null | dataId: skill_index.json | group: skill_qwen-image-2-pro | tenant: public | md5: a954ba25a6022882637d1312aa486859
2026-09-29 09:43:24,255|opType: publish | rt: 4ms | status: success | requestIp: null | dataId: skill_index.json | group: skill_related-skill | tenant: public | md5: a954ba25a6022882637d1312aa486859
2026-09-29 09:43:24,315|opType: publish | rt: 5ms | status: success | requestIp: null | dataId: skill_index.json | group: skill_remotion-render | tenant: public | md5: a954ba25a6022882637d1312aa486859
2026-09-29 09:43:24,318|opType: publish | rt: 4ms | status: success | requestIp: null | dataId: SKILL.md | group: skill_enc.73656f2d636f6e74656e742d6272696566__enc.302e302e31 | tenant: public | md5: 05cf45909af7a24fc5c9140b556f6fb3
2026-09-29 09:43:24,374|opType: publish | rt: 5ms | status: success | requestIp: null | dataId: SKILL.md | group: skill_enc.736f6369616c2d6d656469612d6361726f7573656c__enc.302e302e31 | tenant: public | md5: 098fc9bcf174145ea30b6df9b6fed58b
2026-09-29 09:43:24,468|opType: publish | rt: 4ms | status: success | requestIp: null | dataId: SKILL.md | group: skill_enc.7370656563682d746f2d74657874__enc.302e302e31 | tenant: public | md5: 2996a918aa7577a758b988c3453e9458
2026-09-29 09:43:24,527|opType: publish | rt: 4ms | status: success | requestIp: null | dataId: SKILL.md | group: skill_enc.73746f7279626f6172642d6372656174696f6e__enc.302e302e31 | tenant: public | md5: 41eaddc49f979a2b33f194a73a79d27c
2026-09-29 09:43:24,534|opType: publish | rt: 4ms | status: success | requestIp: null | dataId: skill_index.json | group: skill_seo-content-brief | tenant: public | md5: a954ba25a6022882637d1312aa486859
2026-09-29 09:43:24,587|opType: publish | rt: 4ms | status: success | requestIp: null | dataId: skill_index.json | group: skill_social-media-carousel | tenant: public | md5: a954ba25a6022882637d1312aa486859
2026-09-29 09:43:24,681|opType: publish | rt: 4ms | status: success | requestIp: null | dataId: skill_index.json | group: skill_speech-to-text | tenant: public | md5: a954ba25a6022882637d1312aa486859
2026-09-29 09:43:24,743|opType: publish | rt: 5ms | status: success | requestIp: null | dataId: skill_index.json | group: skill_storyboard-creation | tenant: public | md5: a954ba25a6022882637d1312aa486859
2026-09-29 09:43:24,748|opType: publish | rt: 4ms | status: success | requestIp: null | dataId: SKILL.md | group: skill_enc.74616c6b696e672d686561642d70726f64756374696f6e__enc.302e302e31 | tenant: public | md5: 55fa070654fa9bfd113d7239cfe72136
2026-09-29 09:43:24,801|opType: publish | rt: 5ms | status: success | requestIp: null | dataId: SKILL.md | group: skill_enc.746563686e6963616c2d626c6f672d77726974696e67__enc.302e302e31 | tenant: public | md5: e836421bc342048a45ddb6924404974a
2026-09-29 09:43:24,895|opType: publish | rt: 5ms | status: success | requestIp: null | dataId: SKILL.md | group: skill_enc.746578742d746f2d737065656368__enc.302e302e31 | tenant: public | md5: 335556cf18f7699a8ba8f5b050461afe
2026-09-29 09:43:24,955|opType: publish | rt: 5ms | status: success | requestIp: null | dataId: SKILL.md | group: skill_enc.746f6f6c732d7569__enc.302e302e31 | tenant: public | md5: 080264f1ec8841072b71d589ff7f4bea
2026-09-29 09:43:24,963|opType: publish | rt: 4ms | status: success | requestIp: null | dataId: skill_index.json | group: skill_talking-head-production | tenant: public | md5: a954ba25a6022882637d1312aa486859
2026-09-29 09:43:25,016|opType: publish | rt: 4ms | status: success | requestIp: null | dataId: skill_index.json | group: skill_technical-blog-writing | tenant: public | md5: a954ba25a6022882637d1312aa486859
2026-09-29 09:43:25,108|opType: publish | rt: 4ms | status: success | requestIp: null | dataId: skill_index.json | group: skill_text-to-speech | tenant: public | md5: a954ba25a6022882637d1312aa486859
2026-09-29 09:43:25,170|opType: publish | rt: 5ms | status: success | requestIp: null | dataId: skill_index.json | group: skill_tools-ui | tenant: public | md5: a954ba25a6022882637d1312aa486859
2026-09-29 09:43:25,175|opType: publish | rt: 4ms | status: success | requestIp: null | dataId: SKILL.md | group: skill_enc.747769747465722d6175746f6d6174696f6e__enc.302e302e31 | tenant: public | md5: b214cc96a5eb4481575ec2693e5abcc8
2026-09-29 09:43:25,230|opType: publish | rt: 5ms | status: success | requestIp: null | dataId: SKILL.md | group: skill_enc.747769747465722d7468726561642d6372656174696f6e__enc.302e302e31 | tenant: public | md5: 91e3017e47ff56baa67c4327eccaf299
2026-09-29 09:43:25,326|opType: publish | rt: 5ms | status: success | requestIp: null | dataId: SKILL.md | group: skill_enc.766964656f2d61642d7370656373__enc.302e302e31 | tenant: public | md5: 2f4dde6a7ff5d50df6223c052fd592fc
2026-09-29 09:43:25,384|opType: publish | rt: 5ms | status: success | requestIp: null | dataId: SKILL.md | group: skill_enc.766964656f2d70726f6d7074696e672d6775696465__enc.302e302e31 | tenant: public | md5: 65fa95c3ddde4f5458e698e508e7d5e4
2026-09-29 09:43:25,390|opType: publish | rt: 4ms | status: success | requestIp: null | dataId: skill_index.json | group: skill_twitter-automation | tenant: public | md5: a954ba25a6022882637d1312aa486859
2026-09-29 09:43:25,445|opType: publish | rt: 5ms | status: success | requestIp: null | dataId: skill_index.json | group: skill_twitter-thread-creation | tenant: public | md5: a954ba25a6022882637d1312aa486859
2026-09-29 09:43:25,540|opType: publish | rt: 4ms | status: success | requestIp: null | dataId: skill_index.json | group: skill_video-ad-specs | tenant: public | md5: a954ba25a6022882637d1312aa486859
2026-09-29 09:43:25,597|opType: publish | rt: 5ms | status: success | requestIp: null | dataId: skill_index.json | group: skill_video-prompting-guide | tenant: public | md5: a954ba25a6022882637d1312aa486859
2026-09-29 09:43:25,603|opType: publish | rt: 5ms | status: success | requestIp: null | dataId: SKILL.md | group: skill_enc.7765622d736561726368__enc.302e302e31 | tenant: public | md5: 84e3a03449082a744363c139378cd41b
2026-09-29 09:43:25,657|opType: publish | rt: 5ms | status: success | requestIp: null | dataId: SKILL.md | group: skill_enc.776964676574732d7569__enc.302e302e31 | tenant: public | md5: 7f0a5d81943c4f288db3c11165686cae
2026-09-29 09:43:25,752|opType: publish | rt: 5ms | status: success | requestIp: null | dataId: SKILL.md | group: skill_enc.796f75747562652d7468756d626e61696c2d64657369676e__enc.302e302e31 | tenant: public | md5: ba720264e7443284264d57530c5fc066
2026-09-29 09:43:25,822|opType: publish | rt: 5ms | status: success | requestIp: null | dataId: skill_index.json | group: skill_web-search | tenant: public | md5: a954ba25a6022882637d1312aa486859
2026-09-29 09:43:25,878|opType: publish | rt: 8ms | status: success | requestIp: null | dataId: data | group: skill_enc.75692d75782d70726f2d6d6178__enc.302e302e31 | tenant: public | md5: 5f08becd531396967ea430bb5db7a79e
2026-09-29 09:43:25,885|opType: publish | rt: 14ms | status: success | requestIp: null | dataId: scripts | group: skill_enc.75692d75782d70726f2d6d6178__enc.302e302e31 | tenant: public | md5: 928733f4cbb45a12083e49bc47cf2cdf
2026-09-29 09:43:25,897|opType: publish | rt: 28ms | status: success | requestIp: null | dataId: SKILL.md | group: skill_enc.75692d75782d70726f2d6d6178__enc.302e302e31 | tenant: public | md5: 813c19d8b04b13d817a316a7f406a591
2026-09-29 09:43:25,898|opType: publish | rt: 19ms | status: success | requestIp: null | dataId: skill_index.json | group: skill_widgets-ui | tenant: public | md5: a954ba25a6022882637d1312aa486859
2026-09-29 09:43:25,965|opType: publish | rt: 4ms | status: success | requestIp: null | dataId: skill_index.json | group: skill_youtube-thumbnail-design | tenant: public | md5: a954ba25a6022882637d1312aa486859
2026-09-29 09:43:26,043|opType: publish | rt: 8ms | status: success | requestIp: null | dataId: SKILL.md | group: skill_enc.627261696e73746f726d696e67__enc.302e302e31 | tenant: public | md5: 10211aec2eed0d31a5513171c36e4b04
2026-09-29 09:43:26,044|opType: publish | rt: 7ms | status: success | requestIp: null | dataId: enc.736372697074732f7365727665722e636a73 | group: skill_enc.627261696e73746f726d696e67__enc.302e302e31 | tenant: public | md5: 92954f8fd4a9dc5dc9bcea5a17511623
2026-09-29 09:43:26,046|opType: publish | rt: 5ms | status: success | requestIp: null | dataId: enc.736372697074732f73746f702d7365727665722e7368 | group: skill_enc.627261696e73746f726d696e67__enc.302e302e31 | tenant: public | md5: 3d59796ec5ca347c5eb95adbc4914bb8
2026-09-29 09:43:26,048|opType: publish | rt: 5ms | status: success | requestIp: null | dataId: enc.736372697074732f68656c7065722e6a73 | group: skill_enc.627261696e73746f726d696e67__enc.302e302e31 | tenant: public | md5: cef288b6b4543910ffc7826c3a036a55
2026-09-29 09:43:26,052|opType: publish | rt: 6ms | status: success | requestIp: null | dataId: spec-document-reviewer-prompt.md | group: skill_enc.627261696e73746f726d696e67__enc.302e302e31 | tenant: public | md5: ea74c0f2369ae553c62f36af4ed3d424
2026-09-29 09:43:26,055|opType: publish | rt: 7ms | status: success | requestIp: null | dataId: enc.736372697074732f6672616d652d74656d706c6174652e68746d6c | group: skill_enc.627261696e73746f726d696e67__enc.302e302e31 | tenant: public | md5: b84f721842a76863e21074fb607b03d5
2026-09-29 09:43:26,056|opType: publish | rt: 5ms | status: success | requestIp: null | dataId: enc.736372697074732f73746172742d7365727665722e7368 | group: skill_enc.627261696e73746f726d696e67__enc.302e302e31 | tenant: public | md5: 386ba065fd00d2f3d8d5303c26d413f5
2026-09-29 09:43:26,060|opType: publish | rt: 7ms | status: success | requestIp: null | dataId: visual-companion.md | group: skill_enc.627261696e73746f726d696e67__enc.302e302e31 | tenant: public | md5: 98407f42a43e3c3e3aae399376821e7e
2026-09-29 09:43:26,113|opType: publish | rt: 6ms | status: success | requestIp: null | dataId: SKILL.md | group: skill_enc.6469737061746368696e672d706172616c6c656c2d6167656e7473__enc.302e302e31 | tenant: public | md5: 23b0dbb4e34006dc33a262fa8ec8899f
2026-09-29 09:43:26,114|opType: publish | rt: 5ms | status: success | requestIp: null | dataId: skill_index.json | group: skill_ui-ux-pro-max | tenant: public | md5: 72cf3215ba5dfc6a5e827a7d3ce891f5
2026-09-29 09:43:26,177|opType: publish | rt: 4ms | status: success | requestIp: null | dataId: SKILL.md | group: skill_enc.657865637574696e672d706c616e73__enc.302e302e31 | tenant: public | md5: 275afd78c8e8330413c68032a022f983
2026-09-29 09:43:26,273|opType: publish | rt: 4ms | status: success | requestIp: null | dataId: skill_index.json | group: skill_brainstorming | tenant: public | md5: 007db6719975888e070f1cb19ce26b2b
2026-09-29 09:43:26,329|opType: publish | rt: 5ms | status: success | requestIp: null | dataId: SKILL.md | group: skill_enc.66696e697368696e672d612d646576656c6f706d656e742d6272616e6368__enc.302e302e31 | tenant: public | md5: d4a08c742601465d085529b0ee7a2c76
2026-09-29 09:43:26,330|opType: publish | rt: 5ms | status: success | requestIp: null | dataId: skill_index.json | group: skill_dispatching-parallel-agents | tenant: public | md5: a954ba25a6022882637d1312aa486859
2026-09-29 09:43:26,391|opType: publish | rt: 5ms | status: success | requestIp: null | dataId: skill_index.json | group: skill_executing-plans | tenant: public | md5: a954ba25a6022882637d1312aa486859
2026-09-29 09:43:26,487|opType: publish | rt: 5ms | status: success | requestIp: null | dataId: SKILL.md | group: skill_enc.726563656976696e672d636f64652d726576696577__enc.302e302e31 | tenant: public | md5: 73bf804d09a40cc951f976ba1dfe7c14
2026-09-29 09:43:26,543|opType: publish | rt: 5ms | status: success | requestIp: null | dataId: SKILL.md | group: skill_enc.72657175657374696e672d636f64652d726576696577__enc.302e302e31 | tenant: public | md5: 1e6a7fc981addb6afc124ae4301c647e
2026-09-29 09:43:26,546|opType: publish | rt: 5ms | status: success | requestIp: null | dataId: code-reviewer.md | group: skill_enc.72657175657374696e672d636f64652d726576696577__enc.302e302e31 | tenant: public | md5: 305ed1ed604a64c61c2dde96124c2e11
2026-09-29 09:43:26,549|opType: publish | rt: 5ms | status: success | requestIp: null | dataId: skill_index.json | group: skill_finishing-a-development-branch | tenant: public | md5: a954ba25a6022882637d1312aa486859
2026-09-29 09:43:26,607|opType: publish | rt: 7ms | status: success | requestIp: null | dataId: SKILL.md | group: skill_enc.7375626167656e742d64726976656e2d646576656c6f706d656e74__enc.302e302e31 | tenant: public | md5: 83d0056b6120b8b53722e0bf8140042e
2026-09-29 09:43:26,610|opType: publish | rt: 5ms | status: success | requestIp: null | dataId: spec-reviewer-prompt.md | group: skill_enc.7375626167656e742d64726976656e2d646576656c6f706d656e74__enc.302e302e31 | tenant: public | md5: ecc20717d0b31a9013ba732f366eba8f
2026-09-29 09:43:26,612|opType: publish | rt: 5ms | status: success | requestIp: null | dataId: implementer-prompt.md | group: skill_enc.7375626167656e742d64726976656e2d646576656c6f706d656e74__enc.302e302e31 | tenant: public | md5: b856c2076801a91854adf094a907de9c
2026-09-29 09:43:26,614|opType: publish | rt: 6ms | status: success | requestIp: null | dataId: code-quality-reviewer-prompt.md | group: skill_enc.7375626167656e742d64726976656e2d646576656c6f706d656e74__enc.302e302e31 | tenant: public | md5: b411003e0281322218490c6a2ca0ec33
2026-09-29 09:43:26,702|opType: publish | rt: 5ms | status: success | requestIp: null | dataId: skill_index.json | group: skill_receiving-code-review | tenant: public | md5: a954ba25a6022882637d1312aa486859
2026-09-29 09:43:26,765|opType: publish | rt: 6ms | status: success | requestIp: null | dataId: skill_index.json | group: skill_requesting-code-review | tenant: public | md5: 7bc5802ac837eeb7fed0626cdc332132
2026-09-29 09:43:26,768|opType: publish | rt: 6ms | status: success | requestIp: null | dataId: SKILL.md | group: skill_enc.73797374656d617469632d646562756767696e67__enc.302e302e31 | tenant: public | md5: 03b93b50cf930b76a24f1370ae0b7b89
2026-09-29 09:43:26,770|opType: publish | rt: 5ms | status: success | requestIp: null | dataId: condition-based-waiting-example.ts | group: skill_enc.73797374656d617469632d646562756767696e67__enc.302e302e31 | tenant: public | md5: 8e502a8c1e9c7de15967202615d241d5
2026-09-29 09:43:26,774|opType: publish | rt: 7ms | status: success | requestIp: null | dataId: CREATION-LOG.md | group: skill_enc.73797374656d617469632d646562756767696e67__enc.302e302e31 | tenant: public | md5: 7226812eb1ce6a805732c2ff98712e4a
2026-09-29 09:43:26,775|opType: publish | rt: 5ms | status: success | requestIp: null | dataId: test-pressure-1.md | group: skill_enc.73797374656d617469632d646562756767696e67__enc.302e302e31 | tenant: public | md5: 3d8805e8946e3889d4de0e906af66c47
2026-09-29 09:43:26,778|opType: publish | rt: 6ms | status: success | requestIp: null | dataId: defense-in-depth.md | group: skill_enc.73797374656d617469632d646562756767696e67__enc.302e302e31 | tenant: public | md5: 002a0c9e8bee8fc29f85d7a434916977
2026-09-29 09:43:26,780|opType: publish | rt: 5ms | status: success | requestIp: null | dataId: test-pressure-3.md | group: skill_enc.73797374656d617469632d646562756767696e67__enc.302e302e31 | tenant: public | md5: 42ea1bd281ca8d837f5dd45143762b95
2026-09-29 09:43:26,782|opType: publish | rt: 5ms | status: success | requestIp: null | dataId: root-cause-tracing.md | group: skill_enc.73797374656d617469632d646562756767696e67__enc.302e302e31 | tenant: public | md5: 9b80d2e7aaff6e64f4c46f51312f126b
2026-09-29 09:43:26,785|opType: publish | rt: 5ms | status: success | requestIp: null | dataId: test-pressure-2.md | group: skill_enc.73797374656d617469632d646562756767696e67__enc.302e302e31 | tenant: public | md5: 237f40dfd0b48af48d239ab3af499f7b
2026-09-29 09:43:26,788|opType: publish | rt: 6ms | status: success | requestIp: null | dataId: condition-based-waiting.md | group: skill_enc.73797374656d617469632d646562756767696e67__enc.302e302e31 | tenant: public | md5: c64d669f2490aa489c514304c9ad46d3
2026-09-29 09:43:26,790|opType: publish | rt: 5ms | status: success | requestIp: null | dataId: find-polluter.sh | group: skill_enc.73797374656d617469632d646562756767696e67__enc.302e302e31 | tenant: public | md5: 2ae1144fa5a66aa26c13d644a12ad0bf
2026-09-29 09:43:26,791|opType: publish | rt: 5ms | status: success | requestIp: null | dataId: test-academic.md | group: skill_enc.73797374656d617469632d646562756767696e67__enc.302e302e31 | tenant: public | md5: 272ab1d95e755a7ff9479d547168eef9
2026-09-29 09:43:26,829|opType: publish | rt: 5ms | status: success | requestIp: null | dataId: skill_index.json | group: skill_subagent-driven-development | tenant: public | md5: 7acf0d91d8d5dbce744b23689adcbbdf
2026-09-29 09:43:26,914|opType: publish | rt: 5ms | status: success | requestIp: null | dataId: SKILL.md | group: skill_enc.746573742d64726976656e2d646576656c6f706d656e74__enc.302e302e31 | tenant: public | md5: c3dff8973aceea5b39ab1b72f7e8729a
2026-09-29 09:43:26,917|opType: publish | rt: 4ms | status: success | requestIp: null | dataId: testing-anti-patterns.md | group: skill_enc.746573742d64726976656e2d646576656c6f706d656e74__enc.302e302e31 | tenant: public | md5: f4373033bf29f06897cd63c994deb2a7
2026-09-29 09:43:26,979|opType: publish | rt: 5ms | status: success | requestIp: null | dataId: SKILL.md | group: skill_enc.7573696e672d6769742d776f726b7472656573__enc.302e302e31 | tenant: public | md5: c57e4843d69215bebb9d01acc876ac28
2026-09-29 09:43:27,006|opType: publish | rt: 5ms | status: success | requestIp: null | dataId: skill_index.json | group: skill_systematic-debugging | tenant: public | md5: 9c8c5bb54515e30b17a44a8834c038be
2026-09-29 09:43:27,043|opType: publish | rt: 6ms | status: success | requestIp: null | dataId: SKILL.md | group: skill_enc.7573696e672d7375706572706f77657273__enc.302e302e31 | tenant: public | md5: ac947240b91570e26457928b51181763
2026-09-29 09:43:27,048|opType: publish | rt: 7ms | status: success | requestIp: null | dataId: enc.7265666572656e6365732f67656d696e692d746f6f6c732e6d64 | group: skill_enc.7573696e672d7375706572706f77657273__enc.302e302e31 | tenant: public | md5: 0e4b3f373761998ca296992e87a96c75
2026-09-29 09:43:27,049|opType: publish | rt: 5ms | status: success | requestIp: null | dataId: enc.7265666572656e6365732f636f6465782d746f6f6c732e6d64 | group: skill_enc.7573696e672d7375706572706f77657273__enc.302e302e31 | tenant: public | md5: 2619c271fa9cf6ad323289d60a061d35
2026-09-29 09:43:27,131|opType: publish | rt: 4ms | status: success | requestIp: null | dataId: skill_index.json | group: skill_test-driven-development | tenant: public | md5: 32ea3146e803d8e86f0f901d33663c36
2026-09-29 09:43:27,193|opType: publish | rt: 4ms | status: success | requestIp: null | dataId: skill_index.json | group: skill_using-git-worktrees | tenant: public | md5: a954ba25a6022882637d1312aa486859
2026-09-29 09:43:27,217|opType: publish | rt: 4ms | status: success | requestIp: null | dataId: SKILL.md | group: skill_enc.766572696669636174696f6e2d6265666f72652d636f6d706c6574696f6e__enc.302e302e31 | tenant: public | md5: 88ef2bd568c424aabb04e88e62b7ff0d
2026-09-29 09:43:27,263|opType: publish | rt: 4ms | status: success | requestIp: null | dataId: skill_index.json | group: skill_using-superpowers | tenant: public | md5: 90a4a0977184dc872dc259e25f9f087b
2026-09-29 09:43:27,349|opType: publish | rt: 5ms | status: success | requestIp: null | dataId: SKILL.md | group: skill_enc.77726974696e672d706c616e73__enc.302e302e31 | tenant: public | md5: c1c56f6e069de61e1b5cb8be376219ab
2026-09-29 09:43:27,350|opType: publish | rt: 5ms | status: success | requestIp: null | dataId: plan-document-reviewer-prompt.md | group: skill_enc.77726974696e672d706c616e73__enc.302e302e31 | tenant: public | md5: dcad0192c2c468107951d7dcb47246a9
2026-09-29 09:43:27,412|opType: publish | rt: 7ms | status: success | requestIp: null | dataId: SKILL.md | group: skill_enc.77726974696e672d736b696c6c73__enc.302e302e31 | tenant: public | md5: 9943084a55ecaf965984ff03715b4777
2026-09-29 09:43:27,419|opType: publish | rt: 9ms | status: success | requestIp: null | dataId: testing-skills-with-subagents.md | group: skill_enc.77726974696e672d736b696c6c73__enc.302e302e31 | tenant: public | md5: 3b7b7942a42cb0450896d4b48cd49ed0
2026-09-29 09:43:27,424|opType: publish | rt: 9ms | status: success | requestIp: null | dataId: render-graphs.js | group: skill_enc.77726974696e672d736b696c6c73__enc.302e302e31 | tenant: public | md5: e9d8be9caa34d327cac6f746f947cee0
2026-09-29 09:43:27,424|opType: publish | rt: 15ms | status: success | requestIp: null | dataId: anthropic-best-practices.md | group: skill_enc.77726974696e672d736b696c6c73__enc.302e302e31 | tenant: public | md5: 05c7c66a824d55afc81f3be10dd04750
2026-09-29 09:43:27,429|opType: publish | rt: 11ms | status: success | requestIp: null | dataId: persuasion-principles.md | group: skill_enc.77726974696e672d736b696c6c73__enc.302e302e31 | tenant: public | md5: 5f0c22c7c8c3c5e12f255719833c2545
2026-09-29 09:43:27,430|opType: publish | rt: 6ms | status: success | requestIp: null | dataId: graphviz-conventions.dot | group: skill_enc.77726974696e672d736b696c6c73__enc.302e302e31 | tenant: public | md5: 95e24bf58ed42f5f8072d62cefff591f
2026-09-29 09:43:27,431|opType: publish | rt: 5ms | status: success | requestIp: null | dataId: enc.6578616d706c65732f434c415544455f4d445f54455354494e472e6d64 | group: skill_enc.77726974696e672d736b696c6c73__enc.302e302e31 | tenant: public | md5: 2980791d97afe0f32c2eb4a6264fb8e6
2026-09-29 09:43:27,437|opType: publish | rt: 5ms | status: success | requestIp: null | dataId: skill_index.json | group: skill_verification-before-completion | tenant: public | md5: a954ba25a6022882637d1312aa486859
2026-09-29 09:43:27,474|opType: publish | rt: 5ms | status: success | requestIp: null | dataId: SKILL.md | group: skill_enc.6164617074__enc.302e302e31 | tenant: public | md5: c5c73aafbf495ca949fc0d6f64ea128e
2026-09-29 09:43:27,564|opType: publish | rt: 4ms | status: success | requestIp: null | dataId: skill_index.json | group: skill_writing-plans | tenant: public | md5: 89b2db8899d6939d55f8bd7ebb9fd3d6
2026-09-29 09:43:27,647|opType: publish | rt: 6ms | status: success | requestIp: null | dataId: skill_index.json | group: skill_writing-skills | tenant: public | md5: 2c484f5130464292f7e84bed11a18f8f
2026-09-29 09:43:27,652|opType: publish | rt: 4ms | status: success | requestIp: null | dataId: SKILL.md | group: skill_enc.616e696d617465__enc.302e302e31 | tenant: public | md5: c42c3f3e7eb7be27f3e8ddcad9b30ac0
2026-09-29 09:43:27,686|opType: publish | rt: 4ms | status: success | requestIp: null | dataId: skill_index.json | group: skill_adapt | tenant: public | md5: a954ba25a6022882637d1312aa486859
2026-09-29 09:43:27,777|opType: publish | rt: 5ms | status: success | requestIp: null | dataId: SKILL.md | group: skill_enc.617272616e6765__enc.302e302e31 | tenant: public | md5: 79835035fa4951f87525ec4744831917
2026-09-29 09:43:27,860|opType: publish | rt: 5ms | status: success | requestIp: null | dataId: SKILL.md | group: skill_enc.6175646974__enc.302e302e31 | tenant: public | md5: 445420b2d07951da5ca1006852ab615f
2026-09-29 09:43:27,869|opType: publish | rt: 6ms | status: success | requestIp: null | dataId: skill_index.json | group: skill_animate | tenant: public | md5: a954ba25a6022882637d1312aa486859
2026-09-29 09:43:27,900|opType: publish | rt: 5ms | status: success | requestIp: null | dataId: SKILL.md | group: skill_enc.626f6c646572__enc.302e302e31 | tenant: public | md5: 13e686caecf096f0d550cf1431212199
2026-09-29 09:43:27,991|opType: publish | rt: 4ms | status: success | requestIp: null | dataId: skill_index.json | group: skill_arrange | tenant: public | md5: a954ba25a6022882637d1312aa486859
2026-09-29 09:43:28,074|opType: publish | rt: 4ms | status: success | requestIp: null | dataId: skill_index.json | group: skill_audit | tenant: public | md5: a954ba25a6022882637d1312aa486859
2026-09-29 09:43:28,081|opType: publish | rt: 4ms | status: success | requestIp: null | dataId: SKILL.md | group: skill_enc.636c6172696679__enc.302e302e31 | tenant: public | md5: 0dc9ed50437768644095d9504faa4060
2026-09-29 09:43:28,113|opType: publish | rt: 4ms | status: success | requestIp: null | dataId: skill_index.json | group: skill_bolder | tenant: public | md5: a954ba25a6022882637d1312aa486859
2026-09-29 09:43:28,204|opType: publish | rt: 6ms | status: success | requestIp: null | dataId: SKILL.md | group: skill_enc.636f6c6f72697a65__enc.302e302e31 | tenant: public | md5: c6b384e7da6076d3a65f09b10298ee6b
2026-09-29 09:43:28,301|opType: publish | rt: 19ms | status: success | requestIp: null | dataId: enc.7265666572656e63652f686575726973746963732d73636f72696e672e6d64 | group: skill_enc.6372697469717565__enc.302e302e31 | tenant: public | md5: a96aa92aba66aadb5e8c9a7a64eb6495
2026-09-29 09:43:28,303|opType: publish | rt: 17ms | status: success | requestIp: null | dataId: SKILL.md | group: skill_enc.6372697469717565__enc.302e302e31 | tenant: public | md5: f5a6e4ff47c8973ad7e77c0fa4325116
2026-09-29 09:43:28,307|opType: publish | rt: 6ms | status: success | requestIp: null | dataId: enc.7265666572656e63652f706572736f6e61732e6d64 | group: skill_enc.6372697469717565__enc.302e302e31 | tenant: public | md5: 291d0989b0938c907ef33cd6c895e6b8
2026-09-29 09:43:28,308|opType: publish | rt: 6ms | status: success | requestIp: null | dataId: enc.7265666572656e63652f636f676e69746976652d6c6f61642e6d64 | group: skill_enc.6372697469717565__enc.302e302e31 | tenant: public | md5: 3b484345a2464be0a1c18e981ae9078d
2026-09-29 09:43:28,308|opType: publish | rt: 4ms | status: success | requestIp: null | dataId: skill_index.json | group: skill_clarify | tenant: public | md5: a954ba25a6022882637d1312aa486859
2026-09-29 09:43:28,325|opType: publish | rt: 5ms | status: success | requestIp: null | dataId: SKILL.md | group: skill_enc.64656c69676874__enc.302e302e31 | tenant: public | md5: 25bd4a7cfaf90b73019638a3ced41008
2026-09-29 09:43:28,420|opType: publish | rt: 4ms | status: success | requestIp: null | dataId: skill_index.json | group: skill_colorize | tenant: public | md5: a954ba25a6022882637d1312aa486859
2026-09-29 09:43:28,521|opType: publish | rt: 5ms | status: success | requestIp: null | dataId: SKILL.md | group: skill_enc.64697374696c6c__enc.302e302e31 | tenant: public | md5: b03e288aab52390571aa525d07334a11
2026-09-29 09:43:28,522|opType: publish | rt: 5ms | status: success | requestIp: null | dataId: skill_index.json | group: skill_critique | tenant: public | md5: 9b7bad12b037de0922706f136e3a62b3
2026-09-29 09:43:28,537|opType: publish | rt: 3ms | status: success | requestIp: null | dataId: skill_index.json | group: skill_delight | tenant: public | md5: a954ba25a6022882637d1312aa486859
2026-09-29 09:43:28,633|opType: publish | rt: 5ms | status: success | requestIp: null | dataId: SKILL.md | group: skill_enc.65787472616374__enc.302e302e31 | tenant: public | md5: 9b67eba633c16409a1d516c8f5f20d46
2026-09-29 09:43:28,735|opType: publish | rt: 5ms | status: success | requestIp: null | dataId: SKILL.md | group: skill_enc.68617264656e__enc.302e302e31 | tenant: public | md5: 05a2cbfc53c357a131b559350d4869b6
2026-09-29 09:43:28,737|opType: publish | rt: 4ms | status: success | requestIp: null | dataId: skill_index.json | group: skill_distill | tenant: public | md5: a954ba25a6022882637d1312aa486859
2026-09-29 09:43:28,747|opType: publish | rt: 4ms | status: success | requestIp: null | dataId: SKILL.md | group: skill_enc.6e6f726d616c697a65__enc.302e302e31 | tenant: public | md5: d9731310395a3fd2a25522e15ff5a43f
2026-09-29 09:43:28,847|opType: publish | rt: 4ms | status: success | requestIp: null | dataId: skill_index.json | group: skill_extract | tenant: public | md5: a954ba25a6022882637d1312aa486859
2026-09-29 09:43:28,951|opType: publish | rt: 5ms | status: success | requestIp: null | dataId: skill_index.json | group: skill_harden | tenant: public | md5: a954ba25a6022882637d1312aa486859
2026-09-29 09:43:28,952|opType: publish | rt: 5ms | status: success | requestIp: null | dataId: SKILL.md | group: skill_enc.6f6e626f617264__enc.302e302e31 | tenant: public | md5: 1a9e6ade07f1718de42430a7502c9508
2026-09-29 09:43:28,962|opType: publish | rt: 5ms | status: success | requestIp: null | dataId: skill_index.json | group: skill_normalize | tenant: public | md5: a954ba25a6022882637d1312aa486859
2026-09-29 09:43:29,058|opType: publish | rt: 5ms | status: success | requestIp: null | dataId: SKILL.md | group: skill_enc.6f7074696d697a65__enc.302e302e31 | tenant: public | md5: e7916723f9eb60a03137e9a8bb59477a
2026-09-29 09:43:29,165|opType: publish | rt: 6ms | status: success | requestIp: null | dataId: SKILL.md | group: skill_enc.6f7665726472697665__enc.302e302e31 | tenant: public | md5: 6b2514cba1e63b59c9ff71225acb3b2c
2026-09-29 09:43:29,169|opType: publish | rt: 5ms | status: success | requestIp: null | dataId: skill_index.json | group: skill_onboard | tenant: public | md5: a954ba25a6022882637d1312aa486859
2026-09-29 09:43:29,174|opType: publish | rt: 4ms | status: success | requestIp: null | dataId: SKILL.md | group: skill_enc.706f6c697368__enc.302e302e31 | tenant: public | md5: 4f43c86b62d1aed2e1fc9a3f6759783f
2026-09-29 09:43:29,271|opType: publish | rt: 4ms | status: success | requestIp: null | dataId: skill_index.json | group: skill_optimize | tenant: public | md5: a954ba25a6022882637d1312aa486859
2026-09-29 09:43:29,385|opType: publish | rt: 7ms | status: success | requestIp: null | dataId: SKILL.md | group: skill_enc.71756965746572__enc.302e302e31 | tenant: public | md5: d2b110d0785d4cbfd54f7dccbf2c1ee9
2026-09-29 09:43:29,387|opType: publish | rt: 5ms | status: success | requestIp: null | dataId: skill_index.json | group: skill_overdrive | tenant: public | md5: a954ba25a6022882637d1312aa486859
2026-09-29 09:43:29,390|opType: publish | rt: 5ms | status: success | requestIp: null | dataId: skill_index.json | group: skill_polish | tenant: public | md5: a954ba25a6022882637d1312aa486859
2026-09-29 09:43:29,501|opType: publish | rt: 21ms | status: success | requestIp: null | dataId: SKILL.md | group: skill_enc.74656163682d696d7065636361626c65__enc.302e302e31 | tenant: public | md5: ec502bf3cfa630d051deed98b693e8d8
2026-09-29 09:43:29,599|opType: publish | rt: 5ms | status: success | requestIp: null | dataId: SKILL.md | group: skill_enc.74797065736574__enc.302e302e31 | tenant: public | md5: 66684e801f3bd0763dd27e72c38e14d7
2026-09-29 09:43:29,610|opType: publish | rt: 5ms | status: success | requestIp: null | dataId: skill_index.json | group: skill_quieter | tenant: public | md5: a954ba25a6022882637d1312aa486859
2026-09-29 09:43:29,617|opType: publish | rt: 5ms | status: success | requestIp: null | dataId: SKILL.md | group: skill_enc.72656d6f74696f6e2d626573742d707261637469636573__enc.302e302e31 | tenant: public | md5: b8cad1a5254b8a9daba3e70b29e437a8
2026-09-29 09:43:29,618|opType: publish | rt: 5ms | status: success | requestIp: null | dataId: enc.72756c65732f7461696c77696e642e6d64 | group: skill_enc.72656d6f74696f6e2d626573742d707261637469636573__enc.302e302e31 | tenant: public | md5: 74d39a966dce24b4bb06b0a8bcd52dd5
2026-09-29 09:43:29,619|opType: publish | rt: 6ms | status: success | requestIp: null | dataId: enc.72756c65732f617564696f2d76697375616c697a6174696f6e2e6d64 | group: skill_enc.72656d6f74696f6e2d626573742d707261637469636573__enc.302e302e31 | tenant: public | md5: 687ec85f51a09bb359c0805ee65b1f60
2026-09-29 09:43:29,620|opType: publish | rt: 5ms | status: success | requestIp: null | dataId: enc.72756c65732f6173736574732f746578742d616e696d6174696f6e732d747970657772697465722e747378 | group: skill_enc.72656d6f74696f6e2d626573742d707261637469636573__enc.302e302e31 | tenant: public | md5: d31e0177028d9d1fc9803fa3ee7f508c
2026-09-29 09:43:29,624|opType: publish | rt: 6ms | status: success | requestIp: null | dataId: enc.72756c65732f6d6561737572696e672d646f6d2d6e6f6465732e6d64 | group: skill_enc.72656d6f74696f6e2d626573742d707261637469636573__enc.302e302e31 | tenant: public | md5: f9382af623ca6a3b0a26f5f6f0f94c82
2026-09-29 09:43:29,625|opType: publish | rt: 5ms | status: success | requestIp: null | dataId: enc.72756c65732f6765742d766964656f2d6475726174696f6e2e6d64 | group: skill_enc.72656d6f74696f6e2d626573742d707261637469636573__enc.302e302e31 | tenant: public | md5: cac0bcc75701b4e9a9ddf05febf7ca1a
2026-09-29 09:43:29,627|opType: publish | rt: 5ms | status: success | requestIp: null | dataId: enc.72756c65732f6c6f747469652e6d64 | group: skill_enc.72656d6f74696f6e2d626573742d707261637469636573__enc.302e302e31 | tenant: public | md5: 2309fac516bcee03d7268bf019b28986
2026-09-29 09:43:29,630|opType: publish | rt: 5ms | status: success | requestIp: null | dataId: enc.72756c65732f666f6e74732e6d64 | group: skill_enc.72656d6f74696f6e2d626573742d707261637469636573__enc.302e302e31 | tenant: public | md5: 46a988fdca12c3d79eaec47dff6dc4cf
2026-09-29 09:43:29,632|opType: publish | rt: 5ms | status: success | requestIp: null | dataId: enc.72756c65732f696d616765732e6d64 | group: skill_enc.72656d6f74696f6e2d626573742d707261637469636573__enc.302e302e31 | tenant: public | md5: 21de75ac940c6b41f67ff4df761317fe
2026-09-29 09:43:29,635|opType: publish | rt: 5ms | status: success | requestIp: null | dataId: enc.72756c65732f696d706f72742d7372742d63617074696f6e732e6d64 | group: skill_enc.72656d6f74696f6e2d626573742d707261637469636573__enc.302e302e31 | tenant: public | md5: 07cc0b9c2360ff438af6902bb787601b
2026-09-29 09:43:29,637|opType: publish | rt: 5ms | status: success | requestIp: null | dataId: enc.72756c65732f7472616e736974696f6e732e6d64 | group: skill_enc.72656d6f74696f6e2d626573742d707261637469636573__enc.302e302e31 | tenant: public | md5: 39da3cf6fa38c26e855d5d943eaf6b03
2026-09-29 09:43:29,639|opType: publish | rt: 5ms | status: success | requestIp: null | dataId: enc.72756c65732f63616e2d6465636f64652e6d64 | group: skill_enc.72656d6f74696f6e2d626573742d707261637469636573__enc.302e302e31 | tenant: public | md5: 39321981beb1d7ee17792c81ea6b850d
2026-09-29 09:43:29,642|opType: publish | rt: 5ms | status: success | requestIp: null | dataId: enc.72756c65732f657874726163742d6672616d65732e6d64 | group: skill_enc.72656d6f74696f6e2d626573742d707261637469636573__enc.302e302e31 | tenant: public | md5: 7661fc68352ae5e0a9403e22aa11cf17
2026-09-29 09:43:29,644|opType: publish | rt: 5ms | status: success | requestIp: null | dataId: enc.72756c65732f636f6d706f736974696f6e732e6d64 | group: skill_enc.72656d6f74696f6e2d626573742d707261637469636573__enc.302e302e31 | tenant: public | md5: 824b0d3916f3f13ce9961cd99ca2e5a4
2026-09-29 09:43:29,647|opType: publish | rt: 5ms | status: success | requestIp: null | dataId: enc.72756c65732f74696d696e672e6d64 | group: skill_enc.72656d6f74696f6e2d626573742d707261637469636573__enc.302e302e31 | tenant: public | md5: c44d770ca618e0609bc3b38ec72f82d3
2026-09-29 09:43:29,649|opType: publish | rt: 5ms | status: success | requestIp: null | dataId: enc.72756c65732f73657175656e63696e672e6d64 | group: skill_enc.72656d6f74696f6e2d626573742d707261637469636573__enc.302e302e31 | tenant: public | md5: 3b349de58ef7e067b25b145fdfd2fc2c
2026-09-29 09:43:29,651|opType: publish | rt: 5ms | status: success | requestIp: null | dataId: enc.72756c65732f6c696768742d6c65616b732e6d64 | group: skill_enc.72656d6f74696f6e2d626573742d707261637469636573__enc.302e302e31 | tenant: public | md5: 80126570ea8b1325f5e38309fd0809e1
2026-09-29 09:43:29,652|opType: publish | rt: 4ms | status: success | requestIp: null | dataId: enc.72756c65732f766964656f732e6d64 | group: skill_enc.72656d6f74696f6e2d626573742d707261637469636573__enc.302e302e31 | tenant: public | md5: 95a81918543cfe9a78996c1e25ec66cf
2026-09-29 09:43:29,712|opType: publish | rt: 4ms | status: success | requestIp: null | dataId: enc.72756c65732f7375627469746c65732e6d64 | group: skill_enc.72656d6f74696f6e2d626573742d707261637469636573__enc.302e302e31 | tenant: public | md5: 5a016b7956f64529f77a516becd13661
2026-09-29 09:43:29,717|opType: publish | rt: 4ms | status: success | requestIp: null | dataId: skill_index.json | group: skill_teach-impeccable | tenant: public | md5: a954ba25a6022882637d1312aa486859
2026-09-29 09:43:29,813|opType: publish | rt: 6ms | status: success | requestIp: null | dataId: enc.72756c65732f7472616e73706172656e742d766964656f732e6d64 | group: skill_enc.72656d6f74696f6e2d626573742d707261637469636573__enc.302e302e31 | tenant: public | md5: 9c4eb35d53624169b032d63739d2cf35
2026-09-29 09:43:29,816|opType: publish | rt: 5ms | status: success | requestIp: null | dataId: skill_index.json | group: skill_typeset | tenant: public | md5: a954ba25a6022882637d1312aa486859
2026-09-29 09:43:29,828|opType: publish | rt: 5ms | status: success | requestIp: null | dataId: enc.72756c65732f6173736574732f746578742d616e696d6174696f6e732d776f72642d686967686c696768742e747378 | group: skill_enc.72656d6f74696f6e2d626573742d707261637469636573__enc.302e302e31 | tenant: public | md5: 374a961d938b044d9cafdc102e074c60
2026-09-29 09:43:29,832|opType: publish | rt: 5ms | status: success | requestIp: null | dataId: enc.72756c65732f676966732e6d64 | group: skill_enc.72656d6f74696f6e2d626573742d707261637469636573__enc.302e302e31 | tenant: public | md5: 8378fb79148df127988a443dddd5cbdb
2026-09-29 09:43:29,834|opType: publish | rt: 5ms | status: success | requestIp: null | dataId: enc.72756c65732f7472696d6d696e672e6d64 | group: skill_enc.72656d6f74696f6e2d626573742d707261637469636573__enc.302e302e31 | tenant: public | md5: 7ca81a075ac9186576e45aa97cf88e16
2026-09-29 09:43:29,837|opType: publish | rt: 5ms | status: success | requestIp: null | dataId: enc.72756c65732f7472616e7363726962652d63617074696f6e732e6d64 | group: skill_enc.72656d6f74696f6e2d626573742d707261637469636573__enc.302e302e31 | tenant: public | md5: 6563bdb785ac372d283147ad45f1a74e
2026-09-29 09:43:29,841|opType: publish | rt: 6ms | status: success | requestIp: null | dataId: enc.72756c65732f6d6170732e6d64 | group: skill_enc.72656d6f74696f6e2d626573742d707261637469636573__enc.302e302e31 | tenant: public | md5: ddbb125e0ead3e9e551cd61f69619bf7
2026-09-29 09:43:29,842|opType: publish | rt: 5ms | status: success | requestIp: null | dataId: enc.72756c65732f6765742d617564696f2d6475726174696f6e2e6d64 | group: skill_enc.72656d6f74696f6e2d626573742d707261637469636573__enc.302e302e31 | tenant: public | md5: d820f23099c4573516868c9f9828bcb1
2026-09-29 09:43:29,846|opType: publish | rt: 6ms | status: success | requestIp: null | dataId: enc.72756c65732f6173736574732f6368617274732d6261722d63686172742e747378 | group: skill_enc.72656d6f74696f6e2d626573742d707261637469636573__enc.302e302e31 | tenant: public | md5: 6db7265a249a6a032c3ab61f23ebfae1
2026-09-29 09:43:29,847|opType: publish | rt: 5ms | status: success | requestIp: null | dataId: enc.72756c65732f617564696f2e6d64 | group: skill_enc.72656d6f74696f6e2d626573742d707261637469636573__enc.302e302e31 | tenant: public | md5: 0be2f322f986a4c4a3f0aa1186ab8b61
2026-09-29 09:43:29,849|opType: publish | rt: 4ms | status: success | requestIp: null | dataId: enc.72756c65732f6173736574732e6d64 | group: skill_enc.72656d6f74696f6e2d626573742d707261637469636573__enc.302e302e31 | tenant: public | md5: 13b5f8aec13b4a6b1375913de9832b6c
2026-09-29 09:43:29,852|opType: publish | rt: 5ms | status: success | requestIp: null | dataId: enc.72756c65732f63616c63756c6174652d6d657461646174612e6d64 | group: skill_enc.72656d6f74696f6e2d626573742d707261637469636573__enc.302e302e31 | tenant: public | md5: 4a53a0155621e0aa510c83b2d9b79913
2026-09-29 09:43:29,854|opType: publish | rt: 5ms | status: success | requestIp: null | dataId: enc.72756c65732f746578742d616e696d6174696f6e732e6d64 | group: skill_enc.72656d6f74696f6e2d626573742d707261637469636573__enc.302e302e31 | tenant: public | md5: 20b4cae5317ec7e836fab5e6f15c5d99
2026-09-29 09:43:29,857|opType: publish | rt: 5ms | status: success | requestIp: null | dataId: enc.72756c65732f616e696d6174696f6e732e6d64 | group: skill_enc.72656d6f74696f6e2d626573742d707261637469636573__enc.302e302e31 | tenant: public | md5: a14a4ec516f3e6b03ffc7af742bb3357
2026-09-29 09:43:29,859|opType: publish | rt: 5ms | status: success | requestIp: null | dataId: enc.72756c65732f33642e6d64 | group: skill_enc.72656d6f74696f6e2d626573742d707261637469636573__enc.302e302e31 | tenant: public | md5: 40d292c8f9268f4dfe72d0019b28d53e
2026-09-29 09:43:29,861|opType: publish | rt: 4ms | status: success | requestIp: null | dataId: enc.72756c65732f66666d7065672e6d64 | group: skill_enc.72656d6f74696f6e2d626573742d707261637469636573__enc.302e302e31 | tenant: public | md5: ed06af714b1cc0c3f642b7fcd8686648
2026-09-29 09:43:29,864|opType: publish | rt: 5ms | status: success | requestIp: null | dataId: enc.72756c65732f7366782e6d64 | group: skill_enc.72656d6f74696f6e2d626573742d707261637469636573__enc.302e302e31 | tenant: public | md5: 1452656ce5578dcba5d3175c0f8ab06f
2026-09-29 09:43:29,866|opType: publish | rt: 5ms | status: success | requestIp: null | dataId: enc.72756c65732f706172616d65746572732e6d64 | group: skill_enc.72656d6f74696f6e2d626573742d707261637469636573__enc.302e302e31 | tenant: public | md5: 27f48c8f43cb7193a86a361f252a90ba
2026-09-29 09:43:29,869|opType: publish | rt: 5ms | status: success | requestIp: null | dataId: enc.72756c65732f766f6963656f7665722e6d64 | group: skill_enc.72656d6f74696f6e2d626573742d707261637469636573__enc.302e302e31 | tenant: public | md5: 17a79a09f5bcbdb92d9669688585cabb
2026-09-29 09:43:29,870|opType: publish | rt: 5ms | status: success | requestIp: null | dataId: enc.72756c65732f646973706c61792d63617074696f6e732e6d64 | group: skill_enc.72656d6f74696f6e2d626573742d707261637469636573__enc.302e302e31 | tenant: public | md5: 708532b08274897c46a6fadcc13c4dc9
2026-09-29 09:43:29,922|opType: publish | rt: 5ms | status: success | requestIp: null | dataId: enc.72756c65732f6d6561737572696e672d746578742e6d64 | group: skill_enc.72656d6f74696f6e2d626573742d707261637469636573__enc.302e302e31 | tenant: public | md5: a52a79877fa4dbc632cea7c131d0bd7a
2026-09-29 09:43:30,023|opType: publish | rt: 4ms | status: success | requestIp: null | dataId: enc.72756c65732f6368617274732e6d64 | group: skill_enc.72656d6f74696f6e2d626573742d707261637469636573__enc.302e302e31 | tenant: public | md5: 4e7b845b331b1002fb092a122cfb88e9
2026-09-29 09:43:30,040|opType: publish | rt: 6ms | status: success | requestIp: null | dataId: enc.72756c65732f6765742d766964656f2d64696d656e73696f6e732e6d64 | group: skill_enc.72656d6f74696f6e2d626573742d707261637469636573__enc.302e302e31 | tenant: public | md5: 3151bc43355e29e1b9df40c278b53436
2026-09-29 09:43:30,047|opType: publish | rt: 5ms | status: success | requestIp: null | dataId: SKILL.md | group: skill_enc.73757061626173652d706f7374677265732d626573742d707261637469636573__enc.312e312e30 | tenant: public | md5: 9ccdfa3ebf5cb2aebb7223af98328c11
2026-09-29 09:43:30,049|opType: publish | rt: 5ms | status: success | requestIp: null | dataId: enc.7265666572656e6365732f636f6e6e2d69646c652d74696d656f75742e6d64 | group: skill_enc.73757061626173652d706f7374677265732d626573742d707261637469636573__enc.312e312e30 | tenant: public | md5: c73ea45eecdb007786cd3b3e08e31640
2026-09-29 09:43:30,051|opType: publish | rt: 5ms | status: success | requestIp: null | dataId: enc.7265666572656e6365732f616476616e6365642d66756c6c2d746578742d7365617263682e6d64 | group: skill_enc.73757061626173652d706f7374677265732d626573742d707261637469636573__enc.312e312e30 | tenant: public | md5: f32a27eab306ad2a29db0a2a8a55b03c
2026-09-29 09:43:30,055|opType: publish | rt: 6ms | status: success | requestIp: null | dataId: enc.7265666572656e6365732f646174612d706167696e6174696f6e2e6d64 | group: skill_enc.73757061626173652d706f7374677265732d626573742d707261637469636573__enc.312e312e30 | tenant: public | md5: 0e9b3211df99b3d35f7083c984b03ccb
2026-09-29 09:43:30,057|opType: publish | rt: 5ms | status: success | requestIp: null | dataId: AGENTS.md | group: skill_enc.73757061626173652d706f7374677265732d626573742d707261637469636573__enc.312e312e30 | tenant: public | md5: 008c3c48a2274c06e17480d4c039bd63
2026-09-29 09:43:30,059|opType: publish | rt: 5ms | status: success | requestIp: null | dataId: enc.7265666572656e6365732f73656375726974792d726c732d706572666f726d616e63652e6d64 | group: skill_enc.73757061626173652d706f7374677265732d626573742d707261637469636573__enc.312e312e30 | tenant: public | md5: fcd4957af5dc87b88e1a96c190e89876
2026-09-29 09:43:30,061|opType: publish | rt: 5ms | status: success | requestIp: null | dataId: enc.7265666572656e6365732f646174612d6e2d706c75732d6f6e652e6d64 | group: skill_enc.73757061626173652d706f7374677265732d626573742d707261637469636573__enc.312e312e30 | tenant: public | md5: 4fc111bb51121f5181910b3759061ada
2026-09-29 09:43:30,064|opType: publish | rt: 5ms | status: success | requestIp: null | dataId: README.md | group: skill_enc.73757061626173652d706f7374677265732d626573742d707261637469636573__enc.312e312e30 | tenant: public | md5: 9eac79f9fb02ecc6e39227fa23010c2c
2026-09-29 09:43:30,066|opType: publish | rt: 5ms | status: success | requestIp: null | dataId: enc.7265666572656e6365732f6c6f636b2d73686f72742d7472616e73616374696f6e732e6d64 | group: skill_enc.73757061626173652d706f7374677265732d626573742d707261637469636573__enc.312e312e30 | tenant: public | md5: aea973297ac14bba2586a2ff57fd8ff7
2026-09-29 09:43:30,068|opType: publish | rt: 5ms | status: success | requestIp: null | dataId: enc.7265666572656e6365732f736368656d612d6c6f776572636173652d6964656e746966696572732e6d64 | group: skill_enc.73757061626173652d706f7374677265732d626573742d707261637469636573__enc.312e312e30 | tenant: public | md5: 1df2eae336d542d365f99abdfa968367
2026-09-29 09:43:30,072|opType: publish | rt: 6ms | status: success | requestIp: null | dataId: enc.7265666572656e6365732f646174612d62617463682d696e73657274732e6d64 | group: skill_enc.73757061626173652d706f7374677265732d626573742d707261637469636573__enc.312e312e30 | tenant: public | md5: 75a4e92f80b90818221fae51f8b994f1
2026-09-29 09:43:30,074|opType: publish | rt: 7ms | status: success | requestIp: null | dataId: enc.7265666572656e6365732f6c6f636b2d736b69702d6c6f636b65642e6d64 | group: skill_enc.73757061626173652d706f7374677265732d626573742d707261637469636573__enc.312e312e30 | tenant: public | md5: 26e9bd402801299afce06ee506a9f864
2026-09-29 09:43:30,078|opType: publish | rt: 8ms | status: success | requestIp: null | dataId: enc.7265666572656e6365732f636f6e6e2d70726570617265642d73746174656d656e74732e6d64 | group: skill_enc.73757061626173652d706f7374677265732d626573742d707261637469636573__enc.312e312e30 | tenant: public | md5: fe941145678825d273baac1fe66d4dce
2026-09-29 09:43:30,080|opType: publish | rt: 6ms | status: success | requestIp: null | dataId: enc.7265666572656e6365732f71756572792d636f766572696e672d696e64657865732e6d64 | group: skill_enc.73757061626173652d706f7374677265732d626573742d707261637469636573__enc.312e312e30 | tenant: public | md5: 5e62afcfe9289405caec1f32f351dd29
2026-09-29 09:43:30,081|opType: publish | rt: 5ms | status: success | requestIp: null | dataId: enc.7265666572656e6365732f736368656d612d706172746974696f6e696e672e6d64 | group: skill_enc.73757061626173652d706f7374677265732d626573742d707261637469636573__enc.312e312e30 | tenant: public | md5: e95568857288b614ba0d4b8cd1b4fb72
2026-09-29 09:43:30,086|opType: publish | rt: 6ms | status: success | requestIp: null | dataId: enc.7265666572656e6365732f636f6e6e2d6c696d6974732e6d64 | group: skill_enc.73757061626173652d706f7374677265732d626573742d707261637469636573__enc.312e312e30 | tenant: public | md5: 59025fe12439048e81296f28feca4ce1
2026-09-29 09:43:30,086|opType: publish | rt: 4ms | status: success | requestIp: null | dataId: enc.7265666572656e6365732f616476616e6365642d6a736f6e622d696e646578696e672e6d64 | group: skill_enc.73757061626173652d706f7374677265732d626573742d707261637469636573__enc.312e312e30 | tenant: public | md5: 5b4fbcc451879892d366fa02194bb536
2026-09-29 09:43:30,131|opType: publish | rt: 4ms | status: success | requestIp: null | dataId: enc.7265666572656e6365732f6c6f636b2d61647669736f72792e6d64 | group: skill_enc.73757061626173652d706f7374677265732d626573742d707261637469636573__enc.312e312e30 | tenant: public | md5: 3f3523b7b0a812a6906f92a6610a5a9b
2026-09-29 09:43:30,233|opType: publish | rt: 4ms | status: success | requestIp: null | dataId: enc.7265666572656e6365732f636f6e6e2d706f6f6c696e672e6d64 | group: skill_enc.73757061626173652d706f7374677265732d626573742d707261637469636573__enc.312e312e30 | tenant: public | md5: 8561b805a5e0bdfa348840266861de66
2026-09-29 09:43:30,254|opType: publish | rt: 5ms | status: success | requestIp: null | dataId: enc.7265666572656e6365732f6d6f6e69746f722d76616375756d2d616e616c797a652e6d64 | group: skill_enc.73757061626173652d706f7374677265732d626573742d707261637469636573__enc.312e312e30 | tenant: public | md5: e3d1e4f8831a37bdb1c7f364b911f7a6
2026-09-29 09:43:30,257|opType: publish | rt: 5ms | status: success | requestIp: null | dataId: skill_index.json | group: skill_remotion-best-practices | tenant: public | md5: 29170c043ef85db7fee87275936ef2a5
2026-09-29 09:43:30,260|opType: publish | rt: 5ms | status: success | requestIp: null | dataId: enc.7265666572656e6365732f5f73656374696f6e732e6d64 | group: skill_enc.73757061626173652d706f7374677265732d626573742d707261637469636573__enc.312e312e30 | tenant: public | md5: 7cc4829a3718c745dfdbec554c30485f
2026-09-29 09:43:30,265|opType: publish | rt: 7ms | status: success | requestIp: null | dataId: enc.7265666572656e6365732f736368656d612d666f726569676e2d6b65792d696e64657865732e6d64 | group: skill_enc.73757061626173652d706f7374677265732d626573742d707261637469636573__enc.312e312e30 | tenant: public | md5: 6bc02b38edd88e56c89bab863f5c789b
2026-09-29 09:43:30,265|opType: publish | rt: 6ms | status: success | requestIp: null | dataId: enc.7265666572656e6365732f71756572792d6d697373696e672d696e64657865732e6d64 | group: skill_enc.73757061626173652d706f7374677265732d626573742d707261637469636573__enc.312e312e30 | tenant: public | md5: 1bd5f85a9c930219dd479825986bd6ad
2026-09-29 09:43:30,268|opType: publish | rt: 5ms | status: success | requestIp: null | dataId: enc.7265666572656e6365732f73656375726974792d726c732d6261736963732e6d64 | group: skill_enc.73757061626173652d706f7374677265732d626573742d707261637469636573__enc.312e312e30 | tenant: public | md5: 2349e490ff266b1c2b81a2368c054baa
2026-09-29 09:43:30,271|opType: publish | rt: 5ms | status: success | requestIp: null | dataId: enc.7265666572656e6365732f736368656d612d636f6e73747261696e74732e6d64 | group: skill_enc.73757061626173652d706f7374677265732d626573742d707261637469636573__enc.312e312e30 | tenant: public | md5: e7362385f5b79c28f5e495d7c45a7a52
2026-09-29 09:43:30,272|opType: publish | rt: 5ms | status: success | requestIp: null | dataId: enc.7265666572656e6365732f736368656d612d646174612d74797065732e6d64 | group: skill_enc.73757061626173652d706f7374677265732d626573742d707261637469636573__enc.312e312e30 | tenant: public | md5: a10f1ec17bd499622d9201af3d00e0d4
2026-09-29 09:43:30,276|opType: publish | rt: 6ms | status: success | requestIp: null | dataId: enc.7265666572656e6365732f5f636f6e747269627574696e672e6d64 | group: skill_enc.73757061626173652d706f7374677265732d626573742d707261637469636573__enc.312e312e30 | tenant: public | md5: 647252fcbc086e92adfa6dccb4005b67
2026-09-29 09:43:30,277|opType: publish | rt: 5ms | status: success | requestIp: null | dataId: enc.7265666572656e6365732f5f74656d706c6174652e6d64 | group: skill_enc.73757061626173652d706f7374677265732d626573742d707261637469636573__enc.312e312e30 | tenant: public | md5: 384ee769a417d3001e81d81b139acbf6
2026-09-29 09:43:30,281|opType: publish | rt: 6ms | status: success | requestIp: null | dataId: enc.7265666572656e6365732f6d6f6e69746f722d70672d737461742d73746174656d656e74732e6d64 | group: skill_enc.73757061626173652d706f7374677265732d626573742d707261637469636573__enc.312e312e30 | tenant: public | md5: ee51d9586cf18c848563799c14dcc638
2026-09-29 09:43:30,284|opType: publish | rt: 6ms | status: success | requestIp: null | dataId: enc.7265666572656e6365732f71756572792d636f6d706f736974652d696e64657865732e6d64 | group: skill_enc.73757061626173652d706f7374677265732d626573742d707261637469636573__enc.312e312e30 | tenant: public | md5: bd959891036289cfaf3d54e49599b2d0
2026-09-29 09:43:30,285|opType: publish | rt: 8ms | status: success | requestIp: null | dataId: enc.7265666572656e6365732f71756572792d696e6465782d74797065732e6d64 | group: skill_enc.73757061626173652d706f7374677265732d626573742d707261637469636573__enc.312e312e30 | tenant: public | md5: ef0d4ad9d1eb0466a0bde542ade59de2
2026-09-29 09:43:30,288|opType: publish | rt: 5ms | status: success | requestIp: null | dataId: enc.7265666572656e6365732f6d6f6e69746f722d6578706c61696e2d616e616c797a652e6d64 | group: skill_enc.73757061626173652d706f7374677265732d626573742d707261637469636573__enc.312e312e30 | tenant: public | md5: 93d5998318098652ac380cd354718924
2026-09-29 09:43:30,291|opType: publish | rt: 6ms | status: success | requestIp: null | dataId: enc.7265666572656e6365732f73656375726974792d70726976696c656765732e6d64 | group: skill_enc.73757061626173652d706f7374677265732d626573742d707261637469636573__enc.312e312e30 | tenant: public | md5: 212beb5d93e7c02cb61c95e117af3aaa
2026-09-29 09:43:30,309|opType: publish | rt: 19ms | status: success | requestIp: null | dataId: enc.7265666572656e6365732f736368656d612d7072696d6172792d6b6579732e6d64 | group: skill_enc.73757061626173652d706f7374677265732d626573742d707261637469636573__enc.312e312e30 | tenant: public | md5: 63412819d632d8cbe39f14630e5de085
2026-09-29 09:43:30,309|opType: publish | rt: 21ms | status: success | requestIp: null | dataId: enc.7265666572656e6365732f6c6f636b2d646561646c6f636b2d70726576656e74696f6e2e6d64 | group: skill_enc.73757061626173652d706f7374677265732d626573742d707261637469636573__enc.312e312e30 | tenant: public | md5: 07eae98867b47074d82528df59d2135e
2026-09-29 09:43:30,310|opType: publish | rt: 17ms | status: success | requestIp: null | dataId: enc.7265666572656e6365732f71756572792d7061727469616c2d696e64657865732e6d64 | group: skill_enc.73757061626173652d706f7374677265732d626573742d707261637469636573__enc.312e312e30 | tenant: public | md5: a6c64f9136f8a7880e53df3e259d90c9
2026-09-29 09:43:30,313|opType: publish | rt: 4ms | status: success | requestIp: null | dataId: enc.7265666572656e6365732f646174612d7570736572742e6d64 | group: skill_enc.73757061626173652d706f7374677265732d626573742d707261637469636573__enc.312e312e30 | tenant: public | md5: 51a26138848f5fec547cd56b9bcb33d4
2026-09-29 09:43:30,340|opType: publish | rt: 4ms | status: success | requestIp: null | dataId: CLAUDE.md | group: skill_enc.73757061626173652d706f7374677265732d626573742d707261637469636573__enc.312e312e30 | tenant: public | md5: bc5441b46c60dc9086061eb9793d0283
2026-09-29 09:43:30,443|opType: publish | rt: 4ms | status: success | requestIp: null | dataId: SKILL.md | group: skill_enc.66696e642d736b696c6c73__enc.302e302e31 | tenant: public | md5: 2c5df7daba6c6b5cc09d6de7bc41262e
2026-09-29 09:43:30,553|opType: publish | rt: 4ms | status: success | requestIp: null | dataId: skill_index.json | group: skill_supabase-postgres-best-practices | tenant: public | md5: ead98eca9eada63aa3889edc0757f4e3
2026-09-29 09:43:30,657|opType: publish | rt: 4ms | status: success | requestIp: null | dataId: skill_index.json | group: skill_find-skills | tenant: public | md5: a954ba25a6022882637d1312aa486859
