2026-10-02 10:09:42,855 INFO Fail to find connection runtime ejector for name nacos,use default

2026-10-02 10:09:43,866 INFO Connection check task start

2026-10-02 10:09:43,867 INFO Long connection metrics detail ,Total count =0, sdkCount=0,clusterCount=0

2026-10-02 10:09:43,868 INFO Out dated connection ,size=0

2026-10-02 10:09:43,869 INFO Connection check task end

2026-10-02 10:09:45,908 INFO ConnectionMetrics, totalCount = 0, detail = {long_connection=0, long_polling=0}

2026-10-02 10:09:46,076 INFO new connection registered successfully, connectionId = 1790906986009_172.21.0.1_58524,connection=Connection{traced=false, abilities={lock=true, agent=true, mcp=true, fuzzyWatch=true}, metaInfo=ConnectionMeta{connectType='GRPC', clientIp='172.18.224.1', remoteIp='172.21.0.1', remotePort=58524, localPort=9848, version='Nacos-Java-Client:v3.1.1', connectionId='1790906986009_172.21.0.1_58524', createTime=Fri Oct 02 10:09:46 CST 2026, lastActiveTime=1790906986052, appName='unknown', tenant='null', labels={source=sdk, module=naming, AppName=unknown, tls.enable=false}}} 

2026-10-02 10:09:46,484 INFO [1790906986009_172.21.0.1_58524]Connection unregistered successfully. 

2026-10-02 10:09:46,870 INFO Connection check task start

2026-10-02 10:09:46,870 INFO Long connection metrics detail ,Total count =0, sdkCount=0,clusterCount=0

2026-10-02 10:09:46,871 INFO Out dated connection ,size=0

2026-10-02 10:09:46,872 INFO Connection check task end

2026-10-02 10:09:48,910 INFO ConnectionMetrics, totalCount = 0, detail = {long_connection=0, long_polling=0}

2026-10-02 10:09:49,873 INFO Connection check task start

2026-10-02 10:09:49,874 INFO Long connection metrics detail ,Total count =0, sdkCount=0,clusterCount=0

2026-10-02 10:09:49,874 INFO Out dated connection ,size=0

2026-10-02 10:09:49,875 INFO Connection check task end

2026-10-02 10:09:51,911 INFO ConnectionMetrics, totalCount = 0, detail = {long_connection=0, long_polling=0}

2026-10-02 10:09:52,876 INFO Connection check task start

2026-10-02 10:09:52,877 INFO Long connection metrics detail ,Total count =0, sdkCount=0,clusterCount=0

2026-10-02 10:09:52,878 INFO Out dated connection ,size=0

2026-10-02 10:09:52,879 INFO Connection check task end

2026-10-02 10:09:54,913 INFO ConnectionMetrics, totalCount = 0, detail = {long_connection=0, long_polling=0}

2026-10-02 10:09:55,880 INFO Connection check task start

2026-10-02 10:09:55,882 INFO Long connection metrics detail ,Total count =0, sdkCount=0,clusterCount=0

2026-10-02 10:09:55,883 INFO Out dated connection ,size=0

2026-10-02 10:09:55,884 INFO Connection check task end

2026-10-02 10:09:57,914 INFO ConnectionMetrics, totalCount = 0, detail = {long_connection=0, long_polling=0}

2026-10-02 10:09:58,884 INFO Connection check task start

2026-10-02 10:09:58,886 INFO Long connection metrics detail ,Total count =0, sdkCount=0,clusterCount=0

2026-10-02 10:09:58,887 INFO Out dated connection ,size=0

2026-10-02 10:09:58,887 INFO Connection check task end

2026-10-02 10:10:00,914 INFO ConnectionMetrics, totalCount = 0, detail = {long_connection=0, long_polling=0}

2026-10-02 10:10:01,888 INFO Connection check task start

2026-10-02 10:10:01,889 INFO Long connection metrics detail ,Total count =0, sdkCount=0,clusterCount=0

2026-10-02 10:10:01,890 INFO Out dated connection ,size=0

2026-10-02 10:10:01,890 INFO Connection check task end

2026-10-02 10:10:03,915 INFO ConnectionMetrics, totalCount = 0, detail = {long_connection=0, long_polling=0}

2026-10-02 10:10:04,891 INFO Connection check task start

2026-10-02 10:10:04,892 INFO Long connection metrics detail ,Total count =0, sdkCount=0,clusterCount=0

2026-10-02 10:10:04,893 INFO Out dated connection ,size=0

2026-10-02 10:10:04,894 INFO Connection check task end

2026-10-02 10:10:06,916 INFO ConnectionMetrics, totalCount = 0, detail = {long_connection=0, long_polling=0}

2026-10-02 10:10:07,895 INFO Connection check task start

2026-10-02 10:10:07,896 INFO Long connection metrics detail ,Total count =0, sdkCount=0,clusterCount=0

2026-10-02 10:10:07,896 INFO Out dated connection ,size=0

2026-10-02 10:10:07,897 INFO Connection check task end

2026-10-02 10:10:09,918 INFO ConnectionMetrics, totalCount = 0, detail = {long_connection=0, long_polling=0}

2026-10-02 10:10:10,898 INFO Connection check task start

2026-10-02 10:10:10,899 INFO Long connection metrics detail ,Total count =0, sdkCount=0,clusterCount=0

2026-10-02 10:10:10,899 INFO Out dated connection ,size=0

2026-10-02 10:10:10,900 INFO Connection check task end

2026-10-02 10:10:12,920 INFO ConnectionMetrics, totalCount = 0, detail = {long_connection=0, long_polling=0}

2026-10-02 10:10:13,900 INFO Connection check task start

2026-10-02 10:10:13,901 INFO Long connection metrics detail ,Total count =0, sdkCount=0,clusterCount=0

2026-10-02 10:10:13,902 INFO Out dated connection ,size=0

2026-10-02 10:10:13,903 INFO Connection check task end

2026-10-02 10:10:15,921 INFO ConnectionMetrics, totalCount = 0, detail = {long_connection=0, long_polling=0}

2026-10-02 10:10:16,903 INFO Connection check task start

2026-10-02 10:10:16,904 INFO Long connection metrics detail ,Total count =0, sdkCount=0,clusterCount=0

2026-10-02 10:10:16,907 INFO Out dated connection ,size=0

2026-10-02 10:10:16,907 INFO Connection check task end

2026-10-02 10:10:18,469 INFO new connection registered successfully, connectionId = 1790907018403_172.21.0.1_46600,connection=Connection{traced=false, abilities={lock=true, agent=true, mcp=true, fuzzyWatch=true}, metaInfo=ConnectionMeta{connectType='GRPC', clientIp='172.18.224.1', remoteIp='172.21.0.1', remotePort=46600, localPort=9848, version='Nacos-Java-Client:v3.1.1', connectionId='1790907018403_172.21.0.1_46600', createTime=Fri Oct 02 10:10:18 CST 2026, lastActiveTime=1790907018469, appName='unknown', tenant='null', labels={source=sdk, module=naming, AppName=unknown, tls.enable=false}}} 

2026-10-02 10:10:18,923 INFO ConnectionMetrics, totalCount = 1, detail = {long_connection=1, long_polling=0}

2026-10-02 10:10:19,908 INFO Connection check task start

2026-10-02 10:10:19,909 INFO Long connection metrics detail ,Total count =1, sdkCount=1,clusterCount=0

2026-10-02 10:10:19,910 INFO Out dated connection ,size=0

2026-10-02 10:10:19,911 INFO Connection check task end

2026-10-02 10:10:21,924 INFO ConnectionMetrics, totalCount = 1, detail = {long_connection=1, long_polling=0}

2026-10-02 10:10:22,912 INFO Connection check task start

2026-10-02 10:10:22,912 INFO Long connection metrics detail ,Total count =1, sdkCount=1,clusterCount=0

2026-10-02 10:10:22,913 INFO Out dated connection ,size=0

2026-10-02 10:10:22,913 INFO Connection check task end

2026-10-02 10:10:24,926 INFO ConnectionMetrics, totalCount = 1, detail = {long_connection=1, long_polling=0}

2026-10-02 10:10:25,914 INFO Connection check task start

2026-10-02 10:10:25,914 INFO Long connection metrics detail ,Total count =1, sdkCount=1,clusterCount=0

2026-10-02 10:10:25,915 INFO Out dated connection ,size=0

2026-10-02 10:10:25,915 INFO Connection check task end

2026-10-02 10:10:27,927 INFO ConnectionMetrics, totalCount = 1, detail = {long_connection=1, long_polling=0}

2026-10-02 10:10:28,914 INFO Connection check task start

2026-10-02 10:10:28,915 INFO Long connection metrics detail ,Total count =1, sdkCount=1,clusterCount=0

2026-10-02 10:10:28,916 INFO Out dated connection ,size=0

2026-10-02 10:10:28,917 INFO Connection check task end

2026-10-02 10:10:29,817 INFO [1790907018403_172.21.0.1_46600]Connection unregistered successfully. 

2026-10-02 10:10:30,927 INFO ConnectionMetrics, totalCount = 0, detail = {long_connection=0, long_polling=0}

2026-10-02 10:10:31,917 INFO Connection check task start

2026-10-02 10:10:31,920 INFO Long connection metrics detail ,Total count =0, sdkCount=0,clusterCount=0

2026-10-02 10:10:31,923 INFO Out dated connection ,size=0

2026-10-02 10:10:31,926 INFO Connection check task end

2026-10-02 10:10:33,928 INFO ConnectionMetrics, totalCount = 0, detail = {long_connection=0, long_polling=0}

2026-10-02 10:10:34,927 INFO Connection check task start

2026-10-02 10:10:34,928 INFO Long connection metrics detail ,Total count =0, sdkCount=0,clusterCount=0

2026-10-02 10:10:34,929 INFO Out dated connection ,size=0

2026-10-02 10:10:34,929 INFO Connection check task end

2026-10-02 10:10:36,930 INFO ConnectionMetrics, totalCount = 0, detail = {long_connection=0, long_polling=0}

2026-10-02 10:10:37,931 INFO Connection check task start

2026-10-02 10:10:37,932 INFO Long connection metrics detail ,Total count =0, sdkCount=0,clusterCount=0

2026-10-02 10:10:37,933 INFO Out dated connection ,size=0

2026-10-02 10:10:37,934 INFO Connection check task end

2026-10-02 10:10:39,931 INFO ConnectionMetrics, totalCount = 0, detail = {long_connection=0, long_polling=0}

2026-10-02 10:10:40,935 INFO Connection check task start

2026-10-02 10:10:40,936 INFO Long connection metrics detail ,Total count =0, sdkCount=0,clusterCount=0

2026-10-02 10:10:40,937 INFO Out dated connection ,size=0

2026-10-02 10:10:40,937 INFO Connection check task end

2026-10-02 10:10:42,932 INFO ConnectionMetrics, totalCount = 0, detail = {long_connection=0, long_polling=0}

2026-10-02 10:10:43,938 INFO Connection check task start

2026-10-02 10:10:43,939 INFO Long connection metrics detail ,Total count =0, sdkCount=0,clusterCount=0

2026-10-02 10:10:43,940 INFO Out dated connection ,size=0

2026-10-02 10:10:43,940 INFO Connection check task end

2026-10-02 10:10:45,934 INFO ConnectionMetrics, totalCount = 0, detail = {long_connection=0, long_polling=0}

2026-10-02 10:10:46,941 INFO Connection check task start

2026-10-02 10:10:46,944 INFO Long connection metrics detail ,Total count =0, sdkCount=0,clusterCount=0

2026-10-02 10:10:46,945 INFO Out dated connection ,size=0

2026-10-02 10:10:46,945 INFO Connection check task end

2026-10-02 10:10:48,935 INFO ConnectionMetrics, totalCount = 0, detail = {long_connection=0, long_polling=0}

2026-10-02 10:10:49,946 INFO Connection check task start

2026-10-02 10:10:49,947 INFO Long connection metrics detail ,Total count =0, sdkCount=0,clusterCount=0

2026-10-02 10:10:49,948 INFO Out dated connection ,size=0

2026-10-02 10:10:49,949 INFO Connection check task end

2026-10-02 10:10:51,937 INFO ConnectionMetrics, totalCount = 0, detail = {long_connection=0, long_polling=0}

2026-10-02 10:10:52,949 INFO Connection check task start

2026-10-02 10:10:52,950 INFO Long connection metrics detail ,Total count =0, sdkCount=0,clusterCount=0

2026-10-02 10:10:52,951 INFO Out dated connection ,size=0

2026-10-02 10:10:52,952 INFO Connection check task end

2026-10-02 10:10:54,939 INFO ConnectionMetrics, totalCount = 0, detail = {long_connection=0, long_polling=0}

2026-10-02 10:10:55,953 INFO Connection check task start

2026-10-02 10:10:55,954 INFO Long connection metrics detail ,Total count =0, sdkCount=0,clusterCount=0

2026-10-02 10:10:55,954 INFO Out dated connection ,size=0

2026-10-02 10:10:55,954 INFO Connection check task end

2026-10-02 10:10:57,940 INFO ConnectionMetrics, totalCount = 0, detail = {long_connection=0, long_polling=0}

2026-10-02 10:10:58,954 INFO Connection check task start

2026-10-02 10:10:58,955 INFO Long connection metrics detail ,Total count =0, sdkCount=0,clusterCount=0

2026-10-02 10:10:58,956 INFO Out dated connection ,size=0

2026-10-02 10:10:58,956 INFO Connection check task end

2026-10-02 10:11:00,940 INFO ConnectionMetrics, totalCount = 0, detail = {long_connection=0, long_polling=0}

2026-10-02 10:11:01,957 INFO Connection check task start

2026-10-02 10:11:01,958 INFO Long connection metrics detail ,Total count =0, sdkCount=0,clusterCount=0

2026-10-02 10:11:01,959 INFO Out dated connection ,size=0

2026-10-02 10:11:01,961 INFO Connection check task end

2026-10-02 10:11:03,942 INFO ConnectionMetrics, totalCount = 0, detail = {long_connection=0, long_polling=0}

2026-10-02 10:11:04,962 INFO Connection check task start

2026-10-02 10:11:04,963 INFO Long connection metrics detail ,Total count =0, sdkCount=0,clusterCount=0

2026-10-02 10:11:04,963 INFO Out dated connection ,size=0

2026-10-02 10:11:04,964 INFO Connection check task end

2026-10-02 10:11:06,943 INFO ConnectionMetrics, totalCount = 0, detail = {long_connection=0, long_polling=0}

2026-10-02 10:11:07,965 INFO Connection check task start

2026-10-02 10:11:07,966 INFO Long connection metrics detail ,Total count =0, sdkCount=0,clusterCount=0

2026-10-02 10:11:07,966 INFO Out dated connection ,size=0

2026-10-02 10:11:07,967 INFO Connection check task end

2026-10-02 10:11:09,946 INFO ConnectionMetrics, totalCount = 0, detail = {long_connection=0, long_polling=0}

2026-10-02 10:11:10,968 INFO Connection check task start

2026-10-02 10:11:10,969 INFO Long connection metrics detail ,Total count =0, sdkCount=0,clusterCount=0

2026-10-02 10:11:10,969 INFO Out dated connection ,size=0

2026-10-02 10:11:10,970 INFO Connection check task end

2026-10-02 10:11:12,947 INFO ConnectionMetrics, totalCount = 0, detail = {long_connection=0, long_polling=0}

2026-10-02 10:11:13,971 INFO Connection check task start

2026-10-02 10:11:13,973 INFO Long connection metrics detail ,Total count =0, sdkCount=0,clusterCount=0

2026-10-02 10:11:13,974 INFO Out dated connection ,size=0

2026-10-02 10:11:13,976 INFO Connection check task end

2026-10-02 10:11:15,948 INFO ConnectionMetrics, totalCount = 0, detail = {long_connection=0, long_polling=0}

2026-10-02 10:11:16,979 INFO Connection check task start

2026-10-02 10:11:16,980 INFO Long connection metrics detail ,Total count =0, sdkCount=0,clusterCount=0

2026-10-02 10:11:16,981 INFO Out dated connection ,size=0

2026-10-02 10:11:16,982 INFO Connection check task end

2026-10-02 10:11:18,950 INFO ConnectionMetrics, totalCount = 0, detail = {long_connection=0, long_polling=0}

2026-10-02 10:11:19,983 INFO Connection check task start

2026-10-02 10:11:19,984 INFO Long connection metrics detail ,Total count =0, sdkCount=0,clusterCount=0

2026-10-02 10:11:19,985 INFO Out dated connection ,size=0

2026-10-02 10:11:19,985 INFO Connection check task end

2026-10-02 10:11:21,952 INFO ConnectionMetrics, totalCount = 0, detail = {long_connection=0, long_polling=0}

2026-10-02 10:11:22,986 INFO Connection check task start

2026-10-02 10:11:22,987 INFO Long connection metrics detail ,Total count =0, sdkCount=0,clusterCount=0

2026-10-02 10:11:22,988 INFO Out dated connection ,size=0

2026-10-02 10:11:22,989 INFO Connection check task end

2026-10-02 10:11:24,953 INFO ConnectionMetrics, totalCount = 0, detail = {long_connection=0, long_polling=0}

2026-10-02 10:11:25,990 INFO Connection check task start

2026-10-02 10:11:25,990 INFO Long connection metrics detail ,Total count =0, sdkCount=0,clusterCount=0

2026-10-02 10:11:25,991 INFO Out dated connection ,size=0

2026-10-02 10:11:25,991 INFO Connection check task end

2026-10-02 10:11:27,954 INFO ConnectionMetrics, totalCount = 0, detail = {long_connection=0, long_polling=0}

2026-10-02 10:11:28,991 INFO Connection check task start

2026-10-02 10:11:28,993 INFO Long connection metrics detail ,Total count =0, sdkCount=0,clusterCount=0

2026-10-02 10:11:28,993 INFO Out dated connection ,size=0

2026-10-02 10:11:28,994 INFO Connection check task end

2026-10-02 10:11:30,955 INFO ConnectionMetrics, totalCount = 0, detail = {long_connection=0, long_polling=0}

2026-10-02 10:11:31,995 INFO Connection check task start

2026-10-02 10:11:31,996 INFO Long connection metrics detail ,Total count =0, sdkCount=0,clusterCount=0

2026-10-02 10:11:31,997 INFO Out dated connection ,size=0

2026-10-02 10:11:31,998 INFO Connection check task end

2026-10-02 10:11:33,956 INFO ConnectionMetrics, totalCount = 0, detail = {long_connection=0, long_polling=0}

2026-10-02 10:11:34,999 INFO Connection check task start

2026-10-02 10:11:34,999 INFO Long connection metrics detail ,Total count =0, sdkCount=0,clusterCount=0

2026-10-02 10:11:35,000 INFO Out dated connection ,size=0

2026-10-02 10:11:35,001 INFO Connection check task end

2026-10-02 10:11:36,957 INFO ConnectionMetrics, totalCount = 0, detail = {long_connection=0, long_polling=0}

2026-10-02 10:11:38,002 INFO Connection check task start

2026-10-02 10:11:38,003 INFO Long connection metrics detail ,Total count =0, sdkCount=0,clusterCount=0

2026-10-02 10:11:38,003 INFO Out dated connection ,size=0

2026-10-02 10:11:38,004 INFO Connection check task end

2026-10-02 10:11:39,958 INFO ConnectionMetrics, totalCount = 0, detail = {long_connection=0, long_polling=0}

2026-10-02 10:11:41,005 INFO Connection check task start

2026-10-02 10:11:41,007 INFO Long connection metrics detail ,Total count =0, sdkCount=0,clusterCount=0

2026-10-02 10:11:41,008 INFO Out dated connection ,size=0

2026-10-02 10:11:41,009 INFO Connection check task end

2026-10-02 10:11:42,959 INFO ConnectionMetrics, totalCount = 0, detail = {long_connection=0, long_polling=0}

2026-10-02 10:11:44,010 INFO Connection check task start

2026-10-02 10:11:44,011 INFO Long connection metrics detail ,Total count =0, sdkCount=0,clusterCount=0

2026-10-02 10:11:44,012 INFO Out dated connection ,size=0

2026-10-02 10:11:44,013 INFO Connection check task end

2026-10-02 10:11:45,961 INFO ConnectionMetrics, totalCount = 0, detail = {long_connection=0, long_polling=0}

2026-10-02 10:11:47,014 INFO Connection check task start

2026-10-02 10:11:47,015 INFO Long connection metrics detail ,Total count =0, sdkCount=0,clusterCount=0

2026-10-02 10:11:47,015 INFO Out dated connection ,size=0

2026-10-02 10:11:47,016 INFO Connection check task end

2026-10-02 10:11:48,963 INFO ConnectionMetrics, totalCount = 0, detail = {long_connection=0, long_polling=0}

2026-10-02 10:11:50,016 INFO Connection check task start

2026-10-02 10:11:50,017 INFO Long connection metrics detail ,Total count =0, sdkCount=0,clusterCount=0

2026-10-02 10:11:50,018 INFO Out dated connection ,size=0

2026-10-02 10:11:50,019 INFO Connection check task end

2026-10-02 10:11:51,964 INFO ConnectionMetrics, totalCount = 0, detail = {long_connection=0, long_polling=0}

2026-10-02 10:11:53,020 INFO Connection check task start

2026-10-02 10:11:53,021 INFO Long connection metrics detail ,Total count =0, sdkCount=0,clusterCount=0

2026-10-02 10:11:53,021 INFO Out dated connection ,size=0

2026-10-02 10:11:53,022 INFO Connection check task end

2026-10-02 10:11:54,966 INFO ConnectionMetrics, totalCount = 0, detail = {long_connection=0, long_polling=0}

2026-10-02 10:11:56,022 INFO Connection check task start

2026-10-02 10:11:56,023 INFO Long connection metrics detail ,Total count =0, sdkCount=0,clusterCount=0

2026-10-02 10:11:56,024 INFO Out dated connection ,size=0

2026-10-02 10:11:56,025 INFO Connection check task end

2026-10-02 10:11:57,967 INFO ConnectionMetrics, totalCount = 0, detail = {long_connection=0, long_polling=0}

2026-10-02 10:11:59,024 INFO Connection check task start

2026-10-02 10:11:59,026 INFO Long connection metrics detail ,Total count =0, sdkCount=0,clusterCount=0

2026-10-02 10:11:59,027 INFO Out dated connection ,size=0

2026-10-02 10:11:59,027 INFO Connection check task end

2026-10-02 10:12:00,967 INFO ConnectionMetrics, totalCount = 0, detail = {long_connection=0, long_polling=0}

2026-10-02 10:12:02,028 INFO Connection check task start

2026-10-02 10:12:02,029 INFO Long connection metrics detail ,Total count =0, sdkCount=0,clusterCount=0

2026-10-02 10:12:02,029 INFO Out dated connection ,size=0

2026-10-02 10:12:02,030 INFO Connection check task end

2026-10-02 10:12:03,968 INFO ConnectionMetrics, totalCount = 0, detail = {long_connection=0, long_polling=0}

2026-10-02 10:12:05,030 INFO Connection check task start

2026-10-02 10:12:05,031 INFO Long connection metrics detail ,Total count =0, sdkCount=0,clusterCount=0

2026-10-02 10:12:05,032 INFO Out dated connection ,size=0

2026-10-02 10:12:05,033 INFO Connection check task end

2026-10-02 10:12:06,969 INFO ConnectionMetrics, totalCount = 0, detail = {long_connection=0, long_polling=0}

2026-10-02 10:12:08,033 INFO Connection check task start

2026-10-02 10:12:08,034 INFO Long connection metrics detail ,Total count =0, sdkCount=0,clusterCount=0

2026-10-02 10:12:08,035 INFO Out dated connection ,size=0

2026-10-02 10:12:08,035 INFO Connection check task end

2026-10-02 10:12:09,971 INFO ConnectionMetrics, totalCount = 0, detail = {long_connection=0, long_polling=0}

2026-10-02 10:12:11,036 INFO Connection check task start

2026-10-02 10:12:11,037 INFO Long connection metrics detail ,Total count =0, sdkCount=0,clusterCount=0

2026-10-02 10:12:11,038 INFO Out dated connection ,size=0

2026-10-02 10:12:11,039 INFO Connection check task end

2026-10-02 10:12:12,972 INFO ConnectionMetrics, totalCount = 0, detail = {long_connection=0, long_polling=0}

2026-10-02 10:12:14,040 INFO Connection check task start

2026-10-02 10:12:14,041 INFO Long connection metrics detail ,Total count =0, sdkCount=0,clusterCount=0

2026-10-02 10:12:14,042 INFO Out dated connection ,size=0

2026-10-02 10:12:14,042 INFO Connection check task end

2026-10-02 10:12:15,974 INFO ConnectionMetrics, totalCount = 0, detail = {long_connection=0, long_polling=0}

2026-10-02 10:12:17,043 INFO Connection check task start

2026-10-02 10:12:17,043 INFO Long connection metrics detail ,Total count =0, sdkCount=0,clusterCount=0

2026-10-02 10:12:17,044 INFO Out dated connection ,size=0

2026-10-02 10:12:17,045 INFO Connection check task end

2026-10-02 10:12:18,976 INFO ConnectionMetrics, totalCount = 0, detail = {long_connection=0, long_polling=0}

2026-10-02 10:12:20,045 INFO Connection check task start

2026-10-02 10:12:20,046 INFO Long connection metrics detail ,Total count =0, sdkCount=0,clusterCount=0

2026-10-02 10:12:20,047 INFO Out dated connection ,size=0

2026-10-02 10:12:20,048 INFO Connection check task end

2026-10-02 10:12:21,978 INFO ConnectionMetrics, totalCount = 0, detail = {long_connection=0, long_polling=0}

2026-10-02 10:12:23,049 INFO Connection check task start

2026-10-02 10:12:23,050 INFO Long connection metrics detail ,Total count =0, sdkCount=0,clusterCount=0

2026-10-02 10:12:23,051 INFO Out dated connection ,size=0

2026-10-02 10:12:23,051 INFO Connection check task end

2026-10-02 10:12:24,980 INFO ConnectionMetrics, totalCount = 0, detail = {long_connection=0, long_polling=0}

2026-10-02 10:12:26,052 INFO Connection check task start

2026-10-02 10:12:26,054 INFO Long connection metrics detail ,Total count =0, sdkCount=0,clusterCount=0

2026-10-02 10:12:26,055 INFO Out dated connection ,size=0

2026-10-02 10:12:26,056 INFO Connection check task end

2026-10-02 10:12:27,981 INFO ConnectionMetrics, totalCount = 0, detail = {long_connection=0, long_polling=0}

2026-10-02 10:12:29,056 INFO Connection check task start

2026-10-02 10:12:29,057 INFO Long connection metrics detail ,Total count =0, sdkCount=0,clusterCount=0

2026-10-02 10:12:29,058 INFO Out dated connection ,size=0

2026-10-02 10:12:29,059 INFO Connection check task end

2026-10-02 10:12:30,981 INFO ConnectionMetrics, totalCount = 0, detail = {long_connection=0, long_polling=0}

2026-10-02 10:12:32,060 INFO Connection check task start

2026-10-02 10:12:32,061 INFO Long connection metrics detail ,Total count =0, sdkCount=0,clusterCount=0

2026-10-02 10:12:32,062 INFO Out dated connection ,size=0

2026-10-02 10:12:32,063 INFO Connection check task end

2026-10-02 10:12:33,982 INFO ConnectionMetrics, totalCount = 0, detail = {long_connection=0, long_polling=0}

2026-10-02 10:12:35,063 INFO Connection check task start

2026-10-02 10:12:35,064 INFO Long connection metrics detail ,Total count =0, sdkCount=0,clusterCount=0

2026-10-02 10:12:35,065 INFO Out dated connection ,size=0

2026-10-02 10:12:35,066 INFO Connection check task end

2026-10-02 10:12:36,983 INFO ConnectionMetrics, totalCount = 0, detail = {long_connection=0, long_polling=0}

2026-10-02 10:12:38,067 INFO Connection check task start

2026-10-02 10:12:38,067 INFO Long connection metrics detail ,Total count =0, sdkCount=0,clusterCount=0

2026-10-02 10:12:38,068 INFO Out dated connection ,size=0

2026-10-02 10:12:38,069 INFO Connection check task end

2026-10-02 10:12:39,984 INFO ConnectionMetrics, totalCount = 0, detail = {long_connection=0, long_polling=0}

2026-10-02 10:12:41,070 INFO Connection check task start

2026-10-02 10:12:41,071 INFO Long connection metrics detail ,Total count =0, sdkCount=0,clusterCount=0

2026-10-02 10:12:41,071 INFO Out dated connection ,size=0

2026-10-02 10:12:41,072 INFO Connection check task end

2026-10-02 10:12:42,985 INFO ConnectionMetrics, totalCount = 0, detail = {long_connection=0, long_polling=0}

2026-10-02 10:12:44,073 INFO Connection check task start

2026-10-02 10:12:44,074 INFO Long connection metrics detail ,Total count =0, sdkCount=0,clusterCount=0

2026-10-02 10:12:44,074 INFO Out dated connection ,size=0

2026-10-02 10:12:44,075 INFO Connection check task end

2026-10-02 10:12:45,986 INFO ConnectionMetrics, totalCount = 0, detail = {long_connection=0, long_polling=0}

2026-10-02 10:12:47,076 INFO Connection check task start

2026-10-02 10:12:47,077 INFO Long connection metrics detail ,Total count =0, sdkCount=0,clusterCount=0

2026-10-02 10:12:47,078 INFO Out dated connection ,size=0

2026-10-02 10:12:47,079 INFO Connection check task end

2026-10-02 10:12:48,988 INFO ConnectionMetrics, totalCount = 0, detail = {long_connection=0, long_polling=0}

2026-10-02 10:12:50,080 INFO Connection check task start

2026-10-02 10:12:50,081 INFO Long connection metrics detail ,Total count =0, sdkCount=0,clusterCount=0

2026-10-02 10:12:50,081 INFO Out dated connection ,size=0

2026-10-02 10:12:50,082 INFO Connection check task end

2026-10-02 10:12:51,990 INFO ConnectionMetrics, totalCount = 0, detail = {long_connection=0, long_polling=0}

2026-10-02 10:12:53,082 INFO Connection check task start

2026-10-02 10:12:53,084 INFO Long connection metrics detail ,Total count =0, sdkCount=0,clusterCount=0

2026-10-02 10:12:53,085 INFO Out dated connection ,size=0

2026-10-02 10:12:53,085 INFO Connection check task end

2026-10-02 10:12:54,991 INFO ConnectionMetrics, totalCount = 0, detail = {long_connection=0, long_polling=0}

2026-10-02 10:12:56,086 INFO Connection check task start

2026-10-02 10:12:56,088 INFO Long connection metrics detail ,Total count =0, sdkCount=0,clusterCount=0

2026-10-02 10:12:56,089 INFO Out dated connection ,size=0

2026-10-02 10:12:56,090 INFO Connection check task end

2026-10-02 10:12:57,996 INFO ConnectionMetrics, totalCount = 0, detail = {long_connection=0, long_polling=0}

2026-10-02 10:12:59,091 INFO Connection check task start

2026-10-02 10:12:59,092 INFO Long connection metrics detail ,Total count =0, sdkCount=0,clusterCount=0

2026-10-02 10:12:59,093 INFO Out dated connection ,size=0

2026-10-02 10:12:59,094 INFO Connection check task end

2026-10-02 10:13:00,996 INFO ConnectionMetrics, totalCount = 0, detail = {long_connection=0, long_polling=0}

2026-10-02 10:13:02,095 INFO Connection check task start

2026-10-02 10:13:02,095 INFO Long connection metrics detail ,Total count =0, sdkCount=0,clusterCount=0

2026-10-02 10:13:02,096 INFO Out dated connection ,size=0

2026-10-02 10:13:02,097 INFO Connection check task end

2026-10-02 10:13:03,998 INFO ConnectionMetrics, totalCount = 0, detail = {long_connection=0, long_polling=0}

2026-10-02 10:13:05,098 INFO Connection check task start

2026-10-02 10:13:05,098 INFO Long connection metrics detail ,Total count =0, sdkCount=0,clusterCount=0

2026-10-02 10:13:05,099 INFO Out dated connection ,size=0

2026-10-02 10:13:05,099 INFO Connection check task end

2026-10-02 10:13:07,000 INFO ConnectionMetrics, totalCount = 0, detail = {long_connection=0, long_polling=0}

2026-10-02 10:13:08,100 INFO Connection check task start

2026-10-02 10:13:08,101 INFO Long connection metrics detail ,Total count =0, sdkCount=0,clusterCount=0

2026-10-02 10:13:08,102 INFO Out dated connection ,size=0

2026-10-02 10:13:08,103 INFO Connection check task end

2026-10-02 10:13:10,001 INFO ConnectionMetrics, totalCount = 0, detail = {long_connection=0, long_polling=0}

2026-10-02 10:13:11,104 INFO Connection check task start

2026-10-02 10:13:11,105 INFO Long connection metrics detail ,Total count =0, sdkCount=0,clusterCount=0

2026-10-02 10:13:11,107 INFO Out dated connection ,size=0

2026-10-02 10:13:11,108 INFO Connection check task end

2026-10-02 10:13:13,002 INFO ConnectionMetrics, totalCount = 0, detail = {long_connection=0, long_polling=0}

2026-10-02 10:13:14,109 INFO Connection check task start

2026-10-02 10:13:14,110 INFO Long connection metrics detail ,Total count =0, sdkCount=0,clusterCount=0

2026-10-02 10:13:14,110 INFO Out dated connection ,size=0

2026-10-02 10:13:14,111 INFO Connection check task end

2026-10-02 10:13:16,004 INFO ConnectionMetrics, totalCount = 0, detail = {long_connection=0, long_polling=0}

2026-10-02 10:13:17,112 INFO Connection check task start

2026-10-02 10:13:17,113 INFO Long connection metrics detail ,Total count =0, sdkCount=0,clusterCount=0

2026-10-02 10:13:17,113 INFO Out dated connection ,size=0

2026-10-02 10:13:17,114 INFO Connection check task end

2026-10-02 10:13:19,006 INFO ConnectionMetrics, totalCount = 0, detail = {long_connection=0, long_polling=0}

2026-10-02 10:13:20,115 INFO Connection check task start

2026-10-02 10:13:20,116 INFO Long connection metrics detail ,Total count =0, sdkCount=0,clusterCount=0

2026-10-02 10:13:20,117 INFO Out dated connection ,size=0

2026-10-02 10:13:20,118 INFO Connection check task end

2026-10-02 10:13:22,008 INFO ConnectionMetrics, totalCount = 0, detail = {long_connection=0, long_polling=0}

2026-10-02 10:13:23,119 INFO Connection check task start

2026-10-02 10:13:23,120 INFO Long connection metrics detail ,Total count =0, sdkCount=0,clusterCount=0

2026-10-02 10:13:23,121 INFO Out dated connection ,size=0

2026-10-02 10:13:23,122 INFO Connection check task end

2026-10-02 10:13:25,009 INFO ConnectionMetrics, totalCount = 0, detail = {long_connection=0, long_polling=0}

2026-10-02 10:13:26,123 INFO Connection check task start

2026-10-02 10:13:26,124 INFO Long connection metrics detail ,Total count =0, sdkCount=0,clusterCount=0

2026-10-02 10:13:26,125 INFO Out dated connection ,size=0

2026-10-02 10:13:26,125 INFO Connection check task end

2026-10-02 10:13:28,011 INFO ConnectionMetrics, totalCount = 0, detail = {long_connection=0, long_polling=0}

2026-10-02 10:13:29,124 INFO Connection check task start

2026-10-02 10:13:29,126 INFO Long connection metrics detail ,Total count =0, sdkCount=0,clusterCount=0

2026-10-02 10:13:29,128 INFO Out dated connection ,size=0

2026-10-02 10:13:29,129 INFO Connection check task end

2026-10-02 10:13:31,011 INFO ConnectionMetrics, totalCount = 0, detail = {long_connection=0, long_polling=0}

2026-10-02 10:13:32,129 INFO Connection check task start

2026-10-02 10:13:32,131 INFO Long connection metrics detail ,Total count =0, sdkCount=0,clusterCount=0

2026-10-02 10:13:32,131 INFO Out dated connection ,size=0

2026-10-02 10:13:32,132 INFO Connection check task end

2026-10-02 10:13:34,013 INFO ConnectionMetrics, totalCount = 0, detail = {long_connection=0, long_polling=0}

2026-10-02 10:13:35,133 INFO Connection check task start

2026-10-02 10:13:35,134 INFO Long connection metrics detail ,Total count =0, sdkCount=0,clusterCount=0

2026-10-02 10:13:35,135 INFO Out dated connection ,size=0

2026-10-02 10:13:35,136 INFO Connection check task end

2026-10-02 10:13:37,014 INFO ConnectionMetrics, totalCount = 0, detail = {long_connection=0, long_polling=0}

2026-10-02 10:13:38,136 INFO Connection check task start

2026-10-02 10:13:38,137 INFO Long connection metrics detail ,Total count =0, sdkCount=0,clusterCount=0

2026-10-02 10:13:38,138 INFO Out dated connection ,size=0

2026-10-02 10:13:38,139 INFO Connection check task end

2026-10-02 10:13:40,015 INFO ConnectionMetrics, totalCount = 0, detail = {long_connection=0, long_polling=0}

2026-10-02 10:13:41,140 INFO Connection check task start

2026-10-02 10:13:41,141 INFO Long connection metrics detail ,Total count =0, sdkCount=0,clusterCount=0

2026-10-02 10:13:41,142 INFO Out dated connection ,size=0

2026-10-02 10:13:41,146 INFO Connection check task end

2026-10-02 10:13:43,016 INFO ConnectionMetrics, totalCount = 0, detail = {long_connection=0, long_polling=0}

2026-10-02 10:13:44,149 INFO Connection check task start

2026-10-02 10:13:44,150 INFO Long connection metrics detail ,Total count =0, sdkCount=0,clusterCount=0

2026-10-02 10:13:44,151 INFO Out dated connection ,size=0

2026-10-02 10:13:44,152 INFO Connection check task end

2026-10-02 10:13:46,018 INFO ConnectionMetrics, totalCount = 0, detail = {long_connection=0, long_polling=0}

2026-10-02 10:13:47,154 INFO Connection check task start

2026-10-02 10:13:47,155 INFO Long connection metrics detail ,Total count =0, sdkCount=0,clusterCount=0

2026-10-02 10:13:47,156 INFO Out dated connection ,size=0

2026-10-02 10:13:47,157 INFO Connection check task end

2026-10-02 10:13:49,020 INFO ConnectionMetrics, totalCount = 0, detail = {long_connection=0, long_polling=0}

2026-10-02 10:13:50,158 INFO Connection check task start

2026-10-02 10:13:50,159 INFO Long connection metrics detail ,Total count =0, sdkCount=0,clusterCount=0

2026-10-02 10:13:50,160 INFO Out dated connection ,size=0

2026-10-02 10:13:50,161 INFO Connection check task end

2026-10-02 10:13:52,022 INFO ConnectionMetrics, totalCount = 0, detail = {long_connection=0, long_polling=0}

2026-10-02 10:13:53,161 INFO Connection check task start

2026-10-02 10:13:53,162 INFO Long connection metrics detail ,Total count =0, sdkCount=0,clusterCount=0

2026-10-02 10:13:53,163 INFO Out dated connection ,size=0

2026-10-02 10:13:53,164 INFO Connection check task end

2026-10-02 10:13:55,023 INFO ConnectionMetrics, totalCount = 0, detail = {long_connection=0, long_polling=0}

2026-10-02 10:13:56,165 INFO Connection check task start

2026-10-02 10:13:56,166 INFO Long connection metrics detail ,Total count =0, sdkCount=0,clusterCount=0

2026-10-02 10:13:56,167 INFO Out dated connection ,size=0

2026-10-02 10:13:56,168 INFO Connection check task end

2026-10-02 10:13:58,025 INFO ConnectionMetrics, totalCount = 0, detail = {long_connection=0, long_polling=0}

2026-10-02 10:13:59,167 INFO Connection check task start

2026-10-02 10:13:59,168 INFO Long connection metrics detail ,Total count =0, sdkCount=0,clusterCount=0

2026-10-02 10:13:59,169 INFO Out dated connection ,size=0

2026-10-02 10:13:59,170 INFO Connection check task end

2026-10-02 10:14:01,024 INFO ConnectionMetrics, totalCount = 0, detail = {long_connection=0, long_polling=0}

2026-10-02 10:14:02,171 INFO Connection check task start

2026-10-02 10:14:02,172 INFO Long connection metrics detail ,Total count =0, sdkCount=0,clusterCount=0

2026-10-02 10:14:02,173 INFO Out dated connection ,size=0

2026-10-02 10:14:02,174 INFO Connection check task end

2026-10-02 10:14:04,026 INFO ConnectionMetrics, totalCount = 0, detail = {long_connection=0, long_polling=0}

2026-10-02 10:14:05,174 INFO Connection check task start

2026-10-02 10:14:05,176 INFO Long connection metrics detail ,Total count =0, sdkCount=0,clusterCount=0

2026-10-02 10:14:05,177 INFO Out dated connection ,size=0

2026-10-02 10:14:05,178 INFO Connection check task end

2026-10-02 10:14:07,027 INFO ConnectionMetrics, totalCount = 0, detail = {long_connection=0, long_polling=0}

2026-10-02 10:14:08,179 INFO Connection check task start

2026-10-02 10:14:08,186 INFO Long connection metrics detail ,Total count =0, sdkCount=0,clusterCount=0

2026-10-02 10:14:08,198 INFO Out dated connection ,size=0

2026-10-02 10:14:08,200 INFO Connection check task end

2026-10-02 10:14:10,029 INFO ConnectionMetrics, totalCount = 0, detail = {long_connection=0, long_polling=0}

2026-10-02 10:14:11,202 INFO Connection check task start

2026-10-02 10:14:11,203 INFO Long connection metrics detail ,Total count =0, sdkCount=0,clusterCount=0

2026-10-02 10:14:11,204 INFO Out dated connection ,size=0

2026-10-02 10:14:11,205 INFO Connection check task end

2026-10-02 10:14:13,030 INFO ConnectionMetrics, totalCount = 0, detail = {long_connection=0, long_polling=0}

2026-10-02 10:14:14,206 INFO Connection check task start

2026-10-02 10:14:14,207 INFO Long connection metrics detail ,Total count =0, sdkCount=0,clusterCount=0

2026-10-02 10:14:14,208 INFO Out dated connection ,size=0

2026-10-02 10:14:14,209 INFO Connection check task end

2026-10-02 10:14:16,032 INFO ConnectionMetrics, totalCount = 0, detail = {long_connection=0, long_polling=0}

2026-10-02 10:14:17,210 INFO Connection check task start

2026-10-02 10:14:17,211 INFO Long connection metrics detail ,Total count =0, sdkCount=0,clusterCount=0

2026-10-02 10:14:17,212 INFO Out dated connection ,size=0

2026-10-02 10:14:17,212 INFO Connection check task end

2026-10-02 10:14:19,033 INFO ConnectionMetrics, totalCount = 0, detail = {long_connection=0, long_polling=0}

2026-10-02 10:14:20,213 INFO Connection check task start

2026-10-02 10:14:20,214 INFO Long connection metrics detail ,Total count =0, sdkCount=0,clusterCount=0

2026-10-02 10:14:20,216 INFO Out dated connection ,size=0

2026-10-02 10:14:20,217 INFO Connection check task end

2026-10-02 10:14:22,035 INFO ConnectionMetrics, totalCount = 0, detail = {long_connection=0, long_polling=0}

2026-10-02 10:14:23,218 INFO Connection check task start

2026-10-02 10:14:23,219 INFO Long connection metrics detail ,Total count =0, sdkCount=0,clusterCount=0

2026-10-02 10:14:23,220 INFO Out dated connection ,size=0

2026-10-02 10:14:23,221 INFO Connection check task end

2026-10-02 10:14:25,036 INFO ConnectionMetrics, totalCount = 0, detail = {long_connection=0, long_polling=0}

2026-10-02 10:14:26,222 INFO Connection check task start

2026-10-02 10:14:26,223 INFO Long connection metrics detail ,Total count =0, sdkCount=0,clusterCount=0

2026-10-02 10:14:26,224 INFO Out dated connection ,size=0

2026-10-02 10:14:26,225 INFO Connection check task end

2026-10-02 10:14:28,037 INFO ConnectionMetrics, totalCount = 0, detail = {long_connection=0, long_polling=0}

2026-10-02 10:14:29,225 INFO Connection check task start

2026-10-02 10:14:29,226 INFO Long connection metrics detail ,Total count =0, sdkCount=0,clusterCount=0

2026-10-02 10:14:29,227 INFO Out dated connection ,size=0

2026-10-02 10:14:29,228 INFO Connection check task end

2026-10-02 10:14:31,038 INFO ConnectionMetrics, totalCount = 0, detail = {long_connection=0, long_polling=0}

2026-10-02 10:14:32,228 INFO Connection check task start

2026-10-02 10:14:32,230 INFO Long connection metrics detail ,Total count =0, sdkCount=0,clusterCount=0

2026-10-02 10:14:32,230 INFO Out dated connection ,size=0

2026-10-02 10:14:32,231 INFO Connection check task end

2026-10-02 10:14:34,040 INFO ConnectionMetrics, totalCount = 0, detail = {long_connection=0, long_polling=0}

2026-10-02 10:14:35,232 INFO Connection check task start

2026-10-02 10:14:35,233 INFO Long connection metrics detail ,Total count =0, sdkCount=0,clusterCount=0

2026-10-02 10:14:35,234 INFO Out dated connection ,size=0

2026-10-02 10:14:35,235 INFO Connection check task end

2026-10-02 10:14:37,041 INFO ConnectionMetrics, totalCount = 0, detail = {long_connection=0, long_polling=0}

2026-10-02 10:14:38,236 INFO Connection check task start

2026-10-02 10:14:38,237 INFO Long connection metrics detail ,Total count =0, sdkCount=0,clusterCount=0

2026-10-02 10:14:38,237 INFO Out dated connection ,size=0

2026-10-02 10:14:38,238 INFO Connection check task end

2026-10-02 10:14:40,043 INFO ConnectionMetrics, totalCount = 0, detail = {long_connection=0, long_polling=0}

2026-10-02 10:14:41,238 INFO Connection check task start

2026-10-02 10:14:41,239 INFO Long connection metrics detail ,Total count =0, sdkCount=0,clusterCount=0

2026-10-02 10:14:41,240 INFO Out dated connection ,size=0

2026-10-02 10:14:41,241 INFO Connection check task end

2026-10-02 10:14:43,044 INFO ConnectionMetrics, totalCount = 0, detail = {long_connection=0, long_polling=0}

2026-10-02 10:14:44,242 INFO Connection check task start

2026-10-02 10:14:44,243 INFO Long connection metrics detail ,Total count =0, sdkCount=0,clusterCount=0

2026-10-02 10:14:44,244 INFO Out dated connection ,size=0

2026-10-02 10:14:44,245 INFO Connection check task end

2026-10-02 10:14:46,046 INFO ConnectionMetrics, totalCount = 0, detail = {long_connection=0, long_polling=0}

2026-10-02 10:14:47,246 INFO Connection check task start

2026-10-02 10:14:47,247 INFO Long connection metrics detail ,Total count =0, sdkCount=0,clusterCount=0

2026-10-02 10:14:47,248 INFO Out dated connection ,size=0

2026-10-02 10:14:47,249 INFO Connection check task end

2026-10-02 10:14:49,047 INFO ConnectionMetrics, totalCount = 0, detail = {long_connection=0, long_polling=0}

2026-10-02 10:14:50,250 INFO Connection check task start

2026-10-02 10:14:50,250 INFO Long connection metrics detail ,Total count =0, sdkCount=0,clusterCount=0

2026-10-02 10:14:50,251 INFO Out dated connection ,size=0

2026-10-02 10:14:50,251 INFO Connection check task end

2026-10-02 10:14:52,049 INFO ConnectionMetrics, totalCount = 0, detail = {long_connection=0, long_polling=0}

2026-10-02 10:14:53,252 INFO Connection check task start

2026-10-02 10:14:53,253 INFO Long connection metrics detail ,Total count =0, sdkCount=0,clusterCount=0

2026-10-02 10:14:53,254 INFO Out dated connection ,size=0

2026-10-02 10:14:53,254 INFO Connection check task end

2026-10-02 10:14:55,050 INFO ConnectionMetrics, totalCount = 0, detail = {long_connection=0, long_polling=0}

2026-10-02 10:14:56,255 INFO Connection check task start

2026-10-02 10:14:56,256 INFO Long connection metrics detail ,Total count =0, sdkCount=0,clusterCount=0

2026-10-02 10:14:56,257 INFO Out dated connection ,size=0

2026-10-02 10:14:56,258 INFO Connection check task end

2026-10-02 10:14:58,052 INFO ConnectionMetrics, totalCount = 0, detail = {long_connection=0, long_polling=0}

2026-10-02 10:14:59,258 INFO Connection check task start

2026-10-02 10:14:59,259 INFO Long connection metrics detail ,Total count =0, sdkCount=0,clusterCount=0

2026-10-02 10:14:59,259 INFO Out dated connection ,size=0

2026-10-02 10:14:59,260 INFO Connection check task end

2026-10-02 10:15:01,052 INFO ConnectionMetrics, totalCount = 0, detail = {long_connection=0, long_polling=0}

2026-10-02 10:15:02,261 INFO Connection check task start

2026-10-02 10:15:02,262 INFO Long connection metrics detail ,Total count =0, sdkCount=0,clusterCount=0

2026-10-02 10:15:02,262 INFO Out dated connection ,size=0

2026-10-02 10:15:02,263 INFO Connection check task end

2026-10-02 10:15:04,053 INFO ConnectionMetrics, totalCount = 0, detail = {long_connection=0, long_polling=0}

2026-10-02 10:15:05,263 INFO Connection check task start

2026-10-02 10:15:05,265 INFO Long connection metrics detail ,Total count =0, sdkCount=0,clusterCount=0

2026-10-02 10:15:05,266 INFO Out dated connection ,size=0

2026-10-02 10:15:05,267 INFO Connection check task end

2026-10-02 10:15:07,055 INFO ConnectionMetrics, totalCount = 0, detail = {long_connection=0, long_polling=0}

2026-10-02 10:15:08,267 INFO Connection check task start

2026-10-02 10:15:08,268 INFO Long connection metrics detail ,Total count =0, sdkCount=0,clusterCount=0

2026-10-02 10:15:08,269 INFO Out dated connection ,size=0

2026-10-02 10:15:08,269 INFO Connection check task end

2026-10-02 10:15:10,056 INFO ConnectionMetrics, totalCount = 0, detail = {long_connection=0, long_polling=0}

2026-10-02 10:15:11,270 INFO Connection check task start

2026-10-02 10:15:11,271 INFO Long connection metrics detail ,Total count =0, sdkCount=0,clusterCount=0

2026-10-02 10:15:11,272 INFO Out dated connection ,size=0

2026-10-02 10:15:11,272 INFO Connection check task end

2026-10-02 10:15:13,058 INFO ConnectionMetrics, totalCount = 0, detail = {long_connection=0, long_polling=0}

2026-10-02 10:15:14,273 INFO Connection check task start

2026-10-02 10:15:14,274 INFO Long connection metrics detail ,Total count =0, sdkCount=0,clusterCount=0

2026-10-02 10:15:14,274 INFO Out dated connection ,size=0

2026-10-02 10:15:14,275 INFO Connection check task end

2026-10-02 10:15:16,059 INFO ConnectionMetrics, totalCount = 0, detail = {long_connection=0, long_polling=0}

2026-10-02 10:15:17,275 INFO Connection check task start

2026-10-02 10:15:17,276 INFO Long connection metrics detail ,Total count =0, sdkCount=0,clusterCount=0

2026-10-02 10:15:17,277 INFO Out dated connection ,size=0

2026-10-02 10:15:17,278 INFO Connection check task end

2026-10-02 10:15:19,061 INFO ConnectionMetrics, totalCount = 0, detail = {long_connection=0, long_polling=0}

2026-10-02 10:15:20,279 INFO Connection check task start

2026-10-02 10:15:20,280 INFO Long connection metrics detail ,Total count =0, sdkCount=0,clusterCount=0

2026-10-02 10:15:20,281 INFO Out dated connection ,size=0

2026-10-02 10:15:20,282 INFO Connection check task end

2026-10-02 10:15:22,063 INFO ConnectionMetrics, totalCount = 0, detail = {long_connection=0, long_polling=0}

2026-10-02 10:15:23,283 INFO Connection check task start

2026-10-02 10:15:23,284 INFO Long connection metrics detail ,Total count =0, sdkCount=0,clusterCount=0

2026-10-02 10:15:23,285 INFO Out dated connection ,size=0

2026-10-02 10:15:23,286 INFO Connection check task end

2026-10-02 10:15:25,064 INFO ConnectionMetrics, totalCount = 0, detail = {long_connection=0, long_polling=0}

2026-10-02 10:15:26,288 INFO Connection check task start

2026-10-02 10:15:26,289 INFO Long connection metrics detail ,Total count =0, sdkCount=0,clusterCount=0

2026-10-02 10:15:26,289 INFO Out dated connection ,size=0

2026-10-02 10:15:26,290 INFO Connection check task end

2026-10-02 10:15:28,066 INFO ConnectionMetrics, totalCount = 0, detail = {long_connection=0, long_polling=0}

2026-10-02 10:15:29,289 INFO Connection check task start

2026-10-02 10:15:29,290 INFO Long connection metrics detail ,Total count =0, sdkCount=0,clusterCount=0

2026-10-02 10:15:29,292 INFO Out dated connection ,size=0

2026-10-02 10:15:29,292 INFO Connection check task end

2026-10-02 10:15:31,065 INFO ConnectionMetrics, totalCount = 0, detail = {long_connection=0, long_polling=0}

2026-10-02 10:15:32,294 INFO Connection check task start

2026-10-02 10:15:32,295 INFO Long connection metrics detail ,Total count =0, sdkCount=0,clusterCount=0

2026-10-02 10:15:32,296 INFO Out dated connection ,size=0

2026-10-02 10:15:32,296 INFO Connection check task end

2026-10-02 10:15:34,068 INFO ConnectionMetrics, totalCount = 0, detail = {long_connection=0, long_polling=0}

2026-10-02 10:15:35,298 INFO Connection check task start

2026-10-02 10:15:35,299 INFO Long connection metrics detail ,Total count =0, sdkCount=0,clusterCount=0

2026-10-02 10:15:35,300 INFO Out dated connection ,size=0

2026-10-02 10:15:35,300 INFO Connection check task end

2026-10-02 10:15:37,070 INFO ConnectionMetrics, totalCount = 0, detail = {long_connection=0, long_polling=0}

2026-10-02 10:15:38,301 INFO Connection check task start

2026-10-02 10:15:38,302 INFO Long connection metrics detail ,Total count =0, sdkCount=0,clusterCount=0

2026-10-02 10:15:38,302 INFO Out dated connection ,size=0

2026-10-02 10:15:38,302 INFO Connection check task end

2026-10-02 10:15:40,071 INFO ConnectionMetrics, totalCount = 0, detail = {long_connection=0, long_polling=0}

2026-10-02 10:15:41,303 INFO Connection check task start

2026-10-02 10:15:41,304 INFO Long connection metrics detail ,Total count =0, sdkCount=0,clusterCount=0

2026-10-02 10:15:41,305 INFO Out dated connection ,size=0

2026-10-02 10:15:41,307 INFO Connection check task end

2026-10-02 10:15:43,072 INFO ConnectionMetrics, totalCount = 0, detail = {long_connection=0, long_polling=0}

2026-10-02 10:15:44,308 INFO Connection check task start

2026-10-02 10:15:44,309 INFO Long connection metrics detail ,Total count =0, sdkCount=0,clusterCount=0

2026-10-02 10:15:44,310 INFO Out dated connection ,size=0

2026-10-02 10:15:44,310 INFO Connection check task end

2026-10-02 10:15:46,074 INFO ConnectionMetrics, totalCount = 0, detail = {long_connection=0, long_polling=0}

2026-10-02 10:15:47,311 INFO Connection check task start

2026-10-02 10:15:47,312 INFO Long connection metrics detail ,Total count =0, sdkCount=0,clusterCount=0

2026-10-02 10:15:47,313 INFO Out dated connection ,size=0

2026-10-02 10:15:47,314 INFO Connection check task end

2026-10-02 10:15:49,076 INFO ConnectionMetrics, totalCount = 0, detail = {long_connection=0, long_polling=0}

2026-10-02 10:15:50,314 INFO Connection check task start

2026-10-02 10:15:50,315 INFO Long connection metrics detail ,Total count =0, sdkCount=0,clusterCount=0

2026-10-02 10:15:50,316 INFO Out dated connection ,size=0

2026-10-02 10:15:50,317 INFO Connection check task end

2026-10-02 10:15:52,077 INFO ConnectionMetrics, totalCount = 0, detail = {long_connection=0, long_polling=0}

2026-10-02 10:15:53,318 INFO Connection check task start

2026-10-02 10:15:53,319 INFO Long connection metrics detail ,Total count =0, sdkCount=0,clusterCount=0

2026-10-02 10:15:53,320 INFO Out dated connection ,size=0

2026-10-02 10:15:53,320 INFO Connection check task end

2026-10-02 10:15:55,078 INFO ConnectionMetrics, totalCount = 0, detail = {long_connection=0, long_polling=0}

2026-10-02 10:15:56,321 INFO Connection check task start

2026-10-02 10:15:56,322 INFO Long connection metrics detail ,Total count =0, sdkCount=0,clusterCount=0

2026-10-02 10:15:56,323 INFO Out dated connection ,size=0

2026-10-02 10:15:56,324 INFO Connection check task end

2026-10-02 10:15:58,080 INFO ConnectionMetrics, totalCount = 0, detail = {long_connection=0, long_polling=0}

2026-10-02 10:15:59,323 INFO Connection check task start

2026-10-02 10:15:59,324 INFO Long connection metrics detail ,Total count =0, sdkCount=0,clusterCount=0

2026-10-02 10:15:59,324 INFO Out dated connection ,size=0

2026-10-02 10:15:59,325 INFO Connection check task end

2026-10-02 10:16:01,079 INFO ConnectionMetrics, totalCount = 0, detail = {long_connection=0, long_polling=0}

2026-10-02 10:16:02,326 INFO Connection check task start

2026-10-02 10:16:02,327 INFO Long connection metrics detail ,Total count =0, sdkCount=0,clusterCount=0

2026-10-02 10:16:02,328 INFO Out dated connection ,size=0

2026-10-02 10:16:02,329 INFO Connection check task end

2026-10-02 10:16:04,080 INFO ConnectionMetrics, totalCount = 0, detail = {long_connection=0, long_polling=0}

2026-10-02 10:16:05,330 INFO Connection check task start

2026-10-02 10:16:05,330 INFO Long connection metrics detail ,Total count =0, sdkCount=0,clusterCount=0

2026-10-02 10:16:05,331 INFO Out dated connection ,size=0

2026-10-02 10:16:05,332 INFO Connection check task end

2026-10-02 10:16:07,082 INFO ConnectionMetrics, totalCount = 0, detail = {long_connection=0, long_polling=0}

2026-10-02 10:16:08,333 INFO Connection check task start

2026-10-02 10:16:08,335 INFO Long connection metrics detail ,Total count =0, sdkCount=0,clusterCount=0

2026-10-02 10:16:08,335 INFO Out dated connection ,size=0

2026-10-02 10:16:08,336 INFO Connection check task end

2026-10-02 10:16:10,083 INFO ConnectionMetrics, totalCount = 0, detail = {long_connection=0, long_polling=0}

2026-10-02 10:16:11,337 INFO Connection check task start

2026-10-02 10:16:11,338 INFO Long connection metrics detail ,Total count =0, sdkCount=0,clusterCount=0

2026-10-02 10:16:11,339 INFO Out dated connection ,size=0

2026-10-02 10:16:11,340 INFO Connection check task end

2026-10-02 10:16:13,085 INFO ConnectionMetrics, totalCount = 0, detail = {long_connection=0, long_polling=0}

2026-10-02 10:16:14,341 INFO Connection check task start

2026-10-02 10:16:14,342 INFO Long connection metrics detail ,Total count =0, sdkCount=0,clusterCount=0

2026-10-02 10:16:14,342 INFO Out dated connection ,size=0

2026-10-02 10:16:14,343 INFO Connection check task end

2026-10-02 10:16:16,086 INFO ConnectionMetrics, totalCount = 0, detail = {long_connection=0, long_polling=0}

2026-10-02 10:16:17,344 INFO Connection check task start

2026-10-02 10:16:17,345 INFO Long connection metrics detail ,Total count =0, sdkCount=0,clusterCount=0

2026-10-02 10:16:17,346 INFO Out dated connection ,size=0

2026-10-02 10:16:17,346 INFO Connection check task end

2026-10-02 10:16:19,087 INFO ConnectionMetrics, totalCount = 0, detail = {long_connection=0, long_polling=0}

2026-10-02 10:16:20,347 INFO Connection check task start

2026-10-02 10:16:20,348 INFO Long connection metrics detail ,Total count =0, sdkCount=0,clusterCount=0

2026-10-02 10:16:20,349 INFO Out dated connection ,size=0

2026-10-02 10:16:20,350 INFO Connection check task end

2026-10-02 10:16:22,089 INFO ConnectionMetrics, totalCount = 0, detail = {long_connection=0, long_polling=0}

2026-10-02 10:16:23,352 INFO Connection check task start

2026-10-02 10:16:23,353 INFO Long connection metrics detail ,Total count =0, sdkCount=0,clusterCount=0

2026-10-02 10:16:23,354 INFO Out dated connection ,size=0

2026-10-02 10:16:23,355 INFO Connection check task end

2026-10-02 10:16:25,090 INFO ConnectionMetrics, totalCount = 0, detail = {long_connection=0, long_polling=0}

2026-10-02 10:16:26,356 INFO Connection check task start

2026-10-02 10:16:26,357 INFO Long connection metrics detail ,Total count =0, sdkCount=0,clusterCount=0

2026-10-02 10:16:26,358 INFO Out dated connection ,size=0

2026-10-02 10:16:26,358 INFO Connection check task end

2026-10-02 10:16:28,091 INFO ConnectionMetrics, totalCount = 0, detail = {long_connection=0, long_polling=0}

2026-10-02 10:16:29,358 INFO Connection check task start

2026-10-02 10:16:29,359 INFO Long connection metrics detail ,Total count =0, sdkCount=0,clusterCount=0

2026-10-02 10:16:29,360 INFO Out dated connection ,size=0

2026-10-02 10:16:29,361 INFO Connection check task end

2026-10-02 10:16:31,091 INFO ConnectionMetrics, totalCount = 0, detail = {long_connection=0, long_polling=0}

2026-10-02 10:16:32,361 INFO Connection check task start

2026-10-02 10:16:32,363 INFO Long connection metrics detail ,Total count =0, sdkCount=0,clusterCount=0

2026-10-02 10:16:32,363 INFO Out dated connection ,size=0

2026-10-02 10:16:32,364 INFO Connection check task end

2026-10-02 10:16:34,093 INFO ConnectionMetrics, totalCount = 0, detail = {long_connection=0, long_polling=0}

2026-10-02 10:16:35,365 INFO Connection check task start

2026-10-02 10:16:35,366 INFO Long connection metrics detail ,Total count =0, sdkCount=0,clusterCount=0

2026-10-02 10:16:35,367 INFO Out dated connection ,size=0

2026-10-02 10:16:35,367 INFO Connection check task end

2026-10-02 10:16:37,094 INFO ConnectionMetrics, totalCount = 0, detail = {long_connection=0, long_polling=0}

2026-10-02 10:16:38,368 INFO Connection check task start

2026-10-02 10:16:38,369 INFO Long connection metrics detail ,Total count =0, sdkCount=0,clusterCount=0

2026-10-02 10:16:38,370 INFO Out dated connection ,size=0

2026-10-02 10:16:38,371 INFO Connection check task end

2026-10-02 10:16:40,095 INFO ConnectionMetrics, totalCount = 0, detail = {long_connection=0, long_polling=0}

2026-10-02 10:16:41,371 INFO Connection check task start

2026-10-02 10:16:41,372 INFO Long connection metrics detail ,Total count =0, sdkCount=0,clusterCount=0

2026-10-02 10:16:41,373 INFO Out dated connection ,size=0

2026-10-02 10:16:41,373 INFO Connection check task end

2026-10-02 10:16:43,097 INFO ConnectionMetrics, totalCount = 0, detail = {long_connection=0, long_polling=0}

2026-10-02 10:16:44,374 INFO Connection check task start

2026-10-02 10:16:44,374 INFO Long connection metrics detail ,Total count =0, sdkCount=0,clusterCount=0

2026-10-02 10:16:44,375 INFO Out dated connection ,size=0

2026-10-02 10:16:44,375 INFO Connection check task end

2026-10-02 10:16:46,098 INFO ConnectionMetrics, totalCount = 0, detail = {long_connection=0, long_polling=0}

2026-10-02 10:16:47,376 INFO Connection check task start

2026-10-02 10:16:47,377 INFO Long connection metrics detail ,Total count =0, sdkCount=0,clusterCount=0

2026-10-02 10:16:47,378 INFO Out dated connection ,size=0

2026-10-02 10:16:47,380 INFO Connection check task end

2026-10-02 10:16:49,099 INFO ConnectionMetrics, totalCount = 0, detail = {long_connection=0, long_polling=0}

2026-10-02 10:16:50,380 INFO Connection check task start

2026-10-02 10:16:50,382 INFO Long connection metrics detail ,Total count =0, sdkCount=0,clusterCount=0

2026-10-02 10:16:50,383 INFO Out dated connection ,size=0

2026-10-02 10:16:50,384 INFO Connection check task end

2026-10-02 10:16:52,101 INFO ConnectionMetrics, totalCount = 0, detail = {long_connection=0, long_polling=0}

2026-10-02 10:16:53,385 INFO Connection check task start

2026-10-02 10:16:53,385 INFO Long connection metrics detail ,Total count =0, sdkCount=0,clusterCount=0

2026-10-02 10:16:53,386 INFO Out dated connection ,size=0

2026-10-02 10:16:53,386 INFO Connection check task end

2026-10-02 10:16:55,102 INFO ConnectionMetrics, totalCount = 0, detail = {long_connection=0, long_polling=0}

2026-10-02 10:16:56,388 INFO Connection check task start

2026-10-02 10:16:56,389 INFO Long connection metrics detail ,Total count =0, sdkCount=0,clusterCount=0

2026-10-02 10:16:56,390 INFO Out dated connection ,size=0

2026-10-02 10:16:56,391 INFO Connection check task end

2026-10-02 10:16:58,104 INFO ConnectionMetrics, totalCount = 0, detail = {long_connection=0, long_polling=0}

2026-10-02 10:16:59,390 INFO Connection check task start

2026-10-02 10:16:59,391 INFO Long connection metrics detail ,Total count =0, sdkCount=0,clusterCount=0

2026-10-02 10:16:59,392 INFO Out dated connection ,size=0

2026-10-02 10:16:59,393 INFO Connection check task end

2026-10-02 10:17:01,104 INFO ConnectionMetrics, totalCount = 0, detail = {long_connection=0, long_polling=0}

2026-10-02 10:17:02,394 INFO Connection check task start

2026-10-02 10:17:02,395 INFO Long connection metrics detail ,Total count =0, sdkCount=0,clusterCount=0

2026-10-02 10:17:02,397 INFO Out dated connection ,size=0

2026-10-02 10:17:02,397 INFO Connection check task end

2026-10-02 10:17:04,105 INFO ConnectionMetrics, totalCount = 0, detail = {long_connection=0, long_polling=0}

2026-10-02 10:17:05,398 INFO Connection check task start

2026-10-02 10:17:05,399 INFO Long connection metrics detail ,Total count =0, sdkCount=0,clusterCount=0

2026-10-02 10:17:05,400 INFO Out dated connection ,size=0

2026-10-02 10:17:05,400 INFO Connection check task end

2026-10-02 10:17:07,106 INFO ConnectionMetrics, totalCount = 0, detail = {long_connection=0, long_polling=0}

2026-10-02 10:17:08,401 INFO Connection check task start

2026-10-02 10:17:08,403 INFO Long connection metrics detail ,Total count =0, sdkCount=0,clusterCount=0

2026-10-02 10:17:08,404 INFO Out dated connection ,size=0

2026-10-02 10:17:08,405 INFO Connection check task end

2026-10-02 10:17:10,107 INFO ConnectionMetrics, totalCount = 0, detail = {long_connection=0, long_polling=0}

2026-10-02 10:17:11,406 INFO Connection check task start

2026-10-02 10:17:11,407 INFO Long connection metrics detail ,Total count =0, sdkCount=0,clusterCount=0

2026-10-02 10:17:11,408 INFO Out dated connection ,size=0

2026-10-02 10:17:11,409 INFO Connection check task end

2026-10-02 10:17:13,109 INFO ConnectionMetrics, totalCount = 0, detail = {long_connection=0, long_polling=0}

2026-10-02 10:17:14,410 INFO Connection check task start

2026-10-02 10:17:14,411 INFO Long connection metrics detail ,Total count =0, sdkCount=0,clusterCount=0

2026-10-02 10:17:14,412 INFO Out dated connection ,size=0

2026-10-02 10:17:14,412 INFO Connection check task end

2026-10-02 10:17:16,110 INFO ConnectionMetrics, totalCount = 0, detail = {long_connection=0, long_polling=0}

2026-10-02 10:17:17,413 INFO Connection check task start

2026-10-02 10:17:17,414 INFO Long connection metrics detail ,Total count =0, sdkCount=0,clusterCount=0

2026-10-02 10:17:17,415 INFO Out dated connection ,size=0

2026-10-02 10:17:17,416 INFO Connection check task end

2026-10-02 10:17:19,112 INFO ConnectionMetrics, totalCount = 0, detail = {long_connection=0, long_polling=0}

2026-10-02 10:17:20,417 INFO Connection check task start

2026-10-02 10:17:20,419 INFO Long connection metrics detail ,Total count =0, sdkCount=0,clusterCount=0

2026-10-02 10:17:20,420 INFO Out dated connection ,size=0

2026-10-02 10:17:20,421 INFO Connection check task end

2026-10-02 10:17:22,113 INFO ConnectionMetrics, totalCount = 0, detail = {long_connection=0, long_polling=0}

2026-10-02 10:17:23,422 INFO Connection check task start

2026-10-02 10:17:23,424 INFO Long connection metrics detail ,Total count =0, sdkCount=0,clusterCount=0

2026-10-02 10:17:23,425 INFO Out dated connection ,size=0

2026-10-02 10:17:23,426 INFO Connection check task end

2026-10-02 10:17:25,114 INFO ConnectionMetrics, totalCount = 0, detail = {long_connection=0, long_polling=0}

2026-10-02 10:17:26,427 INFO Connection check task start

2026-10-02 10:17:26,428 INFO Long connection metrics detail ,Total count =0, sdkCount=0,clusterCount=0

2026-10-02 10:17:26,428 INFO Out dated connection ,size=0

2026-10-02 10:17:26,429 INFO Connection check task end

2026-10-02 10:17:28,115 INFO ConnectionMetrics, totalCount = 0, detail = {long_connection=0, long_polling=0}

2026-10-02 10:17:29,428 INFO Connection check task start

2026-10-02 10:17:29,429 INFO Long connection metrics detail ,Total count =0, sdkCount=0,clusterCount=0

2026-10-02 10:17:29,430 INFO Out dated connection ,size=0

2026-10-02 10:17:29,431 INFO Connection check task end

2026-10-02 10:17:31,115 INFO ConnectionMetrics, totalCount = 0, detail = {long_connection=0, long_polling=0}

2026-10-02 10:17:32,434 INFO Connection check task start

2026-10-02 10:17:32,434 INFO Long connection metrics detail ,Total count =0, sdkCount=0,clusterCount=0

2026-10-02 10:17:32,435 INFO Out dated connection ,size=0

2026-10-02 10:17:32,436 INFO Connection check task end

2026-10-02 10:17:34,116 INFO ConnectionMetrics, totalCount = 0, detail = {long_connection=0, long_polling=0}

2026-10-02 10:17:35,436 INFO Connection check task start

2026-10-02 10:17:35,438 INFO Long connection metrics detail ,Total count =0, sdkCount=0,clusterCount=0

2026-10-02 10:17:35,439 INFO Out dated connection ,size=0

2026-10-02 10:17:35,440 INFO Connection check task end

2026-10-02 10:17:37,118 INFO ConnectionMetrics, totalCount = 0, detail = {long_connection=0, long_polling=0}

2026-10-02 10:17:38,441 INFO Connection check task start

2026-10-02 10:17:38,442 INFO Long connection metrics detail ,Total count =0, sdkCount=0,clusterCount=0

2026-10-02 10:17:38,443 INFO Out dated connection ,size=0

2026-10-02 10:17:38,444 INFO Connection check task end

2026-10-02 10:17:40,119 INFO ConnectionMetrics, totalCount = 0, detail = {long_connection=0, long_polling=0}

2026-10-02 10:17:41,444 INFO Connection check task start

2026-10-02 10:17:41,445 INFO Long connection metrics detail ,Total count =0, sdkCount=0,clusterCount=0

2026-10-02 10:17:41,446 INFO Out dated connection ,size=0

2026-10-02 10:17:41,446 INFO Connection check task end

2026-10-02 10:17:43,121 INFO ConnectionMetrics, totalCount = 0, detail = {long_connection=0, long_polling=0}

2026-10-02 10:17:44,447 INFO Connection check task start

2026-10-02 10:17:44,448 INFO Long connection metrics detail ,Total count =0, sdkCount=0,clusterCount=0

2026-10-02 10:17:44,449 INFO Out dated connection ,size=0

2026-10-02 10:17:44,449 INFO Connection check task end

2026-10-02 10:17:46,122 INFO ConnectionMetrics, totalCount = 0, detail = {long_connection=0, long_polling=0}

2026-10-02 10:17:47,450 INFO Connection check task start

2026-10-02 10:17:47,451 INFO Long connection metrics detail ,Total count =0, sdkCount=0,clusterCount=0

2026-10-02 10:17:47,452 INFO Out dated connection ,size=0

2026-10-02 10:17:47,453 INFO Connection check task end

2026-10-02 10:17:49,124 INFO ConnectionMetrics, totalCount = 0, detail = {long_connection=0, long_polling=0}

2026-10-02 10:17:50,453 INFO Connection check task start

2026-10-02 10:17:50,455 INFO Long connection metrics detail ,Total count =0, sdkCount=0,clusterCount=0

2026-10-02 10:17:50,456 INFO Out dated connection ,size=0

2026-10-02 10:17:50,456 INFO Connection check task end

2026-10-02 10:17:52,125 INFO ConnectionMetrics, totalCount = 0, detail = {long_connection=0, long_polling=0}

2026-10-02 10:17:53,457 INFO Connection check task start

2026-10-02 10:17:53,458 INFO Long connection metrics detail ,Total count =0, sdkCount=0,clusterCount=0

2026-10-02 10:17:53,459 INFO Out dated connection ,size=0

2026-10-02 10:17:53,460 INFO Connection check task end

2026-10-02 10:17:55,127 INFO ConnectionMetrics, totalCount = 0, detail = {long_connection=0, long_polling=0}

2026-10-02 10:17:56,461 INFO Connection check task start

2026-10-02 10:17:56,462 INFO Long connection metrics detail ,Total count =0, sdkCount=0,clusterCount=0

2026-10-02 10:17:56,463 INFO Out dated connection ,size=0

2026-10-02 10:17:56,464 INFO Connection check task end

2026-10-02 10:17:58,129 INFO ConnectionMetrics, totalCount = 0, detail = {long_connection=0, long_polling=0}

2026-10-02 10:17:59,464 INFO Connection check task start

2026-10-02 10:17:59,465 INFO Long connection metrics detail ,Total count =0, sdkCount=0,clusterCount=0

2026-10-02 10:17:59,466 INFO Out dated connection ,size=0

2026-10-02 10:17:59,466 INFO Connection check task end

2026-10-02 10:18:01,130 INFO ConnectionMetrics, totalCount = 0, detail = {long_connection=0, long_polling=0}

2026-10-02 10:18:02,467 INFO Connection check task start

2026-10-02 10:18:02,468 INFO Long connection metrics detail ,Total count =0, sdkCount=0,clusterCount=0

2026-10-02 10:18:02,470 INFO Out dated connection ,size=0

2026-10-02 10:18:02,471 INFO Connection check task end

2026-10-02 10:18:04,131 INFO ConnectionMetrics, totalCount = 0, detail = {long_connection=0, long_polling=0}

2026-10-02 10:18:05,473 INFO Connection check task start

2026-10-02 10:18:05,474 INFO Long connection metrics detail ,Total count =0, sdkCount=0,clusterCount=0

2026-10-02 10:18:05,476 INFO Out dated connection ,size=0

2026-10-02 10:18:05,476 INFO Connection check task end

2026-10-02 10:18:07,134 INFO ConnectionMetrics, totalCount = 0, detail = {long_connection=0, long_polling=0}

2026-10-02 10:18:08,477 INFO Connection check task start

2026-10-02 10:18:08,479 INFO Long connection metrics detail ,Total count =0, sdkCount=0,clusterCount=0

2026-10-02 10:18:08,479 INFO Out dated connection ,size=0

2026-10-02 10:18:08,480 INFO Connection check task end

2026-10-02 10:18:10,135 INFO ConnectionMetrics, totalCount = 0, detail = {long_connection=0, long_polling=0}

2026-10-02 10:18:11,481 INFO Connection check task start

2026-10-02 10:18:11,482 INFO Long connection metrics detail ,Total count =0, sdkCount=0,clusterCount=0

2026-10-02 10:18:11,482 INFO Out dated connection ,size=0

2026-10-02 10:18:11,483 INFO Connection check task end

2026-10-02 10:18:13,137 INFO ConnectionMetrics, totalCount = 0, detail = {long_connection=0, long_polling=0}

2026-10-02 10:18:14,483 INFO Connection check task start

2026-10-02 10:18:14,484 INFO Long connection metrics detail ,Total count =0, sdkCount=0,clusterCount=0

2026-10-02 10:18:14,485 INFO Out dated connection ,size=0

2026-10-02 10:18:14,485 INFO Connection check task end

2026-10-02 10:18:16,138 INFO ConnectionMetrics, totalCount = 0, detail = {long_connection=0, long_polling=0}

2026-10-02 10:18:17,486 INFO Connection check task start

2026-10-02 10:18:17,487 INFO Long connection metrics detail ,Total count =0, sdkCount=0,clusterCount=0

2026-10-02 10:18:17,488 INFO Out dated connection ,size=0

2026-10-02 10:18:17,488 INFO Connection check task end

2026-10-02 10:18:19,139 INFO ConnectionMetrics, totalCount = 0, detail = {long_connection=0, long_polling=0}

2026-10-02 10:18:20,489 INFO Connection check task start

2026-10-02 10:18:20,490 INFO Long connection metrics detail ,Total count =0, sdkCount=0,clusterCount=0

2026-10-02 10:18:20,491 INFO Out dated connection ,size=0

2026-10-02 10:18:20,491 INFO Connection check task end

2026-10-02 10:18:22,142 INFO ConnectionMetrics, totalCount = 0, detail = {long_connection=0, long_polling=0}

2026-10-02 10:18:23,493 INFO Connection check task start

2026-10-02 10:18:23,494 INFO Long connection metrics detail ,Total count =0, sdkCount=0,clusterCount=0

2026-10-02 10:18:23,494 INFO Out dated connection ,size=0

2026-10-02 10:18:23,495 INFO Connection check task end

2026-10-02 10:18:25,143 INFO ConnectionMetrics, totalCount = 0, detail = {long_connection=0, long_polling=0}

2026-10-02 10:18:26,495 INFO Connection check task start

2026-10-02 10:18:26,496 INFO Long connection metrics detail ,Total count =0, sdkCount=0,clusterCount=0

2026-10-02 10:18:26,497 INFO Out dated connection ,size=0

2026-10-02 10:18:26,497 INFO Connection check task end

2026-10-02 10:18:28,145 INFO ConnectionMetrics, totalCount = 0, detail = {long_connection=0, long_polling=0}

2026-10-02 10:18:29,497 INFO Connection check task start

2026-10-02 10:18:29,498 INFO Long connection metrics detail ,Total count =0, sdkCount=0,clusterCount=0

2026-10-02 10:18:29,499 INFO Out dated connection ,size=0

2026-10-02 10:18:29,500 INFO Connection check task end

2026-10-02 10:18:31,144 INFO ConnectionMetrics, totalCount = 0, detail = {long_connection=0, long_polling=0}

2026-10-02 10:18:32,501 INFO Connection check task start

2026-10-02 10:18:32,502 INFO Long connection metrics detail ,Total count =0, sdkCount=0,clusterCount=0

2026-10-02 10:18:32,503 INFO Out dated connection ,size=0

2026-10-02 10:18:32,504 INFO Connection check task end

2026-10-02 10:18:34,147 INFO ConnectionMetrics, totalCount = 0, detail = {long_connection=0, long_polling=0}

2026-10-02 10:18:35,506 INFO Connection check task start

2026-10-02 10:18:35,507 INFO Long connection metrics detail ,Total count =0, sdkCount=0,clusterCount=0

2026-10-02 10:18:35,507 INFO Out dated connection ,size=0

2026-10-02 10:18:35,508 INFO Connection check task end

2026-10-02 10:18:37,148 INFO ConnectionMetrics, totalCount = 0, detail = {long_connection=0, long_polling=0}

2026-10-02 10:18:38,509 INFO Connection check task start

2026-10-02 10:18:38,510 INFO Long connection metrics detail ,Total count =0, sdkCount=0,clusterCount=0

2026-10-02 10:18:38,511 INFO Out dated connection ,size=0

2026-10-02 10:18:38,512 INFO Connection check task end

2026-10-02 10:18:40,150 INFO ConnectionMetrics, totalCount = 0, detail = {long_connection=0, long_polling=0}

2026-10-02 10:18:41,513 INFO Connection check task start

2026-10-02 10:18:41,514 INFO Long connection metrics detail ,Total count =0, sdkCount=0,clusterCount=0

2026-10-02 10:18:41,515 INFO Out dated connection ,size=0

2026-10-02 10:18:41,516 INFO Connection check task end

2026-10-02 10:18:43,151 INFO ConnectionMetrics, totalCount = 0, detail = {long_connection=0, long_polling=0}

2026-10-02 10:18:44,516 INFO Connection check task start

2026-10-02 10:18:44,517 INFO Long connection metrics detail ,Total count =0, sdkCount=0,clusterCount=0

2026-10-02 10:18:44,518 INFO Out dated connection ,size=0

2026-10-02 10:18:44,519 INFO Connection check task end

2026-10-02 10:18:46,153 INFO ConnectionMetrics, totalCount = 0, detail = {long_connection=0, long_polling=0}

2026-10-02 10:18:47,520 INFO Connection check task start

2026-10-02 10:18:47,521 INFO Long connection metrics detail ,Total count =0, sdkCount=0,clusterCount=0

2026-10-02 10:18:47,522 INFO Out dated connection ,size=0

2026-10-02 10:18:47,522 INFO Connection check task end

2026-10-02 10:18:49,156 INFO ConnectionMetrics, totalCount = 0, detail = {long_connection=0, long_polling=0}

2026-10-02 10:18:50,523 INFO Connection check task start

2026-10-02 10:18:50,524 INFO Long connection metrics detail ,Total count =0, sdkCount=0,clusterCount=0

2026-10-02 10:18:50,524 INFO Out dated connection ,size=0

2026-10-02 10:18:50,525 INFO Connection check task end

2026-10-02 10:18:52,158 INFO ConnectionMetrics, totalCount = 0, detail = {long_connection=0, long_polling=0}

2026-10-02 10:18:53,525 INFO Connection check task start

2026-10-02 10:18:53,526 INFO Long connection metrics detail ,Total count =0, sdkCount=0,clusterCount=0

2026-10-02 10:18:53,527 INFO Out dated connection ,size=0

2026-10-02 10:18:53,527 INFO Connection check task end

2026-10-02 10:18:55,159 INFO ConnectionMetrics, totalCount = 0, detail = {long_connection=0, long_polling=0}

2026-10-02 10:18:56,528 INFO Connection check task start

2026-10-02 10:18:56,529 INFO Long connection metrics detail ,Total count =0, sdkCount=0,clusterCount=0

2026-10-02 10:18:56,530 INFO Out dated connection ,size=0

2026-10-02 10:18:56,530 INFO Connection check task end

2026-10-02 10:18:58,160 INFO ConnectionMetrics, totalCount = 0, detail = {long_connection=0, long_polling=0}

2026-10-02 10:18:59,529 INFO Connection check task start

2026-10-02 10:18:59,531 INFO Long connection metrics detail ,Total count =0, sdkCount=0,clusterCount=0

2026-10-02 10:18:59,532 INFO Out dated connection ,size=0

2026-10-02 10:18:59,533 INFO Connection check task end

2026-10-02 10:19:01,160 INFO ConnectionMetrics, totalCount = 0, detail = {long_connection=0, long_polling=0}

2026-10-02 10:19:02,534 INFO Connection check task start

2026-10-02 10:19:02,535 INFO Long connection metrics detail ,Total count =0, sdkCount=0,clusterCount=0

2026-10-02 10:19:02,536 INFO Out dated connection ,size=0

2026-10-02 10:19:02,536 INFO Connection check task end

2026-10-02 10:19:04,162 INFO ConnectionMetrics, totalCount = 0, detail = {long_connection=0, long_polling=0}

2026-10-02 10:19:05,537 INFO Connection check task start

2026-10-02 10:19:05,538 INFO Long connection metrics detail ,Total count =0, sdkCount=0,clusterCount=0

2026-10-02 10:19:05,539 INFO Out dated connection ,size=0

2026-10-02 10:19:05,539 INFO Connection check task end

2026-10-02 10:19:07,163 INFO ConnectionMetrics, totalCount = 0, detail = {long_connection=0, long_polling=0}

2026-10-02 10:19:08,540 INFO Connection check task start

2026-10-02 10:19:08,541 INFO Long connection metrics detail ,Total count =0, sdkCount=0,clusterCount=0

2026-10-02 10:19:08,542 INFO Out dated connection ,size=0

2026-10-02 10:19:08,543 INFO Connection check task end

2026-10-02 10:19:10,164 INFO ConnectionMetrics, totalCount = 0, detail = {long_connection=0, long_polling=0}

2026-10-02 10:19:11,544 INFO Connection check task start

2026-10-02 10:19:11,546 INFO Long connection metrics detail ,Total count =0, sdkCount=0,clusterCount=0

2026-10-02 10:19:11,547 INFO Out dated connection ,size=0

2026-10-02 10:19:11,547 INFO Connection check task end

2026-10-02 10:19:13,166 INFO ConnectionMetrics, totalCount = 0, detail = {long_connection=0, long_polling=0}

2026-10-02 10:19:14,548 INFO Connection check task start

2026-10-02 10:19:14,550 INFO Long connection metrics detail ,Total count =0, sdkCount=0,clusterCount=0

2026-10-02 10:19:14,550 INFO Out dated connection ,size=0

2026-10-02 10:19:14,551 INFO Connection check task end

2026-10-02 10:19:16,167 INFO ConnectionMetrics, totalCount = 0, detail = {long_connection=0, long_polling=0}

2026-10-02 10:19:17,552 INFO Connection check task start

2026-10-02 10:19:17,552 INFO Long connection metrics detail ,Total count =0, sdkCount=0,clusterCount=0

2026-10-02 10:19:17,553 INFO Out dated connection ,size=0

2026-10-02 10:19:17,553 INFO Connection check task end

2026-10-02 10:19:19,168 INFO ConnectionMetrics, totalCount = 0, detail = {long_connection=0, long_polling=0}

2026-10-02 10:19:20,554 INFO Connection check task start

2026-10-02 10:19:20,555 INFO Long connection metrics detail ,Total count =0, sdkCount=0,clusterCount=0

2026-10-02 10:19:20,556 INFO Out dated connection ,size=0

2026-10-02 10:19:20,556 INFO Connection check task end

2026-10-02 10:19:22,170 INFO ConnectionMetrics, totalCount = 0, detail = {long_connection=0, long_polling=0}

2026-10-02 10:19:23,557 INFO Connection check task start

2026-10-02 10:19:23,558 INFO Long connection metrics detail ,Total count =0, sdkCount=0,clusterCount=0

2026-10-02 10:19:23,559 INFO Out dated connection ,size=0

2026-10-02 10:19:23,560 INFO Connection check task end

2026-10-02 10:19:25,171 INFO ConnectionMetrics, totalCount = 0, detail = {long_connection=0, long_polling=0}

2026-10-02 10:19:26,561 INFO Connection check task start

2026-10-02 10:19:26,562 INFO Long connection metrics detail ,Total count =0, sdkCount=0,clusterCount=0

2026-10-02 10:19:26,563 INFO Out dated connection ,size=0

2026-10-02 10:19:26,563 INFO Connection check task end

2026-10-02 10:19:28,173 INFO ConnectionMetrics, totalCount = 0, detail = {long_connection=0, long_polling=0}

2026-10-02 10:19:29,562 INFO Connection check task start

2026-10-02 10:19:29,563 INFO Long connection metrics detail ,Total count =0, sdkCount=0,clusterCount=0

2026-10-02 10:19:29,564 INFO Out dated connection ,size=0

2026-10-02 10:19:29,565 INFO Connection check task end

2026-10-02 10:19:31,173 INFO ConnectionMetrics, totalCount = 0, detail = {long_connection=0, long_polling=0}

2026-10-02 10:19:32,566 INFO Connection check task start

2026-10-02 10:19:32,567 INFO Long connection metrics detail ,Total count =0, sdkCount=0,clusterCount=0

2026-10-02 10:19:32,568 INFO Out dated connection ,size=0

2026-10-02 10:19:32,568 INFO Connection check task end

2026-10-02 10:19:34,175 INFO ConnectionMetrics, totalCount = 0, detail = {long_connection=0, long_polling=0}

2026-10-02 10:19:35,569 INFO Connection check task start

2026-10-02 10:19:35,572 INFO Long connection metrics detail ,Total count =0, sdkCount=0,clusterCount=0

2026-10-02 10:19:35,573 INFO Out dated connection ,size=0

2026-10-02 10:19:35,575 INFO Connection check task end

2026-10-02 10:19:37,176 INFO ConnectionMetrics, totalCount = 0, detail = {long_connection=0, long_polling=0}

2026-10-02 10:19:38,576 INFO Connection check task start

2026-10-02 10:19:38,577 INFO Long connection metrics detail ,Total count =0, sdkCount=0,clusterCount=0

2026-10-02 10:19:38,578 INFO Out dated connection ,size=0

2026-10-02 10:19:38,578 INFO Connection check task end

2026-10-02 10:19:40,177 INFO ConnectionMetrics, totalCount = 0, detail = {long_connection=0, long_polling=0}

2026-10-02 10:19:41,579 INFO Connection check task start

2026-10-02 10:19:41,580 INFO Long connection metrics detail ,Total count =0, sdkCount=0,clusterCount=0

2026-10-02 10:19:41,581 INFO Out dated connection ,size=0

2026-10-02 10:19:41,581 INFO Connection check task end

2026-10-02 10:19:43,178 INFO ConnectionMetrics, totalCount = 0, detail = {long_connection=0, long_polling=0}

2026-10-02 10:19:44,582 INFO Connection check task start

2026-10-02 10:19:44,583 INFO Long connection metrics detail ,Total count =0, sdkCount=0,clusterCount=0

2026-10-02 10:19:44,583 INFO Out dated connection ,size=0

2026-10-02 10:19:44,584 INFO Connection check task end

2026-10-02 10:19:46,180 INFO ConnectionMetrics, totalCount = 0, detail = {long_connection=0, long_polling=0}

2026-10-02 10:19:47,585 INFO Connection check task start

2026-10-02 10:19:47,586 INFO Long connection metrics detail ,Total count =0, sdkCount=0,clusterCount=0

2026-10-02 10:19:47,586 INFO Out dated connection ,size=0

2026-10-02 10:19:47,587 INFO Connection check task end

2026-10-02 10:19:49,181 INFO ConnectionMetrics, totalCount = 0, detail = {long_connection=0, long_polling=0}

2026-10-02 10:19:50,588 INFO Connection check task start

2026-10-02 10:19:50,589 INFO Long connection metrics detail ,Total count =0, sdkCount=0,clusterCount=0

2026-10-02 10:19:50,590 INFO Out dated connection ,size=0

2026-10-02 10:19:50,591 INFO Connection check task end

2026-10-02 10:19:52,183 INFO ConnectionMetrics, totalCount = 0, detail = {long_connection=0, long_polling=0}

2026-10-02 10:19:53,592 INFO Connection check task start

2026-10-02 10:19:53,593 INFO Long connection metrics detail ,Total count =0, sdkCount=0,clusterCount=0

2026-10-02 10:19:53,594 INFO Out dated connection ,size=0

2026-10-02 10:19:53,595 INFO Connection check task end

2026-10-02 10:19:55,184 INFO ConnectionMetrics, totalCount = 0, detail = {long_connection=0, long_polling=0}

2026-10-02 10:19:56,596 INFO Connection check task start

2026-10-02 10:19:56,597 INFO Long connection metrics detail ,Total count =0, sdkCount=0,clusterCount=0

2026-10-02 10:19:56,597 INFO Out dated connection ,size=0

2026-10-02 10:19:56,598 INFO Connection check task end

2026-10-02 10:19:58,185 INFO ConnectionMetrics, totalCount = 0, detail = {long_connection=0, long_polling=0}

2026-10-02 10:19:59,597 INFO Connection check task start

2026-10-02 10:19:59,598 INFO Long connection metrics detail ,Total count =0, sdkCount=0,clusterCount=0

2026-10-02 10:19:59,599 INFO Out dated connection ,size=0

2026-10-02 10:19:59,599 INFO Connection check task end

2026-10-02 10:20:01,185 INFO ConnectionMetrics, totalCount = 0, detail = {long_connection=0, long_polling=0}

2026-10-02 10:20:02,600 INFO Connection check task start

2026-10-02 10:20:02,601 INFO Long connection metrics detail ,Total count =0, sdkCount=0,clusterCount=0

2026-10-02 10:20:02,602 INFO Out dated connection ,size=0

2026-10-02 10:20:02,602 INFO Connection check task end

2026-10-02 10:20:04,187 INFO ConnectionMetrics, totalCount = 0, detail = {long_connection=0, long_polling=0}

2026-10-02 10:20:05,603 INFO Connection check task start

2026-10-02 10:20:05,604 INFO Long connection metrics detail ,Total count =0, sdkCount=0,clusterCount=0

2026-10-02 10:20:05,605 INFO Out dated connection ,size=0

2026-10-02 10:20:05,605 INFO Connection check task end

2026-10-02 10:20:07,188 INFO ConnectionMetrics, totalCount = 0, detail = {long_connection=0, long_polling=0}

2026-10-02 10:20:08,606 INFO Connection check task start

2026-10-02 10:20:08,607 INFO Long connection metrics detail ,Total count =0, sdkCount=0,clusterCount=0

2026-10-02 10:20:08,608 INFO Out dated connection ,size=0

2026-10-02 10:20:08,609 INFO Connection check task end

2026-10-02 10:20:10,189 INFO ConnectionMetrics, totalCount = 0, detail = {long_connection=0, long_polling=0}

2026-10-02 10:20:11,610 INFO Connection check task start

2026-10-02 10:20:11,611 INFO Long connection metrics detail ,Total count =0, sdkCount=0,clusterCount=0

2026-10-02 10:20:11,611 INFO Out dated connection ,size=0

2026-10-02 10:20:11,612 INFO Connection check task end

2026-10-02 10:20:13,190 INFO ConnectionMetrics, totalCount = 0, detail = {long_connection=0, long_polling=0}

2026-10-02 10:20:14,613 INFO Connection check task start

2026-10-02 10:20:14,613 INFO Long connection metrics detail ,Total count =0, sdkCount=0,clusterCount=0

2026-10-02 10:20:14,614 INFO Out dated connection ,size=0

2026-10-02 10:20:14,614 INFO Connection check task end

2026-10-02 10:20:16,191 INFO ConnectionMetrics, totalCount = 0, detail = {long_connection=0, long_polling=0}

2026-10-02 10:20:17,615 INFO Connection check task start

2026-10-02 10:20:17,616 INFO Long connection metrics detail ,Total count =0, sdkCount=0,clusterCount=0

2026-10-02 10:20:17,616 INFO Out dated connection ,size=0

2026-10-02 10:20:17,617 INFO Connection check task end

2026-10-02 10:20:19,192 INFO ConnectionMetrics, totalCount = 0, detail = {long_connection=0, long_polling=0}

2026-10-02 10:20:20,618 INFO Connection check task start

2026-10-02 10:20:20,619 INFO Long connection metrics detail ,Total count =0, sdkCount=0,clusterCount=0

2026-10-02 10:20:20,619 INFO Out dated connection ,size=0

2026-10-02 10:20:20,620 INFO Connection check task end

2026-10-02 10:20:22,194 INFO ConnectionMetrics, totalCount = 0, detail = {long_connection=0, long_polling=0}

2026-10-02 10:20:23,620 INFO Connection check task start

2026-10-02 10:20:23,622 INFO Long connection metrics detail ,Total count =0, sdkCount=0,clusterCount=0

2026-10-02 10:20:23,623 INFO Out dated connection ,size=0

2026-10-02 10:20:23,623 INFO Connection check task end

2026-10-02 10:20:25,195 INFO ConnectionMetrics, totalCount = 0, detail = {long_connection=0, long_polling=0}

2026-10-02 10:20:26,624 INFO Connection check task start

2026-10-02 10:20:26,625 INFO Long connection metrics detail ,Total count =0, sdkCount=0,clusterCount=0

2026-10-02 10:20:26,626 INFO Out dated connection ,size=0

2026-10-02 10:20:26,627 INFO Connection check task end

2026-10-02 10:20:28,196 INFO ConnectionMetrics, totalCount = 0, detail = {long_connection=0, long_polling=0}

2026-10-02 10:20:29,626 INFO Connection check task start

2026-10-02 10:20:29,627 INFO Long connection metrics detail ,Total count =0, sdkCount=0,clusterCount=0

2026-10-02 10:20:29,628 INFO Out dated connection ,size=0

2026-10-02 10:20:29,629 INFO Connection check task end

2026-10-02 10:20:31,195 INFO ConnectionMetrics, totalCount = 0, detail = {long_connection=0, long_polling=0}

2026-10-02 10:20:32,630 INFO Connection check task start

2026-10-02 10:20:32,631 INFO Long connection metrics detail ,Total count =0, sdkCount=0,clusterCount=0

2026-10-02 10:20:32,632 INFO Out dated connection ,size=0

2026-10-02 10:20:32,633 INFO Connection check task end

2026-10-02 10:20:34,197 INFO ConnectionMetrics, totalCount = 0, detail = {long_connection=0, long_polling=0}

2026-10-02 10:20:35,634 INFO Connection check task start

2026-10-02 10:20:35,637 INFO Long connection metrics detail ,Total count =0, sdkCount=0,clusterCount=0

2026-10-02 10:20:35,639 INFO Out dated connection ,size=0

2026-10-02 10:20:35,639 INFO Connection check task end

2026-10-02 10:20:37,198 INFO ConnectionMetrics, totalCount = 0, detail = {long_connection=0, long_polling=0}

2026-10-02 10:20:38,641 INFO Connection check task start

2026-10-02 10:20:38,643 INFO Long connection metrics detail ,Total count =0, sdkCount=0,clusterCount=0

2026-10-02 10:20:38,644 INFO Out dated connection ,size=0

2026-10-02 10:20:38,644 INFO Connection check task end

2026-10-02 10:20:40,199 INFO ConnectionMetrics, totalCount = 0, detail = {long_connection=0, long_polling=0}

2026-10-02 10:20:41,645 INFO Connection check task start

2026-10-02 10:20:41,646 INFO Long connection metrics detail ,Total count =0, sdkCount=0,clusterCount=0

2026-10-02 10:20:41,647 INFO Out dated connection ,size=0

2026-10-02 10:20:41,648 INFO Connection check task end

2026-10-02 10:20:43,201 INFO ConnectionMetrics, totalCount = 0, detail = {long_connection=0, long_polling=0}

2026-10-02 10:20:44,649 INFO Connection check task start

2026-10-02 10:20:44,650 INFO Long connection metrics detail ,Total count =0, sdkCount=0,clusterCount=0

2026-10-02 10:20:44,651 INFO Out dated connection ,size=0

2026-10-02 10:20:44,652 INFO Connection check task end

2026-10-02 10:20:46,202 INFO ConnectionMetrics, totalCount = 0, detail = {long_connection=0, long_polling=0}

2026-10-02 10:20:47,653 INFO Connection check task start

2026-10-02 10:20:47,654 INFO Long connection metrics detail ,Total count =0, sdkCount=0,clusterCount=0

2026-10-02 10:20:47,655 INFO Out dated connection ,size=0

2026-10-02 10:20:47,656 INFO Connection check task end

2026-10-02 10:20:49,203 INFO ConnectionMetrics, totalCount = 0, detail = {long_connection=0, long_polling=0}

2026-10-02 10:20:50,657 INFO Connection check task start

2026-10-02 10:20:50,659 INFO Long connection metrics detail ,Total count =0, sdkCount=0,clusterCount=0

2026-10-02 10:20:50,660 INFO Out dated connection ,size=0

2026-10-02 10:20:50,660 INFO Connection check task end

2026-10-02 10:20:52,204 INFO ConnectionMetrics, totalCount = 0, detail = {long_connection=0, long_polling=0}

2026-10-02 10:20:53,661 INFO Connection check task start

2026-10-02 10:20:53,662 INFO Long connection metrics detail ,Total count =0, sdkCount=0,clusterCount=0

2026-10-02 10:20:53,663 INFO Out dated connection ,size=0

2026-10-02 10:20:53,663 INFO Connection check task end

2026-10-02 10:20:55,207 INFO ConnectionMetrics, totalCount = 0, detail = {long_connection=0, long_polling=0}

2026-10-02 10:20:56,664 INFO Connection check task start

2026-10-02 10:20:56,665 INFO Long connection metrics detail ,Total count =0, sdkCount=0,clusterCount=0

2026-10-02 10:20:56,666 INFO Out dated connection ,size=0

2026-10-02 10:20:56,666 INFO Connection check task end

2026-10-02 10:20:58,209 INFO ConnectionMetrics, totalCount = 0, detail = {long_connection=0, long_polling=0}

2026-10-02 10:20:59,665 INFO Connection check task start

2026-10-02 10:20:59,666 INFO Long connection metrics detail ,Total count =0, sdkCount=0,clusterCount=0

2026-10-02 10:20:59,667 INFO Out dated connection ,size=0

2026-10-02 10:20:59,668 INFO Connection check task end

2026-10-02 10:21:01,208 INFO ConnectionMetrics, totalCount = 0, detail = {long_connection=0, long_polling=0}

2026-10-02 10:21:02,669 INFO Connection check task start

2026-10-02 10:21:02,670 INFO Long connection metrics detail ,Total count =0, sdkCount=0,clusterCount=0

2026-10-02 10:21:02,670 INFO Out dated connection ,size=0

2026-10-02 10:21:02,670 INFO Connection check task end

2026-10-02 10:21:04,209 INFO ConnectionMetrics, totalCount = 0, detail = {long_connection=0, long_polling=0}

2026-10-02 10:21:05,671 INFO Connection check task start

2026-10-02 10:21:05,672 INFO Long connection metrics detail ,Total count =0, sdkCount=0,clusterCount=0

2026-10-02 10:21:05,673 INFO Out dated connection ,size=0

2026-10-02 10:21:05,674 INFO Connection check task end

2026-10-02 10:21:07,210 INFO ConnectionMetrics, totalCount = 0, detail = {long_connection=0, long_polling=0}

2026-10-02 10:21:08,675 INFO Connection check task start

2026-10-02 10:21:08,676 INFO Long connection metrics detail ,Total count =0, sdkCount=0,clusterCount=0

2026-10-02 10:21:08,677 INFO Out dated connection ,size=0

2026-10-02 10:21:08,677 INFO Connection check task end

2026-10-02 10:21:10,212 INFO ConnectionMetrics, totalCount = 0, detail = {long_connection=0, long_polling=0}

2026-10-02 10:21:11,678 INFO Connection check task start

2026-10-02 10:21:11,679 INFO Long connection metrics detail ,Total count =0, sdkCount=0,clusterCount=0

2026-10-02 10:21:11,680 INFO Out dated connection ,size=0

2026-10-02 10:21:11,681 INFO Connection check task end

2026-10-02 10:21:13,213 INFO ConnectionMetrics, totalCount = 0, detail = {long_connection=0, long_polling=0}

2026-10-02 10:21:14,682 INFO Connection check task start

2026-10-02 10:21:14,684 INFO Long connection metrics detail ,Total count =0, sdkCount=0,clusterCount=0

2026-10-02 10:21:14,697 INFO Out dated connection ,size=0

2026-10-02 10:21:14,704 INFO Connection check task end

2026-10-02 10:21:16,215 INFO ConnectionMetrics, totalCount = 0, detail = {long_connection=0, long_polling=0}

2026-10-02 10:21:17,713 INFO Connection check task start

2026-10-02 10:21:17,714 INFO Long connection metrics detail ,Total count =0, sdkCount=0,clusterCount=0

2026-10-02 10:21:17,715 INFO Out dated connection ,size=0

2026-10-02 10:21:17,716 INFO Connection check task end

2026-10-02 10:21:19,216 INFO ConnectionMetrics, totalCount = 0, detail = {long_connection=0, long_polling=0}

2026-10-02 10:21:20,717 INFO Connection check task start

2026-10-02 10:21:20,719 INFO Long connection metrics detail ,Total count =0, sdkCount=0,clusterCount=0

2026-10-02 10:21:20,720 INFO Out dated connection ,size=0

2026-10-02 10:21:20,720 INFO Connection check task end

2026-10-02 10:21:22,218 INFO ConnectionMetrics, totalCount = 0, detail = {long_connection=0, long_polling=0}

2026-10-02 10:21:23,721 INFO Connection check task start

2026-10-02 10:21:23,722 INFO Long connection metrics detail ,Total count =0, sdkCount=0,clusterCount=0

2026-10-02 10:21:23,723 INFO Out dated connection ,size=0

2026-10-02 10:21:23,723 INFO Connection check task end

2026-10-02 10:21:25,219 INFO ConnectionMetrics, totalCount = 0, detail = {long_connection=0, long_polling=0}

2026-10-02 10:21:26,724 INFO Connection check task start

2026-10-02 10:21:26,733 INFO Long connection metrics detail ,Total count =0, sdkCount=0,clusterCount=0

2026-10-02 10:21:26,734 INFO Out dated connection ,size=0

2026-10-02 10:21:26,734 INFO Connection check task end

2026-10-02 10:21:28,220 INFO ConnectionMetrics, totalCount = 0, detail = {long_connection=0, long_polling=0}

2026-10-02 10:21:29,735 INFO Connection check task start

2026-10-02 10:21:29,736 INFO Long connection metrics detail ,Total count =0, sdkCount=0,clusterCount=0

2026-10-02 10:21:29,737 INFO Out dated connection ,size=0

2026-10-02 10:21:29,737 INFO Connection check task end

2026-10-02 10:21:31,220 INFO ConnectionMetrics, totalCount = 0, detail = {long_connection=0, long_polling=0}

2026-10-02 10:21:32,738 INFO Connection check task start

2026-10-02 10:21:32,739 INFO Long connection metrics detail ,Total count =0, sdkCount=0,clusterCount=0

2026-10-02 10:21:32,741 INFO Out dated connection ,size=0

2026-10-02 10:21:32,741 INFO Connection check task end

2026-10-02 10:21:34,221 INFO ConnectionMetrics, totalCount = 0, detail = {long_connection=0, long_polling=0}

2026-10-02 10:21:35,742 INFO Connection check task start

2026-10-02 10:21:35,743 INFO Long connection metrics detail ,Total count =0, sdkCount=0,clusterCount=0

2026-10-02 10:21:35,744 INFO Out dated connection ,size=0

2026-10-02 10:21:35,745 INFO Connection check task end

2026-10-02 10:21:37,224 INFO ConnectionMetrics, totalCount = 0, detail = {long_connection=0, long_polling=0}

2026-10-02 10:21:38,746 INFO Connection check task start

2026-10-02 10:21:38,748 INFO Long connection metrics detail ,Total count =0, sdkCount=0,clusterCount=0

2026-10-02 10:21:38,749 INFO Out dated connection ,size=0

2026-10-02 10:21:38,750 INFO Connection check task end

2026-10-02 10:21:40,225 INFO ConnectionMetrics, totalCount = 0, detail = {long_connection=0, long_polling=0}

2026-10-02 10:21:41,750 INFO Connection check task start

2026-10-02 10:21:41,752 INFO Long connection metrics detail ,Total count =0, sdkCount=0,clusterCount=0

2026-10-02 10:21:41,753 INFO Out dated connection ,size=0

2026-10-02 10:21:41,754 INFO Connection check task end

2026-10-02 10:21:43,227 INFO ConnectionMetrics, totalCount = 0, detail = {long_connection=0, long_polling=0}

2026-10-02 10:21:44,756 INFO Connection check task start

2026-10-02 10:21:44,757 INFO Long connection metrics detail ,Total count =0, sdkCount=0,clusterCount=0

2026-10-02 10:21:44,758 INFO Out dated connection ,size=0

2026-10-02 10:21:44,759 INFO Connection check task end

2026-10-02 10:21:46,228 INFO ConnectionMetrics, totalCount = 0, detail = {long_connection=0, long_polling=0}

2026-10-02 10:21:47,760 INFO Connection check task start

2026-10-02 10:21:47,761 INFO Long connection metrics detail ,Total count =0, sdkCount=0,clusterCount=0

2026-10-02 10:21:47,762 INFO Out dated connection ,size=0

2026-10-02 10:21:47,763 INFO Connection check task end

2026-10-02 10:21:49,229 INFO ConnectionMetrics, totalCount = 0, detail = {long_connection=0, long_polling=0}

2026-10-02 10:21:50,764 INFO Connection check task start

2026-10-02 10:21:50,765 INFO Long connection metrics detail ,Total count =0, sdkCount=0,clusterCount=0

2026-10-02 10:21:50,766 INFO Out dated connection ,size=0

2026-10-02 10:21:50,767 INFO Connection check task end

2026-10-02 10:21:52,231 INFO ConnectionMetrics, totalCount = 0, detail = {long_connection=0, long_polling=0}

2026-10-02 10:21:53,767 INFO Connection check task start

2026-10-02 10:21:53,768 INFO Long connection metrics detail ,Total count =0, sdkCount=0,clusterCount=0

2026-10-02 10:21:53,769 INFO Out dated connection ,size=0

2026-10-02 10:21:53,770 INFO Connection check task end

2026-10-02 10:21:55,232 INFO ConnectionMetrics, totalCount = 0, detail = {long_connection=0, long_polling=0}

2026-10-02 10:21:56,771 INFO Connection check task start

2026-10-02 10:21:56,772 INFO Long connection metrics detail ,Total count =0, sdkCount=0,clusterCount=0

2026-10-02 10:21:56,773 INFO Out dated connection ,size=0

2026-10-02 10:21:56,773 INFO Connection check task end

2026-10-02 10:21:58,234 INFO ConnectionMetrics, totalCount = 0, detail = {long_connection=0, long_polling=0}

2026-10-02 10:21:59,773 INFO Connection check task start

2026-10-02 10:21:59,774 INFO Long connection metrics detail ,Total count =0, sdkCount=0,clusterCount=0

2026-10-02 10:21:59,775 INFO Out dated connection ,size=0

2026-10-02 10:21:59,776 INFO Connection check task end

2026-10-02 10:22:01,234 INFO ConnectionMetrics, totalCount = 0, detail = {long_connection=0, long_polling=0}

2026-10-02 10:22:02,777 INFO Connection check task start

2026-10-02 10:22:02,779 INFO Long connection metrics detail ,Total count =0, sdkCount=0,clusterCount=0

2026-10-02 10:22:02,780 INFO Out dated connection ,size=0

2026-10-02 10:22:02,781 INFO Connection check task end

2026-10-02 10:22:04,236 INFO ConnectionMetrics, totalCount = 0, detail = {long_connection=0, long_polling=0}

2026-10-02 10:22:05,782 INFO Connection check task start

2026-10-02 10:22:05,783 INFO Long connection metrics detail ,Total count =0, sdkCount=0,clusterCount=0

2026-10-02 10:22:05,783 INFO Out dated connection ,size=0

2026-10-02 10:22:05,784 INFO Connection check task end

2026-10-02 10:22:07,238 INFO ConnectionMetrics, totalCount = 0, detail = {long_connection=0, long_polling=0}

2026-10-02 10:22:08,785 INFO Connection check task start

2026-10-02 10:22:08,786 INFO Long connection metrics detail ,Total count =0, sdkCount=0,clusterCount=0

2026-10-02 10:22:08,788 INFO Out dated connection ,size=0

2026-10-02 10:22:08,789 INFO Connection check task end

2026-10-02 10:22:10,240 INFO ConnectionMetrics, totalCount = 0, detail = {long_connection=0, long_polling=0}

2026-10-02 10:22:11,790 INFO Connection check task start

2026-10-02 10:22:11,791 INFO Long connection metrics detail ,Total count =0, sdkCount=0,clusterCount=0

2026-10-02 10:22:11,792 INFO Out dated connection ,size=0

2026-10-02 10:22:11,794 INFO Connection check task end

2026-10-02 10:22:13,242 INFO ConnectionMetrics, totalCount = 0, detail = {long_connection=0, long_polling=0}

2026-10-02 10:22:14,795 INFO Connection check task start

2026-10-02 10:22:14,796 INFO Long connection metrics detail ,Total count =0, sdkCount=0,clusterCount=0

2026-10-02 10:22:14,797 INFO Out dated connection ,size=0

2026-10-02 10:22:14,798 INFO Connection check task end

2026-10-02 10:22:16,243 INFO ConnectionMetrics, totalCount = 0, detail = {long_connection=0, long_polling=0}

2026-10-02 10:22:17,799 INFO Connection check task start

2026-10-02 10:22:17,800 INFO Long connection metrics detail ,Total count =0, sdkCount=0,clusterCount=0

2026-10-02 10:22:17,801 INFO Out dated connection ,size=0

2026-10-02 10:22:17,802 INFO Connection check task end

2026-10-02 10:22:19,244 INFO ConnectionMetrics, totalCount = 0, detail = {long_connection=0, long_polling=0}

2026-10-02 10:22:20,803 INFO Connection check task start

2026-10-02 10:22:20,804 INFO Long connection metrics detail ,Total count =0, sdkCount=0,clusterCount=0

2026-10-02 10:22:20,805 INFO Out dated connection ,size=0

2026-10-02 10:22:20,805 INFO Connection check task end

2026-10-02 10:22:22,246 INFO ConnectionMetrics, totalCount = 0, detail = {long_connection=0, long_polling=0}

2026-10-02 10:22:23,806 INFO Connection check task start

2026-10-02 10:22:23,807 INFO Long connection metrics detail ,Total count =0, sdkCount=0,clusterCount=0

2026-10-02 10:22:23,809 INFO Out dated connection ,size=0

2026-10-02 10:22:23,810 INFO Connection check task end

2026-10-02 10:22:25,247 INFO ConnectionMetrics, totalCount = 0, detail = {long_connection=0, long_polling=0}

2026-10-02 10:22:26,811 INFO Connection check task start

2026-10-02 10:22:26,812 INFO Long connection metrics detail ,Total count =0, sdkCount=0,clusterCount=0

2026-10-02 10:22:26,813 INFO Out dated connection ,size=0

2026-10-02 10:22:26,814 INFO Connection check task end

2026-10-02 10:22:28,249 INFO ConnectionMetrics, totalCount = 0, detail = {long_connection=0, long_polling=0}

2026-10-02 10:22:29,814 INFO Connection check task start

2026-10-02 10:22:29,815 INFO Long connection metrics detail ,Total count =0, sdkCount=0,clusterCount=0

2026-10-02 10:22:29,818 INFO Out dated connection ,size=0

2026-10-02 10:22:29,819 INFO Connection check task end

2026-10-02 10:22:31,249 INFO ConnectionMetrics, totalCount = 0, detail = {long_connection=0, long_polling=0}

2026-10-02 10:22:32,820 INFO Connection check task start

2026-10-02 10:22:32,821 INFO Long connection metrics detail ,Total count =0, sdkCount=0,clusterCount=0

2026-10-02 10:22:32,822 INFO Out dated connection ,size=0

2026-10-02 10:22:32,824 INFO Connection check task end

2026-10-02 10:22:34,252 INFO ConnectionMetrics, totalCount = 0, detail = {long_connection=0, long_polling=0}

2026-10-02 10:22:35,825 INFO Connection check task start

2026-10-02 10:22:35,825 INFO Long connection metrics detail ,Total count =0, sdkCount=0,clusterCount=0

2026-10-02 10:22:35,826 INFO Out dated connection ,size=0

2026-10-02 10:22:35,826 INFO Connection check task end

2026-10-02 10:22:37,254 INFO ConnectionMetrics, totalCount = 0, detail = {long_connection=0, long_polling=0}

2026-10-02 10:22:38,827 INFO Connection check task start

2026-10-02 10:22:38,828 INFO Long connection metrics detail ,Total count =0, sdkCount=0,clusterCount=0

2026-10-02 10:22:38,829 INFO Out dated connection ,size=0

2026-10-02 10:22:38,830 INFO Connection check task end

2026-10-02 10:22:40,256 INFO ConnectionMetrics, totalCount = 0, detail = {long_connection=0, long_polling=0}

2026-10-02 10:22:41,832 INFO Connection check task start

2026-10-02 10:22:41,833 INFO Long connection metrics detail ,Total count =0, sdkCount=0,clusterCount=0

2026-10-02 10:22:41,834 INFO Out dated connection ,size=0

2026-10-02 10:22:41,836 INFO Connection check task end

2026-10-02 10:22:43,257 INFO ConnectionMetrics, totalCount = 0, detail = {long_connection=0, long_polling=0}

2026-10-02 10:22:44,837 INFO Connection check task start

2026-10-02 10:22:44,839 INFO Long connection metrics detail ,Total count =0, sdkCount=0,clusterCount=0

2026-10-02 10:22:44,840 INFO Out dated connection ,size=0

2026-10-02 10:22:44,841 INFO Connection check task end

2026-10-02 10:22:46,259 INFO ConnectionMetrics, totalCount = 0, detail = {long_connection=0, long_polling=0}

2026-10-02 10:22:47,842 INFO Connection check task start

2026-10-02 10:22:47,843 INFO Long connection metrics detail ,Total count =0, sdkCount=0,clusterCount=0

2026-10-02 10:22:47,844 INFO Out dated connection ,size=0

2026-10-02 10:22:47,844 INFO Connection check task end

2026-10-02 10:22:49,259 INFO ConnectionMetrics, totalCount = 0, detail = {long_connection=0, long_polling=0}

2026-10-02 10:22:50,845 INFO Connection check task start

2026-10-02 10:22:50,846 INFO Long connection metrics detail ,Total count =0, sdkCount=0,clusterCount=0

2026-10-02 10:22:50,847 INFO Out dated connection ,size=0

2026-10-02 10:22:50,847 INFO Connection check task end

2026-10-02 10:22:52,260 INFO ConnectionMetrics, totalCount = 0, detail = {long_connection=0, long_polling=0}

2026-10-02 10:22:53,848 INFO Connection check task start

2026-10-02 10:22:53,849 INFO Long connection metrics detail ,Total count =0, sdkCount=0,clusterCount=0

2026-10-02 10:22:53,849 INFO Out dated connection ,size=0

2026-10-02 10:22:53,850 INFO Connection check task end

2026-10-02 10:22:55,262 INFO ConnectionMetrics, totalCount = 0, detail = {long_connection=0, long_polling=0}

2026-10-02 10:22:56,851 INFO Connection check task start

2026-10-02 10:22:56,852 INFO Long connection metrics detail ,Total count =0, sdkCount=0,clusterCount=0

2026-10-02 10:22:56,854 INFO Out dated connection ,size=0

2026-10-02 10:22:56,856 INFO Connection check task end

2026-10-02 10:22:58,263 INFO ConnectionMetrics, totalCount = 0, detail = {long_connection=0, long_polling=0}

2026-10-02 10:22:59,856 INFO Connection check task start

2026-10-02 10:22:59,857 INFO Long connection metrics detail ,Total count =0, sdkCount=0,clusterCount=0

2026-10-02 10:22:59,858 INFO Out dated connection ,size=0

2026-10-02 10:22:59,859 INFO Connection check task end

2026-10-02 10:23:01,264 INFO ConnectionMetrics, totalCount = 0, detail = {long_connection=0, long_polling=0}

2026-10-02 10:23:02,860 INFO Connection check task start

2026-10-02 10:23:02,861 INFO Long connection metrics detail ,Total count =0, sdkCount=0,clusterCount=0

2026-10-02 10:23:02,861 INFO Out dated connection ,size=0

2026-10-02 10:23:02,862 INFO Connection check task end

2026-10-02 10:23:04,265 INFO ConnectionMetrics, totalCount = 0, detail = {long_connection=0, long_polling=0}

2026-10-02 10:23:05,863 INFO Connection check task start

2026-10-02 10:23:05,864 INFO Long connection metrics detail ,Total count =0, sdkCount=0,clusterCount=0

2026-10-02 10:23:05,864 INFO Out dated connection ,size=0

2026-10-02 10:23:05,865 INFO Connection check task end

2026-10-02 10:23:07,266 INFO ConnectionMetrics, totalCount = 0, detail = {long_connection=0, long_polling=0}

2026-10-02 10:23:08,866 INFO Connection check task start

2026-10-02 10:23:08,867 INFO Long connection metrics detail ,Total count =0, sdkCount=0,clusterCount=0

2026-10-02 10:23:08,868 INFO Out dated connection ,size=0

2026-10-02 10:23:08,869 INFO Connection check task end

2026-10-02 10:23:10,267 INFO ConnectionMetrics, totalCount = 0, detail = {long_connection=0, long_polling=0}

2026-10-02 10:23:11,870 INFO Connection check task start

2026-10-02 10:23:11,871 INFO Long connection metrics detail ,Total count =0, sdkCount=0,clusterCount=0

2026-10-02 10:23:11,872 INFO Out dated connection ,size=0

2026-10-02 10:23:11,873 INFO Connection check task end

2026-10-02 10:23:13,269 INFO ConnectionMetrics, totalCount = 0, detail = {long_connection=0, long_polling=0}

2026-10-02 10:23:14,873 INFO Connection check task start

2026-10-02 10:23:14,874 INFO Long connection metrics detail ,Total count =0, sdkCount=0,clusterCount=0

2026-10-02 10:23:14,875 INFO Out dated connection ,size=0

2026-10-02 10:23:14,876 INFO Connection check task end

2026-10-02 10:23:16,270 INFO ConnectionMetrics, totalCount = 0, detail = {long_connection=0, long_polling=0}

2026-10-02 10:23:17,876 INFO Connection check task start

2026-10-02 10:23:17,878 INFO Long connection metrics detail ,Total count =0, sdkCount=0,clusterCount=0

2026-10-02 10:23:17,878 INFO Out dated connection ,size=0

2026-10-02 10:23:17,879 INFO Connection check task end

2026-10-02 10:23:19,271 INFO ConnectionMetrics, totalCount = 0, detail = {long_connection=0, long_polling=0}

2026-10-02 10:23:20,880 INFO Connection check task start

2026-10-02 10:23:20,880 INFO Long connection metrics detail ,Total count =0, sdkCount=0,clusterCount=0

2026-10-02 10:23:20,881 INFO Out dated connection ,size=0

2026-10-02 10:23:20,881 INFO Connection check task end

2026-10-02 10:23:22,272 INFO ConnectionMetrics, totalCount = 0, detail = {long_connection=0, long_polling=0}

2026-10-02 10:23:23,881 INFO Connection check task start

2026-10-02 10:23:23,882 INFO Long connection metrics detail ,Total count =0, sdkCount=0,clusterCount=0

2026-10-02 10:23:23,883 INFO Out dated connection ,size=0

2026-10-02 10:23:23,884 INFO Connection check task end

2026-10-02 10:23:25,273 INFO ConnectionMetrics, totalCount = 0, detail = {long_connection=0, long_polling=0}

2026-10-02 10:23:26,884 INFO Connection check task start

2026-10-02 10:23:26,885 INFO Long connection metrics detail ,Total count =0, sdkCount=0,clusterCount=0

2026-10-02 10:23:26,886 INFO Out dated connection ,size=0

2026-10-02 10:23:26,887 INFO Connection check task end

2026-10-02 10:23:28,274 INFO ConnectionMetrics, totalCount = 0, detail = {long_connection=0, long_polling=0}

2026-10-02 10:23:29,886 INFO Connection check task start

2026-10-02 10:23:29,888 INFO Long connection metrics detail ,Total count =0, sdkCount=0,clusterCount=0

2026-10-02 10:23:29,889 INFO Out dated connection ,size=0

2026-10-02 10:23:29,890 INFO Connection check task end

2026-10-02 10:23:31,274 INFO ConnectionMetrics, totalCount = 0, detail = {long_connection=0, long_polling=0}

2026-10-02 10:23:32,890 INFO Connection check task start

2026-10-02 10:23:32,892 INFO Long connection metrics detail ,Total count =0, sdkCount=0,clusterCount=0

2026-10-02 10:23:32,892 INFO Out dated connection ,size=0

2026-10-02 10:23:32,893 INFO Connection check task end

2026-10-02 10:23:34,275 INFO ConnectionMetrics, totalCount = 0, detail = {long_connection=0, long_polling=0}

2026-10-02 10:23:35,894 INFO Connection check task start

2026-10-02 10:23:35,894 INFO Long connection metrics detail ,Total count =0, sdkCount=0,clusterCount=0

2026-10-02 10:23:35,895 INFO Out dated connection ,size=0

2026-10-02 10:23:35,895 INFO Connection check task end

2026-10-02 10:23:37,276 INFO ConnectionMetrics, totalCount = 0, detail = {long_connection=0, long_polling=0}

2026-10-02 10:23:38,896 INFO Connection check task start

2026-10-02 10:23:38,897 INFO Long connection metrics detail ,Total count =0, sdkCount=0,clusterCount=0

2026-10-02 10:23:38,898 INFO Out dated connection ,size=0

2026-10-02 10:23:38,899 INFO Connection check task end

2026-10-02 10:23:40,278 INFO ConnectionMetrics, totalCount = 0, detail = {long_connection=0, long_polling=0}

2026-10-02 10:23:41,900 INFO Connection check task start

2026-10-02 10:23:41,902 INFO Long connection metrics detail ,Total count =0, sdkCount=0,clusterCount=0

2026-10-02 10:23:41,902 INFO Out dated connection ,size=0

2026-10-02 10:23:41,903 INFO Connection check task end

2026-10-02 10:23:43,279 INFO ConnectionMetrics, totalCount = 0, detail = {long_connection=0, long_polling=0}

2026-10-02 10:23:44,904 INFO Connection check task start

2026-10-02 10:23:44,905 INFO Long connection metrics detail ,Total count =0, sdkCount=0,clusterCount=0

2026-10-02 10:23:44,905 INFO Out dated connection ,size=0

2026-10-02 10:23:44,906 INFO Connection check task end

2026-10-02 10:23:46,280 INFO ConnectionMetrics, totalCount = 0, detail = {long_connection=0, long_polling=0}

2026-10-02 10:23:47,907 INFO Connection check task start

2026-10-02 10:23:47,908 INFO Long connection metrics detail ,Total count =0, sdkCount=0,clusterCount=0

2026-10-02 10:23:47,909 INFO Out dated connection ,size=0

2026-10-02 10:23:47,909 INFO Connection check task end

2026-10-02 10:23:49,282 INFO ConnectionMetrics, totalCount = 0, detail = {long_connection=0, long_polling=0}

2026-10-02 10:23:50,910 INFO Connection check task start

2026-10-02 10:23:50,911 INFO Long connection metrics detail ,Total count =0, sdkCount=0,clusterCount=0

2026-10-02 10:23:50,912 INFO Out dated connection ,size=0

2026-10-02 10:23:50,913 INFO Connection check task end

2026-10-02 10:23:52,283 INFO ConnectionMetrics, totalCount = 0, detail = {long_connection=0, long_polling=0}

2026-10-02 10:23:53,914 INFO Connection check task start

2026-10-02 10:23:53,915 INFO Long connection metrics detail ,Total count =0, sdkCount=0,clusterCount=0

2026-10-02 10:23:53,916 INFO Out dated connection ,size=0

2026-10-02 10:23:53,916 INFO Connection check task end

2026-10-02 10:23:55,285 INFO ConnectionMetrics, totalCount = 0, detail = {long_connection=0, long_polling=0}

2026-10-02 10:23:56,917 INFO Connection check task start

2026-10-02 10:23:56,918 INFO Long connection metrics detail ,Total count =0, sdkCount=0,clusterCount=0

2026-10-02 10:23:56,919 INFO Out dated connection ,size=0

2026-10-02 10:23:56,919 INFO Connection check task end

2026-10-02 10:23:58,286 INFO ConnectionMetrics, totalCount = 0, detail = {long_connection=0, long_polling=0}

2026-10-02 10:23:59,918 INFO Connection check task start

2026-10-02 10:23:59,919 INFO Long connection metrics detail ,Total count =0, sdkCount=0,clusterCount=0

2026-10-02 10:23:59,920 INFO Out dated connection ,size=0

2026-10-02 10:23:59,920 INFO Connection check task end

2026-10-02 10:24:01,286 INFO ConnectionMetrics, totalCount = 0, detail = {long_connection=0, long_polling=0}

2026-10-02 10:24:02,921 INFO Connection check task start

2026-10-02 10:24:02,922 INFO Long connection metrics detail ,Total count =0, sdkCount=0,clusterCount=0

2026-10-02 10:24:02,922 INFO Out dated connection ,size=0

2026-10-02 10:24:02,923 INFO Connection check task end

2026-10-02 10:24:04,287 INFO ConnectionMetrics, totalCount = 0, detail = {long_connection=0, long_polling=0}

2026-10-02 10:24:05,924 INFO Connection check task start

2026-10-02 10:24:05,925 INFO Long connection metrics detail ,Total count =0, sdkCount=0,clusterCount=0

2026-10-02 10:24:05,926 INFO Out dated connection ,size=0

2026-10-02 10:24:05,926 INFO Connection check task end

2026-10-02 10:24:07,289 INFO ConnectionMetrics, totalCount = 0, detail = {long_connection=0, long_polling=0}

2026-10-02 10:24:08,927 INFO Connection check task start

2026-10-02 10:24:08,928 INFO Long connection metrics detail ,Total count =0, sdkCount=0,clusterCount=0

2026-10-02 10:24:08,929 INFO Out dated connection ,size=0

2026-10-02 10:24:08,930 INFO Connection check task end

2026-10-02 10:24:10,290 INFO ConnectionMetrics, totalCount = 0, detail = {long_connection=0, long_polling=0}

2026-10-02 10:24:11,931 INFO Connection check task start

2026-10-02 10:24:11,931 INFO Long connection metrics detail ,Total count =0, sdkCount=0,clusterCount=0

2026-10-02 10:24:11,932 INFO Out dated connection ,size=0

2026-10-02 10:24:11,932 INFO Connection check task end

2026-10-02 10:24:13,291 INFO ConnectionMetrics, totalCount = 0, detail = {long_connection=0, long_polling=0}

2026-10-02 10:24:14,933 INFO Connection check task start

2026-10-02 10:24:14,934 INFO Long connection metrics detail ,Total count =0, sdkCount=0,clusterCount=0

2026-10-02 10:24:14,935 INFO Out dated connection ,size=0

2026-10-02 10:24:14,936 INFO Connection check task end

2026-10-02 10:24:16,292 INFO ConnectionMetrics, totalCount = 0, detail = {long_connection=0, long_polling=0}

2026-10-02 10:24:17,937 INFO Connection check task start

2026-10-02 10:24:17,937 INFO Long connection metrics detail ,Total count =0, sdkCount=0,clusterCount=0

2026-10-02 10:24:17,938 INFO Out dated connection ,size=0

2026-10-02 10:24:17,938 INFO Connection check task end

2026-10-02 10:24:19,293 INFO ConnectionMetrics, totalCount = 0, detail = {long_connection=0, long_polling=0}

2026-10-02 10:24:20,938 INFO Connection check task start

2026-10-02 10:24:20,939 INFO Long connection metrics detail ,Total count =0, sdkCount=0,clusterCount=0

2026-10-02 10:24:20,939 INFO Out dated connection ,size=0

2026-10-02 10:24:20,940 INFO Connection check task end

2026-10-02 10:24:22,295 INFO ConnectionMetrics, totalCount = 0, detail = {long_connection=0, long_polling=0}

2026-10-02 10:24:23,940 INFO Connection check task start

2026-10-02 10:24:23,942 INFO Long connection metrics detail ,Total count =0, sdkCount=0,clusterCount=0

2026-10-02 10:24:23,942 INFO Out dated connection ,size=0

2026-10-02 10:24:23,943 INFO Connection check task end

2026-10-02 10:24:25,296 INFO ConnectionMetrics, totalCount = 0, detail = {long_connection=0, long_polling=0}

2026-10-02 10:24:26,944 INFO Connection check task start

2026-10-02 10:24:26,945 INFO Long connection metrics detail ,Total count =0, sdkCount=0,clusterCount=0

2026-10-02 10:24:26,946 INFO Out dated connection ,size=0

2026-10-02 10:24:26,947 INFO Connection check task end

2026-10-02 10:24:28,298 INFO ConnectionMetrics, totalCount = 0, detail = {long_connection=0, long_polling=0}

2026-10-02 10:24:29,946 INFO Connection check task start

2026-10-02 10:24:29,947 INFO Long connection metrics detail ,Total count =0, sdkCount=0,clusterCount=0

2026-10-02 10:24:29,948 INFO Out dated connection ,size=0

2026-10-02 10:24:29,949 INFO Connection check task end

2026-10-02 10:24:31,298 INFO ConnectionMetrics, totalCount = 0, detail = {long_connection=0, long_polling=0}

2026-10-02 10:24:32,950 INFO Connection check task start

2026-10-02 10:24:32,951 INFO Long connection metrics detail ,Total count =0, sdkCount=0,clusterCount=0

2026-10-02 10:24:32,952 INFO Out dated connection ,size=0

2026-10-02 10:24:32,953 INFO Connection check task end

2026-10-02 10:24:34,300 INFO ConnectionMetrics, totalCount = 0, detail = {long_connection=0, long_polling=0}

2026-10-02 10:24:35,954 INFO Connection check task start

2026-10-02 10:24:35,955 INFO Long connection metrics detail ,Total count =0, sdkCount=0,clusterCount=0

2026-10-02 10:24:35,956 INFO Out dated connection ,size=0

2026-10-02 10:24:35,957 INFO Connection check task end

2026-10-02 10:24:37,302 INFO ConnectionMetrics, totalCount = 0, detail = {long_connection=0, long_polling=0}

2026-10-02 10:24:38,957 INFO Connection check task start

2026-10-02 10:24:38,958 INFO Long connection metrics detail ,Total count =0, sdkCount=0,clusterCount=0

2026-10-02 10:24:38,959 INFO Out dated connection ,size=0

2026-10-02 10:24:38,959 INFO Connection check task end

2026-10-02 10:24:40,303 INFO ConnectionMetrics, totalCount = 0, detail = {long_connection=0, long_polling=0}

2026-10-02 10:24:41,960 INFO Connection check task start

2026-10-02 10:24:41,961 INFO Long connection metrics detail ,Total count =0, sdkCount=0,clusterCount=0

2026-10-02 10:24:41,962 INFO Out dated connection ,size=0

2026-10-02 10:24:41,963 INFO Connection check task end

2026-10-02 10:24:43,305 INFO ConnectionMetrics, totalCount = 0, detail = {long_connection=0, long_polling=0}

2026-10-02 10:24:44,964 INFO Connection check task start

2026-10-02 10:24:44,964 INFO Long connection metrics detail ,Total count =0, sdkCount=0,clusterCount=0

2026-10-02 10:24:44,965 INFO Out dated connection ,size=0

2026-10-02 10:24:44,966 INFO Connection check task end

2026-10-02 10:24:46,307 INFO ConnectionMetrics, totalCount = 0, detail = {long_connection=0, long_polling=0}

2026-10-02 10:24:47,967 INFO Connection check task start

2026-10-02 10:24:47,967 INFO Long connection metrics detail ,Total count =0, sdkCount=0,clusterCount=0

2026-10-02 10:24:47,968 INFO Out dated connection ,size=0

2026-10-02 10:24:47,969 INFO Connection check task end

2026-10-02 10:24:49,308 INFO ConnectionMetrics, totalCount = 0, detail = {long_connection=0, long_polling=0}

2026-10-02 10:24:50,970 INFO Connection check task start

2026-10-02 10:24:50,970 INFO Long connection metrics detail ,Total count =0, sdkCount=0,clusterCount=0

2026-10-02 10:24:50,971 INFO Out dated connection ,size=0

2026-10-02 10:24:50,971 INFO Connection check task end

2026-10-02 10:24:52,309 INFO ConnectionMetrics, totalCount = 0, detail = {long_connection=0, long_polling=0}

2026-10-02 10:24:53,972 INFO Connection check task start

2026-10-02 10:24:53,973 INFO Long connection metrics detail ,Total count =0, sdkCount=0,clusterCount=0

2026-10-02 10:24:53,974 INFO Out dated connection ,size=0

2026-10-02 10:24:53,974 INFO Connection check task end

2026-10-02 10:24:55,310 INFO ConnectionMetrics, totalCount = 0, detail = {long_connection=0, long_polling=0}

2026-10-02 10:24:56,975 INFO Connection check task start

2026-10-02 10:24:56,976 INFO Long connection metrics detail ,Total count =0, sdkCount=0,clusterCount=0

2026-10-02 10:24:56,977 INFO Out dated connection ,size=0

2026-10-02 10:24:56,978 INFO Connection check task end

2026-10-02 10:24:58,311 INFO ConnectionMetrics, totalCount = 0, detail = {long_connection=0, long_polling=0}

2026-10-02 10:24:59,977 INFO Connection check task start

2026-10-02 10:24:59,979 INFO Long connection metrics detail ,Total count =0, sdkCount=0,clusterCount=0

2026-10-02 10:24:59,980 INFO Out dated connection ,size=0

2026-10-02 10:24:59,980 INFO Connection check task end

2026-10-02 10:25:01,311 INFO ConnectionMetrics, totalCount = 0, detail = {long_connection=0, long_polling=0}

2026-10-02 10:25:02,981 INFO Connection check task start

2026-10-02 10:25:02,982 INFO Long connection metrics detail ,Total count =0, sdkCount=0,clusterCount=0

2026-10-02 10:25:02,983 INFO Out dated connection ,size=0

2026-10-02 10:25:02,983 INFO Connection check task end

2026-10-02 10:25:04,312 INFO ConnectionMetrics, totalCount = 0, detail = {long_connection=0, long_polling=0}

2026-10-02 10:25:05,984 INFO Connection check task start

2026-10-02 10:25:05,984 INFO Long connection metrics detail ,Total count =0, sdkCount=0,clusterCount=0

2026-10-02 10:25:05,984 INFO Out dated connection ,size=0

2026-10-02 10:25:05,985 INFO Connection check task end

2026-10-02 10:25:07,315 INFO ConnectionMetrics, totalCount = 0, detail = {long_connection=0, long_polling=0}

2026-10-02 10:25:08,985 INFO Connection check task start

2026-10-02 10:25:08,986 INFO Long connection metrics detail ,Total count =0, sdkCount=0,clusterCount=0

2026-10-02 10:25:08,987 INFO Out dated connection ,size=0

2026-10-02 10:25:08,988 INFO Connection check task end

2026-10-02 10:25:10,317 INFO ConnectionMetrics, totalCount = 0, detail = {long_connection=0, long_polling=0}

2026-10-02 10:25:11,988 INFO Connection check task start

2026-10-02 10:25:11,990 INFO Long connection metrics detail ,Total count =0, sdkCount=0,clusterCount=0

2026-10-02 10:25:11,991 INFO Out dated connection ,size=0

2026-10-02 10:25:11,992 INFO Connection check task end

2026-10-02 10:25:13,318 INFO ConnectionMetrics, totalCount = 0, detail = {long_connection=0, long_polling=0}

2026-10-02 10:25:14,993 INFO Connection check task start

2026-10-02 10:25:14,994 INFO Long connection metrics detail ,Total count =0, sdkCount=0,clusterCount=0

2026-10-02 10:25:14,994 INFO Out dated connection ,size=0

2026-10-02 10:25:14,994 INFO Connection check task end

2026-10-02 10:25:16,320 INFO ConnectionMetrics, totalCount = 0, detail = {long_connection=0, long_polling=0}

2026-10-02 10:25:17,995 INFO Connection check task start

2026-10-02 10:25:17,996 INFO Long connection metrics detail ,Total count =0, sdkCount=0,clusterCount=0

2026-10-02 10:25:17,997 INFO Out dated connection ,size=0

2026-10-02 10:25:17,997 INFO Connection check task end

2026-10-02 10:25:19,321 INFO ConnectionMetrics, totalCount = 0, detail = {long_connection=0, long_polling=0}

2026-10-02 10:25:20,998 INFO Connection check task start

2026-10-02 10:25:20,999 INFO Long connection metrics detail ,Total count =0, sdkCount=0,clusterCount=0

2026-10-02 10:25:20,999 INFO Out dated connection ,size=0

2026-10-02 10:25:21,000 INFO Connection check task end

2026-10-02 10:25:22,323 INFO ConnectionMetrics, totalCount = 0, detail = {long_connection=0, long_polling=0}

2026-10-02 10:25:24,001 INFO Connection check task start

2026-10-02 10:25:24,002 INFO Long connection metrics detail ,Total count =0, sdkCount=0,clusterCount=0

2026-10-02 10:25:24,002 INFO Out dated connection ,size=0

2026-10-02 10:25:24,003 INFO Connection check task end

2026-10-02 10:25:25,325 INFO ConnectionMetrics, totalCount = 0, detail = {long_connection=0, long_polling=0}

2026-10-02 10:25:27,004 INFO Connection check task start

2026-10-02 10:25:27,006 INFO Long connection metrics detail ,Total count =0, sdkCount=0,clusterCount=0

2026-10-02 10:25:27,007 INFO Out dated connection ,size=0

2026-10-02 10:25:27,008 INFO Connection check task end

2026-10-02 10:25:28,326 INFO ConnectionMetrics, totalCount = 0, detail = {long_connection=0, long_polling=0}

2026-10-02 10:25:30,007 INFO Connection check task start

2026-10-02 10:25:30,008 INFO Long connection metrics detail ,Total count =0, sdkCount=0,clusterCount=0

2026-10-02 10:25:30,008 INFO Out dated connection ,size=0

2026-10-02 10:25:30,009 INFO Connection check task end

2026-10-02 10:25:31,326 INFO ConnectionMetrics, totalCount = 0, detail = {long_connection=0, long_polling=0}

2026-10-02 10:25:33,010 INFO Connection check task start

2026-10-02 10:25:33,012 INFO Long connection metrics detail ,Total count =0, sdkCount=0,clusterCount=0

2026-10-02 10:25:33,013 INFO Out dated connection ,size=0

2026-10-02 10:25:33,014 INFO Connection check task end

2026-10-02 10:25:34,327 INFO ConnectionMetrics, totalCount = 0, detail = {long_connection=0, long_polling=0}

2026-10-02 10:25:36,015 INFO Connection check task start

2026-10-02 10:25:36,017 INFO Long connection metrics detail ,Total count =0, sdkCount=0,clusterCount=0

2026-10-02 10:25:36,018 INFO Out dated connection ,size=0

2026-10-02 10:25:36,019 INFO Connection check task end

2026-10-02 10:25:37,329 INFO ConnectionMetrics, totalCount = 0, detail = {long_connection=0, long_polling=0}

2026-10-02 10:25:39,020 INFO Connection check task start

2026-10-02 10:25:39,021 INFO Long connection metrics detail ,Total count =0, sdkCount=0,clusterCount=0

2026-10-02 10:25:39,022 INFO Out dated connection ,size=0

2026-10-02 10:25:39,023 INFO Connection check task end

2026-10-02 10:25:40,330 INFO ConnectionMetrics, totalCount = 0, detail = {long_connection=0, long_polling=0}

2026-10-02 10:25:42,024 INFO Connection check task start

2026-10-02 10:25:42,025 INFO Long connection metrics detail ,Total count =0, sdkCount=0,clusterCount=0

2026-10-02 10:25:42,026 INFO Out dated connection ,size=0

2026-10-02 10:25:42,027 INFO Connection check task end

2026-10-02 10:25:43,332 INFO ConnectionMetrics, totalCount = 0, detail = {long_connection=0, long_polling=0}

2026-10-02 10:25:45,027 INFO Connection check task start

2026-10-02 10:25:45,029 INFO Long connection metrics detail ,Total count =0, sdkCount=0,clusterCount=0

2026-10-02 10:25:45,030 INFO Out dated connection ,size=0

2026-10-02 10:25:45,031 INFO Connection check task end

2026-10-02 10:25:46,333 INFO ConnectionMetrics, totalCount = 0, detail = {long_connection=0, long_polling=0}

2026-10-02 10:25:48,032 INFO Connection check task start

2026-10-02 10:25:48,033 INFO Long connection metrics detail ,Total count =0, sdkCount=0,clusterCount=0

2026-10-02 10:25:48,033 INFO Out dated connection ,size=0

2026-10-02 10:25:48,034 INFO Connection check task end

2026-10-02 10:25:49,335 INFO ConnectionMetrics, totalCount = 0, detail = {long_connection=0, long_polling=0}

2026-10-02 10:25:51,035 INFO Connection check task start

2026-10-02 10:25:51,036 INFO Long connection metrics detail ,Total count =0, sdkCount=0,clusterCount=0

2026-10-02 10:25:51,037 INFO Out dated connection ,size=0

2026-10-02 10:25:51,038 INFO Connection check task end

2026-10-02 10:25:52,336 INFO ConnectionMetrics, totalCount = 0, detail = {long_connection=0, long_polling=0}

2026-10-02 10:25:54,039 INFO Connection check task start

2026-10-02 10:25:54,040 INFO Long connection metrics detail ,Total count =0, sdkCount=0,clusterCount=0

2026-10-02 10:25:54,041 INFO Out dated connection ,size=0

2026-10-02 10:25:54,042 INFO Connection check task end

2026-10-02 10:25:55,337 INFO ConnectionMetrics, totalCount = 0, detail = {long_connection=0, long_polling=0}

2026-10-02 10:25:57,043 INFO Connection check task start

2026-10-02 10:25:57,044 INFO Long connection metrics detail ,Total count =0, sdkCount=0,clusterCount=0

2026-10-02 10:25:57,045 INFO Out dated connection ,size=0

2026-10-02 10:25:57,045 INFO Connection check task end

2026-10-02 10:25:58,339 INFO ConnectionMetrics, totalCount = 0, detail = {long_connection=0, long_polling=0}

2026-10-02 10:26:00,046 INFO Connection check task start

2026-10-02 10:26:00,047 INFO Long connection metrics detail ,Total count =0, sdkCount=0,clusterCount=0

2026-10-02 10:26:00,047 INFO Out dated connection ,size=0

2026-10-02 10:26:00,048 INFO Connection check task end

2026-10-02 10:26:01,340 INFO ConnectionMetrics, totalCount = 0, detail = {long_connection=0, long_polling=0}

2026-10-02 10:26:03,049 INFO Connection check task start

2026-10-02 10:26:03,050 INFO Long connection metrics detail ,Total count =0, sdkCount=0,clusterCount=0

2026-10-02 10:26:03,051 INFO Out dated connection ,size=0

2026-10-02 10:26:03,051 INFO Connection check task end

2026-10-02 10:26:04,341 INFO ConnectionMetrics, totalCount = 0, detail = {long_connection=0, long_polling=0}

2026-10-02 10:26:06,052 INFO Connection check task start

2026-10-02 10:26:06,053 INFO Long connection metrics detail ,Total count =0, sdkCount=0,clusterCount=0

2026-10-02 10:26:06,054 INFO Out dated connection ,size=0

2026-10-02 10:26:06,054 INFO Connection check task end

2026-10-02 10:26:07,343 INFO ConnectionMetrics, totalCount = 0, detail = {long_connection=0, long_polling=0}

2026-10-02 10:26:09,055 INFO Connection check task start

2026-10-02 10:26:09,056 INFO Long connection metrics detail ,Total count =0, sdkCount=0,clusterCount=0

2026-10-02 10:26:09,057 INFO Out dated connection ,size=0

2026-10-02 10:26:09,057 INFO Connection check task end

2026-10-02 10:26:10,344 INFO ConnectionMetrics, totalCount = 0, detail = {long_connection=0, long_polling=0}

2026-10-02 10:26:12,058 INFO Connection check task start

2026-10-02 10:26:12,059 INFO Long connection metrics detail ,Total count =0, sdkCount=0,clusterCount=0

2026-10-02 10:26:12,060 INFO Out dated connection ,size=0

2026-10-02 10:26:12,061 INFO Connection check task end

2026-10-02 10:26:13,345 INFO ConnectionMetrics, totalCount = 0, detail = {long_connection=0, long_polling=0}

2026-10-02 10:26:15,063 INFO Connection check task start

2026-10-02 10:26:15,064 INFO Long connection metrics detail ,Total count =0, sdkCount=0,clusterCount=0

2026-10-02 10:26:15,065 INFO Out dated connection ,size=0

2026-10-02 10:26:15,066 INFO Connection check task end

2026-10-02 10:26:16,346 INFO ConnectionMetrics, totalCount = 0, detail = {long_connection=0, long_polling=0}

2026-10-02 10:26:18,067 INFO Connection check task start

2026-10-02 10:26:18,068 INFO Long connection metrics detail ,Total count =0, sdkCount=0,clusterCount=0

2026-10-02 10:26:18,069 INFO Out dated connection ,size=0

2026-10-02 10:26:18,070 INFO Connection check task end

2026-10-02 10:26:19,348 INFO ConnectionMetrics, totalCount = 0, detail = {long_connection=0, long_polling=0}

2026-10-02 10:26:21,071 INFO Connection check task start

2026-10-02 10:26:21,073 INFO Long connection metrics detail ,Total count =0, sdkCount=0,clusterCount=0

2026-10-02 10:26:21,074 INFO Out dated connection ,size=0

2026-10-02 10:26:21,075 INFO Connection check task end

2026-10-02 10:26:22,352 INFO ConnectionMetrics, totalCount = 0, detail = {long_connection=0, long_polling=0}

2026-10-02 10:26:24,076 INFO Connection check task start

2026-10-02 10:26:24,077 INFO Long connection metrics detail ,Total count =0, sdkCount=0,clusterCount=0

2026-10-02 10:26:24,078 INFO Out dated connection ,size=0

2026-10-02 10:26:24,078 INFO Connection check task end

2026-10-02 10:26:25,354 INFO ConnectionMetrics, totalCount = 0, detail = {long_connection=0, long_polling=0}

2026-10-02 10:26:27,079 INFO Connection check task start

2026-10-02 10:26:27,080 INFO Long connection metrics detail ,Total count =0, sdkCount=0,clusterCount=0

2026-10-02 10:26:27,082 INFO Out dated connection ,size=0

2026-10-02 10:26:27,083 INFO Connection check task end

2026-10-02 10:26:28,355 INFO ConnectionMetrics, totalCount = 0, detail = {long_connection=0, long_polling=0}

2026-10-02 10:26:30,082 INFO Connection check task start

2026-10-02 10:26:30,083 INFO Long connection metrics detail ,Total count =0, sdkCount=0,clusterCount=0

2026-10-02 10:26:30,085 INFO Out dated connection ,size=0

2026-10-02 10:26:30,086 INFO Connection check task end

2026-10-02 10:26:31,355 INFO ConnectionMetrics, totalCount = 0, detail = {long_connection=0, long_polling=0}

2026-10-02 10:26:33,086 INFO Connection check task start

2026-10-02 10:26:33,088 INFO Long connection metrics detail ,Total count =0, sdkCount=0,clusterCount=0

2026-10-02 10:26:33,089 INFO Out dated connection ,size=0

2026-10-02 10:26:33,089 INFO Connection check task end

2026-10-02 10:26:34,356 INFO ConnectionMetrics, totalCount = 0, detail = {long_connection=0, long_polling=0}

2026-10-02 10:26:36,090 INFO Connection check task start

2026-10-02 10:26:36,092 INFO Long connection metrics detail ,Total count =0, sdkCount=0,clusterCount=0

2026-10-02 10:26:36,092 INFO Out dated connection ,size=0

2026-10-02 10:26:36,093 INFO Connection check task end

2026-10-02 10:26:37,358 INFO ConnectionMetrics, totalCount = 0, detail = {long_connection=0, long_polling=0}

2026-10-02 10:26:39,095 INFO Connection check task start

2026-10-02 10:26:39,096 INFO Long connection metrics detail ,Total count =0, sdkCount=0,clusterCount=0

2026-10-02 10:26:39,097 INFO Out dated connection ,size=0

2026-10-02 10:26:39,097 INFO Connection check task end

2026-10-02 10:26:40,359 INFO ConnectionMetrics, totalCount = 0, detail = {long_connection=0, long_polling=0}

2026-10-02 10:26:42,098 INFO Connection check task start

2026-10-02 10:26:42,100 INFO Long connection metrics detail ,Total count =0, sdkCount=0,clusterCount=0

2026-10-02 10:26:42,102 INFO Out dated connection ,size=0

2026-10-02 10:26:42,103 INFO Connection check task end

2026-10-02 10:26:43,361 INFO ConnectionMetrics, totalCount = 0, detail = {long_connection=0, long_polling=0}

2026-10-02 10:26:45,104 INFO Connection check task start

2026-10-02 10:26:45,105 INFO Long connection metrics detail ,Total count =0, sdkCount=0,clusterCount=0

2026-10-02 10:26:45,105 INFO Out dated connection ,size=0

2026-10-02 10:26:45,106 INFO Connection check task end

2026-10-02 10:26:46,362 INFO ConnectionMetrics, totalCount = 0, detail = {long_connection=0, long_polling=0}

2026-10-02 10:26:48,107 INFO Connection check task start

2026-10-02 10:26:48,107 INFO Long connection metrics detail ,Total count =0, sdkCount=0,clusterCount=0

2026-10-02 10:26:48,108 INFO Out dated connection ,size=0

2026-10-02 10:26:48,109 INFO Connection check task end

2026-10-02 10:26:49,365 INFO ConnectionMetrics, totalCount = 0, detail = {long_connection=0, long_polling=0}

2026-10-02 10:26:51,110 INFO Connection check task start

2026-10-02 10:26:51,111 INFO Long connection metrics detail ,Total count =0, sdkCount=0,clusterCount=0

2026-10-02 10:26:51,111 INFO Out dated connection ,size=0

2026-10-02 10:26:51,112 INFO Connection check task end

2026-10-02 10:26:52,367 INFO ConnectionMetrics, totalCount = 0, detail = {long_connection=0, long_polling=0}

2026-10-02 10:26:54,113 INFO Connection check task start

2026-10-02 10:26:54,114 INFO Long connection metrics detail ,Total count =0, sdkCount=0,clusterCount=0

2026-10-02 10:26:54,115 INFO Out dated connection ,size=0

2026-10-02 10:26:54,115 INFO Connection check task end

2026-10-02 10:26:55,368 INFO ConnectionMetrics, totalCount = 0, detail = {long_connection=0, long_polling=0}

2026-10-02 10:26:57,116 INFO Connection check task start

2026-10-02 10:26:57,117 INFO Long connection metrics detail ,Total count =0, sdkCount=0,clusterCount=0

2026-10-02 10:26:57,117 INFO Out dated connection ,size=0

2026-10-02 10:26:57,118 INFO Connection check task end

2026-10-02 10:26:58,369 INFO ConnectionMetrics, totalCount = 0, detail = {long_connection=0, long_polling=0}

2026-10-02 10:27:00,117 INFO Connection check task start

2026-10-02 10:27:00,118 INFO Long connection metrics detail ,Total count =0, sdkCount=0,clusterCount=0

2026-10-02 10:27:00,118 INFO Out dated connection ,size=0

2026-10-02 10:27:00,119 INFO Connection check task end

2026-10-02 10:27:01,369 INFO ConnectionMetrics, totalCount = 0, detail = {long_connection=0, long_polling=0}

2026-10-02 10:27:03,120 INFO Connection check task start

2026-10-02 10:27:03,121 INFO Long connection metrics detail ,Total count =0, sdkCount=0,clusterCount=0

2026-10-02 10:27:03,122 INFO Out dated connection ,size=0

2026-10-02 10:27:03,122 INFO Connection check task end

2026-10-02 10:27:04,369 INFO ConnectionMetrics, totalCount = 0, detail = {long_connection=0, long_polling=0}

2026-10-02 10:27:06,123 INFO Connection check task start

2026-10-02 10:27:06,135 INFO Long connection metrics detail ,Total count =0, sdkCount=0,clusterCount=0

2026-10-02 10:27:06,136 INFO Out dated connection ,size=0

2026-10-02 10:27:06,137 INFO Connection check task end

2026-10-02 10:27:07,370 INFO ConnectionMetrics, totalCount = 0, detail = {long_connection=0, long_polling=0}

2026-10-02 10:27:09,137 INFO Connection check task start

2026-10-02 10:27:09,138 INFO Long connection metrics detail ,Total count =0, sdkCount=0,clusterCount=0

2026-10-02 10:27:09,138 INFO Out dated connection ,size=0

2026-10-02 10:27:09,139 INFO Connection check task end

2026-10-02 10:27:10,372 INFO ConnectionMetrics, totalCount = 0, detail = {long_connection=0, long_polling=0}

2026-10-02 10:27:12,140 INFO Connection check task start

2026-10-02 10:27:12,141 INFO Long connection metrics detail ,Total count =0, sdkCount=0,clusterCount=0

2026-10-02 10:27:12,142 INFO Out dated connection ,size=0

2026-10-02 10:27:12,142 INFO Connection check task end

2026-10-02 10:27:13,373 INFO ConnectionMetrics, totalCount = 0, detail = {long_connection=0, long_polling=0}

2026-10-02 10:27:15,143 INFO Connection check task start

2026-10-02 10:27:15,144 INFO Long connection metrics detail ,Total count =0, sdkCount=0,clusterCount=0

2026-10-02 10:27:15,145 INFO Out dated connection ,size=0

2026-10-02 10:27:15,145 INFO Connection check task end

2026-10-02 10:27:16,374 INFO ConnectionMetrics, totalCount = 0, detail = {long_connection=0, long_polling=0}

2026-10-02 10:27:18,146 INFO Connection check task start

2026-10-02 10:27:18,147 INFO Long connection metrics detail ,Total count =0, sdkCount=0,clusterCount=0

2026-10-02 10:27:18,147 INFO Out dated connection ,size=0

2026-10-02 10:27:18,148 INFO Connection check task end

2026-10-02 10:27:19,374 INFO ConnectionMetrics, totalCount = 0, detail = {long_connection=0, long_polling=0}

2026-10-02 10:27:21,148 INFO Connection check task start

2026-10-02 10:27:21,149 INFO Long connection metrics detail ,Total count =0, sdkCount=0,clusterCount=0

2026-10-02 10:27:21,150 INFO Out dated connection ,size=0

2026-10-02 10:27:21,151 INFO Connection check task end

2026-10-02 10:27:22,375 INFO ConnectionMetrics, totalCount = 0, detail = {long_connection=0, long_polling=0}

2026-10-02 10:27:24,151 INFO Connection check task start

2026-10-02 10:27:24,152 INFO Long connection metrics detail ,Total count =0, sdkCount=0,clusterCount=0

2026-10-02 10:27:24,153 INFO Out dated connection ,size=0

2026-10-02 10:27:24,153 INFO Connection check task end

2026-10-02 10:27:25,377 INFO ConnectionMetrics, totalCount = 0, detail = {long_connection=0, long_polling=0}

2026-10-02 10:27:27,154 INFO Connection check task start

2026-10-02 10:27:27,154 INFO Long connection metrics detail ,Total count =0, sdkCount=0,clusterCount=0

2026-10-02 10:27:27,155 INFO Out dated connection ,size=0

2026-10-02 10:27:27,155 INFO Connection check task end

2026-10-02 10:27:28,382 INFO ConnectionMetrics, totalCount = 0, detail = {long_connection=0, long_polling=0}

2026-10-02 10:27:30,155 INFO Connection check task start

2026-10-02 10:27:30,155 INFO Long connection metrics detail ,Total count =0, sdkCount=0,clusterCount=0

2026-10-02 10:27:30,156 INFO Out dated connection ,size=0

2026-10-02 10:27:30,157 INFO Connection check task end

2026-10-02 10:27:31,382 INFO ConnectionMetrics, totalCount = 0, detail = {long_connection=0, long_polling=0}

2026-10-02 10:27:33,158 INFO Connection check task start

2026-10-02 10:27:33,159 INFO Long connection metrics detail ,Total count =0, sdkCount=0,clusterCount=0

2026-10-02 10:27:33,160 INFO Out dated connection ,size=0

2026-10-02 10:27:33,160 INFO Connection check task end

2026-10-02 10:27:34,383 INFO ConnectionMetrics, totalCount = 0, detail = {long_connection=0, long_polling=0}

2026-10-02 10:27:36,161 INFO Connection check task start

2026-10-02 10:27:36,162 INFO Long connection metrics detail ,Total count =0, sdkCount=0,clusterCount=0

2026-10-02 10:27:36,163 INFO Out dated connection ,size=0

2026-10-02 10:27:36,165 INFO Connection check task end

2026-10-02 10:27:37,384 INFO ConnectionMetrics, totalCount = 0, detail = {long_connection=0, long_polling=0}

2026-10-02 10:27:39,166 INFO Connection check task start

2026-10-02 10:27:39,167 INFO Long connection metrics detail ,Total count =0, sdkCount=0,clusterCount=0

2026-10-02 10:27:39,167 INFO Out dated connection ,size=0

2026-10-02 10:27:39,168 INFO Connection check task end

2026-10-02 10:27:40,385 INFO ConnectionMetrics, totalCount = 0, detail = {long_connection=0, long_polling=0}

2026-10-02 10:27:42,169 INFO Connection check task start

2026-10-02 10:27:42,169 INFO Long connection metrics detail ,Total count =0, sdkCount=0,clusterCount=0

2026-10-02 10:27:42,170 INFO Out dated connection ,size=0

2026-10-02 10:27:42,170 INFO Connection check task end

2026-10-02 10:27:43,386 INFO ConnectionMetrics, totalCount = 0, detail = {long_connection=0, long_polling=0}

2026-10-02 10:27:45,171 INFO Connection check task start

2026-10-02 10:27:45,172 INFO Long connection metrics detail ,Total count =0, sdkCount=0,clusterCount=0

2026-10-02 10:27:45,173 INFO Out dated connection ,size=0

2026-10-02 10:27:45,174 INFO Connection check task end

2026-10-02 10:27:46,387 INFO ConnectionMetrics, totalCount = 0, detail = {long_connection=0, long_polling=0}

2026-10-02 10:27:48,174 INFO Connection check task start

2026-10-02 10:27:48,175 INFO Long connection metrics detail ,Total count =0, sdkCount=0,clusterCount=0

2026-10-02 10:27:48,175 INFO Out dated connection ,size=0

2026-10-02 10:27:48,176 INFO Connection check task end

2026-10-02 10:27:49,389 INFO ConnectionMetrics, totalCount = 0, detail = {long_connection=0, long_polling=0}

2026-10-02 10:27:51,177 INFO Connection check task start

2026-10-02 10:27:51,178 INFO Long connection metrics detail ,Total count =0, sdkCount=0,clusterCount=0

2026-10-02 10:27:51,178 INFO Out dated connection ,size=0

2026-10-02 10:27:51,179 INFO Connection check task end

2026-10-02 10:27:52,390 INFO ConnectionMetrics, totalCount = 0, detail = {long_connection=0, long_polling=0}

2026-10-02 10:27:54,179 INFO Connection check task start

2026-10-02 10:27:54,180 INFO Long connection metrics detail ,Total count =0, sdkCount=0,clusterCount=0

2026-10-02 10:27:54,180 INFO Out dated connection ,size=0

2026-10-02 10:27:54,181 INFO Connection check task end

2026-10-02 10:27:55,391 INFO ConnectionMetrics, totalCount = 0, detail = {long_connection=0, long_polling=0}

2026-10-02 10:27:57,181 INFO Connection check task start

2026-10-02 10:27:57,182 INFO Long connection metrics detail ,Total count =0, sdkCount=0,clusterCount=0

2026-10-02 10:27:57,183 INFO Out dated connection ,size=0

2026-10-02 10:27:57,189 INFO Connection check task end

2026-10-02 10:27:58,392 INFO ConnectionMetrics, totalCount = 0, detail = {long_connection=0, long_polling=0}

2026-10-02 10:28:00,190 INFO Connection check task start

2026-10-02 10:28:00,191 INFO Long connection metrics detail ,Total count =0, sdkCount=0,clusterCount=0

2026-10-02 10:28:00,193 INFO Out dated connection ,size=0

2026-10-02 10:28:00,194 INFO Connection check task end

2026-10-02 10:28:01,392 INFO ConnectionMetrics, totalCount = 0, detail = {long_connection=0, long_polling=0}

2026-10-02 10:28:03,195 INFO Connection check task start

2026-10-02 10:28:03,196 INFO Long connection metrics detail ,Total count =0, sdkCount=0,clusterCount=0

2026-10-02 10:28:03,197 INFO Out dated connection ,size=0

2026-10-02 10:28:03,198 INFO Connection check task end

2026-10-02 10:28:04,393 INFO ConnectionMetrics, totalCount = 0, detail = {long_connection=0, long_polling=0}

2026-10-02 10:28:06,198 INFO Connection check task start

2026-10-02 10:28:06,199 INFO Long connection metrics detail ,Total count =0, sdkCount=0,clusterCount=0

2026-10-02 10:28:06,200 INFO Out dated connection ,size=0

2026-10-02 10:28:06,200 INFO Connection check task end

2026-10-02 10:28:07,394 INFO ConnectionMetrics, totalCount = 0, detail = {long_connection=0, long_polling=0}

2026-10-02 10:28:09,201 INFO Connection check task start

2026-10-02 10:28:09,202 INFO Long connection metrics detail ,Total count =0, sdkCount=0,clusterCount=0

2026-10-02 10:28:09,203 INFO Out dated connection ,size=0

2026-10-02 10:28:09,203 INFO Connection check task end

2026-10-02 10:28:10,395 INFO ConnectionMetrics, totalCount = 0, detail = {long_connection=0, long_polling=0}

2026-10-02 10:28:12,204 INFO Connection check task start

2026-10-02 10:28:12,205 INFO Long connection metrics detail ,Total count =0, sdkCount=0,clusterCount=0

2026-10-02 10:28:12,206 INFO Out dated connection ,size=0

2026-10-02 10:28:12,207 INFO Connection check task end

2026-10-02 10:28:13,397 INFO ConnectionMetrics, totalCount = 0, detail = {long_connection=0, long_polling=0}

2026-10-02 10:28:15,208 INFO Connection check task start

2026-10-02 10:28:15,209 INFO Long connection metrics detail ,Total count =0, sdkCount=0,clusterCount=0

2026-10-02 10:28:15,209 INFO Out dated connection ,size=0

2026-10-02 10:28:15,209 INFO Connection check task end

2026-10-02 10:28:16,398 INFO ConnectionMetrics, totalCount = 0, detail = {long_connection=0, long_polling=0}

2026-10-02 10:28:18,210 INFO Connection check task start

2026-10-02 10:28:18,210 INFO Long connection metrics detail ,Total count =0, sdkCount=0,clusterCount=0

2026-10-02 10:28:18,211 INFO Out dated connection ,size=0

2026-10-02 10:28:18,211 INFO Connection check task end

2026-10-02 10:28:19,399 INFO ConnectionMetrics, totalCount = 0, detail = {long_connection=0, long_polling=0}

2026-10-02 10:28:21,212 INFO Connection check task start

2026-10-02 10:28:21,212 INFO Long connection metrics detail ,Total count =0, sdkCount=0,clusterCount=0

2026-10-02 10:28:21,213 INFO Out dated connection ,size=0

2026-10-02 10:28:21,213 INFO Connection check task end

2026-10-02 10:28:22,400 INFO ConnectionMetrics, totalCount = 0, detail = {long_connection=0, long_polling=0}

2026-10-02 10:28:24,214 INFO Connection check task start

2026-10-02 10:28:24,215 INFO Long connection metrics detail ,Total count =0, sdkCount=0,clusterCount=0

2026-10-02 10:28:24,215 INFO Out dated connection ,size=0

2026-10-02 10:28:24,216 INFO Connection check task end

2026-10-02 10:28:25,401 INFO ConnectionMetrics, totalCount = 0, detail = {long_connection=0, long_polling=0}

2026-10-02 10:28:27,217 INFO Connection check task start

2026-10-02 10:28:27,218 INFO Long connection metrics detail ,Total count =0, sdkCount=0,clusterCount=0

2026-10-02 10:28:27,219 INFO Out dated connection ,size=0

2026-10-02 10:28:27,219 INFO Connection check task end

2026-10-02 10:28:28,403 INFO ConnectionMetrics, totalCount = 0, detail = {long_connection=0, long_polling=0}

2026-10-02 10:28:30,219 INFO Connection check task start

2026-10-02 10:28:30,219 INFO Long connection metrics detail ,Total count =0, sdkCount=0,clusterCount=0

2026-10-02 10:28:30,220 INFO Out dated connection ,size=0

2026-10-02 10:28:30,220 INFO Connection check task end

2026-10-02 10:28:31,402 INFO ConnectionMetrics, totalCount = 0, detail = {long_connection=0, long_polling=0}

2026-10-02 10:28:33,221 INFO Connection check task start

2026-10-02 10:28:33,221 INFO Long connection metrics detail ,Total count =0, sdkCount=0,clusterCount=0

2026-10-02 10:28:33,222 INFO Out dated connection ,size=0

2026-10-02 10:28:33,223 INFO Connection check task end

2026-10-02 10:28:34,404 INFO ConnectionMetrics, totalCount = 0, detail = {long_connection=0, long_polling=0}

2026-10-02 10:28:36,223 INFO Connection check task start

2026-10-02 10:28:36,225 INFO Long connection metrics detail ,Total count =0, sdkCount=0,clusterCount=0

2026-10-02 10:28:36,226 INFO Out dated connection ,size=0

2026-10-02 10:28:36,227 INFO Connection check task end

2026-10-02 10:28:37,405 INFO ConnectionMetrics, totalCount = 0, detail = {long_connection=0, long_polling=0}

2026-10-02 10:28:39,228 INFO Connection check task start

2026-10-02 10:28:39,228 INFO Long connection metrics detail ,Total count =0, sdkCount=0,clusterCount=0

2026-10-02 10:28:39,229 INFO Out dated connection ,size=0

2026-10-02 10:28:39,229 INFO Connection check task end

2026-10-02 10:28:40,406 INFO ConnectionMetrics, totalCount = 0, detail = {long_connection=0, long_polling=0}

2026-10-02 10:28:42,230 INFO Connection check task start

2026-10-02 10:28:42,231 INFO Long connection metrics detail ,Total count =0, sdkCount=0,clusterCount=0

2026-10-02 10:28:42,231 INFO Out dated connection ,size=0

2026-10-02 10:28:42,232 INFO Connection check task end

2026-10-02 10:28:43,407 INFO ConnectionMetrics, totalCount = 0, detail = {long_connection=0, long_polling=0}

2026-10-02 10:28:45,233 INFO Connection check task start

2026-10-02 10:28:45,234 INFO Long connection metrics detail ,Total count =0, sdkCount=0,clusterCount=0

2026-10-02 10:28:45,235 INFO Out dated connection ,size=0

2026-10-02 10:28:45,236 INFO Connection check task end

2026-10-02 10:28:46,408 INFO ConnectionMetrics, totalCount = 0, detail = {long_connection=0, long_polling=0}

2026-10-02 10:28:48,237 INFO Connection check task start

2026-10-02 10:28:48,239 INFO Long connection metrics detail ,Total count =0, sdkCount=0,clusterCount=0

2026-10-02 10:28:48,240 INFO Out dated connection ,size=0

2026-10-02 10:28:48,241 INFO Connection check task end

2026-10-02 10:28:49,409 INFO ConnectionMetrics, totalCount = 0, detail = {long_connection=0, long_polling=0}

2026-10-02 10:28:51,242 INFO Connection check task start

2026-10-02 10:28:51,243 INFO Long connection metrics detail ,Total count =0, sdkCount=0,clusterCount=0

2026-10-02 10:28:51,244 INFO Out dated connection ,size=0

2026-10-02 10:28:51,245 INFO Connection check task end

2026-10-02 10:28:52,411 INFO ConnectionMetrics, totalCount = 0, detail = {long_connection=0, long_polling=0}

2026-10-02 10:28:54,246 INFO Connection check task start

2026-10-02 10:28:54,247 INFO Long connection metrics detail ,Total count =0, sdkCount=0,clusterCount=0

2026-10-02 10:28:54,248 INFO Out dated connection ,size=0

2026-10-02 10:28:54,249 INFO Connection check task end

2026-10-02 10:28:55,412 INFO ConnectionMetrics, totalCount = 0, detail = {long_connection=0, long_polling=0}

2026-10-02 10:28:57,250 INFO Connection check task start

2026-10-02 10:28:57,250 INFO Long connection metrics detail ,Total count =0, sdkCount=0,clusterCount=0

2026-10-02 10:28:57,251 INFO Out dated connection ,size=0

2026-10-02 10:28:57,251 INFO Connection check task end

2026-10-02 10:28:58,413 INFO ConnectionMetrics, totalCount = 0, detail = {long_connection=0, long_polling=0}

2026-10-02 10:29:00,251 INFO Connection check task start

2026-10-02 10:29:00,251 INFO Long connection metrics detail ,Total count =0, sdkCount=0,clusterCount=0

2026-10-02 10:29:00,252 INFO Out dated connection ,size=0

2026-10-02 10:29:00,252 INFO Connection check task end

2026-10-02 10:29:01,413 INFO ConnectionMetrics, totalCount = 0, detail = {long_connection=0, long_polling=0}

2026-10-02 10:29:03,253 INFO Connection check task start

2026-10-02 10:29:03,254 INFO Long connection metrics detail ,Total count =0, sdkCount=0,clusterCount=0

2026-10-02 10:29:03,255 INFO Out dated connection ,size=0

2026-10-02 10:29:03,255 INFO Connection check task end

2026-10-02 10:29:04,414 INFO ConnectionMetrics, totalCount = 0, detail = {long_connection=0, long_polling=0}

2026-10-02 10:29:06,256 INFO Connection check task start

2026-10-02 10:29:06,257 INFO Long connection metrics detail ,Total count =0, sdkCount=0,clusterCount=0

2026-10-02 10:29:06,257 INFO Out dated connection ,size=0

2026-10-02 10:29:06,258 INFO Connection check task end

2026-10-02 10:29:07,415 INFO ConnectionMetrics, totalCount = 0, detail = {long_connection=0, long_polling=0}

2026-10-02 10:29:09,259 INFO Connection check task start

2026-10-02 10:29:09,263 INFO Long connection metrics detail ,Total count =0, sdkCount=0,clusterCount=0

2026-10-02 10:29:09,264 INFO Out dated connection ,size=0

2026-10-02 10:29:09,266 INFO Connection check task end

2026-10-02 10:29:10,416 INFO ConnectionMetrics, totalCount = 0, detail = {long_connection=0, long_polling=0}

2026-10-02 10:29:12,281 INFO Connection check task start

2026-10-02 10:29:12,282 INFO Long connection metrics detail ,Total count =0, sdkCount=0,clusterCount=0

2026-10-02 10:29:12,283 INFO Out dated connection ,size=0

2026-10-02 10:29:12,284 INFO Connection check task end

2026-10-02 10:29:13,417 INFO ConnectionMetrics, totalCount = 0, detail = {long_connection=0, long_polling=0}

2026-10-02 10:29:15,286 INFO Connection check task start

2026-10-02 10:29:15,287 INFO Long connection metrics detail ,Total count =0, sdkCount=0,clusterCount=0

2026-10-02 10:29:15,288 INFO Out dated connection ,size=0

2026-10-02 10:29:15,289 INFO Connection check task end

2026-10-02 10:29:16,419 INFO ConnectionMetrics, totalCount = 0, detail = {long_connection=0, long_polling=0}

2026-10-02 10:29:18,290 INFO Connection check task start

2026-10-02 10:29:18,291 INFO Long connection metrics detail ,Total count =0, sdkCount=0,clusterCount=0

2026-10-02 10:29:18,291 INFO Out dated connection ,size=0

2026-10-02 10:29:18,292 INFO Connection check task end

2026-10-02 10:29:19,420 INFO ConnectionMetrics, totalCount = 0, detail = {long_connection=0, long_polling=0}

2026-10-02 10:29:21,293 INFO Connection check task start

2026-10-02 10:29:21,294 INFO Long connection metrics detail ,Total count =0, sdkCount=0,clusterCount=0

2026-10-02 10:29:21,295 INFO Out dated connection ,size=0

2026-10-02 10:29:21,296 INFO Connection check task end

2026-10-02 10:29:22,421 INFO ConnectionMetrics, totalCount = 0, detail = {long_connection=0, long_polling=0}

2026-10-02 10:29:24,297 INFO Connection check task start

2026-10-02 10:29:24,299 INFO Long connection metrics detail ,Total count =0, sdkCount=0,clusterCount=0

2026-10-02 10:29:24,300 INFO Out dated connection ,size=0

2026-10-02 10:29:24,302 INFO Connection check task end

2026-10-02 10:29:25,422 INFO ConnectionMetrics, totalCount = 0, detail = {long_connection=0, long_polling=0}

2026-10-02 10:29:27,304 INFO Connection check task start

2026-10-02 10:29:27,305 INFO Long connection metrics detail ,Total count =0, sdkCount=0,clusterCount=0

2026-10-02 10:29:27,305 INFO Out dated connection ,size=0

2026-10-02 10:29:27,306 INFO Connection check task end

2026-10-02 10:29:28,424 INFO ConnectionMetrics, totalCount = 0, detail = {long_connection=0, long_polling=0}

2026-10-02 10:29:30,305 INFO Connection check task start

2026-10-02 10:29:30,306 INFO Long connection metrics detail ,Total count =0, sdkCount=0,clusterCount=0

2026-10-02 10:29:30,307 INFO Out dated connection ,size=0

2026-10-02 10:29:30,308 INFO Connection check task end

2026-10-02 10:29:31,423 INFO ConnectionMetrics, totalCount = 0, detail = {long_connection=0, long_polling=0}

2026-10-02 10:29:33,309 INFO Connection check task start

2026-10-02 10:29:33,310 INFO Long connection metrics detail ,Total count =0, sdkCount=0,clusterCount=0

2026-10-02 10:29:33,310 INFO Out dated connection ,size=0

2026-10-02 10:29:33,311 INFO Connection check task end

2026-10-02 10:29:34,424 INFO ConnectionMetrics, totalCount = 0, detail = {long_connection=0, long_polling=0}

2026-10-02 10:29:36,311 INFO Connection check task start

2026-10-02 10:29:36,312 INFO Long connection metrics detail ,Total count =0, sdkCount=0,clusterCount=0

2026-10-02 10:29:36,313 INFO Out dated connection ,size=0

2026-10-02 10:29:36,314 INFO Connection check task end

2026-10-02 10:29:37,426 INFO ConnectionMetrics, totalCount = 0, detail = {long_connection=0, long_polling=0}

2026-10-02 10:29:39,315 INFO Connection check task start

2026-10-02 10:29:39,317 INFO Long connection metrics detail ,Total count =0, sdkCount=0,clusterCount=0

2026-10-02 10:29:39,317 INFO Out dated connection ,size=0

2026-10-02 10:29:39,318 INFO Connection check task end

2026-10-02 10:29:40,427 INFO ConnectionMetrics, totalCount = 0, detail = {long_connection=0, long_polling=0}

2026-10-02 10:29:42,319 INFO Connection check task start

2026-10-02 10:29:42,320 INFO Long connection metrics detail ,Total count =0, sdkCount=0,clusterCount=0

2026-10-02 10:29:42,321 INFO Out dated connection ,size=0

2026-10-02 10:29:42,322 INFO Connection check task end

2026-10-02 10:29:43,428 INFO ConnectionMetrics, totalCount = 0, detail = {long_connection=0, long_polling=0}

2026-10-02 10:29:45,323 INFO Connection check task start

2026-10-02 10:29:45,324 INFO Long connection metrics detail ,Total count =0, sdkCount=0,clusterCount=0

2026-10-02 10:29:45,325 INFO Out dated connection ,size=0

2026-10-02 10:29:45,325 INFO Connection check task end

2026-10-02 10:29:46,429 INFO ConnectionMetrics, totalCount = 0, detail = {long_connection=0, long_polling=0}

2026-10-02 10:29:48,326 INFO Connection check task start

2026-10-02 10:29:48,327 INFO Long connection metrics detail ,Total count =0, sdkCount=0,clusterCount=0

2026-10-02 10:29:48,328 INFO Out dated connection ,size=0

2026-10-02 10:29:48,329 INFO Connection check task end

2026-10-02 10:29:49,431 INFO ConnectionMetrics, totalCount = 0, detail = {long_connection=0, long_polling=0}

2026-10-02 10:29:51,330 INFO Connection check task start

2026-10-02 10:29:51,331 INFO Long connection metrics detail ,Total count =0, sdkCount=0,clusterCount=0

2026-10-02 10:29:51,332 INFO Out dated connection ,size=0

2026-10-02 10:29:51,333 INFO Connection check task end

2026-10-02 10:29:52,432 INFO ConnectionMetrics, totalCount = 0, detail = {long_connection=0, long_polling=0}

2026-10-02 10:29:54,334 INFO Connection check task start

2026-10-02 10:29:54,335 INFO Long connection metrics detail ,Total count =0, sdkCount=0,clusterCount=0

2026-10-02 10:29:54,336 INFO Out dated connection ,size=0

2026-10-02 10:29:54,337 INFO Connection check task end

2026-10-02 10:29:55,433 INFO ConnectionMetrics, totalCount = 0, detail = {long_connection=0, long_polling=0}

2026-10-02 10:29:57,337 INFO Connection check task start

2026-10-02 10:29:57,339 INFO Long connection metrics detail ,Total count =0, sdkCount=0,clusterCount=0

2026-10-02 10:29:57,340 INFO Out dated connection ,size=0

2026-10-02 10:29:57,341 INFO Connection check task end

2026-10-02 10:29:58,434 INFO ConnectionMetrics, totalCount = 0, detail = {long_connection=0, long_polling=0}

2026-10-02 10:30:00,341 INFO Connection check task start

2026-10-02 10:30:00,342 INFO Long connection metrics detail ,Total count =0, sdkCount=0,clusterCount=0

2026-10-02 10:30:00,343 INFO Out dated connection ,size=0

2026-10-02 10:30:00,344 INFO Connection check task end

2026-10-02 10:30:01,434 INFO ConnectionMetrics, totalCount = 0, detail = {long_connection=0, long_polling=0}

2026-10-02 10:30:03,344 INFO Connection check task start

2026-10-02 10:30:03,345 INFO Long connection metrics detail ,Total count =0, sdkCount=0,clusterCount=0

2026-10-02 10:30:03,346 INFO Out dated connection ,size=0

2026-10-02 10:30:03,346 INFO Connection check task end

2026-10-02 10:30:04,435 INFO ConnectionMetrics, totalCount = 0, detail = {long_connection=0, long_polling=0}

2026-10-02 10:30:06,347 INFO Connection check task start

2026-10-02 10:30:06,348 INFO Long connection metrics detail ,Total count =0, sdkCount=0,clusterCount=0

2026-10-02 10:30:06,349 INFO Out dated connection ,size=0

2026-10-02 10:30:06,350 INFO Connection check task end

2026-10-02 10:30:07,437 INFO ConnectionMetrics, totalCount = 0, detail = {long_connection=0, long_polling=0}

2026-10-02 10:30:09,350 INFO Connection check task start

2026-10-02 10:30:09,352 INFO Long connection metrics detail ,Total count =0, sdkCount=0,clusterCount=0

2026-10-02 10:30:09,352 INFO Out dated connection ,size=0

2026-10-02 10:30:09,353 INFO Connection check task end

2026-10-02 10:30:10,438 INFO ConnectionMetrics, totalCount = 0, detail = {long_connection=0, long_polling=0}

2026-10-02 10:30:12,355 INFO Connection check task start

2026-10-02 10:30:12,357 INFO Long connection metrics detail ,Total count =0, sdkCount=0,clusterCount=0

2026-10-02 10:30:12,358 INFO Out dated connection ,size=0

2026-10-02 10:30:12,359 INFO Connection check task end

2026-10-02 10:30:13,440 INFO ConnectionMetrics, totalCount = 0, detail = {long_connection=0, long_polling=0}

2026-10-02 10:30:15,360 INFO Connection check task start

2026-10-02 10:30:15,361 INFO Long connection metrics detail ,Total count =0, sdkCount=0,clusterCount=0

2026-10-02 10:30:15,361 INFO Out dated connection ,size=0

2026-10-02 10:30:15,362 INFO Connection check task end

2026-10-02 10:30:16,441 INFO ConnectionMetrics, totalCount = 0, detail = {long_connection=0, long_polling=0}

2026-10-02 10:30:18,363 INFO Connection check task start

2026-10-02 10:30:18,364 INFO Long connection metrics detail ,Total count =0, sdkCount=0,clusterCount=0

2026-10-02 10:30:18,365 INFO Out dated connection ,size=0

2026-10-02 10:30:18,365 INFO Connection check task end

2026-10-02 10:30:19,442 INFO ConnectionMetrics, totalCount = 0, detail = {long_connection=0, long_polling=0}

2026-10-02 10:30:21,366 INFO Connection check task start

2026-10-02 10:30:21,367 INFO Long connection metrics detail ,Total count =0, sdkCount=0,clusterCount=0

2026-10-02 10:30:21,368 INFO Out dated connection ,size=0

2026-10-02 10:30:21,369 INFO Connection check task end

2026-10-02 10:30:22,444 INFO ConnectionMetrics, totalCount = 0, detail = {long_connection=0, long_polling=0}

2026-10-02 10:30:24,370 INFO Connection check task start

2026-10-02 10:30:24,371 INFO Long connection metrics detail ,Total count =0, sdkCount=0,clusterCount=0

2026-10-02 10:30:24,372 INFO Out dated connection ,size=0

2026-10-02 10:30:24,372 INFO Connection check task end

2026-10-02 10:30:25,445 INFO ConnectionMetrics, totalCount = 0, detail = {long_connection=0, long_polling=0}

2026-10-02 10:30:27,373 INFO Connection check task start

2026-10-02 10:30:27,374 INFO Long connection metrics detail ,Total count =0, sdkCount=0,clusterCount=0

2026-10-02 10:30:27,375 INFO Out dated connection ,size=0

2026-10-02 10:30:27,375 INFO Connection check task end

2026-10-02 10:30:28,446 INFO ConnectionMetrics, totalCount = 0, detail = {long_connection=0, long_polling=0}

2026-10-02 10:30:30,374 INFO Connection check task start

2026-10-02 10:30:30,374 INFO Long connection metrics detail ,Total count =0, sdkCount=0,clusterCount=0

2026-10-02 10:30:30,375 INFO Out dated connection ,size=0

2026-10-02 10:30:30,375 INFO Connection check task end

2026-10-02 10:30:31,445 INFO ConnectionMetrics, totalCount = 0, detail = {long_connection=0, long_polling=0}

2026-10-02 10:30:33,376 INFO Connection check task start

2026-10-02 10:30:33,377 INFO Long connection metrics detail ,Total count =0, sdkCount=0,clusterCount=0

2026-10-02 10:30:33,377 INFO Out dated connection ,size=0

2026-10-02 10:30:33,377 INFO Connection check task end

2026-10-02 10:30:34,447 INFO ConnectionMetrics, totalCount = 0, detail = {long_connection=0, long_polling=0}

2026-10-02 10:30:36,378 INFO Connection check task start

2026-10-02 10:30:36,379 INFO Long connection metrics detail ,Total count =0, sdkCount=0,clusterCount=0

2026-10-02 10:30:36,380 INFO Out dated connection ,size=0

2026-10-02 10:30:36,380 INFO Connection check task end

2026-10-02 10:30:37,449 INFO ConnectionMetrics, totalCount = 0, detail = {long_connection=0, long_polling=0}

2026-10-02 10:30:39,381 INFO Connection check task start

2026-10-02 10:30:39,382 INFO Long connection metrics detail ,Total count =0, sdkCount=0,clusterCount=0

2026-10-02 10:30:39,384 INFO Out dated connection ,size=0

2026-10-02 10:30:39,386 INFO Connection check task end

2026-10-02 10:30:40,450 INFO ConnectionMetrics, totalCount = 0, detail = {long_connection=0, long_polling=0}

2026-10-02 10:30:42,387 INFO Connection check task start

2026-10-02 10:30:42,388 INFO Long connection metrics detail ,Total count =0, sdkCount=0,clusterCount=0

2026-10-02 10:30:42,388 INFO Out dated connection ,size=0

2026-10-02 10:30:42,389 INFO Connection check task end

2026-10-02 10:30:43,451 INFO ConnectionMetrics, totalCount = 0, detail = {long_connection=0, long_polling=0}

2026-10-02 10:30:45,389 INFO Connection check task start

2026-10-02 10:30:45,390 INFO Long connection metrics detail ,Total count =0, sdkCount=0,clusterCount=0

2026-10-02 10:30:45,391 INFO Out dated connection ,size=0

2026-10-02 10:30:45,392 INFO Connection check task end

2026-10-02 10:30:46,452 INFO ConnectionMetrics, totalCount = 0, detail = {long_connection=0, long_polling=0}

2026-10-02 10:30:48,393 INFO Connection check task start

2026-10-02 10:30:48,394 INFO Long connection metrics detail ,Total count =0, sdkCount=0,clusterCount=0

2026-10-02 10:30:48,394 INFO Out dated connection ,size=0

2026-10-02 10:30:48,395 INFO Connection check task end

2026-10-02 10:30:49,454 INFO ConnectionMetrics, totalCount = 0, detail = {long_connection=0, long_polling=0}

2026-10-02 10:30:51,396 INFO Connection check task start

2026-10-02 10:30:51,397 INFO Long connection metrics detail ,Total count =0, sdkCount=0,clusterCount=0

2026-10-02 10:30:51,397 INFO Out dated connection ,size=0

2026-10-02 10:30:51,397 INFO Connection check task end

2026-10-02 10:30:52,455 INFO ConnectionMetrics, totalCount = 0, detail = {long_connection=0, long_polling=0}

2026-10-02 10:30:54,398 INFO Connection check task start

2026-10-02 10:30:54,399 INFO Long connection metrics detail ,Total count =0, sdkCount=0,clusterCount=0

2026-10-02 10:30:54,400 INFO Out dated connection ,size=0

2026-10-02 10:30:54,400 INFO Connection check task end

2026-10-02 10:30:55,456 INFO ConnectionMetrics, totalCount = 0, detail = {long_connection=0, long_polling=0}

2026-10-02 10:30:57,401 INFO Connection check task start

2026-10-02 10:30:57,402 INFO Long connection metrics detail ,Total count =0, sdkCount=0,clusterCount=0

2026-10-02 10:30:57,403 INFO Out dated connection ,size=0

2026-10-02 10:30:57,404 INFO Connection check task end

2026-10-02 10:30:58,457 INFO ConnectionMetrics, totalCount = 0, detail = {long_connection=0, long_polling=0}

2026-10-02 10:31:00,403 INFO Connection check task start

2026-10-02 10:31:00,404 INFO Long connection metrics detail ,Total count =0, sdkCount=0,clusterCount=0

2026-10-02 10:31:00,405 INFO Out dated connection ,size=0

2026-10-02 10:31:00,406 INFO Connection check task end

2026-10-02 10:31:01,457 INFO ConnectionMetrics, totalCount = 0, detail = {long_connection=0, long_polling=0}

2026-10-02 10:31:03,407 INFO Connection check task start

2026-10-02 10:31:03,407 INFO Long connection metrics detail ,Total count =0, sdkCount=0,clusterCount=0

2026-10-02 10:31:03,408 INFO Out dated connection ,size=0

2026-10-02 10:31:03,408 INFO Connection check task end

2026-10-02 10:31:04,458 INFO ConnectionMetrics, totalCount = 0, detail = {long_connection=0, long_polling=0}

2026-10-02 10:31:06,409 INFO Connection check task start

2026-10-02 10:31:06,410 INFO Long connection metrics detail ,Total count =0, sdkCount=0,clusterCount=0

2026-10-02 10:31:06,411 INFO Out dated connection ,size=0

2026-10-02 10:31:06,412 INFO Connection check task end

2026-10-02 10:31:07,460 INFO ConnectionMetrics, totalCount = 0, detail = {long_connection=0, long_polling=0}

2026-10-02 10:31:09,413 INFO Connection check task start

2026-10-02 10:31:09,414 INFO Long connection metrics detail ,Total count =0, sdkCount=0,clusterCount=0

2026-10-02 10:31:09,415 INFO Out dated connection ,size=0

2026-10-02 10:31:09,416 INFO Connection check task end

2026-10-02 10:31:10,461 INFO ConnectionMetrics, totalCount = 0, detail = {long_connection=0, long_polling=0}

2026-10-02 10:31:12,417 INFO Connection check task start

2026-10-02 10:31:12,418 INFO Long connection metrics detail ,Total count =0, sdkCount=0,clusterCount=0

2026-10-02 10:31:12,418 INFO Out dated connection ,size=0

2026-10-02 10:31:12,418 INFO Connection check task end

2026-10-02 10:31:13,463 INFO ConnectionMetrics, totalCount = 0, detail = {long_connection=0, long_polling=0}

2026-10-02 10:31:15,419 INFO Connection check task start

2026-10-02 10:31:15,421 INFO Long connection metrics detail ,Total count =0, sdkCount=0,clusterCount=0

2026-10-02 10:31:15,422 INFO Out dated connection ,size=0

2026-10-02 10:31:15,423 INFO Connection check task end

2026-10-02 10:31:16,465 INFO ConnectionMetrics, totalCount = 0, detail = {long_connection=0, long_polling=0}

2026-10-02 10:31:18,424 INFO Connection check task start

2026-10-02 10:31:18,425 INFO Long connection metrics detail ,Total count =0, sdkCount=0,clusterCount=0

2026-10-02 10:31:18,428 INFO Out dated connection ,size=0

2026-10-02 10:31:18,430 INFO Connection check task end

2026-10-02 10:31:19,471 INFO ConnectionMetrics, totalCount = 0, detail = {long_connection=0, long_polling=0}

2026-10-02 10:31:21,431 INFO Connection check task start

2026-10-02 10:31:21,432 INFO Long connection metrics detail ,Total count =0, sdkCount=0,clusterCount=0

2026-10-02 10:31:21,433 INFO Out dated connection ,size=0

2026-10-02 10:31:21,434 INFO Connection check task end

2026-10-02 10:31:22,472 INFO ConnectionMetrics, totalCount = 0, detail = {long_connection=0, long_polling=0}

2026-10-02 10:31:24,434 INFO Connection check task start

2026-10-02 10:31:24,435 INFO Long connection metrics detail ,Total count =0, sdkCount=0,clusterCount=0

2026-10-02 10:31:24,436 INFO Out dated connection ,size=0

2026-10-02 10:31:24,436 INFO Connection check task end

2026-10-02 10:31:25,474 INFO ConnectionMetrics, totalCount = 0, detail = {long_connection=0, long_polling=0}

2026-10-02 10:31:27,437 INFO Connection check task start

2026-10-02 10:31:27,437 INFO Long connection metrics detail ,Total count =0, sdkCount=0,clusterCount=0

2026-10-02 10:31:27,438 INFO Out dated connection ,size=0

2026-10-02 10:31:27,438 INFO Connection check task end

2026-10-02 10:31:28,476 INFO ConnectionMetrics, totalCount = 0, detail = {long_connection=0, long_polling=0}

2026-10-02 10:31:30,436 INFO Connection check task start

2026-10-02 10:31:30,437 INFO Long connection metrics detail ,Total count =0, sdkCount=0,clusterCount=0

2026-10-02 10:31:30,437 INFO Out dated connection ,size=0

2026-10-02 10:31:30,438 INFO Connection check task end

2026-10-02 10:31:31,475 INFO ConnectionMetrics, totalCount = 0, detail = {long_connection=0, long_polling=0}

2026-10-02 10:31:33,438 INFO Connection check task start

2026-10-02 10:31:33,439 INFO Long connection metrics detail ,Total count =0, sdkCount=0,clusterCount=0

2026-10-02 10:31:33,440 INFO Out dated connection ,size=0

2026-10-02 10:31:33,440 INFO Connection check task end

2026-10-02 10:31:34,477 INFO ConnectionMetrics, totalCount = 0, detail = {long_connection=0, long_polling=0}

2026-10-02 10:31:36,441 INFO Connection check task start

2026-10-02 10:31:36,442 INFO Long connection metrics detail ,Total count =0, sdkCount=0,clusterCount=0

2026-10-02 10:31:36,443 INFO Out dated connection ,size=0

2026-10-02 10:31:36,445 INFO Connection check task end

2026-10-02 10:31:37,478 INFO ConnectionMetrics, totalCount = 0, detail = {long_connection=0, long_polling=0}

2026-10-02 10:31:39,446 INFO Connection check task start

2026-10-02 10:31:39,447 INFO Long connection metrics detail ,Total count =0, sdkCount=0,clusterCount=0

2026-10-02 10:31:39,448 INFO Out dated connection ,size=0

2026-10-02 10:31:39,448 INFO Connection check task end

2026-10-02 10:31:40,479 INFO ConnectionMetrics, totalCount = 0, detail = {long_connection=0, long_polling=0}

2026-10-02 10:31:42,449 INFO Connection check task start

2026-10-02 10:31:42,450 INFO Long connection metrics detail ,Total count =0, sdkCount=0,clusterCount=0

2026-10-02 10:31:42,451 INFO Out dated connection ,size=0

2026-10-02 10:31:42,452 INFO Connection check task end

2026-10-02 10:31:43,480 INFO ConnectionMetrics, totalCount = 0, detail = {long_connection=0, long_polling=0}

2026-10-02 10:31:45,453 INFO Connection check task start

2026-10-02 10:31:45,454 INFO Long connection metrics detail ,Total count =0, sdkCount=0,clusterCount=0

2026-10-02 10:31:45,455 INFO Out dated connection ,size=0

2026-10-02 10:31:45,456 INFO Connection check task end

2026-10-02 10:31:46,481 INFO ConnectionMetrics, totalCount = 0, detail = {long_connection=0, long_polling=0}

2026-10-02 10:31:48,457 INFO Connection check task start

2026-10-02 10:31:48,458 INFO Long connection metrics detail ,Total count =0, sdkCount=0,clusterCount=0

2026-10-02 10:31:48,459 INFO Out dated connection ,size=0

2026-10-02 10:31:48,460 INFO Connection check task end

2026-10-02 10:31:49,483 INFO ConnectionMetrics, totalCount = 0, detail = {long_connection=0, long_polling=0}

2026-10-02 10:31:51,461 INFO Connection check task start

2026-10-02 10:31:51,461 INFO Long connection metrics detail ,Total count =0, sdkCount=0,clusterCount=0

2026-10-02 10:31:51,462 INFO Out dated connection ,size=0

2026-10-02 10:31:51,463 INFO Connection check task end

2026-10-02 10:31:52,484 INFO ConnectionMetrics, totalCount = 0, detail = {long_connection=0, long_polling=0}

2026-10-02 10:31:54,464 INFO Connection check task start

2026-10-02 10:31:54,465 INFO Long connection metrics detail ,Total count =0, sdkCount=0,clusterCount=0

2026-10-02 10:31:54,466 INFO Out dated connection ,size=0

2026-10-02 10:31:54,467 INFO Connection check task end

2026-10-02 10:31:55,486 INFO ConnectionMetrics, totalCount = 0, detail = {long_connection=0, long_polling=0}

2026-10-02 10:31:57,468 INFO Connection check task start

2026-10-02 10:31:57,469 INFO Long connection metrics detail ,Total count =0, sdkCount=0,clusterCount=0

2026-10-02 10:31:57,470 INFO Out dated connection ,size=0

2026-10-02 10:31:57,470 INFO Connection check task end

2026-10-02 10:31:58,487 INFO ConnectionMetrics, totalCount = 0, detail = {long_connection=0, long_polling=0}

2026-10-02 10:32:00,469 INFO Connection check task start

2026-10-02 10:32:00,471 INFO Long connection metrics detail ,Total count =0, sdkCount=0,clusterCount=0

2026-10-02 10:32:00,472 INFO Out dated connection ,size=0

2026-10-02 10:32:00,473 INFO Connection check task end

2026-10-02 10:32:01,487 INFO ConnectionMetrics, totalCount = 0, detail = {long_connection=0, long_polling=0}

2026-10-02 10:32:03,474 INFO Connection check task start

2026-10-02 10:32:03,474 INFO Long connection metrics detail ,Total count =0, sdkCount=0,clusterCount=0

2026-10-02 10:32:03,475 INFO Out dated connection ,size=0

2026-10-02 10:32:03,476 INFO Connection check task end

2026-10-02 10:32:04,488 INFO ConnectionMetrics, totalCount = 0, detail = {long_connection=0, long_polling=0}

2026-10-02 10:32:06,477 INFO Connection check task start

2026-10-02 10:32:06,477 INFO Long connection metrics detail ,Total count =0, sdkCount=0,clusterCount=0

2026-10-02 10:32:06,478 INFO Out dated connection ,size=0

2026-10-02 10:32:06,478 INFO Connection check task end

2026-10-02 10:32:07,490 INFO ConnectionMetrics, totalCount = 0, detail = {long_connection=0, long_polling=0}

2026-10-02 10:32:09,479 INFO Connection check task start

2026-10-02 10:32:09,480 INFO Long connection metrics detail ,Total count =0, sdkCount=0,clusterCount=0

2026-10-02 10:32:09,482 INFO Out dated connection ,size=0

2026-10-02 10:32:09,483 INFO Connection check task end

2026-10-02 10:32:10,492 INFO ConnectionMetrics, totalCount = 0, detail = {long_connection=0, long_polling=0}

2026-10-02 10:32:12,484 INFO Connection check task start

2026-10-02 10:32:12,486 INFO Long connection metrics detail ,Total count =0, sdkCount=0,clusterCount=0

2026-10-02 10:32:12,487 INFO Out dated connection ,size=0

2026-10-02 10:32:12,488 INFO Connection check task end

2026-10-02 10:32:13,493 INFO ConnectionMetrics, totalCount = 0, detail = {long_connection=0, long_polling=0}

2026-10-02 10:32:15,489 INFO Connection check task start

2026-10-02 10:32:15,490 INFO Long connection metrics detail ,Total count =0, sdkCount=0,clusterCount=0

2026-10-02 10:32:15,491 INFO Out dated connection ,size=0

2026-10-02 10:32:15,492 INFO Connection check task end

2026-10-02 10:32:16,495 INFO ConnectionMetrics, totalCount = 0, detail = {long_connection=0, long_polling=0}

2026-10-02 10:32:18,493 INFO Connection check task start

2026-10-02 10:32:18,494 INFO Long connection metrics detail ,Total count =0, sdkCount=0,clusterCount=0

2026-10-02 10:32:18,495 INFO Out dated connection ,size=0

2026-10-02 10:32:18,495 INFO Connection check task end

2026-10-02 10:32:19,496 INFO ConnectionMetrics, totalCount = 0, detail = {long_connection=0, long_polling=0}

2026-10-02 10:32:21,496 INFO Connection check task start

2026-10-02 10:32:21,497 INFO Long connection metrics detail ,Total count =0, sdkCount=0,clusterCount=0

2026-10-02 10:32:21,498 INFO Out dated connection ,size=0

2026-10-02 10:32:21,499 INFO Connection check task end

2026-10-02 10:32:22,498 INFO ConnectionMetrics, totalCount = 0, detail = {long_connection=0, long_polling=0}

2026-10-02 10:32:24,499 INFO Connection check task start

2026-10-02 10:32:24,501 INFO Long connection metrics detail ,Total count =0, sdkCount=0,clusterCount=0

2026-10-02 10:32:24,502 INFO Out dated connection ,size=0

2026-10-02 10:32:24,503 INFO Connection check task end

2026-10-02 10:32:25,499 INFO ConnectionMetrics, totalCount = 0, detail = {long_connection=0, long_polling=0}

2026-10-02 10:32:27,504 INFO Connection check task start

2026-10-02 10:32:27,505 INFO Long connection metrics detail ,Total count =0, sdkCount=0,clusterCount=0

2026-10-02 10:32:27,506 INFO Out dated connection ,size=0

2026-10-02 10:32:27,506 INFO Connection check task end

2026-10-02 10:32:28,500 INFO ConnectionMetrics, totalCount = 0, detail = {long_connection=0, long_polling=0}

2026-10-02 10:32:30,505 INFO Connection check task start

2026-10-02 10:32:30,506 INFO Long connection metrics detail ,Total count =0, sdkCount=0,clusterCount=0

2026-10-02 10:32:30,506 INFO Out dated connection ,size=0

2026-10-02 10:32:30,507 INFO Connection check task end

2026-10-02 10:32:31,500 INFO ConnectionMetrics, totalCount = 0, detail = {long_connection=0, long_polling=0}

2026-10-02 10:32:33,508 INFO Connection check task start

2026-10-02 10:32:33,509 INFO Long connection metrics detail ,Total count =0, sdkCount=0,clusterCount=0

2026-10-02 10:32:33,509 INFO Out dated connection ,size=0

2026-10-02 10:32:33,510 INFO Connection check task end

2026-10-02 10:32:34,501 INFO ConnectionMetrics, totalCount = 0, detail = {long_connection=0, long_polling=0}

2026-10-02 10:32:36,510 INFO Connection check task start

2026-10-02 10:32:36,511 INFO Long connection metrics detail ,Total count =0, sdkCount=0,clusterCount=0

2026-10-02 10:32:36,511 INFO Out dated connection ,size=0

2026-10-02 10:32:36,512 INFO Connection check task end

2026-10-02 10:32:37,502 INFO ConnectionMetrics, totalCount = 0, detail = {long_connection=0, long_polling=0}

2026-10-02 10:32:39,513 INFO Connection check task start

2026-10-02 10:32:39,514 INFO Long connection metrics detail ,Total count =0, sdkCount=0,clusterCount=0

2026-10-02 10:32:39,514 INFO Out dated connection ,size=0

2026-10-02 10:32:39,516 INFO Connection check task end

2026-10-02 10:32:40,503 INFO ConnectionMetrics, totalCount = 0, detail = {long_connection=0, long_polling=0}

2026-10-02 10:32:42,517 INFO Connection check task start

2026-10-02 10:32:42,518 INFO Long connection metrics detail ,Total count =0, sdkCount=0,clusterCount=0

2026-10-02 10:32:42,519 INFO Out dated connection ,size=0

2026-10-02 10:32:42,519 INFO Connection check task end

2026-10-02 10:32:43,505 INFO ConnectionMetrics, totalCount = 0, detail = {long_connection=0, long_polling=0}

2026-10-02 10:32:45,520 INFO Connection check task start

2026-10-02 10:32:45,521 INFO Long connection metrics detail ,Total count =0, sdkCount=0,clusterCount=0

2026-10-02 10:32:45,522 INFO Out dated connection ,size=0

2026-10-02 10:32:45,523 INFO Connection check task end

2026-10-02 10:32:46,506 INFO ConnectionMetrics, totalCount = 0, detail = {long_connection=0, long_polling=0}

2026-10-02 10:32:48,524 INFO Connection check task start

2026-10-02 10:32:48,525 INFO Long connection metrics detail ,Total count =0, sdkCount=0,clusterCount=0

2026-10-02 10:32:48,527 INFO Out dated connection ,size=0

2026-10-02 10:32:48,528 INFO Connection check task end

2026-10-02 10:32:49,507 INFO ConnectionMetrics, totalCount = 0, detail = {long_connection=0, long_polling=0}

2026-10-02 10:32:51,529 INFO Connection check task start

2026-10-02 10:32:51,530 INFO Long connection metrics detail ,Total count =0, sdkCount=0,clusterCount=0

2026-10-02 10:32:51,530 INFO Out dated connection ,size=0

2026-10-02 10:32:51,531 INFO Connection check task end

2026-10-02 10:32:52,509 INFO ConnectionMetrics, totalCount = 0, detail = {long_connection=0, long_polling=0}

2026-10-02 10:32:54,532 INFO Connection check task start

2026-10-02 10:32:54,533 INFO Long connection metrics detail ,Total count =0, sdkCount=0,clusterCount=0

2026-10-02 10:32:54,534 INFO Out dated connection ,size=0

2026-10-02 10:32:54,534 INFO Connection check task end

2026-10-02 10:32:55,510 INFO ConnectionMetrics, totalCount = 0, detail = {long_connection=0, long_polling=0}

2026-10-02 10:32:57,535 INFO Connection check task start

2026-10-02 10:32:57,536 INFO Long connection metrics detail ,Total count =0, sdkCount=0,clusterCount=0

2026-10-02 10:32:57,537 INFO Out dated connection ,size=0

2026-10-02 10:32:57,538 INFO Connection check task end

2026-10-02 10:32:58,512 INFO ConnectionMetrics, totalCount = 0, detail = {long_connection=0, long_polling=0}

2026-10-02 10:33:00,537 INFO Connection check task start

2026-10-02 10:33:00,538 INFO Long connection metrics detail ,Total count =0, sdkCount=0,clusterCount=0

2026-10-02 10:33:00,539 INFO Out dated connection ,size=0

2026-10-02 10:33:00,540 INFO Connection check task end

2026-10-02 10:33:01,512 INFO ConnectionMetrics, totalCount = 0, detail = {long_connection=0, long_polling=0}

2026-10-02 10:33:03,541 INFO Connection check task start

2026-10-02 10:33:03,542 INFO Long connection metrics detail ,Total count =0, sdkCount=0,clusterCount=0

2026-10-02 10:33:03,542 INFO Out dated connection ,size=0

2026-10-02 10:33:03,543 INFO Connection check task end

2026-10-02 10:33:04,513 INFO ConnectionMetrics, totalCount = 0, detail = {long_connection=0, long_polling=0}

2026-10-02 10:33:06,544 INFO Connection check task start

2026-10-02 10:33:06,545 INFO Long connection metrics detail ,Total count =0, sdkCount=0,clusterCount=0

2026-10-02 10:33:06,546 INFO Out dated connection ,size=0

2026-10-02 10:33:06,546 INFO Connection check task end

2026-10-02 10:33:07,514 INFO ConnectionMetrics, totalCount = 0, detail = {long_connection=0, long_polling=0}

2026-10-02 10:33:09,547 INFO Connection check task start

2026-10-02 10:33:09,548 INFO Long connection metrics detail ,Total count =0, sdkCount=0,clusterCount=0

2026-10-02 10:33:09,549 INFO Out dated connection ,size=0

2026-10-02 10:33:09,550 INFO Connection check task end

2026-10-02 10:33:10,516 INFO ConnectionMetrics, totalCount = 0, detail = {long_connection=0, long_polling=0}

2026-10-02 10:33:12,550 INFO Connection check task start

2026-10-02 10:33:12,551 INFO Long connection metrics detail ,Total count =0, sdkCount=0,clusterCount=0

2026-10-02 10:33:12,552 INFO Out dated connection ,size=0

2026-10-02 10:33:12,552 INFO Connection check task end

2026-10-02 10:33:13,517 INFO ConnectionMetrics, totalCount = 0, detail = {long_connection=0, long_polling=0}

2026-10-02 10:33:15,553 INFO Connection check task start

2026-10-02 10:33:15,554 INFO Long connection metrics detail ,Total count =0, sdkCount=0,clusterCount=0

2026-10-02 10:33:15,555 INFO Out dated connection ,size=0

2026-10-02 10:33:15,556 INFO Connection check task end

2026-10-02 10:33:16,518 INFO ConnectionMetrics, totalCount = 0, detail = {long_connection=0, long_polling=0}

2026-10-02 10:33:18,557 INFO Connection check task start

2026-10-02 10:33:18,558 INFO Long connection metrics detail ,Total count =0, sdkCount=0,clusterCount=0

2026-10-02 10:33:18,559 INFO Out dated connection ,size=0

2026-10-02 10:33:18,560 INFO Connection check task end

2026-10-02 10:33:19,520 INFO ConnectionMetrics, totalCount = 0, detail = {long_connection=0, long_polling=0}

2026-10-02 10:33:21,561 INFO Connection check task start

2026-10-02 10:33:21,562 INFO Long connection metrics detail ,Total count =0, sdkCount=0,clusterCount=0

2026-10-02 10:33:21,562 INFO Out dated connection ,size=0

2026-10-02 10:33:21,563 INFO Connection check task end

2026-10-02 10:33:22,522 INFO ConnectionMetrics, totalCount = 0, detail = {long_connection=0, long_polling=0}

2026-10-02 10:33:24,564 INFO Connection check task start

2026-10-02 10:33:24,566 INFO Long connection metrics detail ,Total count =0, sdkCount=0,clusterCount=0

2026-10-02 10:33:24,567 INFO Out dated connection ,size=0

2026-10-02 10:33:24,568 INFO Connection check task end

2026-10-02 10:33:25,524 INFO ConnectionMetrics, totalCount = 0, detail = {long_connection=0, long_polling=0}

2026-10-02 10:33:27,570 INFO Connection check task start

2026-10-02 10:33:27,571 INFO Long connection metrics detail ,Total count =0, sdkCount=0,clusterCount=0

2026-10-02 10:33:27,572 INFO Out dated connection ,size=0

2026-10-02 10:33:27,573 INFO Connection check task end

2026-10-02 10:33:28,525 INFO ConnectionMetrics, totalCount = 0, detail = {long_connection=0, long_polling=0}

2026-10-02 10:33:30,572 INFO Connection check task start

2026-10-02 10:33:30,574 INFO Long connection metrics detail ,Total count =0, sdkCount=0,clusterCount=0

2026-10-02 10:33:30,575 INFO Out dated connection ,size=0

2026-10-02 10:33:30,576 INFO Connection check task end

2026-10-02 10:33:31,524 INFO ConnectionMetrics, totalCount = 0, detail = {long_connection=0, long_polling=0}

2026-10-02 10:33:33,577 INFO Connection check task start

2026-10-02 10:33:33,578 INFO Long connection metrics detail ,Total count =0, sdkCount=0,clusterCount=0

2026-10-02 10:33:33,578 INFO Out dated connection ,size=0

2026-10-02 10:33:33,579 INFO Connection check task end

2026-10-02 10:33:34,525 INFO ConnectionMetrics, totalCount = 0, detail = {long_connection=0, long_polling=0}

2026-10-02 10:33:36,579 INFO Connection check task start

2026-10-02 10:33:36,580 INFO Long connection metrics detail ,Total count =0, sdkCount=0,clusterCount=0

2026-10-02 10:33:36,580 INFO Out dated connection ,size=0

2026-10-02 10:33:36,581 INFO Connection check task end

2026-10-02 10:33:37,526 INFO ConnectionMetrics, totalCount = 0, detail = {long_connection=0, long_polling=0}

2026-10-02 10:33:39,582 INFO Connection check task start

2026-10-02 10:33:39,582 INFO Long connection metrics detail ,Total count =0, sdkCount=0,clusterCount=0

2026-10-02 10:33:39,583 INFO Out dated connection ,size=0

2026-10-02 10:33:39,583 INFO Connection check task end

2026-10-02 10:33:40,530 INFO ConnectionMetrics, totalCount = 0, detail = {long_connection=0, long_polling=0}

2026-10-02 10:33:42,584 INFO Connection check task start

2026-10-02 10:33:42,585 INFO Long connection metrics detail ,Total count =0, sdkCount=0,clusterCount=0

2026-10-02 10:33:42,585 INFO Out dated connection ,size=0

2026-10-02 10:33:42,586 INFO Connection check task end

2026-10-02 10:33:43,531 INFO ConnectionMetrics, totalCount = 0, detail = {long_connection=0, long_polling=0}

2026-10-02 10:33:45,587 INFO Connection check task start

2026-10-02 10:33:45,588 INFO Long connection metrics detail ,Total count =0, sdkCount=0,clusterCount=0

2026-10-02 10:33:45,589 INFO Out dated connection ,size=0

2026-10-02 10:33:45,590 INFO Connection check task end

2026-10-02 10:33:46,532 INFO ConnectionMetrics, totalCount = 0, detail = {long_connection=0, long_polling=0}

2026-10-02 10:33:48,591 INFO Connection check task start

2026-10-02 10:33:48,592 INFO Long connection metrics detail ,Total count =0, sdkCount=0,clusterCount=0

2026-10-02 10:33:48,592 INFO Out dated connection ,size=0

2026-10-02 10:33:48,593 INFO Connection check task end

2026-10-02 10:33:49,534 INFO ConnectionMetrics, totalCount = 0, detail = {long_connection=0, long_polling=0}

2026-10-02 10:33:51,593 INFO Connection check task start

2026-10-02 10:33:51,594 INFO Long connection metrics detail ,Total count =0, sdkCount=0,clusterCount=0

2026-10-02 10:33:51,595 INFO Out dated connection ,size=0

2026-10-02 10:33:51,596 INFO Connection check task end

2026-10-02 10:33:52,535 INFO ConnectionMetrics, totalCount = 0, detail = {long_connection=0, long_polling=0}

2026-10-02 10:33:54,597 INFO Connection check task start

2026-10-02 10:33:54,598 INFO Long connection metrics detail ,Total count =0, sdkCount=0,clusterCount=0

2026-10-02 10:33:54,599 INFO Out dated connection ,size=0

2026-10-02 10:33:54,601 INFO Connection check task end

2026-10-02 10:33:55,537 INFO ConnectionMetrics, totalCount = 0, detail = {long_connection=0, long_polling=0}

2026-10-02 10:33:57,602 INFO Connection check task start

2026-10-02 10:33:57,603 INFO Long connection metrics detail ,Total count =0, sdkCount=0,clusterCount=0

2026-10-02 10:33:57,604 INFO Out dated connection ,size=0

2026-10-02 10:33:57,605 INFO Connection check task end

2026-10-02 10:33:58,539 INFO ConnectionMetrics, totalCount = 0, detail = {long_connection=0, long_polling=0}

2026-10-02 10:34:00,604 INFO Connection check task start

2026-10-02 10:34:00,606 INFO Long connection metrics detail ,Total count =0, sdkCount=0,clusterCount=0

2026-10-02 10:34:00,607 INFO Out dated connection ,size=0

2026-10-02 10:34:00,608 INFO Connection check task end

2026-10-02 10:34:01,538 INFO ConnectionMetrics, totalCount = 0, detail = {long_connection=0, long_polling=0}

2026-10-02 10:34:03,609 INFO Connection check task start

2026-10-02 10:34:03,612 INFO Long connection metrics detail ,Total count =0, sdkCount=0,clusterCount=0

2026-10-02 10:34:03,613 INFO Out dated connection ,size=0

2026-10-02 10:34:03,614 INFO Connection check task end

2026-10-02 10:34:04,540 INFO ConnectionMetrics, totalCount = 0, detail = {long_connection=0, long_polling=0}

2026-10-02 10:34:06,615 INFO Connection check task start

2026-10-02 10:34:06,616 INFO Long connection metrics detail ,Total count =0, sdkCount=0,clusterCount=0

2026-10-02 10:34:06,617 INFO Out dated connection ,size=0

2026-10-02 10:34:06,618 INFO Connection check task end

2026-10-02 10:34:07,542 INFO ConnectionMetrics, totalCount = 0, detail = {long_connection=0, long_polling=0}

2026-10-02 10:34:09,618 INFO Connection check task start

2026-10-02 10:34:09,620 INFO Long connection metrics detail ,Total count =0, sdkCount=0,clusterCount=0

2026-10-02 10:34:09,621 INFO Out dated connection ,size=0

2026-10-02 10:34:09,622 INFO Connection check task end

2026-10-02 10:34:10,543 INFO ConnectionMetrics, totalCount = 0, detail = {long_connection=0, long_polling=0}

2026-10-02 10:34:12,623 INFO Connection check task start

2026-10-02 10:34:12,624 INFO Long connection metrics detail ,Total count =0, sdkCount=0,clusterCount=0

2026-10-02 10:34:12,625 INFO Out dated connection ,size=0

2026-10-02 10:34:12,625 INFO Connection check task end

2026-10-02 10:34:13,544 INFO ConnectionMetrics, totalCount = 0, detail = {long_connection=0, long_polling=0}

2026-10-02 10:34:15,626 INFO Connection check task start

2026-10-02 10:34:15,632 INFO Long connection metrics detail ,Total count =0, sdkCount=0,clusterCount=0

2026-10-02 10:34:15,644 INFO Out dated connection ,size=0

2026-10-02 10:34:15,645 INFO Connection check task end

2026-10-02 10:34:16,545 INFO ConnectionMetrics, totalCount = 0, detail = {long_connection=0, long_polling=0}

2026-10-02 10:34:18,645 INFO Connection check task start

2026-10-02 10:34:18,646 INFO Long connection metrics detail ,Total count =0, sdkCount=0,clusterCount=0

2026-10-02 10:34:18,647 INFO Out dated connection ,size=0

2026-10-02 10:34:18,648 INFO Connection check task end

2026-10-02 10:34:19,547 INFO ConnectionMetrics, totalCount = 0, detail = {long_connection=0, long_polling=0}

2026-10-02 10:34:21,649 INFO Connection check task start

2026-10-02 10:34:21,650 INFO Long connection metrics detail ,Total count =0, sdkCount=0,clusterCount=0

2026-10-02 10:34:21,650 INFO Out dated connection ,size=0

2026-10-02 10:34:21,651 INFO Connection check task end

2026-10-02 10:34:22,549 INFO ConnectionMetrics, totalCount = 0, detail = {long_connection=0, long_polling=0}

2026-10-02 10:34:24,651 INFO Connection check task start

2026-10-02 10:34:24,658 INFO Long connection metrics detail ,Total count =0, sdkCount=0,clusterCount=0

2026-10-02 10:34:24,664 INFO Out dated connection ,size=0

2026-10-02 10:34:24,667 INFO Connection check task end

2026-10-02 10:34:25,551 INFO ConnectionMetrics, totalCount = 0, detail = {long_connection=0, long_polling=0}

2026-10-02 10:34:27,669 INFO Connection check task start

2026-10-02 10:34:27,670 INFO Long connection metrics detail ,Total count =0, sdkCount=0,clusterCount=0

2026-10-02 10:34:27,670 INFO Out dated connection ,size=0

2026-10-02 10:34:27,671 INFO Connection check task end

2026-10-02 10:34:28,552 INFO ConnectionMetrics, totalCount = 0, detail = {long_connection=0, long_polling=0}

2026-10-02 10:34:30,669 INFO Connection check task start

2026-10-02 10:34:30,671 INFO Long connection metrics detail ,Total count =0, sdkCount=0,clusterCount=0

2026-10-02 10:34:30,672 INFO Out dated connection ,size=0

2026-10-02 10:34:30,674 INFO Connection check task end

2026-10-02 10:34:31,551 INFO ConnectionMetrics, totalCount = 0, detail = {long_connection=0, long_polling=0}

2026-10-02 10:34:33,675 INFO Connection check task start

2026-10-02 10:34:33,676 INFO Long connection metrics detail ,Total count =0, sdkCount=0,clusterCount=0

2026-10-02 10:34:33,676 INFO Out dated connection ,size=0

2026-10-02 10:34:33,677 INFO Connection check task end

2026-10-02 10:34:34,553 INFO ConnectionMetrics, totalCount = 0, detail = {long_connection=0, long_polling=0}

2026-10-02 10:34:36,678 INFO Connection check task start

2026-10-02 10:34:36,679 INFO Long connection metrics detail ,Total count =0, sdkCount=0,clusterCount=0

2026-10-02 10:34:36,680 INFO Out dated connection ,size=0

2026-10-02 10:34:36,681 INFO Connection check task end

2026-10-02 10:34:37,554 INFO ConnectionMetrics, totalCount = 0, detail = {long_connection=0, long_polling=0}

2026-10-02 10:34:39,682 INFO Connection check task start

2026-10-02 10:34:39,684 INFO Long connection metrics detail ,Total count =0, sdkCount=0,clusterCount=0

2026-10-02 10:34:39,684 INFO Out dated connection ,size=0

2026-10-02 10:34:39,685 INFO Connection check task end

2026-10-02 10:34:40,556 INFO ConnectionMetrics, totalCount = 0, detail = {long_connection=0, long_polling=0}

2026-10-02 10:34:42,686 INFO Connection check task start

2026-10-02 10:34:42,687 INFO Long connection metrics detail ,Total count =0, sdkCount=0,clusterCount=0

2026-10-02 10:34:42,688 INFO Out dated connection ,size=0

2026-10-02 10:34:42,690 INFO Connection check task end

2026-10-02 10:34:43,558 INFO ConnectionMetrics, totalCount = 0, detail = {long_connection=0, long_polling=0}

2026-10-02 10:34:45,691 INFO Connection check task start

2026-10-02 10:34:45,692 INFO Long connection metrics detail ,Total count =0, sdkCount=0,clusterCount=0

2026-10-02 10:34:45,693 INFO Out dated connection ,size=0

2026-10-02 10:34:45,694 INFO Connection check task end

2026-10-02 10:34:46,560 INFO ConnectionMetrics, totalCount = 0, detail = {long_connection=0, long_polling=0}

2026-10-02 10:34:48,695 INFO Connection check task start

2026-10-02 10:34:48,696 INFO Long connection metrics detail ,Total count =0, sdkCount=0,clusterCount=0

2026-10-02 10:34:48,697 INFO Out dated connection ,size=0

2026-10-02 10:34:48,698 INFO Connection check task end

2026-10-02 10:34:49,562 INFO ConnectionMetrics, totalCount = 0, detail = {long_connection=0, long_polling=0}

2026-10-02 10:34:51,699 INFO Connection check task start

2026-10-02 10:34:51,700 INFO Long connection metrics detail ,Total count =0, sdkCount=0,clusterCount=0

2026-10-02 10:34:51,701 INFO Out dated connection ,size=0

2026-10-02 10:34:51,701 INFO Connection check task end

2026-10-02 10:34:52,564 INFO ConnectionMetrics, totalCount = 0, detail = {long_connection=0, long_polling=0}

2026-10-02 10:34:54,702 INFO Connection check task start

2026-10-02 10:34:54,703 INFO Long connection metrics detail ,Total count =0, sdkCount=0,clusterCount=0

2026-10-02 10:34:54,705 INFO Out dated connection ,size=0

2026-10-02 10:34:54,708 INFO Connection check task end

2026-10-02 10:34:55,566 INFO ConnectionMetrics, totalCount = 0, detail = {long_connection=0, long_polling=0}

2026-10-02 10:34:57,709 INFO Connection check task start

2026-10-02 10:34:57,710 INFO Long connection metrics detail ,Total count =0, sdkCount=0,clusterCount=0

2026-10-02 10:34:57,712 INFO Out dated connection ,size=0

2026-10-02 10:34:57,713 INFO Connection check task end

2026-10-02 10:34:58,567 INFO ConnectionMetrics, totalCount = 0, detail = {long_connection=0, long_polling=0}

2026-10-02 10:35:00,712 INFO Connection check task start

2026-10-02 10:35:00,714 INFO Long connection metrics detail ,Total count =0, sdkCount=0,clusterCount=0

2026-10-02 10:35:00,715 INFO Out dated connection ,size=0

2026-10-02 10:35:00,716 INFO Connection check task end

2026-10-02 10:35:01,566 INFO ConnectionMetrics, totalCount = 0, detail = {long_connection=0, long_polling=0}

2026-10-02 10:35:03,718 INFO Connection check task start

2026-10-02 10:35:03,719 INFO Long connection metrics detail ,Total count =0, sdkCount=0,clusterCount=0

2026-10-02 10:35:03,720 INFO Out dated connection ,size=0

2026-10-02 10:35:03,721 INFO Connection check task end

2026-10-02 10:35:04,567 INFO ConnectionMetrics, totalCount = 0, detail = {long_connection=0, long_polling=0}

2026-10-02 10:35:06,722 INFO Connection check task start

2026-10-02 10:35:06,723 INFO Long connection metrics detail ,Total count =0, sdkCount=0,clusterCount=0

2026-10-02 10:35:06,724 INFO Out dated connection ,size=0

2026-10-02 10:35:06,725 INFO Connection check task end

2026-10-02 10:35:07,568 INFO ConnectionMetrics, totalCount = 0, detail = {long_connection=0, long_polling=0}

2026-10-02 10:35:09,726 INFO Connection check task start

2026-10-02 10:35:09,727 INFO Long connection metrics detail ,Total count =0, sdkCount=0,clusterCount=0

2026-10-02 10:35:09,729 INFO Out dated connection ,size=0

2026-10-02 10:35:09,729 INFO Connection check task end

2026-10-02 10:35:10,570 INFO ConnectionMetrics, totalCount = 0, detail = {long_connection=0, long_polling=0}

2026-10-02 10:35:12,730 INFO Connection check task start

2026-10-02 10:35:12,731 INFO Long connection metrics detail ,Total count =0, sdkCount=0,clusterCount=0

2026-10-02 10:35:12,733 INFO Out dated connection ,size=0

2026-10-02 10:35:12,734 INFO Connection check task end

2026-10-02 10:35:13,571 INFO ConnectionMetrics, totalCount = 0, detail = {long_connection=0, long_polling=0}

2026-10-02 10:35:15,735 INFO Connection check task start

2026-10-02 10:35:15,736 INFO Long connection metrics detail ,Total count =0, sdkCount=0,clusterCount=0

2026-10-02 10:35:15,737 INFO Out dated connection ,size=0

2026-10-02 10:35:15,738 INFO Connection check task end

2026-10-02 10:35:16,572 INFO ConnectionMetrics, totalCount = 0, detail = {long_connection=0, long_polling=0}

2026-10-02 10:35:18,738 INFO Connection check task start

2026-10-02 10:35:18,740 INFO Long connection metrics detail ,Total count =0, sdkCount=0,clusterCount=0

2026-10-02 10:35:18,740 INFO Out dated connection ,size=0

2026-10-02 10:35:18,741 INFO Connection check task end

2026-10-02 10:35:19,574 INFO ConnectionMetrics, totalCount = 0, detail = {long_connection=0, long_polling=0}

2026-10-02 10:35:21,742 INFO Connection check task start

2026-10-02 10:35:21,743 INFO Long connection metrics detail ,Total count =0, sdkCount=0,clusterCount=0

2026-10-02 10:35:21,744 INFO Out dated connection ,size=0

2026-10-02 10:35:21,745 INFO Connection check task end

2026-10-02 10:35:22,576 INFO ConnectionMetrics, totalCount = 0, detail = {long_connection=0, long_polling=0}

2026-10-02 10:35:24,746 INFO Connection check task start

2026-10-02 10:35:24,747 INFO Long connection metrics detail ,Total count =0, sdkCount=0,clusterCount=0

2026-10-02 10:35:24,748 INFO Out dated connection ,size=0

2026-10-02 10:35:24,749 INFO Connection check task end

2026-10-02 10:35:25,578 INFO ConnectionMetrics, totalCount = 0, detail = {long_connection=0, long_polling=0}

2026-10-02 10:35:27,750 INFO Connection check task start

2026-10-02 10:35:27,752 INFO Long connection metrics detail ,Total count =0, sdkCount=0,clusterCount=0

2026-10-02 10:35:27,753 INFO Out dated connection ,size=0

2026-10-02 10:35:27,754 INFO Connection check task end

2026-10-02 10:35:28,580 INFO ConnectionMetrics, totalCount = 0, detail = {long_connection=0, long_polling=0}

2026-10-02 10:35:30,754 INFO Connection check task start

2026-10-02 10:35:30,755 INFO Long connection metrics detail ,Total count =0, sdkCount=0,clusterCount=0

2026-10-02 10:35:30,756 INFO Out dated connection ,size=0

2026-10-02 10:35:30,758 INFO Connection check task end

2026-10-02 10:35:31,580 INFO ConnectionMetrics, totalCount = 0, detail = {long_connection=0, long_polling=0}

2026-10-02 10:35:33,759 INFO Connection check task start

2026-10-02 10:35:33,760 INFO Long connection metrics detail ,Total count =0, sdkCount=0,clusterCount=0

2026-10-02 10:35:33,761 INFO Out dated connection ,size=0

2026-10-02 10:35:33,761 INFO Connection check task end

2026-10-02 10:35:34,582 INFO ConnectionMetrics, totalCount = 0, detail = {long_connection=0, long_polling=0}

2026-10-02 10:35:36,763 INFO Connection check task start

2026-10-02 10:35:36,763 INFO Long connection metrics detail ,Total count =0, sdkCount=0,clusterCount=0

2026-10-02 10:35:36,764 INFO Out dated connection ,size=0

2026-10-02 10:35:36,764 INFO Connection check task end

2026-10-02 10:35:37,584 INFO ConnectionMetrics, totalCount = 0, detail = {long_connection=0, long_polling=0}

2026-10-02 10:35:39,765 INFO Connection check task start

2026-10-02 10:35:39,767 INFO Long connection metrics detail ,Total count =0, sdkCount=0,clusterCount=0

2026-10-02 10:35:39,768 INFO Out dated connection ,size=0

2026-10-02 10:35:39,769 INFO Connection check task end

2026-10-02 10:35:40,586 INFO ConnectionMetrics, totalCount = 0, detail = {long_connection=0, long_polling=0}

2026-10-02 10:35:42,770 INFO Connection check task start

2026-10-02 10:35:42,771 INFO Long connection metrics detail ,Total count =0, sdkCount=0,clusterCount=0

2026-10-02 10:35:42,773 INFO Out dated connection ,size=0

2026-10-02 10:35:42,773 INFO Connection check task end

2026-10-02 10:35:43,587 INFO ConnectionMetrics, totalCount = 0, detail = {long_connection=0, long_polling=0}

2026-10-02 10:35:45,775 INFO Connection check task start

2026-10-02 10:35:45,776 INFO Long connection metrics detail ,Total count =0, sdkCount=0,clusterCount=0

2026-10-02 10:35:45,776 INFO Out dated connection ,size=0

2026-10-02 10:35:45,777 INFO Connection check task end

2026-10-02 10:35:46,588 INFO ConnectionMetrics, totalCount = 0, detail = {long_connection=0, long_polling=0}

2026-10-02 10:35:48,778 INFO Connection check task start

2026-10-02 10:35:48,779 INFO Long connection metrics detail ,Total count =0, sdkCount=0,clusterCount=0

2026-10-02 10:35:48,780 INFO Out dated connection ,size=0

2026-10-02 10:35:48,781 INFO Connection check task end

2026-10-02 10:35:49,590 INFO ConnectionMetrics, totalCount = 0, detail = {long_connection=0, long_polling=0}

2026-10-02 10:35:51,782 INFO Connection check task start

2026-10-02 10:35:51,782 INFO Long connection metrics detail ,Total count =0, sdkCount=0,clusterCount=0

2026-10-02 10:35:51,783 INFO Out dated connection ,size=0

2026-10-02 10:35:51,783 INFO Connection check task end

2026-10-02 10:35:52,592 INFO ConnectionMetrics, totalCount = 0, detail = {long_connection=0, long_polling=0}

2026-10-02 10:35:54,784 INFO Connection check task start

2026-10-02 10:35:54,785 INFO Long connection metrics detail ,Total count =0, sdkCount=0,clusterCount=0

2026-10-02 10:35:54,786 INFO Out dated connection ,size=0

2026-10-02 10:35:54,788 INFO Connection check task end

2026-10-02 10:35:55,594 INFO ConnectionMetrics, totalCount = 0, detail = {long_connection=0, long_polling=0}

2026-10-02 10:35:57,789 INFO Connection check task start

2026-10-02 10:35:57,790 INFO Long connection metrics detail ,Total count =0, sdkCount=0,clusterCount=0

2026-10-02 10:35:57,791 INFO Out dated connection ,size=0

2026-10-02 10:35:57,792 INFO Connection check task end

2026-10-02 10:35:58,595 INFO ConnectionMetrics, totalCount = 0, detail = {long_connection=0, long_polling=0}

2026-10-02 10:36:00,791 INFO Connection check task start

2026-10-02 10:36:00,793 INFO Long connection metrics detail ,Total count =0, sdkCount=0,clusterCount=0

2026-10-02 10:36:00,794 INFO Out dated connection ,size=0

2026-10-02 10:36:00,795 INFO Connection check task end

2026-10-02 10:36:01,595 INFO ConnectionMetrics, totalCount = 0, detail = {long_connection=0, long_polling=0}

2026-10-02 10:36:03,796 INFO Connection check task start

2026-10-02 10:36:03,797 INFO Long connection metrics detail ,Total count =0, sdkCount=0,clusterCount=0

2026-10-02 10:36:03,799 INFO Out dated connection ,size=0

2026-10-02 10:36:03,800 INFO Connection check task end

2026-10-02 10:36:04,596 INFO ConnectionMetrics, totalCount = 0, detail = {long_connection=0, long_polling=0}

2026-10-02 10:36:06,801 INFO Connection check task start

2026-10-02 10:36:06,801 INFO Long connection metrics detail ,Total count =0, sdkCount=0,clusterCount=0

2026-10-02 10:36:06,802 INFO Out dated connection ,size=0

2026-10-02 10:36:06,802 INFO Connection check task end

2026-10-02 10:36:07,598 INFO ConnectionMetrics, totalCount = 0, detail = {long_connection=0, long_polling=0}

2026-10-02 10:36:09,803 INFO Connection check task start

2026-10-02 10:36:09,804 INFO Long connection metrics detail ,Total count =0, sdkCount=0,clusterCount=0

2026-10-02 10:36:09,805 INFO Out dated connection ,size=0

2026-10-02 10:36:09,806 INFO Connection check task end

2026-10-02 10:36:10,599 INFO ConnectionMetrics, totalCount = 0, detail = {long_connection=0, long_polling=0}

2026-10-02 10:36:12,807 INFO Connection check task start

2026-10-02 10:36:12,808 INFO Long connection metrics detail ,Total count =0, sdkCount=0,clusterCount=0

2026-10-02 10:36:12,809 INFO Out dated connection ,size=0

2026-10-02 10:36:12,810 INFO Connection check task end

2026-10-02 10:36:13,601 INFO ConnectionMetrics, totalCount = 0, detail = {long_connection=0, long_polling=0}

2026-10-02 10:36:15,811 INFO Connection check task start

2026-10-02 10:36:15,813 INFO Long connection metrics detail ,Total count =0, sdkCount=0,clusterCount=0

2026-10-02 10:36:15,814 INFO Out dated connection ,size=0

2026-10-02 10:36:15,814 INFO Connection check task end

2026-10-02 10:36:16,602 INFO ConnectionMetrics, totalCount = 0, detail = {long_connection=0, long_polling=0}

2026-10-02 10:36:18,816 INFO Connection check task start

2026-10-02 10:36:18,817 INFO Long connection metrics detail ,Total count =0, sdkCount=0,clusterCount=0

2026-10-02 10:36:18,818 INFO Out dated connection ,size=0

2026-10-02 10:36:18,819 INFO Connection check task end

2026-10-02 10:36:19,603 INFO ConnectionMetrics, totalCount = 0, detail = {long_connection=0, long_polling=0}

2026-10-02 10:36:21,821 INFO Connection check task start

2026-10-02 10:36:21,822 INFO Long connection metrics detail ,Total count =0, sdkCount=0,clusterCount=0

2026-10-02 10:36:21,823 INFO Out dated connection ,size=0

2026-10-02 10:36:21,824 INFO Connection check task end

2026-10-02 10:36:22,605 INFO ConnectionMetrics, totalCount = 0, detail = {long_connection=0, long_polling=0}

2026-10-02 10:36:24,825 INFO Connection check task start

2026-10-02 10:36:24,826 INFO Long connection metrics detail ,Total count =0, sdkCount=0,clusterCount=0

2026-10-02 10:36:24,827 INFO Out dated connection ,size=0

2026-10-02 10:36:24,828 INFO Connection check task end

2026-10-02 10:36:25,607 INFO ConnectionMetrics, totalCount = 0, detail = {long_connection=0, long_polling=0}

2026-10-02 10:36:27,829 INFO Connection check task start

2026-10-02 10:36:27,830 INFO Long connection metrics detail ,Total count =0, sdkCount=0,clusterCount=0

2026-10-02 10:36:27,831 INFO Out dated connection ,size=0

2026-10-02 10:36:27,832 INFO Connection check task end

2026-10-02 10:36:28,609 INFO ConnectionMetrics, totalCount = 0, detail = {long_connection=0, long_polling=0}

2026-10-02 10:36:30,831 INFO Connection check task start

2026-10-02 10:36:30,832 INFO Long connection metrics detail ,Total count =0, sdkCount=0,clusterCount=0

2026-10-02 10:36:30,833 INFO Out dated connection ,size=0

2026-10-02 10:36:30,834 INFO Connection check task end

2026-10-02 10:36:31,608 INFO ConnectionMetrics, totalCount = 0, detail = {long_connection=0, long_polling=0}

2026-10-02 10:36:33,835 INFO Connection check task start

2026-10-02 10:36:33,836 INFO Long connection metrics detail ,Total count =0, sdkCount=0,clusterCount=0

2026-10-02 10:36:33,837 INFO Out dated connection ,size=0

2026-10-02 10:36:33,838 INFO Connection check task end

2026-10-02 10:36:34,610 INFO ConnectionMetrics, totalCount = 0, detail = {long_connection=0, long_polling=0}

2026-10-02 10:36:36,839 INFO Connection check task start

2026-10-02 10:36:36,840 INFO Long connection metrics detail ,Total count =0, sdkCount=0,clusterCount=0

2026-10-02 10:36:36,841 INFO Out dated connection ,size=0

2026-10-02 10:36:36,841 INFO Connection check task end

2026-10-02 10:36:37,611 INFO ConnectionMetrics, totalCount = 0, detail = {long_connection=0, long_polling=0}

2026-10-02 10:36:39,842 INFO Connection check task start

2026-10-02 10:36:39,843 INFO Long connection metrics detail ,Total count =0, sdkCount=0,clusterCount=0

2026-10-02 10:36:39,843 INFO Out dated connection ,size=0

2026-10-02 10:36:39,843 INFO Connection check task end

2026-10-02 10:36:40,614 INFO ConnectionMetrics, totalCount = 0, detail = {long_connection=0, long_polling=0}

2026-10-02 10:36:42,844 INFO Connection check task start

2026-10-02 10:36:42,845 INFO Long connection metrics detail ,Total count =0, sdkCount=0,clusterCount=0

2026-10-02 10:36:42,846 INFO Out dated connection ,size=0

2026-10-02 10:36:42,847 INFO Connection check task end

2026-10-02 10:36:43,616 INFO ConnectionMetrics, totalCount = 0, detail = {long_connection=0, long_polling=0}

2026-10-02 10:36:45,848 INFO Connection check task start

2026-10-02 10:36:45,850 INFO Long connection metrics detail ,Total count =0, sdkCount=0,clusterCount=0

2026-10-02 10:36:45,850 INFO Out dated connection ,size=0

2026-10-02 10:36:45,851 INFO Connection check task end

2026-10-02 10:36:46,617 INFO ConnectionMetrics, totalCount = 0, detail = {long_connection=0, long_polling=0}

2026-10-02 10:36:48,852 INFO Connection check task start

2026-10-02 10:36:48,854 INFO Long connection metrics detail ,Total count =0, sdkCount=0,clusterCount=0

2026-10-02 10:36:48,854 INFO Out dated connection ,size=0

2026-10-02 10:36:48,855 INFO Connection check task end

2026-10-02 10:36:49,618 INFO ConnectionMetrics, totalCount = 0, detail = {long_connection=0, long_polling=0}

2026-10-02 10:36:51,856 INFO Connection check task start

2026-10-02 10:36:51,858 INFO Long connection metrics detail ,Total count =0, sdkCount=0,clusterCount=0

2026-10-02 10:36:51,859 INFO Out dated connection ,size=0

2026-10-02 10:36:51,860 INFO Connection check task end

2026-10-02 10:36:52,620 INFO ConnectionMetrics, totalCount = 0, detail = {long_connection=0, long_polling=0}

2026-10-02 10:36:54,861 INFO Connection check task start

2026-10-02 10:36:54,862 INFO Long connection metrics detail ,Total count =0, sdkCount=0,clusterCount=0

2026-10-02 10:36:54,863 INFO Out dated connection ,size=0

2026-10-02 10:36:54,864 INFO Connection check task end

2026-10-02 10:36:55,622 INFO ConnectionMetrics, totalCount = 0, detail = {long_connection=0, long_polling=0}

2026-10-02 10:36:57,865 INFO Connection check task start

2026-10-02 10:36:57,866 INFO Long connection metrics detail ,Total count =0, sdkCount=0,clusterCount=0

2026-10-02 10:36:57,867 INFO Out dated connection ,size=0

2026-10-02 10:36:57,869 INFO Connection check task end

2026-10-02 10:36:58,623 INFO ConnectionMetrics, totalCount = 0, detail = {long_connection=0, long_polling=0}

2026-10-02 10:37:00,868 INFO Connection check task start

2026-10-02 10:37:00,869 INFO Long connection metrics detail ,Total count =0, sdkCount=0,clusterCount=0

2026-10-02 10:37:00,869 INFO Out dated connection ,size=0

2026-10-02 10:37:00,870 INFO Connection check task end

2026-10-02 10:37:01,622 INFO ConnectionMetrics, totalCount = 0, detail = {long_connection=0, long_polling=0}

2026-10-02 10:37:03,870 INFO Connection check task start

2026-10-02 10:37:03,871 INFO Long connection metrics detail ,Total count =0, sdkCount=0,clusterCount=0

2026-10-02 10:37:03,872 INFO Out dated connection ,size=0

2026-10-02 10:37:03,873 INFO Connection check task end

2026-10-02 10:37:04,624 INFO ConnectionMetrics, totalCount = 0, detail = {long_connection=0, long_polling=0}

2026-10-02 10:37:06,874 INFO Connection check task start

2026-10-02 10:37:06,875 INFO Long connection metrics detail ,Total count =0, sdkCount=0,clusterCount=0

2026-10-02 10:37:06,875 INFO Out dated connection ,size=0

2026-10-02 10:37:06,876 INFO Connection check task end

2026-10-02 10:37:07,625 INFO ConnectionMetrics, totalCount = 0, detail = {long_connection=0, long_polling=0}

2026-10-02 10:37:09,877 INFO Connection check task start

2026-10-02 10:37:09,878 INFO Long connection metrics detail ,Total count =0, sdkCount=0,clusterCount=0

2026-10-02 10:37:09,879 INFO Out dated connection ,size=0

2026-10-02 10:37:09,879 INFO Connection check task end

2026-10-02 10:37:10,626 INFO ConnectionMetrics, totalCount = 0, detail = {long_connection=0, long_polling=0}

2026-10-02 10:37:12,881 INFO Connection check task start

2026-10-02 10:37:12,882 INFO Long connection metrics detail ,Total count =0, sdkCount=0,clusterCount=0

2026-10-02 10:37:12,883 INFO Out dated connection ,size=0

2026-10-02 10:37:12,884 INFO Connection check task end

2026-10-02 10:37:13,627 INFO ConnectionMetrics, totalCount = 0, detail = {long_connection=0, long_polling=0}

2026-10-02 10:37:15,885 INFO Connection check task start

2026-10-02 10:37:15,887 INFO Long connection metrics detail ,Total count =0, sdkCount=0,clusterCount=0

2026-10-02 10:37:15,888 INFO Out dated connection ,size=0

2026-10-02 10:37:15,889 INFO Connection check task end

2026-10-02 10:37:16,628 INFO ConnectionMetrics, totalCount = 0, detail = {long_connection=0, long_polling=0}

2026-10-02 10:37:18,890 INFO Connection check task start

2026-10-02 10:37:18,891 INFO Long connection metrics detail ,Total count =0, sdkCount=0,clusterCount=0

2026-10-02 10:37:18,892 INFO Out dated connection ,size=0

2026-10-02 10:37:18,893 INFO Connection check task end

2026-10-02 10:37:19,629 INFO ConnectionMetrics, totalCount = 0, detail = {long_connection=0, long_polling=0}

2026-10-02 10:37:21,894 INFO Connection check task start

2026-10-02 10:37:21,895 INFO Long connection metrics detail ,Total count =0, sdkCount=0,clusterCount=0

2026-10-02 10:37:21,896 INFO Out dated connection ,size=0

2026-10-02 10:37:21,897 INFO Connection check task end

2026-10-02 10:37:22,631 INFO ConnectionMetrics, totalCount = 0, detail = {long_connection=0, long_polling=0}

2026-10-02 10:37:24,898 INFO Connection check task start

2026-10-02 10:37:24,899 INFO Long connection metrics detail ,Total count =0, sdkCount=0,clusterCount=0

2026-10-02 10:37:24,899 INFO Out dated connection ,size=0

2026-10-02 10:37:24,900 INFO Connection check task end

2026-10-02 10:37:25,632 INFO ConnectionMetrics, totalCount = 0, detail = {long_connection=0, long_polling=0}

2026-10-02 10:37:27,900 INFO Connection check task start

2026-10-02 10:37:27,902 INFO Long connection metrics detail ,Total count =0, sdkCount=0,clusterCount=0

2026-10-02 10:37:27,903 INFO Out dated connection ,size=0

2026-10-02 10:37:27,905 INFO Connection check task end

2026-10-02 10:37:28,634 INFO ConnectionMetrics, totalCount = 0, detail = {long_connection=0, long_polling=0}

2026-10-02 10:37:30,904 INFO Connection check task start

2026-10-02 10:37:30,905 INFO Long connection metrics detail ,Total count =0, sdkCount=0,clusterCount=0

2026-10-02 10:37:30,906 INFO Out dated connection ,size=0

2026-10-02 10:37:30,907 INFO Connection check task end

2026-10-02 10:37:31,634 INFO ConnectionMetrics, totalCount = 0, detail = {long_connection=0, long_polling=0}

2026-10-02 10:37:33,908 INFO Connection check task start

2026-10-02 10:37:33,909 INFO Long connection metrics detail ,Total count =0, sdkCount=0,clusterCount=0

2026-10-02 10:37:33,910 INFO Out dated connection ,size=0

2026-10-02 10:37:33,911 INFO Connection check task end

2026-10-02 10:37:34,635 INFO ConnectionMetrics, totalCount = 0, detail = {long_connection=0, long_polling=0}

2026-10-02 10:37:36,911 INFO Connection check task start

2026-10-02 10:37:36,912 INFO Long connection metrics detail ,Total count =0, sdkCount=0,clusterCount=0

2026-10-02 10:37:36,912 INFO Out dated connection ,size=0

2026-10-02 10:37:36,913 INFO Connection check task end

2026-10-02 10:37:37,636 INFO ConnectionMetrics, totalCount = 0, detail = {long_connection=0, long_polling=0}

2026-10-02 10:37:39,915 INFO Connection check task start

2026-10-02 10:37:39,916 INFO Long connection metrics detail ,Total count =0, sdkCount=0,clusterCount=0

2026-10-02 10:37:39,917 INFO Out dated connection ,size=0

2026-10-02 10:37:39,918 INFO Connection check task end

2026-10-02 10:37:40,638 INFO ConnectionMetrics, totalCount = 0, detail = {long_connection=0, long_polling=0}

2026-10-02 10:37:42,919 INFO Connection check task start

2026-10-02 10:37:42,920 INFO Long connection metrics detail ,Total count =0, sdkCount=0,clusterCount=0

2026-10-02 10:37:42,921 INFO Out dated connection ,size=0

2026-10-02 10:37:42,922 INFO Connection check task end

2026-10-02 10:37:43,639 INFO ConnectionMetrics, totalCount = 0, detail = {long_connection=0, long_polling=0}

2026-10-02 10:37:45,922 INFO Connection check task start

2026-10-02 10:37:45,923 INFO Long connection metrics detail ,Total count =0, sdkCount=0,clusterCount=0

2026-10-02 10:37:45,925 INFO Out dated connection ,size=0

2026-10-02 10:37:45,925 INFO Connection check task end

2026-10-02 10:37:46,641 INFO ConnectionMetrics, totalCount = 0, detail = {long_connection=0, long_polling=0}

2026-10-02 10:37:48,927 INFO Connection check task start

2026-10-02 10:37:48,928 INFO Long connection metrics detail ,Total count =0, sdkCount=0,clusterCount=0

2026-10-02 10:37:48,929 INFO Out dated connection ,size=0

2026-10-02 10:37:48,930 INFO Connection check task end

2026-10-02 10:37:49,642 INFO ConnectionMetrics, totalCount = 0, detail = {long_connection=0, long_polling=0}

2026-10-02 10:37:51,931 INFO Connection check task start

2026-10-02 10:37:51,932 INFO Long connection metrics detail ,Total count =0, sdkCount=0,clusterCount=0

2026-10-02 10:37:51,933 INFO Out dated connection ,size=0

2026-10-02 10:37:51,934 INFO Connection check task end

2026-10-02 10:37:52,645 INFO ConnectionMetrics, totalCount = 0, detail = {long_connection=0, long_polling=0}

2026-10-02 10:37:54,935 INFO Connection check task start

2026-10-02 10:37:54,936 INFO Long connection metrics detail ,Total count =0, sdkCount=0,clusterCount=0

2026-10-02 10:37:54,936 INFO Out dated connection ,size=0

2026-10-02 10:37:54,937 INFO Connection check task end

2026-10-02 10:37:55,646 INFO ConnectionMetrics, totalCount = 0, detail = {long_connection=0, long_polling=0}

2026-10-02 10:37:57,938 INFO Connection check task start

2026-10-02 10:37:57,939 INFO Long connection metrics detail ,Total count =0, sdkCount=0,clusterCount=0

2026-10-02 10:37:57,939 INFO Out dated connection ,size=0

2026-10-02 10:37:57,939 INFO Connection check task end

2026-10-02 10:37:58,647 INFO ConnectionMetrics, totalCount = 0, detail = {long_connection=0, long_polling=0}

2026-10-02 10:38:00,938 INFO Connection check task start

2026-10-02 10:38:00,939 INFO Long connection metrics detail ,Total count =0, sdkCount=0,clusterCount=0

2026-10-02 10:38:00,940 INFO Out dated connection ,size=0

2026-10-02 10:38:00,940 INFO Connection check task end

2026-10-02 10:38:01,646 INFO ConnectionMetrics, totalCount = 0, detail = {long_connection=0, long_polling=0}

2026-10-02 10:38:03,941 INFO Connection check task start

2026-10-02 10:38:03,942 INFO Long connection metrics detail ,Total count =0, sdkCount=0,clusterCount=0

2026-10-02 10:38:03,944 INFO Out dated connection ,size=0

2026-10-02 10:38:03,945 INFO Connection check task end

2026-10-02 10:38:04,647 INFO ConnectionMetrics, totalCount = 0, detail = {long_connection=0, long_polling=0}

2026-10-02 10:38:06,946 INFO Connection check task start

2026-10-02 10:38:06,946 INFO Long connection metrics detail ,Total count =0, sdkCount=0,clusterCount=0

2026-10-02 10:38:06,947 INFO Out dated connection ,size=0

2026-10-02 10:38:06,948 INFO Connection check task end

2026-10-02 10:38:07,649 INFO ConnectionMetrics, totalCount = 0, detail = {long_connection=0, long_polling=0}

2026-10-02 10:38:09,948 INFO Connection check task start

2026-10-02 10:38:09,949 INFO Long connection metrics detail ,Total count =0, sdkCount=0,clusterCount=0

2026-10-02 10:38:09,950 INFO Out dated connection ,size=0

2026-10-02 10:38:09,951 INFO Connection check task end

2026-10-02 10:38:10,650 INFO ConnectionMetrics, totalCount = 0, detail = {long_connection=0, long_polling=0}

2026-10-02 10:38:12,952 INFO Connection check task start

2026-10-02 10:38:12,953 INFO Long connection metrics detail ,Total count =0, sdkCount=0,clusterCount=0

2026-10-02 10:38:12,954 INFO Out dated connection ,size=0

2026-10-02 10:38:12,954 INFO Connection check task end

2026-10-02 10:38:13,651 INFO ConnectionMetrics, totalCount = 0, detail = {long_connection=0, long_polling=0}

2026-10-02 10:38:15,955 INFO Connection check task start

2026-10-02 10:38:15,960 INFO Long connection metrics detail ,Total count =0, sdkCount=0,clusterCount=0

2026-10-02 10:38:15,962 INFO Out dated connection ,size=0

2026-10-02 10:38:15,963 INFO Connection check task end

2026-10-02 10:38:16,653 INFO ConnectionMetrics, totalCount = 0, detail = {long_connection=0, long_polling=0}

2026-10-02 10:38:18,964 INFO Connection check task start

2026-10-02 10:38:18,965 INFO Long connection metrics detail ,Total count =0, sdkCount=0,clusterCount=0

2026-10-02 10:38:18,965 INFO Out dated connection ,size=0

2026-10-02 10:38:18,966 INFO Connection check task end

2026-10-02 10:38:19,654 INFO ConnectionMetrics, totalCount = 0, detail = {long_connection=0, long_polling=0}

2026-10-02 10:38:21,967 INFO Connection check task start

2026-10-02 10:38:21,968 INFO Long connection metrics detail ,Total count =0, sdkCount=0,clusterCount=0

2026-10-02 10:38:21,969 INFO Out dated connection ,size=0

2026-10-02 10:38:21,969 INFO Connection check task end

2026-10-02 10:38:22,655 INFO ConnectionMetrics, totalCount = 0, detail = {long_connection=0, long_polling=0}

2026-10-02 10:38:24,970 INFO Connection check task start

2026-10-02 10:38:24,972 INFO Long connection metrics detail ,Total count =0, sdkCount=0,clusterCount=0

2026-10-02 10:38:24,972 INFO Out dated connection ,size=0

2026-10-02 10:38:24,973 INFO Connection check task end

2026-10-02 10:38:25,657 INFO ConnectionMetrics, totalCount = 0, detail = {long_connection=0, long_polling=0}

2026-10-02 10:38:27,974 INFO Connection check task start

2026-10-02 10:38:27,975 INFO Long connection metrics detail ,Total count =0, sdkCount=0,clusterCount=0

2026-10-02 10:38:27,976 INFO Out dated connection ,size=0

2026-10-02 10:38:27,977 INFO Connection check task end

2026-10-02 10:38:28,658 INFO ConnectionMetrics, totalCount = 0, detail = {long_connection=0, long_polling=0}

2026-10-02 10:38:30,977 INFO Connection check task start

2026-10-02 10:38:30,978 INFO Long connection metrics detail ,Total count =0, sdkCount=0,clusterCount=0

2026-10-02 10:38:30,979 INFO Out dated connection ,size=0

2026-10-02 10:38:30,980 INFO Connection check task end

2026-10-02 10:38:31,658 INFO ConnectionMetrics, totalCount = 0, detail = {long_connection=0, long_polling=0}

2026-10-02 10:38:33,981 INFO Connection check task start

2026-10-02 10:38:33,983 INFO Long connection metrics detail ,Total count =0, sdkCount=0,clusterCount=0

2026-10-02 10:38:33,984 INFO Out dated connection ,size=0

2026-10-02 10:38:33,985 INFO Connection check task end

2026-10-02 10:38:34,659 INFO ConnectionMetrics, totalCount = 0, detail = {long_connection=0, long_polling=0}

2026-10-02 10:38:36,986 INFO Connection check task start

2026-10-02 10:38:36,986 INFO Long connection metrics detail ,Total count =0, sdkCount=0,clusterCount=0

2026-10-02 10:38:36,987 INFO Out dated connection ,size=0

2026-10-02 10:38:36,988 INFO Connection check task end

2026-10-02 10:38:37,661 INFO ConnectionMetrics, totalCount = 0, detail = {long_connection=0, long_polling=0}

2026-10-02 10:38:39,988 INFO Connection check task start

2026-10-02 10:38:39,989 INFO Long connection metrics detail ,Total count =0, sdkCount=0,clusterCount=0

2026-10-02 10:38:39,990 INFO Out dated connection ,size=0

2026-10-02 10:38:39,991 INFO Connection check task end

2026-10-02 10:38:40,662 INFO ConnectionMetrics, totalCount = 0, detail = {long_connection=0, long_polling=0}

2026-10-02 10:38:42,992 INFO Connection check task start

2026-10-02 10:38:42,993 INFO Long connection metrics detail ,Total count =0, sdkCount=0,clusterCount=0

2026-10-02 10:38:42,993 INFO Out dated connection ,size=0

2026-10-02 10:38:42,994 INFO Connection check task end

2026-10-02 10:38:43,663 INFO ConnectionMetrics, totalCount = 0, detail = {long_connection=0, long_polling=0}

2026-10-02 10:38:45,995 INFO Connection check task start

2026-10-02 10:38:45,996 INFO Long connection metrics detail ,Total count =0, sdkCount=0,clusterCount=0

2026-10-02 10:38:45,996 INFO Out dated connection ,size=0

2026-10-02 10:38:45,997 INFO Connection check task end

2026-10-02 10:38:46,665 INFO ConnectionMetrics, totalCount = 0, detail = {long_connection=0, long_polling=0}

2026-10-02 10:38:48,998 INFO Connection check task start

2026-10-02 10:38:49,000 INFO Long connection metrics detail ,Total count =0, sdkCount=0,clusterCount=0

2026-10-02 10:38:49,001 INFO Out dated connection ,size=0

2026-10-02 10:38:49,002 INFO Connection check task end

2026-10-02 10:38:49,666 INFO ConnectionMetrics, totalCount = 0, detail = {long_connection=0, long_polling=0}

2026-10-02 10:38:52,003 INFO Connection check task start

2026-10-02 10:38:52,005 INFO Long connection metrics detail ,Total count =0, sdkCount=0,clusterCount=0

2026-10-02 10:38:52,005 INFO Out dated connection ,size=0

2026-10-02 10:38:52,006 INFO Connection check task end

2026-10-02 10:38:52,668 INFO ConnectionMetrics, totalCount = 0, detail = {long_connection=0, long_polling=0}

2026-10-02 10:38:55,007 INFO Connection check task start

2026-10-02 10:38:55,008 INFO Long connection metrics detail ,Total count =0, sdkCount=0,clusterCount=0

2026-10-02 10:38:55,009 INFO Out dated connection ,size=0

2026-10-02 10:38:55,010 INFO Connection check task end

2026-10-02 10:38:55,669 INFO ConnectionMetrics, totalCount = 0, detail = {long_connection=0, long_polling=0}

2026-10-02 10:38:58,011 INFO Connection check task start

2026-10-02 10:38:58,012 INFO Long connection metrics detail ,Total count =0, sdkCount=0,clusterCount=0

2026-10-02 10:38:58,013 INFO Out dated connection ,size=0

2026-10-02 10:38:58,014 INFO Connection check task end

2026-10-02 10:38:58,670 INFO ConnectionMetrics, totalCount = 0, detail = {long_connection=0, long_polling=0}

2026-10-02 10:39:01,013 INFO Connection check task start

2026-10-02 10:39:01,014 INFO Long connection metrics detail ,Total count =0, sdkCount=0,clusterCount=0

2026-10-02 10:39:01,015 INFO Out dated connection ,size=0

2026-10-02 10:39:01,016 INFO Connection check task end

2026-10-02 10:39:01,669 INFO ConnectionMetrics, totalCount = 0, detail = {long_connection=0, long_polling=0}

2026-10-02 10:39:04,017 INFO Connection check task start

2026-10-02 10:39:04,018 INFO Long connection metrics detail ,Total count =0, sdkCount=0,clusterCount=0

2026-10-02 10:39:04,019 INFO Out dated connection ,size=0

2026-10-02 10:39:04,019 INFO Connection check task end

2026-10-02 10:39:04,671 INFO ConnectionMetrics, totalCount = 0, detail = {long_connection=0, long_polling=0}

2026-10-02 10:39:07,020 INFO Connection check task start

2026-10-02 10:39:07,021 INFO Long connection metrics detail ,Total count =0, sdkCount=0,clusterCount=0

2026-10-02 10:39:07,022 INFO Out dated connection ,size=0

2026-10-02 10:39:07,022 INFO Connection check task end

2026-10-02 10:39:07,672 INFO ConnectionMetrics, totalCount = 0, detail = {long_connection=0, long_polling=0}

2026-10-02 10:39:10,023 INFO Connection check task start

2026-10-02 10:39:10,024 INFO Long connection metrics detail ,Total count =0, sdkCount=0,clusterCount=0

2026-10-02 10:39:10,025 INFO Out dated connection ,size=0

2026-10-02 10:39:10,026 INFO Connection check task end

2026-10-02 10:39:10,675 INFO ConnectionMetrics, totalCount = 0, detail = {long_connection=0, long_polling=0}

2026-10-02 10:39:13,027 INFO Connection check task start

2026-10-02 10:39:13,028 INFO Long connection metrics detail ,Total count =0, sdkCount=0,clusterCount=0

2026-10-02 10:39:13,029 INFO Out dated connection ,size=0

2026-10-02 10:39:13,030 INFO Connection check task end

2026-10-02 10:39:13,677 INFO ConnectionMetrics, totalCount = 0, detail = {long_connection=0, long_polling=0}

2026-10-02 10:39:16,031 INFO Connection check task start

2026-10-02 10:39:16,032 INFO Long connection metrics detail ,Total count =0, sdkCount=0,clusterCount=0

2026-10-02 10:39:16,033 INFO Out dated connection ,size=0

2026-10-02 10:39:16,034 INFO Connection check task end

2026-10-02 10:39:16,679 INFO ConnectionMetrics, totalCount = 0, detail = {long_connection=0, long_polling=0}

2026-10-02 10:39:19,036 INFO Connection check task start

2026-10-02 10:39:19,036 INFO Long connection metrics detail ,Total count =0, sdkCount=0,clusterCount=0

2026-10-02 10:39:19,037 INFO Out dated connection ,size=0

2026-10-02 10:39:19,038 INFO Connection check task end

2026-10-02 10:39:19,680 INFO ConnectionMetrics, totalCount = 0, detail = {long_connection=0, long_polling=0}

2026-10-02 10:39:22,039 INFO Connection check task start

2026-10-02 10:39:22,040 INFO Long connection metrics detail ,Total count =0, sdkCount=0,clusterCount=0

2026-10-02 10:39:22,040 INFO Out dated connection ,size=0

2026-10-02 10:39:22,041 INFO Connection check task end

2026-10-02 10:39:22,681 INFO ConnectionMetrics, totalCount = 0, detail = {long_connection=0, long_polling=0}

2026-10-02 10:39:25,042 INFO Connection check task start

2026-10-02 10:39:25,044 INFO Long connection metrics detail ,Total count =0, sdkCount=0,clusterCount=0

2026-10-02 10:39:25,045 INFO Out dated connection ,size=0

2026-10-02 10:39:25,046 INFO Connection check task end

2026-10-02 10:39:25,683 INFO ConnectionMetrics, totalCount = 0, detail = {long_connection=0, long_polling=0}

2026-10-02 10:39:28,047 INFO Connection check task start

2026-10-02 10:39:28,048 INFO Long connection metrics detail ,Total count =0, sdkCount=0,clusterCount=0

2026-10-02 10:39:28,049 INFO Out dated connection ,size=0

2026-10-02 10:39:28,050 INFO Connection check task end

2026-10-02 10:39:28,685 INFO ConnectionMetrics, totalCount = 0, detail = {long_connection=0, long_polling=0}

2026-10-02 10:39:31,049 INFO Connection check task start

2026-10-02 10:39:31,050 INFO Long connection metrics detail ,Total count =0, sdkCount=0,clusterCount=0

2026-10-02 10:39:31,051 INFO Out dated connection ,size=0

2026-10-02 10:39:31,052 INFO Connection check task end

2026-10-02 10:39:31,685 INFO ConnectionMetrics, totalCount = 0, detail = {long_connection=0, long_polling=0}

2026-10-02 10:39:34,053 INFO Connection check task start

2026-10-02 10:39:34,054 INFO Long connection metrics detail ,Total count =0, sdkCount=0,clusterCount=0

2026-10-02 10:39:34,055 INFO Out dated connection ,size=0

2026-10-02 10:39:34,056 INFO Connection check task end

2026-10-02 10:39:34,686 INFO ConnectionMetrics, totalCount = 0, detail = {long_connection=0, long_polling=0}

2026-10-02 10:39:37,057 INFO Connection check task start

2026-10-02 10:39:37,057 INFO Long connection metrics detail ,Total count =0, sdkCount=0,clusterCount=0

2026-10-02 10:39:37,058 INFO Out dated connection ,size=0

2026-10-02 10:39:37,058 INFO Connection check task end

2026-10-02 10:39:37,687 INFO ConnectionMetrics, totalCount = 0, detail = {long_connection=0, long_polling=0}

2026-10-02 10:39:40,059 INFO Connection check task start

2026-10-02 10:39:40,060 INFO Long connection metrics detail ,Total count =0, sdkCount=0,clusterCount=0

2026-10-02 10:39:40,061 INFO Out dated connection ,size=0

2026-10-02 10:39:40,061 INFO Connection check task end

2026-10-02 10:39:40,689 INFO ConnectionMetrics, totalCount = 0, detail = {long_connection=0, long_polling=0}

2026-10-02 10:39:43,062 INFO Connection check task start

2026-10-02 10:39:43,064 INFO Long connection metrics detail ,Total count =0, sdkCount=0,clusterCount=0

2026-10-02 10:39:43,064 INFO Out dated connection ,size=0

2026-10-02 10:39:43,065 INFO Connection check task end

2026-10-02 10:39:43,691 INFO ConnectionMetrics, totalCount = 0, detail = {long_connection=0, long_polling=0}

2026-10-02 10:39:46,066 INFO Connection check task start

2026-10-02 10:39:46,066 INFO Long connection metrics detail ,Total count =0, sdkCount=0,clusterCount=0

2026-10-02 10:39:46,067 INFO Out dated connection ,size=0

2026-10-02 10:39:46,068 INFO Connection check task end

2026-10-02 10:39:46,694 INFO ConnectionMetrics, totalCount = 0, detail = {long_connection=0, long_polling=0}

2026-10-02 10:39:49,068 INFO Connection check task start

2026-10-02 10:39:49,069 INFO Long connection metrics detail ,Total count =0, sdkCount=0,clusterCount=0

2026-10-02 10:39:49,070 INFO Out dated connection ,size=0

2026-10-02 10:39:49,071 INFO Connection check task end

2026-10-02 10:39:49,696 INFO ConnectionMetrics, totalCount = 0, detail = {long_connection=0, long_polling=0}

2026-10-02 10:39:52,071 INFO Connection check task start

2026-10-02 10:39:52,072 INFO Long connection metrics detail ,Total count =0, sdkCount=0,clusterCount=0

2026-10-02 10:39:52,072 INFO Out dated connection ,size=0

2026-10-02 10:39:52,073 INFO Connection check task end

2026-10-02 10:39:52,697 INFO ConnectionMetrics, totalCount = 0, detail = {long_connection=0, long_polling=0}

2026-10-02 10:39:55,073 INFO Connection check task start

2026-10-02 10:39:55,074 INFO Long connection metrics detail ,Total count =0, sdkCount=0,clusterCount=0

2026-10-02 10:39:55,075 INFO Out dated connection ,size=0

2026-10-02 10:39:55,076 INFO Connection check task end

2026-10-02 10:39:55,699 INFO ConnectionMetrics, totalCount = 0, detail = {long_connection=0, long_polling=0}

2026-10-02 10:39:58,077 INFO Connection check task start

2026-10-02 10:39:58,078 INFO Long connection metrics detail ,Total count =0, sdkCount=0,clusterCount=0

2026-10-02 10:39:58,079 INFO Out dated connection ,size=0

2026-10-02 10:39:58,080 INFO Connection check task end

2026-10-02 10:39:58,701 INFO ConnectionMetrics, totalCount = 0, detail = {long_connection=0, long_polling=0}

2026-10-02 10:40:01,080 INFO Connection check task start

2026-10-02 10:40:01,082 INFO Long connection metrics detail ,Total count =0, sdkCount=0,clusterCount=0

2026-10-02 10:40:01,083 INFO Out dated connection ,size=0

2026-10-02 10:40:01,083 INFO Connection check task end

2026-10-02 10:40:01,701 INFO ConnectionMetrics, totalCount = 0, detail = {long_connection=0, long_polling=0}

2026-10-02 10:40:04,084 INFO Connection check task start

2026-10-02 10:40:04,085 INFO Long connection metrics detail ,Total count =0, sdkCount=0,clusterCount=0

2026-10-02 10:40:04,086 INFO Out dated connection ,size=0

2026-10-02 10:40:04,087 INFO Connection check task end

2026-10-02 10:40:04,703 INFO ConnectionMetrics, totalCount = 0, detail = {long_connection=0, long_polling=0}

2026-10-02 10:40:07,088 INFO Connection check task start

2026-10-02 10:40:07,089 INFO Long connection metrics detail ,Total count =0, sdkCount=0,clusterCount=0

2026-10-02 10:40:07,090 INFO Out dated connection ,size=0

2026-10-02 10:40:07,091 INFO Connection check task end

2026-10-02 10:40:07,704 INFO ConnectionMetrics, totalCount = 0, detail = {long_connection=0, long_polling=0}

2026-10-02 10:40:10,092 INFO Connection check task start

2026-10-02 10:40:10,093 INFO Long connection metrics detail ,Total count =0, sdkCount=0,clusterCount=0

2026-10-02 10:40:10,094 INFO Out dated connection ,size=0

2026-10-02 10:40:10,095 INFO Connection check task end

2026-10-02 10:40:10,706 INFO ConnectionMetrics, totalCount = 0, detail = {long_connection=0, long_polling=0}

2026-10-02 10:40:13,096 INFO Connection check task start

2026-10-02 10:40:13,096 INFO Long connection metrics detail ,Total count =0, sdkCount=0,clusterCount=0

2026-10-02 10:40:13,096 INFO Out dated connection ,size=0

2026-10-02 10:40:13,097 INFO Connection check task end

2026-10-02 10:40:13,707 INFO ConnectionMetrics, totalCount = 0, detail = {long_connection=0, long_polling=0}

2026-10-02 10:40:16,097 INFO Connection check task start

2026-10-02 10:40:16,098 INFO Long connection metrics detail ,Total count =0, sdkCount=0,clusterCount=0

2026-10-02 10:40:16,099 INFO Out dated connection ,size=0

2026-10-02 10:40:16,100 INFO Connection check task end

2026-10-02 10:40:16,709 INFO ConnectionMetrics, totalCount = 0, detail = {long_connection=0, long_polling=0}

2026-10-02 10:40:19,100 INFO Connection check task start

2026-10-02 10:40:19,101 INFO Long connection metrics detail ,Total count =0, sdkCount=0,clusterCount=0

2026-10-02 10:40:19,101 INFO Out dated connection ,size=0

2026-10-02 10:40:19,101 INFO Connection check task end

2026-10-02 10:40:19,710 INFO ConnectionMetrics, totalCount = 0, detail = {long_connection=0, long_polling=0}

2026-10-02 10:40:22,102 INFO Connection check task start

2026-10-02 10:40:22,103 INFO Long connection metrics detail ,Total count =0, sdkCount=0,clusterCount=0

2026-10-02 10:40:22,104 INFO Out dated connection ,size=0

2026-10-02 10:40:22,105 INFO Connection check task end

2026-10-02 10:40:22,711 INFO ConnectionMetrics, totalCount = 0, detail = {long_connection=0, long_polling=0}

2026-10-02 10:40:25,106 INFO Connection check task start

2026-10-02 10:40:25,107 INFO Long connection metrics detail ,Total count =0, sdkCount=0,clusterCount=0

2026-10-02 10:40:25,107 INFO Out dated connection ,size=0

2026-10-02 10:40:25,108 INFO Connection check task end

2026-10-02 10:40:25,712 INFO ConnectionMetrics, totalCount = 0, detail = {long_connection=0, long_polling=0}

2026-10-02 10:40:28,108 INFO Connection check task start

2026-10-02 10:40:28,109 INFO Long connection metrics detail ,Total count =0, sdkCount=0,clusterCount=0

2026-10-02 10:40:28,110 INFO Out dated connection ,size=0

2026-10-02 10:40:28,111 INFO Connection check task end

2026-10-02 10:40:28,715 INFO ConnectionMetrics, totalCount = 0, detail = {long_connection=0, long_polling=0}

2026-10-02 10:40:31,109 INFO Connection check task start

2026-10-02 10:40:31,110 INFO Long connection metrics detail ,Total count =0, sdkCount=0,clusterCount=0

2026-10-02 10:40:31,110 INFO Out dated connection ,size=0

2026-10-02 10:40:31,111 INFO Connection check task end

2026-10-02 10:40:31,718 INFO ConnectionMetrics, totalCount = 0, detail = {long_connection=0, long_polling=0}

2026-10-02 10:40:34,111 INFO Connection check task start

2026-10-02 10:40:34,112 INFO Long connection metrics detail ,Total count =0, sdkCount=0,clusterCount=0

2026-10-02 10:40:34,113 INFO Out dated connection ,size=0

2026-10-02 10:40:34,114 INFO Connection check task end

2026-10-02 10:40:34,720 INFO ConnectionMetrics, totalCount = 0, detail = {long_connection=0, long_polling=0}

2026-10-02 10:40:37,114 INFO Connection check task start

2026-10-02 10:40:37,115 INFO Long connection metrics detail ,Total count =0, sdkCount=0,clusterCount=0

2026-10-02 10:40:37,116 INFO Out dated connection ,size=0

2026-10-02 10:40:37,117 INFO Connection check task end

2026-10-02 10:40:37,721 INFO ConnectionMetrics, totalCount = 0, detail = {long_connection=0, long_polling=0}

2026-10-02 10:40:40,118 INFO Connection check task start

2026-10-02 10:40:40,118 INFO Long connection metrics detail ,Total count =0, sdkCount=0,clusterCount=0

2026-10-02 10:40:40,120 INFO Out dated connection ,size=0

2026-10-02 10:40:40,121 INFO Connection check task end

2026-10-02 10:40:40,723 INFO ConnectionMetrics, totalCount = 0, detail = {long_connection=0, long_polling=0}

2026-10-02 10:40:43,122 INFO Connection check task start

2026-10-02 10:40:43,123 INFO Long connection metrics detail ,Total count =0, sdkCount=0,clusterCount=0

2026-10-02 10:40:43,123 INFO Out dated connection ,size=0

2026-10-02 10:40:43,124 INFO Connection check task end

2026-10-02 10:40:43,726 INFO ConnectionMetrics, totalCount = 0, detail = {long_connection=0, long_polling=0}

2026-10-02 10:40:46,125 INFO Connection check task start

2026-10-02 10:40:46,126 INFO Long connection metrics detail ,Total count =0, sdkCount=0,clusterCount=0

2026-10-02 10:40:46,127 INFO Out dated connection ,size=0

2026-10-02 10:40:46,129 INFO Connection check task end

2026-10-02 10:40:46,728 INFO ConnectionMetrics, totalCount = 0, detail = {long_connection=0, long_polling=0}

2026-10-02 10:40:49,130 INFO Connection check task start

2026-10-02 10:40:49,131 INFO Long connection metrics detail ,Total count =0, sdkCount=0,clusterCount=0

2026-10-02 10:40:49,133 INFO Out dated connection ,size=0

2026-10-02 10:40:49,133 INFO Connection check task end

2026-10-02 10:40:49,729 INFO ConnectionMetrics, totalCount = 0, detail = {long_connection=0, long_polling=0}

2026-10-02 10:40:52,134 INFO Connection check task start

2026-10-02 10:40:52,135 INFO Long connection metrics detail ,Total count =0, sdkCount=0,clusterCount=0

2026-10-02 10:40:52,136 INFO Out dated connection ,size=0

2026-10-02 10:40:52,137 INFO Connection check task end

2026-10-02 10:40:52,730 INFO ConnectionMetrics, totalCount = 0, detail = {long_connection=0, long_polling=0}

2026-10-02 10:40:55,137 INFO Connection check task start

2026-10-02 10:40:55,138 INFO Long connection metrics detail ,Total count =0, sdkCount=0,clusterCount=0

2026-10-02 10:40:55,139 INFO Out dated connection ,size=0

2026-10-02 10:40:55,140 INFO Connection check task end

2026-10-02 10:40:55,732 INFO ConnectionMetrics, totalCount = 0, detail = {long_connection=0, long_polling=0}

2026-10-02 10:40:58,141 INFO Connection check task start

2026-10-02 10:40:58,142 INFO Long connection metrics detail ,Total count =0, sdkCount=0,clusterCount=0

2026-10-02 10:40:58,143 INFO Out dated connection ,size=0

2026-10-02 10:40:58,143 INFO Connection check task end

2026-10-02 10:40:58,733 INFO ConnectionMetrics, totalCount = 0, detail = {long_connection=0, long_polling=0}

2026-10-02 10:41:01,142 INFO Connection check task start

2026-10-02 10:41:01,143 INFO Long connection metrics detail ,Total count =0, sdkCount=0,clusterCount=0

2026-10-02 10:41:01,144 INFO Out dated connection ,size=0

2026-10-02 10:41:01,144 INFO Connection check task end

2026-10-02 10:41:01,733 INFO ConnectionMetrics, totalCount = 0, detail = {long_connection=0, long_polling=0}

2026-10-02 10:41:04,145 INFO Connection check task start

2026-10-02 10:41:04,146 INFO Long connection metrics detail ,Total count =0, sdkCount=0,clusterCount=0

2026-10-02 10:41:04,147 INFO Out dated connection ,size=0

2026-10-02 10:41:04,148 INFO Connection check task end

2026-10-02 10:41:04,734 INFO ConnectionMetrics, totalCount = 0, detail = {long_connection=0, long_polling=0}

2026-10-02 10:41:07,149 INFO Connection check task start

2026-10-02 10:41:07,149 INFO Long connection metrics detail ,Total count =0, sdkCount=0,clusterCount=0

2026-10-02 10:41:07,149 INFO Out dated connection ,size=0

2026-10-02 10:41:07,150 INFO Connection check task end

2026-10-02 10:41:07,735 INFO ConnectionMetrics, totalCount = 0, detail = {long_connection=0, long_polling=0}

2026-10-02 10:41:10,150 INFO Connection check task start

2026-10-02 10:41:10,151 INFO Long connection metrics detail ,Total count =0, sdkCount=0,clusterCount=0

2026-10-02 10:41:10,152 INFO Out dated connection ,size=0

2026-10-02 10:41:10,152 INFO Connection check task end

2026-10-02 10:41:10,738 INFO ConnectionMetrics, totalCount = 0, detail = {long_connection=0, long_polling=0}

2026-10-02 10:41:13,153 INFO Connection check task start

2026-10-02 10:41:13,154 INFO Long connection metrics detail ,Total count =0, sdkCount=0,clusterCount=0

2026-10-02 10:41:13,154 INFO Out dated connection ,size=0

2026-10-02 10:41:13,155 INFO Connection check task end

2026-10-02 10:41:13,740 INFO ConnectionMetrics, totalCount = 0, detail = {long_connection=0, long_polling=0}

2026-10-02 10:41:16,155 INFO Connection check task start

2026-10-02 10:41:16,157 INFO Long connection metrics detail ,Total count =0, sdkCount=0,clusterCount=0

2026-10-02 10:41:16,157 INFO Out dated connection ,size=0

2026-10-02 10:41:16,158 INFO Connection check task end

2026-10-02 10:41:16,741 INFO ConnectionMetrics, totalCount = 0, detail = {long_connection=0, long_polling=0}

2026-10-02 10:41:19,159 INFO Connection check task start

2026-10-02 10:41:19,160 INFO Long connection metrics detail ,Total count =0, sdkCount=0,clusterCount=0

2026-10-02 10:41:19,161 INFO Out dated connection ,size=0

2026-10-02 10:41:19,162 INFO Connection check task end

2026-10-02 10:41:19,742 INFO ConnectionMetrics, totalCount = 0, detail = {long_connection=0, long_polling=0}

2026-10-02 10:41:22,163 INFO Connection check task start

2026-10-02 10:41:22,164 INFO Long connection metrics detail ,Total count =0, sdkCount=0,clusterCount=0

2026-10-02 10:41:22,164 INFO Out dated connection ,size=0

2026-10-02 10:41:22,165 INFO Connection check task end

2026-10-02 10:41:22,744 INFO ConnectionMetrics, totalCount = 0, detail = {long_connection=0, long_polling=0}

2026-10-02 10:41:25,165 INFO Connection check task start

2026-10-02 10:41:25,166 INFO Long connection metrics detail ,Total count =0, sdkCount=0,clusterCount=0

2026-10-02 10:41:25,167 INFO Out dated connection ,size=0

2026-10-02 10:41:25,168 INFO Connection check task end

2026-10-02 10:41:25,745 INFO ConnectionMetrics, totalCount = 0, detail = {long_connection=0, long_polling=0}

2026-10-02 10:41:28,169 INFO Connection check task start

2026-10-02 10:41:28,171 INFO Long connection metrics detail ,Total count =0, sdkCount=0,clusterCount=0

2026-10-02 10:41:28,173 INFO Out dated connection ,size=0

2026-10-02 10:41:28,174 INFO Connection check task end

2026-10-02 10:41:28,746 INFO ConnectionMetrics, totalCount = 0, detail = {long_connection=0, long_polling=0}

2026-10-02 10:41:31,175 INFO Connection check task start

2026-10-02 10:41:31,176 INFO Long connection metrics detail ,Total count =0, sdkCount=0,clusterCount=0

2026-10-02 10:41:31,177 INFO Out dated connection ,size=0

2026-10-02 10:41:31,178 INFO Connection check task end

2026-10-02 10:41:31,746 INFO ConnectionMetrics, totalCount = 0, detail = {long_connection=0, long_polling=0}

2026-10-02 10:41:34,179 INFO Connection check task start

2026-10-02 10:41:34,181 INFO Long connection metrics detail ,Total count =0, sdkCount=0,clusterCount=0

2026-10-02 10:41:34,182 INFO Out dated connection ,size=0

2026-10-02 10:41:34,183 INFO Connection check task end

2026-10-02 10:41:34,748 INFO ConnectionMetrics, totalCount = 0, detail = {long_connection=0, long_polling=0}

2026-10-02 10:41:37,184 INFO Connection check task start

2026-10-02 10:41:37,185 INFO Long connection metrics detail ,Total count =0, sdkCount=0,clusterCount=0

2026-10-02 10:41:37,185 INFO Out dated connection ,size=0

2026-10-02 10:41:37,186 INFO Connection check task end

2026-10-02 10:41:37,750 INFO ConnectionMetrics, totalCount = 0, detail = {long_connection=0, long_polling=0}

2026-10-02 10:41:40,186 INFO Connection check task start

2026-10-02 10:41:40,187 INFO Long connection metrics detail ,Total count =0, sdkCount=0,clusterCount=0

2026-10-02 10:41:40,188 INFO Out dated connection ,size=0

2026-10-02 10:41:40,188 INFO Connection check task end

2026-10-02 10:41:40,751 INFO ConnectionMetrics, totalCount = 0, detail = {long_connection=0, long_polling=0}

2026-10-02 10:41:43,189 INFO Connection check task start

2026-10-02 10:41:43,190 INFO Long connection metrics detail ,Total count =0, sdkCount=0,clusterCount=0

2026-10-02 10:41:43,190 INFO Out dated connection ,size=0

2026-10-02 10:41:43,191 INFO Connection check task end

2026-10-02 10:41:43,753 INFO ConnectionMetrics, totalCount = 0, detail = {long_connection=0, long_polling=0}

2026-10-02 10:41:46,192 INFO Connection check task start

2026-10-02 10:41:46,193 INFO Long connection metrics detail ,Total count =0, sdkCount=0,clusterCount=0

2026-10-02 10:41:46,194 INFO Out dated connection ,size=0

2026-10-02 10:41:46,194 INFO Connection check task end

2026-10-02 10:41:46,757 INFO ConnectionMetrics, totalCount = 0, detail = {long_connection=0, long_polling=0}

2026-10-02 10:41:49,195 INFO Connection check task start

2026-10-02 10:41:49,196 INFO Long connection metrics detail ,Total count =0, sdkCount=0,clusterCount=0

2026-10-02 10:41:49,197 INFO Out dated connection ,size=0

2026-10-02 10:41:49,197 INFO Connection check task end

2026-10-02 10:41:49,759 INFO ConnectionMetrics, totalCount = 0, detail = {long_connection=0, long_polling=0}

2026-10-02 10:41:52,198 INFO Connection check task start

2026-10-02 10:41:52,199 INFO Long connection metrics detail ,Total count =0, sdkCount=0,clusterCount=0

2026-10-02 10:41:52,200 INFO Out dated connection ,size=0

2026-10-02 10:41:52,201 INFO Connection check task end

2026-10-02 10:41:52,760 INFO ConnectionMetrics, totalCount = 0, detail = {long_connection=0, long_polling=0}

2026-10-02 10:41:55,201 INFO Connection check task start

2026-10-02 10:41:55,202 INFO Long connection metrics detail ,Total count =0, sdkCount=0,clusterCount=0

2026-10-02 10:41:55,203 INFO Out dated connection ,size=0

2026-10-02 10:41:55,204 INFO Connection check task end

2026-10-02 10:41:55,762 INFO ConnectionMetrics, totalCount = 0, detail = {long_connection=0, long_polling=0}

2026-10-02 10:41:58,205 INFO Connection check task start

2026-10-02 10:41:58,207 INFO Long connection metrics detail ,Total count =0, sdkCount=0,clusterCount=0

2026-10-02 10:41:58,213 INFO Out dated connection ,size=0

2026-10-02 10:41:58,214 INFO Connection check task end

2026-10-02 10:41:58,763 INFO ConnectionMetrics, totalCount = 0, detail = {long_connection=0, long_polling=0}

2026-10-02 10:42:01,215 INFO Connection check task start

2026-10-02 10:42:01,216 INFO Long connection metrics detail ,Total count =0, sdkCount=0,clusterCount=0

2026-10-02 10:42:01,217 INFO Out dated connection ,size=0

2026-10-02 10:42:01,218 INFO Connection check task end

2026-10-02 10:42:01,764 INFO ConnectionMetrics, totalCount = 0, detail = {long_connection=0, long_polling=0}

2026-10-02 10:42:04,219 INFO Connection check task start

2026-10-02 10:42:04,220 INFO Long connection metrics detail ,Total count =0, sdkCount=0,clusterCount=0

2026-10-02 10:42:04,222 INFO Out dated connection ,size=0

2026-10-02 10:42:04,223 INFO Connection check task end

2026-10-02 10:42:04,765 INFO ConnectionMetrics, totalCount = 0, detail = {long_connection=0, long_polling=0}

2026-10-02 10:42:07,225 INFO Connection check task start

2026-10-02 10:42:07,225 INFO Long connection metrics detail ,Total count =0, sdkCount=0,clusterCount=0

2026-10-02 10:42:07,226 INFO Out dated connection ,size=0

2026-10-02 10:42:07,227 INFO Connection check task end

2026-10-02 10:42:07,766 INFO ConnectionMetrics, totalCount = 0, detail = {long_connection=0, long_polling=0}

2026-10-02 10:42:10,227 INFO Connection check task start

2026-10-02 10:42:10,228 INFO Long connection metrics detail ,Total count =0, sdkCount=0,clusterCount=0

2026-10-02 10:42:10,229 INFO Out dated connection ,size=0

2026-10-02 10:42:10,230 INFO Connection check task end

2026-10-02 10:42:10,767 INFO ConnectionMetrics, totalCount = 0, detail = {long_connection=0, long_polling=0}

2026-10-02 10:42:13,231 INFO Connection check task start

2026-10-02 10:42:13,232 INFO Long connection metrics detail ,Total count =0, sdkCount=0,clusterCount=0

2026-10-02 10:42:13,232 INFO Out dated connection ,size=0

2026-10-02 10:42:13,233 INFO Connection check task end

2026-10-02 10:42:13,769 INFO ConnectionMetrics, totalCount = 0, detail = {long_connection=0, long_polling=0}

2026-10-02 10:42:16,233 INFO Connection check task start

2026-10-02 10:42:16,235 INFO Long connection metrics detail ,Total count =0, sdkCount=0,clusterCount=0

2026-10-02 10:42:16,236 INFO Out dated connection ,size=0

2026-10-02 10:42:16,237 INFO Connection check task end

2026-10-02 10:42:16,770 INFO ConnectionMetrics, totalCount = 0, detail = {long_connection=0, long_polling=0}

2026-10-02 10:42:19,237 INFO Connection check task start

2026-10-02 10:42:19,239 INFO Long connection metrics detail ,Total count =0, sdkCount=0,clusterCount=0

2026-10-02 10:42:19,239 INFO Out dated connection ,size=0

2026-10-02 10:42:19,240 INFO Connection check task end

2026-10-02 10:42:19,772 INFO ConnectionMetrics, totalCount = 0, detail = {long_connection=0, long_polling=0}

2026-10-02 10:42:22,241 INFO Connection check task start

2026-10-02 10:42:22,242 INFO Long connection metrics detail ,Total count =0, sdkCount=0,clusterCount=0

2026-10-02 10:42:22,242 INFO Out dated connection ,size=0

2026-10-02 10:42:22,243 INFO Connection check task end

2026-10-02 10:42:22,773 INFO ConnectionMetrics, totalCount = 0, detail = {long_connection=0, long_polling=0}

2026-10-02 10:42:25,244 INFO Connection check task start

2026-10-02 10:42:25,245 INFO Long connection metrics detail ,Total count =0, sdkCount=0,clusterCount=0

2026-10-02 10:42:25,246 INFO Out dated connection ,size=0

2026-10-02 10:42:25,247 INFO Connection check task end

2026-10-02 10:42:25,774 INFO ConnectionMetrics, totalCount = 0, detail = {long_connection=0, long_polling=0}

2026-10-02 10:42:28,247 INFO Connection check task start

2026-10-02 10:42:28,248 INFO Long connection metrics detail ,Total count =0, sdkCount=0,clusterCount=0

2026-10-02 10:42:28,249 INFO Out dated connection ,size=0

2026-10-02 10:42:28,250 INFO Connection check task end

2026-10-02 10:42:28,776 INFO ConnectionMetrics, totalCount = 0, detail = {long_connection=0, long_polling=0}

2026-10-02 10:42:31,248 INFO Connection check task start

2026-10-02 10:42:31,250 INFO Long connection metrics detail ,Total count =0, sdkCount=0,clusterCount=0

2026-10-02 10:42:31,250 INFO Out dated connection ,size=0

2026-10-02 10:42:31,251 INFO Connection check task end

2026-10-02 10:42:31,775 INFO ConnectionMetrics, totalCount = 0, detail = {long_connection=0, long_polling=0}

2026-10-02 10:42:34,252 INFO Connection check task start

2026-10-02 10:42:34,253 INFO Long connection metrics detail ,Total count =0, sdkCount=0,clusterCount=0

2026-10-02 10:42:34,254 INFO Out dated connection ,size=0

2026-10-02 10:42:34,254 INFO Connection check task end

2026-10-02 10:42:34,777 INFO ConnectionMetrics, totalCount = 0, detail = {long_connection=0, long_polling=0}

2026-10-02 10:42:37,255 INFO Connection check task start

2026-10-02 10:42:37,257 INFO Long connection metrics detail ,Total count =0, sdkCount=0,clusterCount=0

2026-10-02 10:42:37,257 INFO Out dated connection ,size=0

2026-10-02 10:42:37,258 INFO Connection check task end

2026-10-02 10:42:37,779 INFO ConnectionMetrics, totalCount = 0, detail = {long_connection=0, long_polling=0}

2026-10-02 10:42:40,259 INFO Connection check task start

2026-10-02 10:42:40,260 INFO Long connection metrics detail ,Total count =0, sdkCount=0,clusterCount=0

2026-10-02 10:42:40,261 INFO Out dated connection ,size=0

2026-10-02 10:42:40,262 INFO Connection check task end

2026-10-02 10:42:40,781 INFO ConnectionMetrics, totalCount = 0, detail = {long_connection=0, long_polling=0}

2026-10-02 10:42:43,264 INFO Connection check task start

2026-10-02 10:42:43,265 INFO Long connection metrics detail ,Total count =0, sdkCount=0,clusterCount=0

2026-10-02 10:42:43,266 INFO Out dated connection ,size=0

2026-10-02 10:42:43,266 INFO Connection check task end

2026-10-02 10:42:43,782 INFO ConnectionMetrics, totalCount = 0, detail = {long_connection=0, long_polling=0}

2026-10-02 10:42:46,267 INFO Connection check task start

2026-10-02 10:42:46,268 INFO Long connection metrics detail ,Total count =0, sdkCount=0,clusterCount=0

2026-10-02 10:42:46,269 INFO Out dated connection ,size=0

2026-10-02 10:42:46,269 INFO Connection check task end

2026-10-02 10:42:46,783 INFO ConnectionMetrics, totalCount = 0, detail = {long_connection=0, long_polling=0}

2026-10-02 10:42:49,270 INFO Connection check task start

2026-10-02 10:42:49,271 INFO Long connection metrics detail ,Total count =0, sdkCount=0,clusterCount=0

2026-10-02 10:42:49,272 INFO Out dated connection ,size=0

2026-10-02 10:42:49,273 INFO Connection check task end

2026-10-02 10:42:49,784 INFO ConnectionMetrics, totalCount = 0, detail = {long_connection=0, long_polling=0}

2026-10-02 10:42:52,274 INFO Connection check task start

2026-10-02 10:42:52,274 INFO Long connection metrics detail ,Total count =0, sdkCount=0,clusterCount=0

2026-10-02 10:42:52,275 INFO Out dated connection ,size=0

2026-10-02 10:42:52,275 INFO Connection check task end

2026-10-02 10:42:52,786 INFO ConnectionMetrics, totalCount = 0, detail = {long_connection=0, long_polling=0}

2026-10-02 10:42:55,275 INFO Connection check task start

2026-10-02 10:42:55,276 INFO Long connection metrics detail ,Total count =0, sdkCount=0,clusterCount=0

2026-10-02 10:42:55,277 INFO Out dated connection ,size=0

2026-10-02 10:42:55,278 INFO Connection check task end

2026-10-02 10:42:55,787 INFO ConnectionMetrics, totalCount = 0, detail = {long_connection=0, long_polling=0}

2026-10-02 10:42:58,279 INFO Connection check task start

2026-10-02 10:42:58,279 INFO Long connection metrics detail ,Total count =0, sdkCount=0,clusterCount=0

2026-10-02 10:42:58,280 INFO Out dated connection ,size=0

2026-10-02 10:42:58,280 INFO Connection check task end

2026-10-02 10:42:58,788 INFO ConnectionMetrics, totalCount = 0, detail = {long_connection=0, long_polling=0}

2026-10-02 10:43:01,279 INFO Connection check task start

2026-10-02 10:43:01,280 INFO Long connection metrics detail ,Total count =0, sdkCount=0,clusterCount=0

2026-10-02 10:43:01,281 INFO Out dated connection ,size=0

2026-10-02 10:43:01,282 INFO Connection check task end

2026-10-02 10:43:01,788 INFO ConnectionMetrics, totalCount = 0, detail = {long_connection=0, long_polling=0}

2026-10-02 10:43:04,282 INFO Connection check task start

2026-10-02 10:43:04,283 INFO Long connection metrics detail ,Total count =0, sdkCount=0,clusterCount=0

2026-10-02 10:43:04,284 INFO Out dated connection ,size=0

2026-10-02 10:43:04,284 INFO Connection check task end

2026-10-02 10:43:04,789 INFO ConnectionMetrics, totalCount = 0, detail = {long_connection=0, long_polling=0}

2026-10-02 10:43:07,285 INFO Connection check task start

2026-10-02 10:43:07,286 INFO Long connection metrics detail ,Total count =0, sdkCount=0,clusterCount=0

2026-10-02 10:43:07,286 INFO Out dated connection ,size=0

2026-10-02 10:43:07,287 INFO Connection check task end

2026-10-02 10:43:07,791 INFO ConnectionMetrics, totalCount = 0, detail = {long_connection=0, long_polling=0}

2026-10-02 10:43:10,288 INFO Connection check task start

2026-10-02 10:43:10,288 INFO Long connection metrics detail ,Total count =0, sdkCount=0,clusterCount=0

2026-10-02 10:43:10,289 INFO Out dated connection ,size=0

2026-10-02 10:43:10,289 INFO Connection check task end

2026-10-02 10:43:10,792 INFO ConnectionMetrics, totalCount = 0, detail = {long_connection=0, long_polling=0}

2026-10-02 10:43:13,290 INFO Connection check task start

2026-10-02 10:43:13,291 INFO Long connection metrics detail ,Total count =0, sdkCount=0,clusterCount=0

2026-10-02 10:43:13,292 INFO Out dated connection ,size=0

2026-10-02 10:43:13,292 INFO Connection check task end

2026-10-02 10:43:13,794 INFO ConnectionMetrics, totalCount = 0, detail = {long_connection=0, long_polling=0}

2026-10-02 10:43:16,293 INFO Connection check task start

2026-10-02 10:43:16,294 INFO Long connection metrics detail ,Total count =0, sdkCount=0,clusterCount=0

2026-10-02 10:43:16,297 INFO Out dated connection ,size=0

2026-10-02 10:43:16,298 INFO Connection check task end

2026-10-02 10:43:16,795 INFO ConnectionMetrics, totalCount = 0, detail = {long_connection=0, long_polling=0}

2026-10-02 10:43:19,298 INFO Connection check task start

2026-10-02 10:43:19,300 INFO Long connection metrics detail ,Total count =0, sdkCount=0,clusterCount=0

2026-10-02 10:43:19,300 INFO Out dated connection ,size=0

2026-10-02 10:43:19,301 INFO Connection check task end

2026-10-02 10:43:19,796 INFO ConnectionMetrics, totalCount = 0, detail = {long_connection=0, long_polling=0}

2026-10-02 10:43:22,302 INFO Connection check task start

2026-10-02 10:43:22,303 INFO Long connection metrics detail ,Total count =0, sdkCount=0,clusterCount=0

2026-10-02 10:43:22,303 INFO Out dated connection ,size=0

2026-10-02 10:43:22,304 INFO Connection check task end

2026-10-02 10:43:22,798 INFO ConnectionMetrics, totalCount = 0, detail = {long_connection=0, long_polling=0}

2026-10-02 10:43:25,305 INFO Connection check task start

2026-10-02 10:43:25,306 INFO Long connection metrics detail ,Total count =0, sdkCount=0,clusterCount=0

2026-10-02 10:43:25,306 INFO Out dated connection ,size=0

2026-10-02 10:43:25,307 INFO Connection check task end

2026-10-02 10:43:25,799 INFO ConnectionMetrics, totalCount = 0, detail = {long_connection=0, long_polling=0}

2026-10-02 10:43:28,307 INFO Connection check task start

2026-10-02 10:43:28,308 INFO Long connection metrics detail ,Total count =0, sdkCount=0,clusterCount=0

2026-10-02 10:43:28,309 INFO Out dated connection ,size=0

2026-10-02 10:43:28,309 INFO Connection check task end

2026-10-02 10:43:28,800 INFO ConnectionMetrics, totalCount = 0, detail = {long_connection=0, long_polling=0}

2026-10-02 10:43:31,308 INFO Connection check task start

2026-10-02 10:43:31,309 INFO Long connection metrics detail ,Total count =0, sdkCount=0,clusterCount=0

2026-10-02 10:43:31,310 INFO Out dated connection ,size=0

2026-10-02 10:43:31,311 INFO Connection check task end

2026-10-02 10:43:31,804 INFO ConnectionMetrics, totalCount = 0, detail = {long_connection=0, long_polling=0}

2026-10-02 10:43:34,312 INFO Connection check task start

2026-10-02 10:43:34,313 INFO Long connection metrics detail ,Total count =0, sdkCount=0,clusterCount=0

2026-10-02 10:43:34,314 INFO Out dated connection ,size=0

2026-10-02 10:43:34,315 INFO Connection check task end

2026-10-02 10:43:34,806 INFO ConnectionMetrics, totalCount = 0, detail = {long_connection=0, long_polling=0}

2026-10-02 10:43:37,316 INFO Connection check task start

2026-10-02 10:43:37,317 INFO Long connection metrics detail ,Total count =0, sdkCount=0,clusterCount=0

2026-10-02 10:43:37,318 INFO Out dated connection ,size=0

2026-10-02 10:43:37,319 INFO Connection check task end

2026-10-02 10:43:37,807 INFO ConnectionMetrics, totalCount = 0, detail = {long_connection=0, long_polling=0}

2026-10-02 10:43:40,320 INFO Connection check task start

2026-10-02 10:43:40,320 INFO Long connection metrics detail ,Total count =0, sdkCount=0,clusterCount=0

2026-10-02 10:43:40,321 INFO Out dated connection ,size=0

2026-10-02 10:43:40,322 INFO Connection check task end

2026-10-02 10:43:40,809 INFO ConnectionMetrics, totalCount = 0, detail = {long_connection=0, long_polling=0}

2026-10-02 10:43:43,322 INFO Connection check task start

2026-10-02 10:43:43,323 INFO Long connection metrics detail ,Total count =0, sdkCount=0,clusterCount=0

2026-10-02 10:43:43,324 INFO Out dated connection ,size=0

2026-10-02 10:43:43,324 INFO Connection check task end

2026-10-02 10:43:43,811 INFO ConnectionMetrics, totalCount = 0, detail = {long_connection=0, long_polling=0}

2026-10-02 10:43:46,325 INFO Connection check task start

2026-10-02 10:43:46,326 INFO Long connection metrics detail ,Total count =0, sdkCount=0,clusterCount=0

2026-10-02 10:43:46,327 INFO Out dated connection ,size=0

2026-10-02 10:43:46,328 INFO Connection check task end

2026-10-02 10:43:46,812 INFO ConnectionMetrics, totalCount = 0, detail = {long_connection=0, long_polling=0}

2026-10-02 10:43:49,329 INFO Connection check task start

2026-10-02 10:43:49,330 INFO Long connection metrics detail ,Total count =0, sdkCount=0,clusterCount=0

2026-10-02 10:43:49,331 INFO Out dated connection ,size=0

2026-10-02 10:43:49,332 INFO Connection check task end

2026-10-02 10:43:49,814 INFO ConnectionMetrics, totalCount = 0, detail = {long_connection=0, long_polling=0}

2026-10-02 10:43:52,332 INFO Connection check task start

2026-10-02 10:43:52,333 INFO Long connection metrics detail ,Total count =0, sdkCount=0,clusterCount=0

2026-10-02 10:43:52,334 INFO Out dated connection ,size=0

2026-10-02 10:43:52,335 INFO Connection check task end

2026-10-02 10:43:52,815 INFO ConnectionMetrics, totalCount = 0, detail = {long_connection=0, long_polling=0}

2026-10-02 10:43:55,336 INFO Connection check task start

2026-10-02 10:43:55,337 INFO Long connection metrics detail ,Total count =0, sdkCount=0,clusterCount=0

2026-10-02 10:43:55,338 INFO Out dated connection ,size=0

2026-10-02 10:43:55,338 INFO Connection check task end

2026-10-02 10:43:55,816 INFO ConnectionMetrics, totalCount = 0, detail = {long_connection=0, long_polling=0}

2026-10-02 10:43:58,339 INFO Connection check task start

2026-10-02 10:43:58,342 INFO Long connection metrics detail ,Total count =0, sdkCount=0,clusterCount=0

2026-10-02 10:43:58,347 INFO Out dated connection ,size=0

2026-10-02 10:43:58,348 INFO Connection check task end

2026-10-02 10:43:58,818 INFO ConnectionMetrics, totalCount = 0, detail = {long_connection=0, long_polling=0}

2026-10-02 10:44:01,347 INFO Connection check task start

2026-10-02 10:44:01,349 INFO Long connection metrics detail ,Total count =0, sdkCount=0,clusterCount=0

2026-10-02 10:44:01,349 INFO Out dated connection ,size=0

2026-10-02 10:44:01,350 INFO Connection check task end

2026-10-02 10:44:01,817 INFO ConnectionMetrics, totalCount = 0, detail = {long_connection=0, long_polling=0}

2026-10-02 10:44:04,351 INFO Connection check task start

2026-10-02 10:44:04,352 INFO Long connection metrics detail ,Total count =0, sdkCount=0,clusterCount=0

2026-10-02 10:44:04,352 INFO Out dated connection ,size=0

2026-10-02 10:44:04,353 INFO Connection check task end

2026-10-02 10:44:04,818 INFO ConnectionMetrics, totalCount = 0, detail = {long_connection=0, long_polling=0}

2026-10-02 10:44:07,354 INFO Connection check task start

2026-10-02 10:44:07,357 INFO Long connection metrics detail ,Total count =0, sdkCount=0,clusterCount=0

2026-10-02 10:44:07,358 INFO Out dated connection ,size=0

2026-10-02 10:44:07,359 INFO Connection check task end

2026-10-02 10:44:07,819 INFO ConnectionMetrics, totalCount = 0, detail = {long_connection=0, long_polling=0}

2026-10-02 10:44:10,363 INFO Connection check task start

2026-10-02 10:44:10,363 INFO Long connection metrics detail ,Total count =0, sdkCount=0,clusterCount=0

2026-10-02 10:44:10,364 INFO Out dated connection ,size=0

2026-10-02 10:44:10,364 INFO Connection check task end

2026-10-02 10:44:10,820 INFO ConnectionMetrics, totalCount = 0, detail = {long_connection=0, long_polling=0}

2026-10-02 10:44:13,365 INFO Connection check task start

2026-10-02 10:44:13,366 INFO Long connection metrics detail ,Total count =0, sdkCount=0,clusterCount=0

2026-10-02 10:44:13,366 INFO Out dated connection ,size=0

2026-10-02 10:44:13,367 INFO Connection check task end

2026-10-02 10:44:13,821 INFO ConnectionMetrics, totalCount = 0, detail = {long_connection=0, long_polling=0}

2026-10-02 10:44:16,368 INFO Connection check task start

2026-10-02 10:44:16,369 INFO Long connection metrics detail ,Total count =0, sdkCount=0,clusterCount=0

2026-10-02 10:44:16,369 INFO Out dated connection ,size=0

2026-10-02 10:44:16,370 INFO Connection check task end

2026-10-02 10:44:16,823 INFO ConnectionMetrics, totalCount = 0, detail = {long_connection=0, long_polling=0}

2026-10-02 10:44:19,370 INFO Connection check task start

2026-10-02 10:44:19,372 INFO Long connection metrics detail ,Total count =0, sdkCount=0,clusterCount=0

2026-10-02 10:44:19,374 INFO Out dated connection ,size=0

2026-10-02 10:44:19,374 INFO Connection check task end

2026-10-02 10:44:19,825 INFO ConnectionMetrics, totalCount = 0, detail = {long_connection=0, long_polling=0}

2026-10-02 10:44:22,375 INFO Connection check task start

2026-10-02 10:44:22,376 INFO Long connection metrics detail ,Total count =0, sdkCount=0,clusterCount=0

2026-10-02 10:44:22,376 INFO Out dated connection ,size=0

2026-10-02 10:44:22,376 INFO Connection check task end

2026-10-02 10:44:22,827 INFO ConnectionMetrics, totalCount = 0, detail = {long_connection=0, long_polling=0}

2026-10-02 10:44:25,377 INFO Connection check task start

2026-10-02 10:44:25,378 INFO Long connection metrics detail ,Total count =0, sdkCount=0,clusterCount=0

2026-10-02 10:44:25,379 INFO Out dated connection ,size=0

2026-10-02 10:44:25,380 INFO Connection check task end

2026-10-02 10:44:25,828 INFO ConnectionMetrics, totalCount = 0, detail = {long_connection=0, long_polling=0}

2026-10-02 10:44:28,380 INFO Connection check task start

2026-10-02 10:44:28,381 INFO Long connection metrics detail ,Total count =0, sdkCount=0,clusterCount=0

2026-10-02 10:44:28,384 INFO Out dated connection ,size=0

2026-10-02 10:44:28,385 INFO Connection check task end

2026-10-02 10:44:28,829 INFO ConnectionMetrics, totalCount = 0, detail = {long_connection=0, long_polling=0}

2026-10-02 10:44:31,386 INFO Connection check task start

2026-10-02 10:44:31,387 INFO Long connection metrics detail ,Total count =0, sdkCount=0,clusterCount=0

2026-10-02 10:44:31,388 INFO Out dated connection ,size=0

2026-10-02 10:44:31,388 INFO Connection check task end

2026-10-02 10:44:31,830 INFO ConnectionMetrics, totalCount = 0, detail = {long_connection=0, long_polling=0}

2026-10-02 10:44:34,389 INFO Connection check task start

2026-10-02 10:44:34,390 INFO Long connection metrics detail ,Total count =0, sdkCount=0,clusterCount=0

2026-10-02 10:44:34,391 INFO Out dated connection ,size=0

2026-10-02 10:44:34,391 INFO Connection check task end

2026-10-02 10:44:34,832 INFO ConnectionMetrics, totalCount = 0, detail = {long_connection=0, long_polling=0}

2026-10-02 10:44:37,393 INFO Connection check task start

2026-10-02 10:44:37,394 INFO Long connection metrics detail ,Total count =0, sdkCount=0,clusterCount=0

2026-10-02 10:44:37,394 INFO Out dated connection ,size=0

2026-10-02 10:44:37,395 INFO Connection check task end

2026-10-02 10:44:37,833 INFO ConnectionMetrics, totalCount = 0, detail = {long_connection=0, long_polling=0}

2026-10-02 10:44:40,396 INFO Connection check task start

2026-10-02 10:44:40,397 INFO Long connection metrics detail ,Total count =0, sdkCount=0,clusterCount=0

2026-10-02 10:44:40,398 INFO Out dated connection ,size=0

2026-10-02 10:44:40,399 INFO Connection check task end

2026-10-02 10:44:40,835 INFO ConnectionMetrics, totalCount = 0, detail = {long_connection=0, long_polling=0}

2026-10-02 10:44:43,400 INFO Connection check task start

2026-10-02 10:44:43,401 INFO Long connection metrics detail ,Total count =0, sdkCount=0,clusterCount=0

2026-10-02 10:44:43,402 INFO Out dated connection ,size=0

2026-10-02 10:44:43,403 INFO Connection check task end

2026-10-02 10:44:43,836 INFO ConnectionMetrics, totalCount = 0, detail = {long_connection=0, long_polling=0}

2026-10-02 10:44:46,404 INFO Connection check task start

2026-10-02 10:44:46,405 INFO Long connection metrics detail ,Total count =0, sdkCount=0,clusterCount=0

2026-10-02 10:44:46,407 INFO Out dated connection ,size=0

2026-10-02 10:44:46,408 INFO Connection check task end

2026-10-02 10:44:46,837 INFO ConnectionMetrics, totalCount = 0, detail = {long_connection=0, long_polling=0}

2026-10-02 10:44:49,410 INFO Connection check task start

2026-10-02 10:44:49,411 INFO Long connection metrics detail ,Total count =0, sdkCount=0,clusterCount=0

2026-10-02 10:44:49,411 INFO Out dated connection ,size=0

2026-10-02 10:44:49,412 INFO Connection check task end

2026-10-02 10:44:49,838 INFO ConnectionMetrics, totalCount = 0, detail = {long_connection=0, long_polling=0}

2026-10-02 10:44:52,412 INFO Connection check task start

2026-10-02 10:44:52,413 INFO Long connection metrics detail ,Total count =0, sdkCount=0,clusterCount=0

2026-10-02 10:44:52,414 INFO Out dated connection ,size=0

2026-10-02 10:44:52,415 INFO Connection check task end

2026-10-02 10:44:52,839 INFO ConnectionMetrics, totalCount = 0, detail = {long_connection=0, long_polling=0}

2026-10-02 10:44:55,415 INFO Connection check task start

2026-10-02 10:44:55,416 INFO Long connection metrics detail ,Total count =0, sdkCount=0,clusterCount=0

2026-10-02 10:44:55,417 INFO Out dated connection ,size=0

2026-10-02 10:44:55,417 INFO Connection check task end

2026-10-02 10:44:55,841 INFO ConnectionMetrics, totalCount = 0, detail = {long_connection=0, long_polling=0}

2026-10-02 10:44:58,418 INFO Connection check task start

2026-10-02 10:44:58,419 INFO Long connection metrics detail ,Total count =0, sdkCount=0,clusterCount=0

2026-10-02 10:44:58,419 INFO Out dated connection ,size=0

2026-10-02 10:44:58,420 INFO Connection check task end

2026-10-02 10:44:58,843 INFO ConnectionMetrics, totalCount = 0, detail = {long_connection=0, long_polling=0}

2026-10-02 10:45:01,419 INFO Connection check task start

2026-10-02 10:45:01,421 INFO Long connection metrics detail ,Total count =0, sdkCount=0,clusterCount=0

2026-10-02 10:45:01,421 INFO Out dated connection ,size=0

2026-10-02 10:45:01,424 INFO Connection check task end

2026-10-02 10:45:01,842 INFO ConnectionMetrics, totalCount = 0, detail = {long_connection=0, long_polling=0}

2026-10-02 10:45:04,425 INFO Connection check task start

2026-10-02 10:45:04,426 INFO Long connection metrics detail ,Total count =0, sdkCount=0,clusterCount=0

2026-10-02 10:45:04,426 INFO Out dated connection ,size=0

2026-10-02 10:45:04,427 INFO Connection check task end

2026-10-02 10:45:04,844 INFO ConnectionMetrics, totalCount = 0, detail = {long_connection=0, long_polling=0}

2026-10-02 10:45:07,428 INFO Connection check task start

2026-10-02 10:45:07,428 INFO Long connection metrics detail ,Total count =0, sdkCount=0,clusterCount=0

2026-10-02 10:45:07,429 INFO Out dated connection ,size=0

2026-10-02 10:45:07,429 INFO Connection check task end

2026-10-02 10:45:07,845 INFO ConnectionMetrics, totalCount = 0, detail = {long_connection=0, long_polling=0}

2026-10-02 10:45:10,429 INFO Connection check task start

2026-10-02 10:45:10,430 INFO Long connection metrics detail ,Total count =0, sdkCount=0,clusterCount=0

2026-10-02 10:45:10,431 INFO Out dated connection ,size=0

2026-10-02 10:45:10,432 INFO Connection check task end

2026-10-02 10:45:10,846 INFO ConnectionMetrics, totalCount = 0, detail = {long_connection=0, long_polling=0}

2026-10-02 10:45:13,433 INFO Connection check task start

2026-10-02 10:45:13,434 INFO Long connection metrics detail ,Total count =0, sdkCount=0,clusterCount=0

2026-10-02 10:45:13,434 INFO Out dated connection ,size=0

2026-10-02 10:45:13,435 INFO Connection check task end

2026-10-02 10:45:13,848 INFO ConnectionMetrics, totalCount = 0, detail = {long_connection=0, long_polling=0}

2026-10-02 10:45:16,436 INFO Connection check task start

2026-10-02 10:45:16,437 INFO Long connection metrics detail ,Total count =0, sdkCount=0,clusterCount=0

2026-10-02 10:45:16,437 INFO Out dated connection ,size=0

2026-10-02 10:45:16,438 INFO Connection check task end

2026-10-02 10:45:16,849 INFO ConnectionMetrics, totalCount = 0, detail = {long_connection=0, long_polling=0}

2026-10-02 10:45:19,439 INFO Connection check task start

2026-10-02 10:45:19,439 INFO Long connection metrics detail ,Total count =0, sdkCount=0,clusterCount=0

2026-10-02 10:45:19,440 INFO Out dated connection ,size=0

2026-10-02 10:45:19,440 INFO Connection check task end

2026-10-02 10:45:19,852 INFO ConnectionMetrics, totalCount = 0, detail = {long_connection=0, long_polling=0}

2026-10-02 10:45:22,441 INFO Connection check task start

2026-10-02 10:45:22,442 INFO Long connection metrics detail ,Total count =0, sdkCount=0,clusterCount=0

2026-10-02 10:45:22,443 INFO Out dated connection ,size=0

2026-10-02 10:45:22,444 INFO Connection check task end

2026-10-02 10:45:22,853 INFO ConnectionMetrics, totalCount = 0, detail = {long_connection=0, long_polling=0}

2026-10-02 10:45:25,445 INFO Connection check task start

2026-10-02 10:45:25,446 INFO Long connection metrics detail ,Total count =0, sdkCount=0,clusterCount=0

2026-10-02 10:45:25,447 INFO Out dated connection ,size=0

2026-10-02 10:45:25,447 INFO Connection check task end

2026-10-02 10:45:25,854 INFO ConnectionMetrics, totalCount = 0, detail = {long_connection=0, long_polling=0}

2026-10-02 10:45:28,448 INFO Connection check task start

2026-10-02 10:45:28,449 INFO Long connection metrics detail ,Total count =0, sdkCount=0,clusterCount=0

2026-10-02 10:45:28,450 INFO Out dated connection ,size=0

2026-10-02 10:45:28,451 INFO Connection check task end

2026-10-02 10:45:28,855 INFO ConnectionMetrics, totalCount = 0, detail = {long_connection=0, long_polling=0}

2026-10-02 10:45:31,451 INFO Connection check task start

2026-10-02 10:45:31,452 INFO Long connection metrics detail ,Total count =0, sdkCount=0,clusterCount=0

2026-10-02 10:45:31,453 INFO Out dated connection ,size=0

2026-10-02 10:45:31,454 INFO Connection check task end

2026-10-02 10:45:31,856 INFO ConnectionMetrics, totalCount = 0, detail = {long_connection=0, long_polling=0}

2026-10-02 10:45:34,455 INFO Connection check task start

2026-10-02 10:45:34,457 INFO Long connection metrics detail ,Total count =0, sdkCount=0,clusterCount=0

2026-10-02 10:45:34,458 INFO Out dated connection ,size=0

2026-10-02 10:45:34,459 INFO Connection check task end

2026-10-02 10:45:34,858 INFO ConnectionMetrics, totalCount = 0, detail = {long_connection=0, long_polling=0}

2026-10-02 10:45:37,460 INFO Connection check task start

2026-10-02 10:45:37,462 INFO Long connection metrics detail ,Total count =0, sdkCount=0,clusterCount=0

2026-10-02 10:45:37,463 INFO Out dated connection ,size=0

2026-10-02 10:45:37,464 INFO Connection check task end

2026-10-02 10:45:37,860 INFO ConnectionMetrics, totalCount = 0, detail = {long_connection=0, long_polling=0}

2026-10-02 10:45:40,465 INFO Connection check task start

2026-10-02 10:45:40,466 INFO Long connection metrics detail ,Total count =0, sdkCount=0,clusterCount=0

2026-10-02 10:45:40,466 INFO Out dated connection ,size=0

2026-10-02 10:45:40,466 INFO Connection check task end

2026-10-02 10:45:40,861 INFO ConnectionMetrics, totalCount = 0, detail = {long_connection=0, long_polling=0}

2026-10-02 10:45:43,467 INFO Connection check task start

2026-10-02 10:45:43,468 INFO Long connection metrics detail ,Total count =0, sdkCount=0,clusterCount=0

2026-10-02 10:45:43,469 INFO Out dated connection ,size=0

2026-10-02 10:45:43,469 INFO Connection check task end

2026-10-02 10:45:43,863 INFO ConnectionMetrics, totalCount = 0, detail = {long_connection=0, long_polling=0}

2026-10-02 10:45:46,470 INFO Connection check task start

2026-10-02 10:45:46,471 INFO Long connection metrics detail ,Total count =0, sdkCount=0,clusterCount=0

2026-10-02 10:45:46,472 INFO Out dated connection ,size=0

2026-10-02 10:45:46,473 INFO Connection check task end

2026-10-02 10:45:46,864 INFO ConnectionMetrics, totalCount = 0, detail = {long_connection=0, long_polling=0}

2026-10-02 10:45:49,474 INFO Connection check task start

2026-10-02 10:45:49,477 INFO Long connection metrics detail ,Total count =0, sdkCount=0,clusterCount=0

2026-10-02 10:45:49,480 INFO Out dated connection ,size=0

2026-10-02 10:45:49,485 INFO Connection check task end

2026-10-02 10:45:49,865 INFO ConnectionMetrics, totalCount = 0, detail = {long_connection=0, long_polling=0}

2026-10-02 10:45:52,486 INFO Connection check task start

2026-10-02 10:45:52,488 INFO Long connection metrics detail ,Total count =0, sdkCount=0,clusterCount=0

2026-10-02 10:45:52,488 INFO Out dated connection ,size=0

2026-10-02 10:45:52,489 INFO Connection check task end

2026-10-02 10:45:52,867 INFO ConnectionMetrics, totalCount = 0, detail = {long_connection=0, long_polling=0}

2026-10-02 10:45:55,489 INFO Connection check task start

2026-10-02 10:45:55,491 INFO Long connection metrics detail ,Total count =0, sdkCount=0,clusterCount=0

2026-10-02 10:45:55,492 INFO Out dated connection ,size=0

2026-10-02 10:45:55,493 INFO Connection check task end

2026-10-02 10:45:55,868 INFO ConnectionMetrics, totalCount = 0, detail = {long_connection=0, long_polling=0}

2026-10-02 10:45:58,494 INFO Connection check task start

2026-10-02 10:45:58,495 INFO Long connection metrics detail ,Total count =0, sdkCount=0,clusterCount=0

2026-10-02 10:45:58,498 INFO Out dated connection ,size=0

2026-10-02 10:45:58,499 INFO Connection check task end

2026-10-02 10:45:58,869 INFO ConnectionMetrics, totalCount = 0, detail = {long_connection=0, long_polling=0}

2026-10-02 10:46:01,498 INFO Connection check task start

2026-10-02 10:46:01,498 INFO Long connection metrics detail ,Total count =0, sdkCount=0,clusterCount=0

2026-10-02 10:46:01,499 INFO Out dated connection ,size=0

2026-10-02 10:46:01,499 INFO Connection check task end

2026-10-02 10:46:01,869 INFO ConnectionMetrics, totalCount = 0, detail = {long_connection=0, long_polling=0}

2026-10-02 10:46:04,500 INFO Connection check task start

2026-10-02 10:46:04,501 INFO Long connection metrics detail ,Total count =0, sdkCount=0,clusterCount=0

2026-10-02 10:46:04,503 INFO Out dated connection ,size=0

2026-10-02 10:46:04,504 INFO Connection check task end

2026-10-02 10:46:04,870 INFO ConnectionMetrics, totalCount = 0, detail = {long_connection=0, long_polling=0}

2026-10-02 10:46:07,505 INFO Connection check task start

2026-10-02 10:46:07,506 INFO Long connection metrics detail ,Total count =0, sdkCount=0,clusterCount=0

2026-10-02 10:46:07,508 INFO Out dated connection ,size=0

2026-10-02 10:46:07,514 INFO Connection check task end

2026-10-02 10:46:07,871 INFO ConnectionMetrics, totalCount = 0, detail = {long_connection=0, long_polling=0}

2026-10-02 10:46:10,518 INFO Connection check task start

2026-10-02 10:46:10,519 INFO Long connection metrics detail ,Total count =0, sdkCount=0,clusterCount=0

2026-10-02 10:46:10,520 INFO Out dated connection ,size=0

2026-10-02 10:46:10,521 INFO Connection check task end

2026-10-02 10:46:10,873 INFO ConnectionMetrics, totalCount = 0, detail = {long_connection=0, long_polling=0}

2026-10-02 10:46:13,522 INFO Connection check task start

2026-10-02 10:46:13,523 INFO Long connection metrics detail ,Total count =0, sdkCount=0,clusterCount=0

2026-10-02 10:46:13,524 INFO Out dated connection ,size=0

2026-10-02 10:46:13,525 INFO Connection check task end

2026-10-02 10:46:13,874 INFO ConnectionMetrics, totalCount = 0, detail = {long_connection=0, long_polling=0}

2026-10-02 10:46:16,526 INFO Connection check task start

2026-10-02 10:46:16,527 INFO Long connection metrics detail ,Total count =0, sdkCount=0,clusterCount=0

2026-10-02 10:46:16,527 INFO Out dated connection ,size=0

2026-10-02 10:46:16,528 INFO Connection check task end

2026-10-02 10:46:16,876 INFO ConnectionMetrics, totalCount = 0, detail = {long_connection=0, long_polling=0}

2026-10-02 10:46:19,529 INFO Connection check task start

2026-10-02 10:46:19,530 INFO Long connection metrics detail ,Total count =0, sdkCount=0,clusterCount=0

2026-10-02 10:46:19,531 INFO Out dated connection ,size=0

2026-10-02 10:46:19,531 INFO Connection check task end

2026-10-02 10:46:19,877 INFO ConnectionMetrics, totalCount = 0, detail = {long_connection=0, long_polling=0}

2026-10-02 10:46:22,532 INFO Connection check task start

2026-10-02 10:46:22,533 INFO Long connection metrics detail ,Total count =0, sdkCount=0,clusterCount=0

2026-10-02 10:46:22,535 INFO Out dated connection ,size=0

2026-10-02 10:46:22,535 INFO Connection check task end

2026-10-02 10:46:22,878 INFO ConnectionMetrics, totalCount = 0, detail = {long_connection=0, long_polling=0}

2026-10-02 10:46:25,537 INFO Connection check task start

2026-10-02 10:46:25,538 INFO Long connection metrics detail ,Total count =0, sdkCount=0,clusterCount=0

2026-10-02 10:46:25,539 INFO Out dated connection ,size=0

2026-10-02 10:46:25,539 INFO Connection check task end

2026-10-02 10:46:25,880 INFO ConnectionMetrics, totalCount = 0, detail = {long_connection=0, long_polling=0}

2026-10-02 10:46:28,540 INFO Connection check task start

2026-10-02 10:46:28,541 INFO Long connection metrics detail ,Total count =0, sdkCount=0,clusterCount=0

2026-10-02 10:46:28,542 INFO Out dated connection ,size=0

2026-10-02 10:46:28,542 INFO Connection check task end

2026-10-02 10:46:28,881 INFO ConnectionMetrics, totalCount = 0, detail = {long_connection=0, long_polling=0}

2026-10-02 10:46:31,542 INFO Connection check task start

2026-10-02 10:46:31,544 INFO Long connection metrics detail ,Total count =0, sdkCount=0,clusterCount=0

2026-10-02 10:46:31,546 INFO Out dated connection ,size=0

2026-10-02 10:46:31,546 INFO Connection check task end

2026-10-02 10:46:31,881 INFO ConnectionMetrics, totalCount = 0, detail = {long_connection=0, long_polling=0}

2026-10-02 10:46:34,547 INFO Connection check task start

2026-10-02 10:46:34,548 INFO Long connection metrics detail ,Total count =0, sdkCount=0,clusterCount=0

2026-10-02 10:46:34,548 INFO Out dated connection ,size=0

2026-10-02 10:46:34,549 INFO Connection check task end

2026-10-02 10:46:34,882 INFO ConnectionMetrics, totalCount = 0, detail = {long_connection=0, long_polling=0}

2026-10-02 10:46:37,549 INFO Connection check task start

2026-10-02 10:46:37,551 INFO Long connection metrics detail ,Total count =0, sdkCount=0,clusterCount=0

2026-10-02 10:46:37,552 INFO Out dated connection ,size=0

2026-10-02 10:46:37,553 INFO Connection check task end

2026-10-02 10:46:37,883 INFO ConnectionMetrics, totalCount = 0, detail = {long_connection=0, long_polling=0}

2026-10-02 10:46:40,554 INFO Connection check task start

2026-10-02 10:46:40,555 INFO Long connection metrics detail ,Total count =0, sdkCount=0,clusterCount=0

2026-10-02 10:46:40,557 INFO Out dated connection ,size=0

2026-10-02 10:46:40,558 INFO Connection check task end

2026-10-02 10:46:40,884 INFO ConnectionMetrics, totalCount = 0, detail = {long_connection=0, long_polling=0}

2026-10-02 10:46:43,559 INFO Connection check task start

2026-10-02 10:46:43,560 INFO Long connection metrics detail ,Total count =0, sdkCount=0,clusterCount=0

2026-10-02 10:46:43,561 INFO Out dated connection ,size=0

2026-10-02 10:46:43,561 INFO Connection check task end

2026-10-02 10:46:43,886 INFO ConnectionMetrics, totalCount = 0, detail = {long_connection=0, long_polling=0}

2026-10-02 10:46:46,562 INFO Connection check task start

2026-10-02 10:46:46,563 INFO Long connection metrics detail ,Total count =0, sdkCount=0,clusterCount=0

2026-10-02 10:46:46,564 INFO Out dated connection ,size=0

2026-10-02 10:46:46,564 INFO Connection check task end

2026-10-02 10:46:46,887 INFO ConnectionMetrics, totalCount = 0, detail = {long_connection=0, long_polling=0}

2026-10-02 10:46:49,565 INFO Connection check task start

2026-10-02 10:46:49,566 INFO Long connection metrics detail ,Total count =0, sdkCount=0,clusterCount=0

2026-10-02 10:46:49,567 INFO Out dated connection ,size=0

2026-10-02 10:46:49,568 INFO Connection check task end

2026-10-02 10:46:49,888 INFO ConnectionMetrics, totalCount = 0, detail = {long_connection=0, long_polling=0}

2026-10-02 10:46:52,569 INFO Connection check task start

2026-10-02 10:46:52,570 INFO Long connection metrics detail ,Total count =0, sdkCount=0,clusterCount=0

2026-10-02 10:46:52,571 INFO Out dated connection ,size=0

2026-10-02 10:46:52,572 INFO Connection check task end

2026-10-02 10:46:52,890 INFO ConnectionMetrics, totalCount = 0, detail = {long_connection=0, long_polling=0}

2026-10-02 10:46:55,573 INFO Connection check task start

2026-10-02 10:46:55,575 INFO Long connection metrics detail ,Total count =0, sdkCount=0,clusterCount=0

2026-10-02 10:46:55,576 INFO Out dated connection ,size=0

2026-10-02 10:46:55,577 INFO Connection check task end

2026-10-02 10:46:55,891 INFO ConnectionMetrics, totalCount = 0, detail = {long_connection=0, long_polling=0}

2026-10-02 10:46:58,578 INFO Connection check task start

2026-10-02 10:46:58,580 INFO Long connection metrics detail ,Total count =0, sdkCount=0,clusterCount=0

2026-10-02 10:46:58,581 INFO Out dated connection ,size=0

2026-10-02 10:46:58,582 INFO Connection check task end

2026-10-02 10:46:58,891 INFO ConnectionMetrics, totalCount = 0, detail = {long_connection=0, long_polling=0}

2026-10-02 10:47:01,582 INFO Connection check task start

2026-10-02 10:47:01,583 INFO Long connection metrics detail ,Total count =0, sdkCount=0,clusterCount=0

2026-10-02 10:47:01,584 INFO Out dated connection ,size=0

2026-10-02 10:47:01,585 INFO Connection check task end

2026-10-02 10:47:01,892 INFO ConnectionMetrics, totalCount = 0, detail = {long_connection=0, long_polling=0}

2026-10-02 10:47:04,586 INFO Connection check task start

2026-10-02 10:47:04,587 INFO Long connection metrics detail ,Total count =0, sdkCount=0,clusterCount=0

2026-10-02 10:47:04,588 INFO Out dated connection ,size=0

2026-10-02 10:47:04,590 INFO Connection check task end

2026-10-02 10:47:04,894 INFO ConnectionMetrics, totalCount = 0, detail = {long_connection=0, long_polling=0}

2026-10-02 10:47:07,591 INFO Connection check task start

2026-10-02 10:47:07,593 INFO Long connection metrics detail ,Total count =0, sdkCount=0,clusterCount=0

2026-10-02 10:47:07,594 INFO Out dated connection ,size=0

2026-10-02 10:47:07,595 INFO Connection check task end

2026-10-02 10:47:07,895 INFO ConnectionMetrics, totalCount = 0, detail = {long_connection=0, long_polling=0}

2026-10-02 10:47:10,596 INFO Connection check task start

2026-10-02 10:47:10,597 INFO Long connection metrics detail ,Total count =0, sdkCount=0,clusterCount=0

2026-10-02 10:47:10,598 INFO Out dated connection ,size=0

2026-10-02 10:47:10,599 INFO Connection check task end

2026-10-02 10:47:10,896 INFO ConnectionMetrics, totalCount = 0, detail = {long_connection=0, long_polling=0}

2026-10-02 10:47:13,600 INFO Connection check task start

2026-10-02 10:47:13,601 INFO Long connection metrics detail ,Total count =0, sdkCount=0,clusterCount=0

2026-10-02 10:47:13,602 INFO Out dated connection ,size=0

2026-10-02 10:47:13,602 INFO Connection check task end

2026-10-02 10:47:13,898 INFO ConnectionMetrics, totalCount = 0, detail = {long_connection=0, long_polling=0}

2026-10-02 10:47:16,603 INFO Connection check task start

2026-10-02 10:47:16,605 INFO Long connection metrics detail ,Total count =0, sdkCount=0,clusterCount=0

2026-10-02 10:47:16,606 INFO Out dated connection ,size=0

2026-10-02 10:47:16,607 INFO Connection check task end

2026-10-02 10:47:16,899 INFO ConnectionMetrics, totalCount = 0, detail = {long_connection=0, long_polling=0}

2026-10-02 10:47:19,608 INFO Connection check task start

2026-10-02 10:47:19,609 INFO Long connection metrics detail ,Total count =0, sdkCount=0,clusterCount=0

2026-10-02 10:47:19,610 INFO Out dated connection ,size=0

2026-10-02 10:47:19,611 INFO Connection check task end

2026-10-02 10:47:19,901 INFO ConnectionMetrics, totalCount = 0, detail = {long_connection=0, long_polling=0}

2026-10-02 10:47:22,612 INFO Connection check task start

2026-10-02 10:47:22,613 INFO Long connection metrics detail ,Total count =0, sdkCount=0,clusterCount=0

2026-10-02 10:47:22,614 INFO Out dated connection ,size=0

2026-10-02 10:47:22,615 INFO Connection check task end

2026-10-02 10:47:22,901 INFO ConnectionMetrics, totalCount = 0, detail = {long_connection=0, long_polling=0}

2026-10-02 10:47:25,616 INFO Connection check task start

2026-10-02 10:47:25,617 INFO Long connection metrics detail ,Total count =0, sdkCount=0,clusterCount=0

2026-10-02 10:47:25,618 INFO Out dated connection ,size=0

2026-10-02 10:47:25,619 INFO Connection check task end

2026-10-02 10:47:25,903 INFO ConnectionMetrics, totalCount = 0, detail = {long_connection=0, long_polling=0}

2026-10-02 10:47:28,620 INFO Connection check task start

2026-10-02 10:47:28,621 INFO Long connection metrics detail ,Total count =0, sdkCount=0,clusterCount=0

2026-10-02 10:47:28,622 INFO Out dated connection ,size=0

2026-10-02 10:47:28,622 INFO Connection check task end

2026-10-02 10:47:28,902 INFO ConnectionMetrics, totalCount = 0, detail = {long_connection=0, long_polling=0}

2026-10-02 10:47:31,621 INFO Connection check task start

2026-10-02 10:47:31,622 INFO Long connection metrics detail ,Total count =0, sdkCount=0,clusterCount=0

2026-10-02 10:47:31,623 INFO Out dated connection ,size=0

2026-10-02 10:47:31,624 INFO Connection check task end

2026-10-02 10:47:31,903 INFO ConnectionMetrics, totalCount = 0, detail = {long_connection=0, long_polling=0}

2026-10-02 10:47:34,624 INFO Connection check task start

2026-10-02 10:47:34,626 INFO Long connection metrics detail ,Total count =0, sdkCount=0,clusterCount=0

2026-10-02 10:47:34,627 INFO Out dated connection ,size=0

2026-10-02 10:47:34,628 INFO Connection check task end

2026-10-02 10:47:34,904 INFO ConnectionMetrics, totalCount = 0, detail = {long_connection=0, long_polling=0}

2026-10-02 10:47:37,629 INFO Connection check task start

2026-10-02 10:47:37,630 INFO Long connection metrics detail ,Total count =0, sdkCount=0,clusterCount=0

2026-10-02 10:47:37,631 INFO Out dated connection ,size=0

2026-10-02 10:47:37,631 INFO Connection check task end

2026-10-02 10:47:37,905 INFO ConnectionMetrics, totalCount = 0, detail = {long_connection=0, long_polling=0}

2026-10-02 10:47:40,632 INFO Connection check task start

2026-10-02 10:47:40,634 INFO Long connection metrics detail ,Total count =0, sdkCount=0,clusterCount=0

2026-10-02 10:47:40,635 INFO Out dated connection ,size=0

2026-10-02 10:47:40,636 INFO Connection check task end

2026-10-02 10:47:40,907 INFO ConnectionMetrics, totalCount = 0, detail = {long_connection=0, long_polling=0}

2026-10-02 10:47:43,637 INFO Connection check task start

2026-10-02 10:47:43,639 INFO Long connection metrics detail ,Total count =0, sdkCount=0,clusterCount=0

2026-10-02 10:47:43,640 INFO Out dated connection ,size=0

2026-10-02 10:47:43,641 INFO Connection check task end

2026-10-02 10:47:43,908 INFO ConnectionMetrics, totalCount = 0, detail = {long_connection=0, long_polling=0}

2026-10-02 10:47:46,642 INFO Connection check task start

2026-10-02 10:47:46,644 INFO Long connection metrics detail ,Total count =0, sdkCount=0,clusterCount=0

2026-10-02 10:47:46,650 INFO Out dated connection ,size=0

2026-10-02 10:47:46,651 INFO Connection check task end

2026-10-02 10:47:46,909 INFO ConnectionMetrics, totalCount = 0, detail = {long_connection=0, long_polling=0}

2026-10-02 10:47:49,652 INFO Connection check task start

2026-10-02 10:47:49,653 INFO Long connection metrics detail ,Total count =0, sdkCount=0,clusterCount=0

2026-10-02 10:47:49,653 INFO Out dated connection ,size=0

2026-10-02 10:47:49,654 INFO Connection check task end

2026-10-02 10:47:49,911 INFO ConnectionMetrics, totalCount = 0, detail = {long_connection=0, long_polling=0}

2026-10-02 10:47:52,654 INFO Connection check task start

2026-10-02 10:47:52,656 INFO Long connection metrics detail ,Total count =0, sdkCount=0,clusterCount=0

2026-10-02 10:47:52,657 INFO Out dated connection ,size=0

2026-10-02 10:47:52,657 INFO Connection check task end

2026-10-02 10:47:52,912 INFO ConnectionMetrics, totalCount = 0, detail = {long_connection=0, long_polling=0}

2026-10-02 10:47:55,658 INFO Connection check task start

2026-10-02 10:47:55,659 INFO Long connection metrics detail ,Total count =0, sdkCount=0,clusterCount=0

2026-10-02 10:47:55,660 INFO Out dated connection ,size=0

2026-10-02 10:47:55,661 INFO Connection check task end

2026-10-02 10:47:55,913 INFO ConnectionMetrics, totalCount = 0, detail = {long_connection=0, long_polling=0}

2026-10-02 10:47:58,661 INFO Connection check task start

2026-10-02 10:47:58,663 INFO Long connection metrics detail ,Total count =0, sdkCount=0,clusterCount=0

2026-10-02 10:47:58,664 INFO Out dated connection ,size=0

2026-10-02 10:47:58,664 INFO Connection check task end

2026-10-02 10:47:58,918 INFO ConnectionMetrics, totalCount = 0, detail = {long_connection=0, long_polling=0}

2026-10-02 10:48:01,663 INFO Connection check task start

2026-10-02 10:48:01,665 INFO Long connection metrics detail ,Total count =0, sdkCount=0,clusterCount=0

2026-10-02 10:48:01,666 INFO Out dated connection ,size=0

2026-10-02 10:48:01,667 INFO Connection check task end

2026-10-02 10:48:01,920 INFO ConnectionMetrics, totalCount = 0, detail = {long_connection=0, long_polling=0}

2026-10-02 10:48:04,669 INFO Connection check task start

2026-10-02 10:48:04,670 INFO Long connection metrics detail ,Total count =0, sdkCount=0,clusterCount=0

2026-10-02 10:48:04,671 INFO Out dated connection ,size=0

2026-10-02 10:48:04,671 INFO Connection check task end

2026-10-02 10:48:04,921 INFO ConnectionMetrics, totalCount = 0, detail = {long_connection=0, long_polling=0}

2026-10-02 10:48:07,672 INFO Connection check task start

2026-10-02 10:48:07,673 INFO Long connection metrics detail ,Total count =0, sdkCount=0,clusterCount=0

2026-10-02 10:48:07,674 INFO Out dated connection ,size=0

2026-10-02 10:48:07,674 INFO Connection check task end

2026-10-02 10:48:07,922 INFO ConnectionMetrics, totalCount = 0, detail = {long_connection=0, long_polling=0}

2026-10-02 10:48:10,675 INFO Connection check task start

2026-10-02 10:48:10,676 INFO Long connection metrics detail ,Total count =0, sdkCount=0,clusterCount=0

2026-10-02 10:48:10,676 INFO Out dated connection ,size=0

2026-10-02 10:48:10,677 INFO Connection check task end

2026-10-02 10:48:10,923 INFO ConnectionMetrics, totalCount = 0, detail = {long_connection=0, long_polling=0}

2026-10-02 10:48:13,677 INFO Connection check task start

2026-10-02 10:48:13,678 INFO Long connection metrics detail ,Total count =0, sdkCount=0,clusterCount=0

2026-10-02 10:48:13,679 INFO Out dated connection ,size=0

2026-10-02 10:48:13,680 INFO Connection check task end

2026-10-02 10:48:13,925 INFO ConnectionMetrics, totalCount = 0, detail = {long_connection=0, long_polling=0}

2026-10-02 10:48:16,680 INFO Connection check task start

2026-10-02 10:48:16,682 INFO Long connection metrics detail ,Total count =0, sdkCount=0,clusterCount=0

2026-10-02 10:48:16,682 INFO Out dated connection ,size=0

2026-10-02 10:48:16,683 INFO Connection check task end

2026-10-02 10:48:16,926 INFO ConnectionMetrics, totalCount = 0, detail = {long_connection=0, long_polling=0}

2026-10-02 10:48:19,684 INFO Connection check task start

2026-10-02 10:48:19,685 INFO Long connection metrics detail ,Total count =0, sdkCount=0,clusterCount=0

2026-10-02 10:48:19,686 INFO Out dated connection ,size=0

2026-10-02 10:48:19,687 INFO Connection check task end

2026-10-02 10:48:19,927 INFO ConnectionMetrics, totalCount = 0, detail = {long_connection=0, long_polling=0}

2026-10-02 10:48:22,687 INFO Connection check task start

2026-10-02 10:48:22,688 INFO Long connection metrics detail ,Total count =0, sdkCount=0,clusterCount=0

2026-10-02 10:48:22,689 INFO Out dated connection ,size=0

2026-10-02 10:48:22,690 INFO Connection check task end

2026-10-02 10:48:22,928 INFO ConnectionMetrics, totalCount = 0, detail = {long_connection=0, long_polling=0}

2026-10-02 10:48:25,691 INFO Connection check task start

2026-10-02 10:48:25,692 INFO Long connection metrics detail ,Total count =0, sdkCount=0,clusterCount=0

2026-10-02 10:48:25,692 INFO Out dated connection ,size=0

2026-10-02 10:48:25,692 INFO Connection check task end

2026-10-02 10:48:25,930 INFO ConnectionMetrics, totalCount = 0, detail = {long_connection=0, long_polling=0}

2026-10-02 10:48:28,693 INFO Connection check task start

2026-10-02 10:48:28,694 INFO Long connection metrics detail ,Total count =0, sdkCount=0,clusterCount=0

2026-10-02 10:48:28,695 INFO Out dated connection ,size=0

2026-10-02 10:48:28,696 INFO Connection check task end

2026-10-02 10:48:28,930 INFO ConnectionMetrics, totalCount = 0, detail = {long_connection=0, long_polling=0}

2026-10-02 10:48:31,697 INFO Connection check task start

2026-10-02 10:48:31,698 INFO Long connection metrics detail ,Total count =0, sdkCount=0,clusterCount=0

2026-10-02 10:48:31,699 INFO Out dated connection ,size=0

2026-10-02 10:48:31,699 INFO Connection check task end

2026-10-02 10:48:31,933 INFO ConnectionMetrics, totalCount = 0, detail = {long_connection=0, long_polling=0}

2026-10-02 10:48:34,700 INFO Connection check task start

2026-10-02 10:48:34,701 INFO Long connection metrics detail ,Total count =0, sdkCount=0,clusterCount=0

2026-10-02 10:48:34,702 INFO Out dated connection ,size=0

2026-10-02 10:48:34,702 INFO Connection check task end

2026-10-02 10:48:34,935 INFO ConnectionMetrics, totalCount = 0, detail = {long_connection=0, long_polling=0}

2026-10-02 10:48:37,703 INFO Connection check task start

2026-10-02 10:48:37,704 INFO Long connection metrics detail ,Total count =0, sdkCount=0,clusterCount=0

2026-10-02 10:48:37,705 INFO Out dated connection ,size=0

2026-10-02 10:48:37,706 INFO Connection check task end

2026-10-02 10:48:37,936 INFO ConnectionMetrics, totalCount = 0, detail = {long_connection=0, long_polling=0}

2026-10-02 10:48:40,707 INFO Connection check task start

2026-10-02 10:48:40,708 INFO Long connection metrics detail ,Total count =0, sdkCount=0,clusterCount=0

2026-10-02 10:48:40,708 INFO Out dated connection ,size=0

2026-10-02 10:48:40,709 INFO Connection check task end

2026-10-02 10:48:40,937 INFO ConnectionMetrics, totalCount = 0, detail = {long_connection=0, long_polling=0}

2026-10-02 10:48:43,709 INFO Connection check task start

2026-10-02 10:48:43,710 INFO Long connection metrics detail ,Total count =0, sdkCount=0,clusterCount=0

2026-10-02 10:48:43,711 INFO Out dated connection ,size=0

2026-10-02 10:48:43,712 INFO Connection check task end

2026-10-02 10:48:43,939 INFO ConnectionMetrics, totalCount = 0, detail = {long_connection=0, long_polling=0}

2026-10-02 10:48:46,713 INFO Connection check task start

2026-10-02 10:48:46,715 INFO Long connection metrics detail ,Total count =0, sdkCount=0,clusterCount=0

2026-10-02 10:48:46,716 INFO Out dated connection ,size=0

2026-10-02 10:48:46,717 INFO Connection check task end

2026-10-02 10:48:46,940 INFO ConnectionMetrics, totalCount = 0, detail = {long_connection=0, long_polling=0}

2026-10-02 10:48:49,718 INFO Connection check task start

2026-10-02 10:48:49,719 INFO Long connection metrics detail ,Total count =0, sdkCount=0,clusterCount=0

2026-10-02 10:48:49,719 INFO Out dated connection ,size=0

2026-10-02 10:48:49,720 INFO Connection check task end

2026-10-02 10:48:49,941 INFO ConnectionMetrics, totalCount = 0, detail = {long_connection=0, long_polling=0}

2026-10-02 10:48:52,721 INFO Connection check task start

2026-10-02 10:48:52,722 INFO Long connection metrics detail ,Total count =0, sdkCount=0,clusterCount=0

2026-10-02 10:48:52,723 INFO Out dated connection ,size=0

2026-10-02 10:48:52,724 INFO Connection check task end

2026-10-02 10:48:52,942 INFO ConnectionMetrics, totalCount = 0, detail = {long_connection=0, long_polling=0}

2026-10-02 10:48:55,724 INFO Connection check task start

2026-10-02 10:48:55,726 INFO Long connection metrics detail ,Total count =0, sdkCount=0,clusterCount=0

2026-10-02 10:48:55,726 INFO Out dated connection ,size=0

2026-10-02 10:48:55,727 INFO Connection check task end

2026-10-02 10:48:55,945 INFO ConnectionMetrics, totalCount = 0, detail = {long_connection=0, long_polling=0}

2026-10-02 10:48:58,728 INFO Connection check task start

2026-10-02 10:48:58,729 INFO Long connection metrics detail ,Total count =0, sdkCount=0,clusterCount=0

2026-10-02 10:48:58,730 INFO Out dated connection ,size=0

2026-10-02 10:48:58,731 INFO Connection check task end

2026-10-02 10:48:58,944 INFO ConnectionMetrics, totalCount = 0, detail = {long_connection=0, long_polling=0}

2026-10-02 10:49:01,730 INFO Connection check task start

2026-10-02 10:49:01,732 INFO Long connection metrics detail ,Total count =0, sdkCount=0,clusterCount=0

2026-10-02 10:49:01,733 INFO Out dated connection ,size=0

2026-10-02 10:49:01,734 INFO Connection check task end

2026-10-02 10:49:01,945 INFO ConnectionMetrics, totalCount = 0, detail = {long_connection=0, long_polling=0}

2026-10-02 10:49:04,735 INFO Connection check task start

2026-10-02 10:49:04,736 INFO Long connection metrics detail ,Total count =0, sdkCount=0,clusterCount=0

2026-10-02 10:49:04,737 INFO Out dated connection ,size=0

2026-10-02 10:49:04,737 INFO Connection check task end

2026-10-02 10:49:04,947 INFO ConnectionMetrics, totalCount = 0, detail = {long_connection=0, long_polling=0}

2026-10-02 10:49:07,738 INFO Connection check task start

2026-10-02 10:49:07,739 INFO Long connection metrics detail ,Total count =0, sdkCount=0,clusterCount=0

2026-10-02 10:49:07,740 INFO Out dated connection ,size=0

2026-10-02 10:49:07,740 INFO Connection check task end

2026-10-02 10:49:07,948 INFO ConnectionMetrics, totalCount = 0, detail = {long_connection=0, long_polling=0}

2026-10-02 10:49:10,741 INFO Connection check task start

2026-10-02 10:49:10,741 INFO Long connection metrics detail ,Total count =0, sdkCount=0,clusterCount=0

2026-10-02 10:49:10,742 INFO Out dated connection ,size=0

2026-10-02 10:49:10,742 INFO Connection check task end

2026-10-02 10:49:10,951 INFO ConnectionMetrics, totalCount = 0, detail = {long_connection=0, long_polling=0}

2026-10-02 10:49:13,743 INFO Connection check task start

2026-10-02 10:49:13,744 INFO Long connection metrics detail ,Total count =0, sdkCount=0,clusterCount=0

2026-10-02 10:49:13,746 INFO Out dated connection ,size=0

2026-10-02 10:49:13,747 INFO Connection check task end

2026-10-02 10:49:13,953 INFO ConnectionMetrics, totalCount = 0, detail = {long_connection=0, long_polling=0}

2026-10-02 10:49:16,749 INFO Connection check task start

2026-10-02 10:49:16,750 INFO Long connection metrics detail ,Total count =0, sdkCount=0,clusterCount=0

2026-10-02 10:49:16,751 INFO Out dated connection ,size=0

2026-10-02 10:49:16,753 INFO Connection check task end

2026-10-02 10:49:16,954 INFO ConnectionMetrics, totalCount = 0, detail = {long_connection=0, long_polling=0}

2026-10-02 10:49:19,755 INFO Connection check task start

2026-10-02 10:49:19,756 INFO Long connection metrics detail ,Total count =0, sdkCount=0,clusterCount=0

2026-10-02 10:49:19,757 INFO Out dated connection ,size=0

2026-10-02 10:49:19,759 INFO Connection check task end

2026-10-02 10:49:19,955 INFO ConnectionMetrics, totalCount = 0, detail = {long_connection=0, long_polling=0}

2026-10-02 10:49:22,760 INFO Connection check task start

2026-10-02 10:49:22,761 INFO Long connection metrics detail ,Total count =0, sdkCount=0,clusterCount=0

2026-10-02 10:49:22,763 INFO Out dated connection ,size=0

2026-10-02 10:49:22,764 INFO Connection check task end

2026-10-02 10:49:22,957 INFO ConnectionMetrics, totalCount = 0, detail = {long_connection=0, long_polling=0}

2026-10-02 10:49:25,764 INFO Connection check task start

2026-10-02 10:49:25,765 INFO Long connection metrics detail ,Total count =0, sdkCount=0,clusterCount=0

2026-10-02 10:49:25,766 INFO Out dated connection ,size=0

2026-10-02 10:49:25,767 INFO Connection check task end

2026-10-02 10:49:25,958 INFO ConnectionMetrics, totalCount = 0, detail = {long_connection=0, long_polling=0}

2026-10-02 10:49:28,767 INFO Connection check task start

2026-10-02 10:49:28,769 INFO Long connection metrics detail ,Total count =0, sdkCount=0,clusterCount=0

2026-10-02 10:49:28,770 INFO Out dated connection ,size=0

2026-10-02 10:49:28,771 INFO Connection check task end

2026-10-02 10:49:28,958 INFO ConnectionMetrics, totalCount = 0, detail = {long_connection=0, long_polling=0}

2026-10-02 10:49:31,771 INFO Connection check task start

2026-10-02 10:49:31,772 INFO Long connection metrics detail ,Total count =0, sdkCount=0,clusterCount=0

2026-10-02 10:49:31,773 INFO Out dated connection ,size=0

2026-10-02 10:49:31,774 INFO Connection check task end

2026-10-02 10:49:31,959 INFO ConnectionMetrics, totalCount = 0, detail = {long_connection=0, long_polling=0}

2026-10-02 10:49:34,775 INFO Connection check task start

2026-10-02 10:49:34,776 INFO Long connection metrics detail ,Total count =0, sdkCount=0,clusterCount=0

2026-10-02 10:49:34,777 INFO Out dated connection ,size=0

2026-10-02 10:49:34,778 INFO Connection check task end

2026-10-02 10:49:34,960 INFO ConnectionMetrics, totalCount = 0, detail = {long_connection=0, long_polling=0}

2026-10-02 10:49:37,779 INFO Connection check task start

2026-10-02 10:49:37,780 INFO Long connection metrics detail ,Total count =0, sdkCount=0,clusterCount=0

2026-10-02 10:49:37,781 INFO Out dated connection ,size=0

2026-10-02 10:49:37,781 INFO Connection check task end

2026-10-02 10:49:37,961 INFO ConnectionMetrics, totalCount = 0, detail = {long_connection=0, long_polling=0}

2026-10-02 10:49:40,783 INFO Connection check task start

2026-10-02 10:49:40,784 INFO Long connection metrics detail ,Total count =0, sdkCount=0,clusterCount=0

2026-10-02 10:49:40,785 INFO Out dated connection ,size=0

2026-10-02 10:49:40,786 INFO Connection check task end

2026-10-02 10:49:40,963 INFO ConnectionMetrics, totalCount = 0, detail = {long_connection=0, long_polling=0}

2026-10-02 10:49:43,787 INFO Connection check task start

2026-10-02 10:49:43,788 INFO Long connection metrics detail ,Total count =0, sdkCount=0,clusterCount=0

2026-10-02 10:49:43,789 INFO Out dated connection ,size=0

2026-10-02 10:49:43,790 INFO Connection check task end

2026-10-02 10:49:43,965 INFO ConnectionMetrics, totalCount = 0, detail = {long_connection=0, long_polling=0}

2026-10-02 10:49:46,791 INFO Connection check task start

2026-10-02 10:49:46,792 INFO Long connection metrics detail ,Total count =0, sdkCount=0,clusterCount=0

2026-10-02 10:49:46,793 INFO Out dated connection ,size=0

2026-10-02 10:49:46,794 INFO Connection check task end

2026-10-02 10:49:46,966 INFO ConnectionMetrics, totalCount = 0, detail = {long_connection=0, long_polling=0}

2026-10-02 10:49:49,795 INFO Connection check task start

2026-10-02 10:49:49,796 INFO Long connection metrics detail ,Total count =0, sdkCount=0,clusterCount=0

2026-10-02 10:49:49,798 INFO Out dated connection ,size=0

2026-10-02 10:49:49,799 INFO Connection check task end

2026-10-02 10:49:49,967 INFO ConnectionMetrics, totalCount = 0, detail = {long_connection=0, long_polling=0}

2026-10-02 10:49:52,801 INFO Connection check task start

2026-10-02 10:49:52,802 INFO Long connection metrics detail ,Total count =0, sdkCount=0,clusterCount=0

2026-10-02 10:49:52,802 INFO Out dated connection ,size=0

2026-10-02 10:49:52,803 INFO Connection check task end

2026-10-02 10:49:52,969 INFO ConnectionMetrics, totalCount = 0, detail = {long_connection=0, long_polling=0}

2026-10-02 10:49:55,803 INFO Connection check task start

2026-10-02 10:49:55,805 INFO Long connection metrics detail ,Total count =0, sdkCount=0,clusterCount=0

2026-10-02 10:49:55,806 INFO Out dated connection ,size=0

2026-10-02 10:49:55,807 INFO Connection check task end

2026-10-02 10:49:55,970 INFO ConnectionMetrics, totalCount = 0, detail = {long_connection=0, long_polling=0}

2026-10-02 10:49:58,807 INFO Connection check task start

2026-10-02 10:49:58,809 INFO Long connection metrics detail ,Total count =0, sdkCount=0,clusterCount=0

2026-10-02 10:49:58,809 INFO Out dated connection ,size=0

2026-10-02 10:49:58,810 INFO Connection check task end

2026-10-02 10:49:58,970 INFO ConnectionMetrics, totalCount = 0, detail = {long_connection=0, long_polling=0}

2026-10-02 10:50:01,809 INFO Connection check task start

2026-10-02 10:50:01,811 INFO Long connection metrics detail ,Total count =0, sdkCount=0,clusterCount=0

2026-10-02 10:50:01,812 INFO Out dated connection ,size=0

2026-10-02 10:50:01,814 INFO Connection check task end

2026-10-02 10:50:01,971 INFO ConnectionMetrics, totalCount = 0, detail = {long_connection=0, long_polling=0}

2026-10-02 10:50:04,816 INFO Connection check task start

2026-10-02 10:50:04,817 INFO Long connection metrics detail ,Total count =0, sdkCount=0,clusterCount=0

2026-10-02 10:50:04,819 INFO Out dated connection ,size=0

2026-10-02 10:50:04,819 INFO Connection check task end

2026-10-02 10:50:04,972 INFO ConnectionMetrics, totalCount = 0, detail = {long_connection=0, long_polling=0}

2026-10-02 10:50:07,820 INFO Connection check task start

2026-10-02 10:50:07,821 INFO Long connection metrics detail ,Total count =0, sdkCount=0,clusterCount=0

2026-10-02 10:50:07,822 INFO Out dated connection ,size=0

2026-10-02 10:50:07,823 INFO Connection check task end

2026-10-02 10:50:07,974 INFO ConnectionMetrics, totalCount = 0, detail = {long_connection=0, long_polling=0}

2026-10-02 10:50:10,823 INFO Connection check task start

2026-10-02 10:50:10,825 INFO Long connection metrics detail ,Total count =0, sdkCount=0,clusterCount=0

2026-10-02 10:50:10,825 INFO Out dated connection ,size=0

2026-10-02 10:50:10,826 INFO Connection check task end

2026-10-02 10:50:10,975 INFO ConnectionMetrics, totalCount = 0, detail = {long_connection=0, long_polling=0}

2026-10-02 10:50:13,827 INFO Connection check task start

2026-10-02 10:50:13,828 INFO Long connection metrics detail ,Total count =0, sdkCount=0,clusterCount=0

2026-10-02 10:50:13,829 INFO Out dated connection ,size=0

2026-10-02 10:50:13,830 INFO Connection check task end

2026-10-02 10:50:13,976 INFO ConnectionMetrics, totalCount = 0, detail = {long_connection=0, long_polling=0}

2026-10-02 10:50:16,831 INFO Connection check task start

2026-10-02 10:50:16,832 INFO Long connection metrics detail ,Total count =0, sdkCount=0,clusterCount=0

2026-10-02 10:50:16,833 INFO Out dated connection ,size=0

2026-10-02 10:50:16,834 INFO Connection check task end

2026-10-02 10:50:16,978 INFO ConnectionMetrics, totalCount = 0, detail = {long_connection=0, long_polling=0}

2026-10-02 10:50:19,835 INFO Connection check task start

2026-10-02 10:50:19,836 INFO Long connection metrics detail ,Total count =0, sdkCount=0,clusterCount=0

2026-10-02 10:50:19,837 INFO Out dated connection ,size=0

2026-10-02 10:50:19,838 INFO Connection check task end

2026-10-02 10:50:19,980 INFO ConnectionMetrics, totalCount = 0, detail = {long_connection=0, long_polling=0}

2026-10-02 10:50:22,839 INFO Connection check task start

2026-10-02 10:50:22,840 INFO Long connection metrics detail ,Total count =0, sdkCount=0,clusterCount=0

2026-10-02 10:50:22,841 INFO Out dated connection ,size=0

2026-10-02 10:50:22,842 INFO Connection check task end

2026-10-02 10:50:22,982 INFO ConnectionMetrics, totalCount = 0, detail = {long_connection=0, long_polling=0}

2026-10-02 10:50:25,843 INFO Connection check task start

2026-10-02 10:50:25,844 INFO Long connection metrics detail ,Total count =0, sdkCount=0,clusterCount=0

2026-10-02 10:50:25,844 INFO Out dated connection ,size=0

2026-10-02 10:50:25,844 INFO Connection check task end

2026-10-02 10:50:25,983 INFO ConnectionMetrics, totalCount = 0, detail = {long_connection=0, long_polling=0}

2026-10-02 10:50:28,845 INFO Connection check task start

2026-10-02 10:50:28,846 INFO Long connection metrics detail ,Total count =0, sdkCount=0,clusterCount=0

2026-10-02 10:50:28,847 INFO Out dated connection ,size=0

2026-10-02 10:50:28,848 INFO Connection check task end

2026-10-02 10:50:28,982 INFO ConnectionMetrics, totalCount = 0, detail = {long_connection=0, long_polling=0}

2026-10-02 10:50:31,847 INFO Connection check task start

2026-10-02 10:50:31,848 INFO Long connection metrics detail ,Total count =0, sdkCount=0,clusterCount=0

2026-10-02 10:50:31,849 INFO Out dated connection ,size=0

2026-10-02 10:50:31,850 INFO Connection check task end

2026-10-02 10:50:31,984 INFO ConnectionMetrics, totalCount = 0, detail = {long_connection=0, long_polling=0}

2026-10-02 10:50:34,850 INFO Connection check task start

2026-10-02 10:50:34,852 INFO Long connection metrics detail ,Total count =0, sdkCount=0,clusterCount=0

2026-10-02 10:50:34,853 INFO Out dated connection ,size=0

2026-10-02 10:50:34,854 INFO Connection check task end

2026-10-02 10:50:34,985 INFO ConnectionMetrics, totalCount = 0, detail = {long_connection=0, long_polling=0}

2026-10-02 10:50:37,854 INFO Connection check task start

2026-10-02 10:50:37,861 INFO Long connection metrics detail ,Total count =0, sdkCount=0,clusterCount=0

2026-10-02 10:50:37,864 INFO Out dated connection ,size=0

2026-10-02 10:50:37,866 INFO Connection check task end

2026-10-02 10:50:37,987 INFO ConnectionMetrics, totalCount = 0, detail = {long_connection=0, long_polling=0}

2026-10-02 10:50:40,867 INFO Connection check task start

2026-10-02 10:50:40,868 INFO Long connection metrics detail ,Total count =0, sdkCount=0,clusterCount=0

2026-10-02 10:50:40,869 INFO Out dated connection ,size=0

2026-10-02 10:50:40,870 INFO Connection check task end

2026-10-02 10:50:40,988 INFO ConnectionMetrics, totalCount = 0, detail = {long_connection=0, long_polling=0}

2026-10-02 10:50:43,871 INFO Connection check task start

2026-10-02 10:50:43,872 INFO Long connection metrics detail ,Total count =0, sdkCount=0,clusterCount=0

2026-10-02 10:50:43,873 INFO Out dated connection ,size=0

2026-10-02 10:50:43,874 INFO Connection check task end

2026-10-02 10:50:43,989 INFO ConnectionMetrics, totalCount = 0, detail = {long_connection=0, long_polling=0}

2026-10-02 10:50:46,875 INFO Connection check task start

2026-10-02 10:50:46,876 INFO Long connection metrics detail ,Total count =0, sdkCount=0,clusterCount=0

2026-10-02 10:50:46,877 INFO Out dated connection ,size=0

2026-10-02 10:50:46,877 INFO Connection check task end

2026-10-02 10:50:46,991 INFO ConnectionMetrics, totalCount = 0, detail = {long_connection=0, long_polling=0}

2026-10-02 10:50:49,878 INFO Connection check task start

2026-10-02 10:50:49,879 INFO Long connection metrics detail ,Total count =0, sdkCount=0,clusterCount=0

2026-10-02 10:50:49,880 INFO Out dated connection ,size=0

2026-10-02 10:50:49,881 INFO Connection check task end

2026-10-02 10:50:49,993 INFO ConnectionMetrics, totalCount = 0, detail = {long_connection=0, long_polling=0}

2026-10-02 10:50:52,881 INFO Connection check task start

2026-10-02 10:50:52,882 INFO Long connection metrics detail ,Total count =0, sdkCount=0,clusterCount=0

2026-10-02 10:50:52,883 INFO Out dated connection ,size=0

2026-10-02 10:50:52,883 INFO Connection check task end

2026-10-02 10:50:52,994 INFO ConnectionMetrics, totalCount = 0, detail = {long_connection=0, long_polling=0}

2026-10-02 10:50:55,884 INFO Connection check task start

2026-10-02 10:50:55,885 INFO Long connection metrics detail ,Total count =0, sdkCount=0,clusterCount=0

2026-10-02 10:50:55,886 INFO Out dated connection ,size=0

2026-10-02 10:50:55,887 INFO Connection check task end

2026-10-02 10:50:55,996 INFO ConnectionMetrics, totalCount = 0, detail = {long_connection=0, long_polling=0}

2026-10-02 10:50:58,888 INFO Connection check task start

2026-10-02 10:50:58,890 INFO Long connection metrics detail ,Total count =0, sdkCount=0,clusterCount=0

2026-10-02 10:50:58,891 INFO Out dated connection ,size=0

2026-10-02 10:50:58,891 INFO Connection check task end

2026-10-02 10:50:58,996 INFO ConnectionMetrics, totalCount = 0, detail = {long_connection=0, long_polling=0}

2026-10-02 10:51:01,892 INFO Connection check task start

2026-10-02 10:51:01,893 INFO Long connection metrics detail ,Total count =0, sdkCount=0,clusterCount=0

2026-10-02 10:51:01,894 INFO Out dated connection ,size=0

2026-10-02 10:51:01,894 INFO Connection check task end

2026-10-02 10:51:01,998 INFO ConnectionMetrics, totalCount = 0, detail = {long_connection=0, long_polling=0}

2026-10-02 10:51:04,894 INFO Connection check task start

2026-10-02 10:51:04,895 INFO Long connection metrics detail ,Total count =0, sdkCount=0,clusterCount=0

2026-10-02 10:51:04,896 INFO Out dated connection ,size=0

2026-10-02 10:51:04,897 INFO Connection check task end

2026-10-02 10:51:04,999 INFO ConnectionMetrics, totalCount = 0, detail = {long_connection=0, long_polling=0}

2026-10-02 10:51:07,897 INFO Connection check task start

2026-10-02 10:51:07,898 INFO Long connection metrics detail ,Total count =0, sdkCount=0,clusterCount=0

2026-10-02 10:51:07,899 INFO Out dated connection ,size=0

2026-10-02 10:51:07,900 INFO Connection check task end

2026-10-02 10:51:08,000 INFO ConnectionMetrics, totalCount = 0, detail = {long_connection=0, long_polling=0}

2026-10-02 10:51:10,901 INFO Connection check task start

2026-10-02 10:51:10,902 INFO Long connection metrics detail ,Total count =0, sdkCount=0,clusterCount=0

2026-10-02 10:51:10,903 INFO Out dated connection ,size=0

2026-10-02 10:51:10,903 INFO Connection check task end

2026-10-02 10:51:11,001 INFO ConnectionMetrics, totalCount = 0, detail = {long_connection=0, long_polling=0}

2026-10-02 10:51:13,904 INFO Connection check task start

2026-10-02 10:51:13,904 INFO Long connection metrics detail ,Total count =0, sdkCount=0,clusterCount=0

2026-10-02 10:51:13,905 INFO Out dated connection ,size=0

2026-10-02 10:51:13,905 INFO Connection check task end

2026-10-02 10:51:14,002 INFO ConnectionMetrics, totalCount = 0, detail = {long_connection=0, long_polling=0}

2026-10-02 10:51:16,905 INFO Connection check task start

2026-10-02 10:51:16,907 INFO Long connection metrics detail ,Total count =0, sdkCount=0,clusterCount=0

2026-10-02 10:51:16,908 INFO Out dated connection ,size=0

2026-10-02 10:51:16,909 INFO Connection check task end

2026-10-02 10:51:17,003 INFO ConnectionMetrics, totalCount = 0, detail = {long_connection=0, long_polling=0}

2026-10-02 10:51:19,910 INFO Connection check task start

2026-10-02 10:51:19,911 INFO Long connection metrics detail ,Total count =0, sdkCount=0,clusterCount=0

2026-10-02 10:51:19,912 INFO Out dated connection ,size=0

2026-10-02 10:51:19,913 INFO Connection check task end

2026-10-02 10:51:20,004 INFO ConnectionMetrics, totalCount = 0, detail = {long_connection=0, long_polling=0}

2026-10-02 10:51:22,913 INFO Connection check task start

2026-10-02 10:51:22,915 INFO Long connection metrics detail ,Total count =0, sdkCount=0,clusterCount=0

2026-10-02 10:51:22,915 INFO Out dated connection ,size=0

2026-10-02 10:51:22,916 INFO Connection check task end

2026-10-02 10:51:23,006 INFO ConnectionMetrics, totalCount = 0, detail = {long_connection=0, long_polling=0}

2026-10-02 10:51:25,916 INFO Connection check task start

2026-10-02 10:51:25,917 INFO Long connection metrics detail ,Total count =0, sdkCount=0,clusterCount=0

2026-10-02 10:51:25,918 INFO Out dated connection ,size=0

2026-10-02 10:51:25,919 INFO Connection check task end

2026-10-02 10:51:26,007 INFO ConnectionMetrics, totalCount = 0, detail = {long_connection=0, long_polling=0}

2026-10-02 10:51:28,918 INFO Connection check task start

2026-10-02 10:51:28,919 INFO Long connection metrics detail ,Total count =0, sdkCount=0,clusterCount=0

2026-10-02 10:51:28,920 INFO Out dated connection ,size=0

2026-10-02 10:51:28,920 INFO Connection check task end

2026-10-02 10:51:29,007 INFO ConnectionMetrics, totalCount = 0, detail = {long_connection=0, long_polling=0}

2026-10-02 10:51:31,921 INFO Connection check task start

2026-10-02 10:51:31,921 INFO Long connection metrics detail ,Total count =0, sdkCount=0,clusterCount=0

2026-10-02 10:51:31,922 INFO Out dated connection ,size=0

2026-10-02 10:51:31,922 INFO Connection check task end

2026-10-02 10:51:32,008 INFO ConnectionMetrics, totalCount = 0, detail = {long_connection=0, long_polling=0}

2026-10-02 10:51:34,923 INFO Connection check task start

2026-10-02 10:51:34,924 INFO Long connection metrics detail ,Total count =0, sdkCount=0,clusterCount=0

2026-10-02 10:51:34,925 INFO Out dated connection ,size=0

2026-10-02 10:51:34,926 INFO Connection check task end

2026-10-02 10:51:35,023 INFO ConnectionMetrics, totalCount = 0, detail = {long_connection=0, long_polling=0}

2026-10-02 10:51:37,927 INFO Connection check task start

2026-10-02 10:51:37,928 INFO Long connection metrics detail ,Total count =0, sdkCount=0,clusterCount=0

2026-10-02 10:51:37,929 INFO Out dated connection ,size=0

2026-10-02 10:51:37,930 INFO Connection check task end

2026-10-02 10:51:38,024 INFO ConnectionMetrics, totalCount = 0, detail = {long_connection=0, long_polling=0}

2026-10-02 10:51:40,930 INFO Connection check task start

2026-10-02 10:51:40,931 INFO Long connection metrics detail ,Total count =0, sdkCount=0,clusterCount=0

2026-10-02 10:51:40,932 INFO Out dated connection ,size=0

2026-10-02 10:51:40,932 INFO Connection check task end

2026-10-02 10:51:41,025 INFO ConnectionMetrics, totalCount = 0, detail = {long_connection=0, long_polling=0}

2026-10-02 10:51:43,933 INFO Connection check task start

2026-10-02 10:51:43,935 INFO Long connection metrics detail ,Total count =0, sdkCount=0,clusterCount=0

2026-10-02 10:51:43,936 INFO Out dated connection ,size=0

2026-10-02 10:51:43,936 INFO Connection check task end

2026-10-02 10:51:44,027 INFO ConnectionMetrics, totalCount = 0, detail = {long_connection=0, long_polling=0}

2026-10-02 10:51:46,937 INFO Connection check task start

2026-10-02 10:51:46,940 INFO Long connection metrics detail ,Total count =0, sdkCount=0,clusterCount=0

2026-10-02 10:51:46,942 INFO Out dated connection ,size=0

2026-10-02 10:51:46,946 INFO Connection check task end

2026-10-02 10:51:47,028 INFO ConnectionMetrics, totalCount = 0, detail = {long_connection=0, long_polling=0}

2026-10-02 10:51:49,947 INFO Connection check task start

2026-10-02 10:51:49,948 INFO Long connection metrics detail ,Total count =0, sdkCount=0,clusterCount=0

2026-10-02 10:51:49,949 INFO Out dated connection ,size=0

2026-10-02 10:51:49,949 INFO Connection check task end

2026-10-02 10:51:50,030 INFO ConnectionMetrics, totalCount = 0, detail = {long_connection=0, long_polling=0}

2026-10-02 10:51:52,950 INFO Connection check task start

2026-10-02 10:51:52,951 INFO Long connection metrics detail ,Total count =0, sdkCount=0,clusterCount=0

2026-10-02 10:51:52,952 INFO Out dated connection ,size=0

2026-10-02 10:51:52,953 INFO Connection check task end

2026-10-02 10:51:53,031 INFO ConnectionMetrics, totalCount = 0, detail = {long_connection=0, long_polling=0}

2026-10-02 10:51:55,953 INFO Connection check task start

2026-10-02 10:51:55,954 INFO Long connection metrics detail ,Total count =0, sdkCount=0,clusterCount=0

2026-10-02 10:51:55,955 INFO Out dated connection ,size=0

2026-10-02 10:51:55,955 INFO Connection check task end

2026-10-02 10:51:56,032 INFO ConnectionMetrics, totalCount = 0, detail = {long_connection=0, long_polling=0}

2026-10-02 10:51:58,954 INFO Connection check task start

2026-10-02 10:51:58,955 INFO Long connection metrics detail ,Total count =0, sdkCount=0,clusterCount=0

2026-10-02 10:51:58,955 INFO Out dated connection ,size=0

2026-10-02 10:51:58,956 INFO Connection check task end

2026-10-02 10:51:59,031 INFO ConnectionMetrics, totalCount = 0, detail = {long_connection=0, long_polling=0}

2026-10-02 10:52:01,957 INFO Connection check task start

2026-10-02 10:52:01,958 INFO Long connection metrics detail ,Total count =0, sdkCount=0,clusterCount=0

2026-10-02 10:52:01,959 INFO Out dated connection ,size=0

2026-10-02 10:52:01,960 INFO Connection check task end

2026-10-02 10:52:02,033 INFO ConnectionMetrics, totalCount = 0, detail = {long_connection=0, long_polling=0}

2026-10-02 10:52:04,961 INFO Connection check task start

2026-10-02 10:52:04,962 INFO Long connection metrics detail ,Total count =0, sdkCount=0,clusterCount=0

2026-10-02 10:52:04,963 INFO Out dated connection ,size=0

2026-10-02 10:52:04,964 INFO Connection check task end

2026-10-02 10:52:05,034 INFO ConnectionMetrics, totalCount = 0, detail = {long_connection=0, long_polling=0}

2026-10-02 10:52:07,965 INFO Connection check task start

2026-10-02 10:52:07,966 INFO Long connection metrics detail ,Total count =0, sdkCount=0,clusterCount=0

2026-10-02 10:52:07,966 INFO Out dated connection ,size=0

2026-10-02 10:52:07,967 INFO Connection check task end

2026-10-02 10:52:08,036 INFO ConnectionMetrics, totalCount = 0, detail = {long_connection=0, long_polling=0}

2026-10-02 10:52:10,968 INFO Connection check task start

2026-10-02 10:52:10,969 INFO Long connection metrics detail ,Total count =0, sdkCount=0,clusterCount=0

2026-10-02 10:52:10,971 INFO Out dated connection ,size=0

2026-10-02 10:52:10,972 INFO Connection check task end

2026-10-02 10:52:11,037 INFO ConnectionMetrics, totalCount = 0, detail = {long_connection=0, long_polling=0}

2026-10-02 10:52:13,973 INFO Connection check task start

2026-10-02 10:52:13,975 INFO Long connection metrics detail ,Total count =0, sdkCount=0,clusterCount=0

2026-10-02 10:52:13,976 INFO Out dated connection ,size=0

2026-10-02 10:52:13,977 INFO Connection check task end

2026-10-02 10:52:14,038 INFO ConnectionMetrics, totalCount = 0, detail = {long_connection=0, long_polling=0}

2026-10-02 10:52:16,978 INFO Connection check task start

2026-10-02 10:52:16,979 INFO Long connection metrics detail ,Total count =0, sdkCount=0,clusterCount=0

2026-10-02 10:52:16,979 INFO Out dated connection ,size=0

2026-10-02 10:52:16,980 INFO Connection check task end

2026-10-02 10:52:17,040 INFO ConnectionMetrics, totalCount = 0, detail = {long_connection=0, long_polling=0}

2026-10-02 10:52:19,981 INFO Connection check task start

2026-10-02 10:52:19,982 INFO Long connection metrics detail ,Total count =0, sdkCount=0,clusterCount=0

2026-10-02 10:52:19,983 INFO Out dated connection ,size=0

2026-10-02 10:52:19,983 INFO Connection check task end

2026-10-02 10:52:20,041 INFO ConnectionMetrics, totalCount = 0, detail = {long_connection=0, long_polling=0}

2026-10-02 10:52:22,984 INFO Connection check task start

2026-10-02 10:52:22,985 INFO Long connection metrics detail ,Total count =0, sdkCount=0,clusterCount=0

2026-10-02 10:52:22,986 INFO Out dated connection ,size=0

2026-10-02 10:52:22,986 INFO Connection check task end

2026-10-02 10:52:23,042 INFO ConnectionMetrics, totalCount = 0, detail = {long_connection=0, long_polling=0}

2026-10-02 10:52:25,987 INFO Connection check task start

2026-10-02 10:52:25,988 INFO Long connection metrics detail ,Total count =0, sdkCount=0,clusterCount=0

2026-10-02 10:52:25,988 INFO Out dated connection ,size=0

2026-10-02 10:52:25,989 INFO Connection check task end

2026-10-02 10:52:26,043 INFO ConnectionMetrics, totalCount = 0, detail = {long_connection=0, long_polling=0}

2026-10-02 10:52:28,988 INFO Connection check task start

2026-10-02 10:52:28,990 INFO Long connection metrics detail ,Total count =0, sdkCount=0,clusterCount=0

2026-10-02 10:52:28,990 INFO Out dated connection ,size=0

2026-10-02 10:52:28,991 INFO Connection check task end

2026-10-02 10:52:29,043 INFO ConnectionMetrics, totalCount = 0, detail = {long_connection=0, long_polling=0}

2026-10-02 10:52:31,992 INFO Connection check task start

2026-10-02 10:52:31,993 INFO Long connection metrics detail ,Total count =0, sdkCount=0,clusterCount=0

2026-10-02 10:52:31,994 INFO Out dated connection ,size=0

2026-10-02 10:52:31,995 INFO Connection check task end

2026-10-02 10:52:32,044 INFO ConnectionMetrics, totalCount = 0, detail = {long_connection=0, long_polling=0}

2026-10-02 10:52:34,995 INFO Connection check task start

2026-10-02 10:52:34,996 INFO Long connection metrics detail ,Total count =0, sdkCount=0,clusterCount=0

2026-10-02 10:52:34,997 INFO Out dated connection ,size=0

2026-10-02 10:52:34,997 INFO Connection check task end

2026-10-02 10:52:35,046 INFO ConnectionMetrics, totalCount = 0, detail = {long_connection=0, long_polling=0}

2026-10-02 10:52:37,998 INFO Connection check task start

2026-10-02 10:52:37,999 INFO Long connection metrics detail ,Total count =0, sdkCount=0,clusterCount=0

2026-10-02 10:52:38,000 INFO Out dated connection ,size=0

2026-10-02 10:52:38,001 INFO Connection check task end

2026-10-02 10:52:38,047 INFO ConnectionMetrics, totalCount = 0, detail = {long_connection=0, long_polling=0}

2026-10-02 10:52:41,002 INFO Connection check task start

2026-10-02 10:52:41,003 INFO Long connection metrics detail ,Total count =0, sdkCount=0,clusterCount=0

2026-10-02 10:52:41,003 INFO Out dated connection ,size=0

2026-10-02 10:52:41,004 INFO Connection check task end

2026-10-02 10:52:41,048 INFO ConnectionMetrics, totalCount = 0, detail = {long_connection=0, long_polling=0}

2026-10-02 10:52:44,005 INFO Connection check task start

2026-10-02 10:52:44,006 INFO Long connection metrics detail ,Total count =0, sdkCount=0,clusterCount=0

2026-10-02 10:52:44,007 INFO Out dated connection ,size=0

2026-10-02 10:52:44,008 INFO Connection check task end

2026-10-02 10:52:44,049 INFO ConnectionMetrics, totalCount = 0, detail = {long_connection=0, long_polling=0}

2026-10-02 10:52:47,008 INFO Connection check task start

2026-10-02 10:52:47,010 INFO Long connection metrics detail ,Total count =0, sdkCount=0,clusterCount=0

2026-10-02 10:52:47,010 INFO Out dated connection ,size=0

2026-10-02 10:52:47,011 INFO Connection check task end

2026-10-02 10:52:47,050 INFO ConnectionMetrics, totalCount = 0, detail = {long_connection=0, long_polling=0}

2026-10-02 10:52:50,012 INFO Connection check task start

2026-10-02 10:52:50,013 INFO Long connection metrics detail ,Total count =0, sdkCount=0,clusterCount=0

2026-10-02 10:52:50,013 INFO Out dated connection ,size=0

2026-10-02 10:52:50,013 INFO Connection check task end

2026-10-02 10:52:50,052 INFO ConnectionMetrics, totalCount = 0, detail = {long_connection=0, long_polling=0}

2026-10-02 10:52:53,014 INFO Connection check task start

2026-10-02 10:52:53,014 INFO Long connection metrics detail ,Total count =0, sdkCount=0,clusterCount=0

2026-10-02 10:52:53,015 INFO Out dated connection ,size=0

2026-10-02 10:52:53,015 INFO Connection check task end

2026-10-02 10:52:53,053 INFO ConnectionMetrics, totalCount = 0, detail = {long_connection=0, long_polling=0}

2026-10-02 10:52:56,016 INFO Connection check task start

2026-10-02 10:52:56,017 INFO Long connection metrics detail ,Total count =0, sdkCount=0,clusterCount=0

2026-10-02 10:52:56,018 INFO Out dated connection ,size=0

2026-10-02 10:52:56,020 INFO Connection check task end

2026-10-02 10:52:56,053 INFO ConnectionMetrics, totalCount = 0, detail = {long_connection=0, long_polling=0}

2026-10-02 10:52:59,019 INFO Connection check task start

2026-10-02 10:52:59,021 INFO Long connection metrics detail ,Total count =0, sdkCount=0,clusterCount=0

2026-10-02 10:52:59,022 INFO Out dated connection ,size=0

2026-10-02 10:52:59,023 INFO Connection check task end

2026-10-02 10:52:59,053 INFO ConnectionMetrics, totalCount = 0, detail = {long_connection=0, long_polling=0}

2026-10-02 10:53:02,024 INFO Connection check task start

2026-10-02 10:53:02,025 INFO Long connection metrics detail ,Total count =0, sdkCount=0,clusterCount=0

2026-10-02 10:53:02,026 INFO Out dated connection ,size=0

2026-10-02 10:53:02,026 INFO Connection check task end

2026-10-02 10:53:02,054 INFO ConnectionMetrics, totalCount = 0, detail = {long_connection=0, long_polling=0}

2026-10-02 10:53:05,027 INFO Connection check task start

2026-10-02 10:53:05,028 INFO Long connection metrics detail ,Total count =0, sdkCount=0,clusterCount=0

2026-10-02 10:53:05,029 INFO Out dated connection ,size=0

2026-10-02 10:53:05,029 INFO Connection check task end

2026-10-02 10:53:05,055 INFO ConnectionMetrics, totalCount = 0, detail = {long_connection=0, long_polling=0}

2026-10-02 10:53:08,030 INFO Connection check task start

2026-10-02 10:53:08,031 INFO Long connection metrics detail ,Total count =0, sdkCount=0,clusterCount=0

2026-10-02 10:53:08,032 INFO Out dated connection ,size=0

2026-10-02 10:53:08,032 INFO Connection check task end

2026-10-02 10:53:08,057 INFO ConnectionMetrics, totalCount = 0, detail = {long_connection=0, long_polling=0}

2026-10-02 10:53:11,033 INFO Connection check task start

2026-10-02 10:53:11,034 INFO Long connection metrics detail ,Total count =0, sdkCount=0,clusterCount=0

2026-10-02 10:53:11,035 INFO Out dated connection ,size=0

2026-10-02 10:53:11,036 INFO Connection check task end

2026-10-02 10:53:11,058 INFO ConnectionMetrics, totalCount = 0, detail = {long_connection=0, long_polling=0}

2026-10-02 10:53:14,037 INFO Connection check task start

2026-10-02 10:53:14,038 INFO Long connection metrics detail ,Total count =0, sdkCount=0,clusterCount=0

2026-10-02 10:53:14,039 INFO Out dated connection ,size=0

2026-10-02 10:53:14,040 INFO Connection check task end

2026-10-02 10:53:14,059 INFO ConnectionMetrics, totalCount = 0, detail = {long_connection=0, long_polling=0}

2026-10-02 10:53:17,041 INFO Connection check task start

2026-10-02 10:53:17,042 INFO Long connection metrics detail ,Total count =0, sdkCount=0,clusterCount=0

2026-10-02 10:53:17,043 INFO Out dated connection ,size=0

2026-10-02 10:53:17,044 INFO Connection check task end

2026-10-02 10:53:17,060 INFO ConnectionMetrics, totalCount = 0, detail = {long_connection=0, long_polling=0}

2026-10-02 10:53:20,045 INFO Connection check task start

2026-10-02 10:53:20,046 INFO Long connection metrics detail ,Total count =0, sdkCount=0,clusterCount=0

2026-10-02 10:53:20,046 INFO Out dated connection ,size=0

2026-10-02 10:53:20,047 INFO Connection check task end

2026-10-02 10:53:20,061 INFO ConnectionMetrics, totalCount = 0, detail = {long_connection=0, long_polling=0}

2026-10-02 10:53:23,048 INFO Connection check task start

2026-10-02 10:53:23,049 INFO Long connection metrics detail ,Total count =0, sdkCount=0,clusterCount=0

2026-10-02 10:53:23,050 INFO Out dated connection ,size=0

2026-10-02 10:53:23,051 INFO Connection check task end

2026-10-02 10:53:23,062 INFO ConnectionMetrics, totalCount = 0, detail = {long_connection=0, long_polling=0}

2026-10-02 10:53:26,052 INFO Connection check task start

2026-10-02 10:53:26,054 INFO Long connection metrics detail ,Total count =0, sdkCount=0,clusterCount=0

2026-10-02 10:53:26,055 INFO Out dated connection ,size=0

2026-10-02 10:53:26,056 INFO Connection check task end

2026-10-02 10:53:26,063 INFO ConnectionMetrics, totalCount = 0, detail = {long_connection=0, long_polling=0}

2026-10-02 10:53:29,056 INFO Connection check task start

2026-10-02 10:53:29,057 INFO Long connection metrics detail ,Total count =0, sdkCount=0,clusterCount=0

2026-10-02 10:53:29,058 INFO Out dated connection ,size=0

2026-10-02 10:53:29,059 INFO Connection check task end

2026-10-02 10:53:29,063 INFO ConnectionMetrics, totalCount = 0, detail = {long_connection=0, long_polling=0}

2026-10-02 10:53:32,060 INFO Connection check task start

2026-10-02 10:53:32,061 INFO Long connection metrics detail ,Total count =0, sdkCount=0,clusterCount=0

2026-10-02 10:53:32,062 INFO Out dated connection ,size=0

2026-10-02 10:53:32,063 INFO Connection check task end

2026-10-02 10:53:32,064 INFO ConnectionMetrics, totalCount = 0, detail = {long_connection=0, long_polling=0}

2026-10-02 10:53:35,063 INFO Connection check task start

2026-10-02 10:53:35,064 INFO Long connection metrics detail ,Total count =0, sdkCount=0,clusterCount=0

2026-10-02 10:53:35,065 INFO Out dated connection ,size=0

2026-10-02 10:53:35,065 INFO ConnectionMetrics, totalCount = 0, detail = {long_connection=0, long_polling=0}

2026-10-02 10:53:35,065 INFO Connection check task end

2026-10-02 10:53:38,066 INFO ConnectionMetrics, totalCount = 0, detail = {long_connection=0, long_polling=0}

2026-10-02 10:53:38,067 INFO Connection check task start

2026-10-02 10:53:38,068 INFO Long connection metrics detail ,Total count =0, sdkCount=0,clusterCount=0

2026-10-02 10:53:38,069 INFO Out dated connection ,size=0

2026-10-02 10:53:38,069 INFO Connection check task end

2026-10-02 10:53:41,067 INFO ConnectionMetrics, totalCount = 0, detail = {long_connection=0, long_polling=0}

2026-10-02 10:53:41,070 INFO Connection check task start

2026-10-02 10:53:41,071 INFO Long connection metrics detail ,Total count =0, sdkCount=0,clusterCount=0

2026-10-02 10:53:41,071 INFO Out dated connection ,size=0

2026-10-02 10:53:41,072 INFO Connection check task end

2026-10-02 10:53:44,068 INFO ConnectionMetrics, totalCount = 0, detail = {long_connection=0, long_polling=0}

2026-10-02 10:53:44,072 INFO Connection check task start

2026-10-02 10:53:44,073 INFO Long connection metrics detail ,Total count =0, sdkCount=0,clusterCount=0

2026-10-02 10:53:44,074 INFO Out dated connection ,size=0

2026-10-02 10:53:44,075 INFO Connection check task end

2026-10-02 10:53:47,070 INFO ConnectionMetrics, totalCount = 0, detail = {long_connection=0, long_polling=0}

2026-10-02 10:53:47,076 INFO Connection check task start

2026-10-02 10:53:47,077 INFO Long connection metrics detail ,Total count =0, sdkCount=0,clusterCount=0

2026-10-02 10:53:47,078 INFO Out dated connection ,size=0

2026-10-02 10:53:47,079 INFO Connection check task end

2026-10-02 10:53:50,072 INFO ConnectionMetrics, totalCount = 0, detail = {long_connection=0, long_polling=0}

2026-10-02 10:53:50,080 INFO Connection check task start

2026-10-02 10:53:50,081 INFO Long connection metrics detail ,Total count =0, sdkCount=0,clusterCount=0

2026-10-02 10:53:50,082 INFO Out dated connection ,size=0

2026-10-02 10:53:50,083 INFO Connection check task end

2026-10-02 10:53:53,074 INFO ConnectionMetrics, totalCount = 0, detail = {long_connection=0, long_polling=0}

2026-10-02 10:53:53,084 INFO Connection check task start

2026-10-02 10:53:53,086 INFO Long connection metrics detail ,Total count =0, sdkCount=0,clusterCount=0

2026-10-02 10:53:53,087 INFO Out dated connection ,size=0

2026-10-02 10:53:53,088 INFO Connection check task end

2026-10-02 10:53:56,075 INFO ConnectionMetrics, totalCount = 0, detail = {long_connection=0, long_polling=0}

2026-10-02 10:53:56,089 INFO Connection check task start

2026-10-02 10:53:56,089 INFO Long connection metrics detail ,Total count =0, sdkCount=0,clusterCount=0

2026-10-02 10:53:56,090 INFO Out dated connection ,size=0

2026-10-02 10:53:56,090 INFO Connection check task end

2026-10-02 10:53:59,074 INFO ConnectionMetrics, totalCount = 0, detail = {long_connection=0, long_polling=0}

2026-10-02 10:53:59,089 INFO Connection check task start

2026-10-02 10:53:59,090 INFO Long connection metrics detail ,Total count =0, sdkCount=0,clusterCount=0

2026-10-02 10:53:59,091 INFO Out dated connection ,size=0

2026-10-02 10:53:59,091 INFO Connection check task end

2026-10-02 10:54:02,075 INFO ConnectionMetrics, totalCount = 0, detail = {long_connection=0, long_polling=0}

2026-10-02 10:54:02,092 INFO Connection check task start

2026-10-02 10:54:02,093 INFO Long connection metrics detail ,Total count =0, sdkCount=0,clusterCount=0

2026-10-02 10:54:02,093 INFO Out dated connection ,size=0

2026-10-02 10:54:02,094 INFO Connection check task end

2026-10-02 10:54:05,076 INFO ConnectionMetrics, totalCount = 0, detail = {long_connection=0, long_polling=0}

2026-10-02 10:54:05,094 INFO Connection check task start

2026-10-02 10:54:05,095 INFO Long connection metrics detail ,Total count =0, sdkCount=0,clusterCount=0

2026-10-02 10:54:05,097 INFO Out dated connection ,size=0

2026-10-02 10:54:05,098 INFO Connection check task end

2026-10-02 10:54:08,077 INFO ConnectionMetrics, totalCount = 0, detail = {long_connection=0, long_polling=0}

2026-10-02 10:54:08,099 INFO Connection check task start

2026-10-02 10:54:08,101 INFO Long connection metrics detail ,Total count =0, sdkCount=0,clusterCount=0

2026-10-02 10:54:08,104 INFO Out dated connection ,size=0

2026-10-02 10:54:08,108 INFO Connection check task end

2026-10-02 10:54:11,081 INFO ConnectionMetrics, totalCount = 0, detail = {long_connection=0, long_polling=0}

2026-10-02 10:54:11,110 INFO Connection check task start

2026-10-02 10:54:11,111 INFO Long connection metrics detail ,Total count =0, sdkCount=0,clusterCount=0

2026-10-02 10:54:11,112 INFO Out dated connection ,size=0

2026-10-02 10:54:11,112 INFO Connection check task end

2026-10-02 10:54:14,082 INFO ConnectionMetrics, totalCount = 0, detail = {long_connection=0, long_polling=0}

2026-10-02 10:54:14,113 INFO Connection check task start

2026-10-02 10:54:14,114 INFO Long connection metrics detail ,Total count =0, sdkCount=0,clusterCount=0

2026-10-02 10:54:14,115 INFO Out dated connection ,size=0

2026-10-02 10:54:14,116 INFO Connection check task end

2026-10-02 10:54:17,083 INFO ConnectionMetrics, totalCount = 0, detail = {long_connection=0, long_polling=0}

2026-10-02 10:54:17,117 INFO Connection check task start

2026-10-02 10:54:17,118 INFO Long connection metrics detail ,Total count =0, sdkCount=0,clusterCount=0

2026-10-02 10:54:17,118 INFO Out dated connection ,size=0

2026-10-02 10:54:17,119 INFO Connection check task end

2026-10-02 10:54:20,085 INFO ConnectionMetrics, totalCount = 0, detail = {long_connection=0, long_polling=0}

2026-10-02 10:54:20,120 INFO Connection check task start

2026-10-02 10:54:20,121 INFO Long connection metrics detail ,Total count =0, sdkCount=0,clusterCount=0

2026-10-02 10:54:20,122 INFO Out dated connection ,size=0

2026-10-02 10:54:20,123 INFO Connection check task end

2026-10-02 10:54:23,086 INFO ConnectionMetrics, totalCount = 0, detail = {long_connection=0, long_polling=0}

2026-10-02 10:54:23,124 INFO Connection check task start

2026-10-02 10:54:23,125 INFO Long connection metrics detail ,Total count =0, sdkCount=0,clusterCount=0

2026-10-02 10:54:23,126 INFO Out dated connection ,size=0

2026-10-02 10:54:23,126 INFO Connection check task end

2026-10-02 10:54:26,087 INFO ConnectionMetrics, totalCount = 0, detail = {long_connection=0, long_polling=0}

2026-10-02 10:54:26,127 INFO Connection check task start

2026-10-02 10:54:26,128 INFO Long connection metrics detail ,Total count =0, sdkCount=0,clusterCount=0

2026-10-02 10:54:26,129 INFO Out dated connection ,size=0

2026-10-02 10:54:26,130 INFO Connection check task end

2026-10-02 10:54:29,086 INFO ConnectionMetrics, totalCount = 0, detail = {long_connection=0, long_polling=0}

2026-10-02 10:54:29,128 INFO Connection check task start

2026-10-02 10:54:29,129 INFO Long connection metrics detail ,Total count =0, sdkCount=0,clusterCount=0

2026-10-02 10:54:29,130 INFO Out dated connection ,size=0

2026-10-02 10:54:29,131 INFO Connection check task end

2026-10-02 10:54:32,087 INFO ConnectionMetrics, totalCount = 0, detail = {long_connection=0, long_polling=0}

2026-10-02 10:54:32,132 INFO Connection check task start

2026-10-02 10:54:32,133 INFO Long connection metrics detail ,Total count =0, sdkCount=0,clusterCount=0

2026-10-02 10:54:32,134 INFO Out dated connection ,size=0

2026-10-02 10:54:32,135 INFO Connection check task end

2026-10-02 10:54:35,089 INFO ConnectionMetrics, totalCount = 0, detail = {long_connection=0, long_polling=0}

2026-10-02 10:54:35,136 INFO Connection check task start

2026-10-02 10:54:35,137 INFO Long connection metrics detail ,Total count =0, sdkCount=0,clusterCount=0

2026-10-02 10:54:35,138 INFO Out dated connection ,size=0

2026-10-02 10:54:35,139 INFO Connection check task end

2026-10-02 10:54:38,090 INFO ConnectionMetrics, totalCount = 0, detail = {long_connection=0, long_polling=0}

2026-10-02 10:54:38,140 INFO Connection check task start

2026-10-02 10:54:38,140 INFO Long connection metrics detail ,Total count =0, sdkCount=0,clusterCount=0

2026-10-02 10:54:38,141 INFO Out dated connection ,size=0

2026-10-02 10:54:38,142 INFO Connection check task end

2026-10-02 10:54:41,092 INFO ConnectionMetrics, totalCount = 0, detail = {long_connection=0, long_polling=0}

2026-10-02 10:54:41,142 INFO Connection check task start

2026-10-02 10:54:41,143 INFO Long connection metrics detail ,Total count =0, sdkCount=0,clusterCount=0

2026-10-02 10:54:41,144 INFO Out dated connection ,size=0

2026-10-02 10:54:41,145 INFO Connection check task end

2026-10-02 10:54:44,094 INFO ConnectionMetrics, totalCount = 0, detail = {long_connection=0, long_polling=0}

2026-10-02 10:54:44,146 INFO Connection check task start

2026-10-02 10:54:44,147 INFO Long connection metrics detail ,Total count =0, sdkCount=0,clusterCount=0

2026-10-02 10:54:44,148 INFO Out dated connection ,size=0

2026-10-02 10:54:44,149 INFO Connection check task end

2026-10-02 10:54:47,095 INFO ConnectionMetrics, totalCount = 0, detail = {long_connection=0, long_polling=0}

2026-10-02 10:54:47,150 INFO Connection check task start

2026-10-02 10:54:47,150 INFO Long connection metrics detail ,Total count =0, sdkCount=0,clusterCount=0

2026-10-02 10:54:47,151 INFO Out dated connection ,size=0

2026-10-02 10:54:47,151 INFO Connection check task end

2026-10-02 10:54:50,096 INFO ConnectionMetrics, totalCount = 0, detail = {long_connection=0, long_polling=0}

2026-10-02 10:54:50,152 INFO Connection check task start

2026-10-02 10:54:50,153 INFO Long connection metrics detail ,Total count =0, sdkCount=0,clusterCount=0

2026-10-02 10:54:50,153 INFO Out dated connection ,size=0

2026-10-02 10:54:50,154 INFO Connection check task end

2026-10-02 10:54:53,097 INFO ConnectionMetrics, totalCount = 0, detail = {long_connection=0, long_polling=0}

2026-10-02 10:54:53,154 INFO Connection check task start

2026-10-02 10:54:53,155 INFO Long connection metrics detail ,Total count =0, sdkCount=0,clusterCount=0

2026-10-02 10:54:53,156 INFO Out dated connection ,size=0

2026-10-02 10:54:53,158 INFO Connection check task end

2026-10-02 10:54:56,099 INFO ConnectionMetrics, totalCount = 0, detail = {long_connection=0, long_polling=0}

2026-10-02 10:54:56,159 INFO Connection check task start

2026-10-02 10:54:56,160 INFO Long connection metrics detail ,Total count =0, sdkCount=0,clusterCount=0

2026-10-02 10:54:56,160 INFO Out dated connection ,size=0

2026-10-02 10:54:56,161 INFO Connection check task end

2026-10-02 10:54:59,098 INFO ConnectionMetrics, totalCount = 0, detail = {long_connection=0, long_polling=0}

2026-10-02 10:54:59,160 INFO Connection check task start

2026-10-02 10:54:59,161 INFO Long connection metrics detail ,Total count =0, sdkCount=0,clusterCount=0

2026-10-02 10:54:59,162 INFO Out dated connection ,size=0

2026-10-02 10:54:59,163 INFO Connection check task end

2026-10-02 10:55:02,100 INFO ConnectionMetrics, totalCount = 0, detail = {long_connection=0, long_polling=0}

2026-10-02 10:55:02,164 INFO Connection check task start

2026-10-02 10:55:02,165 INFO Long connection metrics detail ,Total count =0, sdkCount=0,clusterCount=0

2026-10-02 10:55:02,166 INFO Out dated connection ,size=0

2026-10-02 10:55:02,166 INFO Connection check task end

2026-10-02 10:55:05,101 INFO ConnectionMetrics, totalCount = 0, detail = {long_connection=0, long_polling=0}

2026-10-02 10:55:05,168 INFO Connection check task start

2026-10-02 10:55:05,168 INFO Long connection metrics detail ,Total count =0, sdkCount=0,clusterCount=0

2026-10-02 10:55:05,169 INFO Out dated connection ,size=0

2026-10-02 10:55:05,169 INFO Connection check task end

2026-10-02 10:55:08,103 INFO ConnectionMetrics, totalCount = 0, detail = {long_connection=0, long_polling=0}

2026-10-02 10:55:08,170 INFO Connection check task start

2026-10-02 10:55:08,174 INFO Long connection metrics detail ,Total count =0, sdkCount=0,clusterCount=0

2026-10-02 10:55:08,180 INFO Out dated connection ,size=0

2026-10-02 10:55:08,184 INFO Connection check task end

2026-10-02 10:55:11,104 INFO ConnectionMetrics, totalCount = 0, detail = {long_connection=0, long_polling=0}

2026-10-02 10:55:11,188 INFO Connection check task start

2026-10-02 10:55:11,189 INFO Long connection metrics detail ,Total count =0, sdkCount=0,clusterCount=0

2026-10-02 10:55:11,190 INFO Out dated connection ,size=0

2026-10-02 10:55:11,191 INFO Connection check task end

2026-10-02 10:55:14,105 INFO ConnectionMetrics, totalCount = 0, detail = {long_connection=0, long_polling=0}

2026-10-02 10:55:14,191 INFO Connection check task start

2026-10-02 10:55:14,193 INFO Long connection metrics detail ,Total count =0, sdkCount=0,clusterCount=0

2026-10-02 10:55:14,194 INFO Out dated connection ,size=0

2026-10-02 10:55:14,195 INFO Connection check task end

2026-10-02 10:55:17,106 INFO ConnectionMetrics, totalCount = 0, detail = {long_connection=0, long_polling=0}

2026-10-02 10:55:17,196 INFO Connection check task start

2026-10-02 10:55:17,197 INFO Long connection metrics detail ,Total count =0, sdkCount=0,clusterCount=0

2026-10-02 10:55:17,197 INFO Out dated connection ,size=0

2026-10-02 10:55:17,198 INFO Connection check task end

2026-10-02 10:55:20,108 INFO ConnectionMetrics, totalCount = 0, detail = {long_connection=0, long_polling=0}

2026-10-02 10:55:20,199 INFO Connection check task start

2026-10-02 10:55:20,200 INFO Long connection metrics detail ,Total count =0, sdkCount=0,clusterCount=0

2026-10-02 10:55:20,201 INFO Out dated connection ,size=0

2026-10-02 10:55:20,201 INFO Connection check task end

2026-10-02 10:55:23,109 INFO ConnectionMetrics, totalCount = 0, detail = {long_connection=0, long_polling=0}

2026-10-02 10:55:23,202 INFO Connection check task start

2026-10-02 10:55:23,203 INFO Long connection metrics detail ,Total count =0, sdkCount=0,clusterCount=0

2026-10-02 10:55:23,204 INFO Out dated connection ,size=0

2026-10-02 10:55:23,205 INFO Connection check task end

2026-10-02 10:55:26,111 INFO ConnectionMetrics, totalCount = 0, detail = {long_connection=0, long_polling=0}

2026-10-02 10:55:26,206 INFO Connection check task start

2026-10-02 10:55:26,207 INFO Long connection metrics detail ,Total count =0, sdkCount=0,clusterCount=0

2026-10-02 10:55:26,207 INFO Out dated connection ,size=0

2026-10-02 10:55:26,208 INFO Connection check task end

2026-10-02 10:55:29,113 INFO ConnectionMetrics, totalCount = 0, detail = {long_connection=0, long_polling=0}

2026-10-02 10:55:29,206 INFO Connection check task start

2026-10-02 10:55:29,207 INFO Long connection metrics detail ,Total count =0, sdkCount=0,clusterCount=0

2026-10-02 10:55:29,208 INFO Out dated connection ,size=0

2026-10-02 10:55:29,208 INFO Connection check task end

2026-10-02 10:55:32,114 INFO ConnectionMetrics, totalCount = 0, detail = {long_connection=0, long_polling=0}

2026-10-02 10:55:32,209 INFO Connection check task start

2026-10-02 10:55:32,210 INFO Long connection metrics detail ,Total count =0, sdkCount=0,clusterCount=0

2026-10-02 10:55:32,211 INFO Out dated connection ,size=0

2026-10-02 10:55:32,211 INFO Connection check task end

2026-10-02 10:55:35,116 INFO ConnectionMetrics, totalCount = 0, detail = {long_connection=0, long_polling=0}

2026-10-02 10:55:35,212 INFO Connection check task start

2026-10-02 10:55:35,213 INFO Long connection metrics detail ,Total count =0, sdkCount=0,clusterCount=0

2026-10-02 10:55:35,214 INFO Out dated connection ,size=0

2026-10-02 10:55:35,215 INFO Connection check task end

2026-10-02 10:55:38,117 INFO ConnectionMetrics, totalCount = 0, detail = {long_connection=0, long_polling=0}

2026-10-02 10:55:38,216 INFO Connection check task start

2026-10-02 10:55:38,217 INFO Long connection metrics detail ,Total count =0, sdkCount=0,clusterCount=0

2026-10-02 10:55:38,217 INFO Out dated connection ,size=0

2026-10-02 10:55:38,218 INFO Connection check task end

2026-10-02 10:55:41,118 INFO ConnectionMetrics, totalCount = 0, detail = {long_connection=0, long_polling=0}

2026-10-02 10:55:41,219 INFO Connection check task start

2026-10-02 10:55:41,220 INFO Long connection metrics detail ,Total count =0, sdkCount=0,clusterCount=0

2026-10-02 10:55:41,220 INFO Out dated connection ,size=0

2026-10-02 10:55:41,221 INFO Connection check task end

2026-10-02 10:55:44,120 INFO ConnectionMetrics, totalCount = 0, detail = {long_connection=0, long_polling=0}

2026-10-02 10:55:44,221 INFO Connection check task start

2026-10-02 10:55:44,222 INFO Long connection metrics detail ,Total count =0, sdkCount=0,clusterCount=0

2026-10-02 10:55:44,223 INFO Out dated connection ,size=0

2026-10-02 10:55:44,224 INFO Connection check task end

2026-10-02 10:55:47,123 INFO ConnectionMetrics, totalCount = 0, detail = {long_connection=0, long_polling=0}

2026-10-02 10:55:47,224 INFO Connection check task start

2026-10-02 10:55:47,226 INFO Long connection metrics detail ,Total count =0, sdkCount=0,clusterCount=0

2026-10-02 10:55:47,226 INFO Out dated connection ,size=0

2026-10-02 10:55:47,227 INFO Connection check task end

2026-10-02 10:55:50,124 INFO ConnectionMetrics, totalCount = 0, detail = {long_connection=0, long_polling=0}

2026-10-02 10:55:50,228 INFO Connection check task start

2026-10-02 10:55:50,230 INFO Long connection metrics detail ,Total count =0, sdkCount=0,clusterCount=0

2026-10-02 10:55:50,231 INFO Out dated connection ,size=0

2026-10-02 10:55:50,232 INFO Connection check task end

2026-10-02 10:55:53,125 INFO ConnectionMetrics, totalCount = 0, detail = {long_connection=0, long_polling=0}

2026-10-02 10:55:53,233 INFO Connection check task start

2026-10-02 10:55:53,234 INFO Long connection metrics detail ,Total count =0, sdkCount=0,clusterCount=0

2026-10-02 10:55:53,235 INFO Out dated connection ,size=0

2026-10-02 10:55:53,236 INFO Connection check task end

2026-10-02 10:55:56,127 INFO ConnectionMetrics, totalCount = 0, detail = {long_connection=0, long_polling=0}

2026-10-02 10:55:56,236 INFO Connection check task start

2026-10-02 10:55:56,238 INFO Long connection metrics detail ,Total count =0, sdkCount=0,clusterCount=0

2026-10-02 10:55:56,240 INFO Out dated connection ,size=0

2026-10-02 10:55:56,241 INFO Connection check task end

2026-10-02 10:55:59,127 INFO ConnectionMetrics, totalCount = 0, detail = {long_connection=0, long_polling=0}

2026-10-02 10:55:59,241 INFO Connection check task start

2026-10-02 10:55:59,242 INFO Long connection metrics detail ,Total count =0, sdkCount=0,clusterCount=0

2026-10-02 10:55:59,243 INFO Out dated connection ,size=0

2026-10-02 10:55:59,243 INFO Connection check task end

2026-10-02 10:56:02,127 INFO ConnectionMetrics, totalCount = 0, detail = {long_connection=0, long_polling=0}

2026-10-02 10:56:02,244 INFO Connection check task start

2026-10-02 10:56:02,245 INFO Long connection metrics detail ,Total count =0, sdkCount=0,clusterCount=0

2026-10-02 10:56:02,246 INFO Out dated connection ,size=0

2026-10-02 10:56:02,247 INFO Connection check task end

2026-10-02 10:56:05,129 INFO ConnectionMetrics, totalCount = 0, detail = {long_connection=0, long_polling=0}

2026-10-02 10:56:05,248 INFO Connection check task start

2026-10-02 10:56:05,249 INFO Long connection metrics detail ,Total count =0, sdkCount=0,clusterCount=0

2026-10-02 10:56:05,251 INFO Out dated connection ,size=0

2026-10-02 10:56:05,252 INFO Connection check task end

2026-10-02 10:56:08,130 INFO ConnectionMetrics, totalCount = 0, detail = {long_connection=0, long_polling=0}

2026-10-02 10:56:08,253 INFO Connection check task start

2026-10-02 10:56:08,254 INFO Long connection metrics detail ,Total count =0, sdkCount=0,clusterCount=0

2026-10-02 10:56:08,256 INFO Out dated connection ,size=0

2026-10-02 10:56:08,256 INFO Connection check task end

2026-10-02 10:56:11,131 INFO ConnectionMetrics, totalCount = 0, detail = {long_connection=0, long_polling=0}

2026-10-02 10:56:11,257 INFO Connection check task start

2026-10-02 10:56:11,258 INFO Long connection metrics detail ,Total count =0, sdkCount=0,clusterCount=0

2026-10-02 10:56:11,259 INFO Out dated connection ,size=0

2026-10-02 10:56:11,259 INFO Connection check task end

2026-10-02 10:56:14,133 INFO ConnectionMetrics, totalCount = 0, detail = {long_connection=0, long_polling=0}

2026-10-02 10:56:14,260 INFO Connection check task start

2026-10-02 10:56:14,261 INFO Long connection metrics detail ,Total count =0, sdkCount=0,clusterCount=0

2026-10-02 10:56:14,261 INFO Out dated connection ,size=0

2026-10-02 10:56:14,262 INFO Connection check task end

2026-10-02 10:56:17,134 INFO ConnectionMetrics, totalCount = 0, detail = {long_connection=0, long_polling=0}

2026-10-02 10:56:17,262 INFO Connection check task start

2026-10-02 10:56:17,263 INFO Long connection metrics detail ,Total count =0, sdkCount=0,clusterCount=0

2026-10-02 10:56:17,264 INFO Out dated connection ,size=0

2026-10-02 10:56:17,264 INFO Connection check task end

2026-10-02 10:56:20,136 INFO ConnectionMetrics, totalCount = 0, detail = {long_connection=0, long_polling=0}

2026-10-02 10:56:20,265 INFO Connection check task start

2026-10-02 10:56:20,266 INFO Long connection metrics detail ,Total count =0, sdkCount=0,clusterCount=0

2026-10-02 10:56:20,267 INFO Out dated connection ,size=0

2026-10-02 10:56:20,267 INFO Connection check task end

2026-10-02 10:56:23,137 INFO ConnectionMetrics, totalCount = 0, detail = {long_connection=0, long_polling=0}

2026-10-02 10:56:23,268 INFO Connection check task start

2026-10-02 10:56:23,269 INFO Long connection metrics detail ,Total count =0, sdkCount=0,clusterCount=0

2026-10-02 10:56:23,270 INFO Out dated connection ,size=0

2026-10-02 10:56:23,271 INFO Connection check task end

2026-10-02 10:56:26,139 INFO ConnectionMetrics, totalCount = 0, detail = {long_connection=0, long_polling=0}

2026-10-02 10:56:26,272 INFO Connection check task start

2026-10-02 10:56:26,273 INFO Long connection metrics detail ,Total count =0, sdkCount=0,clusterCount=0

2026-10-02 10:56:26,273 INFO Out dated connection ,size=0

2026-10-02 10:56:26,274 INFO Connection check task end

2026-10-02 10:56:29,138 INFO ConnectionMetrics, totalCount = 0, detail = {long_connection=0, long_polling=0}

2026-10-02 10:56:29,273 INFO Connection check task start

2026-10-02 10:56:29,274 INFO Long connection metrics detail ,Total count =0, sdkCount=0,clusterCount=0

2026-10-02 10:56:29,274 INFO Out dated connection ,size=0

2026-10-02 10:56:29,275 INFO Connection check task end

2026-10-02 10:56:32,139 INFO ConnectionMetrics, totalCount = 0, detail = {long_connection=0, long_polling=0}

2026-10-02 10:56:32,276 INFO Connection check task start

2026-10-02 10:56:32,277 INFO Long connection metrics detail ,Total count =0, sdkCount=0,clusterCount=0

2026-10-02 10:56:32,277 INFO Out dated connection ,size=0

2026-10-02 10:56:32,277 INFO Connection check task end

2026-10-02 10:56:35,140 INFO ConnectionMetrics, totalCount = 0, detail = {long_connection=0, long_polling=0}

2026-10-02 10:56:35,278 INFO Connection check task start

2026-10-02 10:56:35,279 INFO Long connection metrics detail ,Total count =0, sdkCount=0,clusterCount=0

2026-10-02 10:56:35,280 INFO Out dated connection ,size=0

2026-10-02 10:56:35,280 INFO Connection check task end

2026-10-02 10:56:38,141 INFO ConnectionMetrics, totalCount = 0, detail = {long_connection=0, long_polling=0}

2026-10-02 10:56:38,281 INFO Connection check task start

2026-10-02 10:56:38,282 INFO Long connection metrics detail ,Total count =0, sdkCount=0,clusterCount=0

2026-10-02 10:56:38,283 INFO Out dated connection ,size=0

2026-10-02 10:56:38,284 INFO Connection check task end

2026-10-02 10:56:41,143 INFO ConnectionMetrics, totalCount = 0, detail = {long_connection=0, long_polling=0}

2026-10-02 10:56:41,285 INFO Connection check task start

2026-10-02 10:56:41,285 INFO Long connection metrics detail ,Total count =0, sdkCount=0,clusterCount=0

2026-10-02 10:56:41,285 INFO Out dated connection ,size=0

2026-10-02 10:56:41,286 INFO Connection check task end

2026-10-02 10:56:44,144 INFO ConnectionMetrics, totalCount = 0, detail = {long_connection=0, long_polling=0}

2026-10-02 10:56:44,287 INFO Connection check task start

2026-10-02 10:56:44,288 INFO Long connection metrics detail ,Total count =0, sdkCount=0,clusterCount=0

2026-10-02 10:56:44,289 INFO Out dated connection ,size=0

2026-10-02 10:56:44,290 INFO Connection check task end

2026-10-02 10:56:47,144 INFO ConnectionMetrics, totalCount = 0, detail = {long_connection=0, long_polling=0}

2026-10-02 10:56:47,291 INFO Connection check task start

2026-10-02 10:56:47,292 INFO Long connection metrics detail ,Total count =0, sdkCount=0,clusterCount=0

2026-10-02 10:56:47,292 INFO Out dated connection ,size=0

2026-10-02 10:56:47,293 INFO Connection check task end

2026-10-02 10:56:50,146 INFO ConnectionMetrics, totalCount = 0, detail = {long_connection=0, long_polling=0}

2026-10-02 10:56:50,294 INFO Connection check task start

2026-10-02 10:56:50,294 INFO Long connection metrics detail ,Total count =0, sdkCount=0,clusterCount=0

2026-10-02 10:56:50,295 INFO Out dated connection ,size=0

2026-10-02 10:56:50,295 INFO Connection check task end

2026-10-02 10:56:53,147 INFO ConnectionMetrics, totalCount = 0, detail = {long_connection=0, long_polling=0}

2026-10-02 10:56:53,296 INFO Connection check task start

2026-10-02 10:56:53,297 INFO Long connection metrics detail ,Total count =0, sdkCount=0,clusterCount=0

2026-10-02 10:56:53,298 INFO Out dated connection ,size=0

2026-10-02 10:56:53,298 INFO Connection check task end

2026-10-02 10:56:56,148 INFO ConnectionMetrics, totalCount = 0, detail = {long_connection=0, long_polling=0}

2026-10-02 10:56:56,299 INFO Connection check task start

2026-10-02 10:56:56,300 INFO Long connection metrics detail ,Total count =0, sdkCount=0,clusterCount=0

2026-10-02 10:56:56,301 INFO Out dated connection ,size=0

2026-10-02 10:56:56,302 INFO Connection check task end

2026-10-02 10:56:57,081 INFO new connection registered successfully, connectionId = 1790909817005_172.21.0.1_50884,connection=Connection{traced=false, abilities={lock=true, agent=true, mcp=true, fuzzyWatch=true}, metaInfo=ConnectionMeta{connectType='GRPC', clientIp='172.18.224.1', remoteIp='172.21.0.1', remotePort=50884, localPort=9848, version='Nacos-Java-Client:v3.1.1', connectionId='1790909817005_172.21.0.1_50884', createTime=Fri Oct 02 10:56:57 CST 2026, lastActiveTime=1790909817080, appName='unknown', tenant='null', labels={source=sdk, module=naming, AppName=unknown, tls.enable=false}}} 

2026-10-02 10:56:59,148 INFO ConnectionMetrics, totalCount = 1, detail = {long_connection=1, long_polling=0}

2026-10-02 10:56:59,302 INFO Connection check task start

2026-10-02 10:56:59,302 INFO Long connection metrics detail ,Total count =1, sdkCount=1,clusterCount=0

2026-10-02 10:56:59,303 INFO Out dated connection ,size=0

2026-10-02 10:56:59,303 INFO Connection check task end

2026-10-02 10:57:02,150 INFO ConnectionMetrics, totalCount = 1, detail = {long_connection=1, long_polling=0}

2026-10-02 10:57:02,304 INFO Connection check task start

2026-10-02 10:57:02,305 INFO Long connection metrics detail ,Total count =1, sdkCount=1,clusterCount=0

2026-10-02 10:57:02,306 INFO Out dated connection ,size=0

2026-10-02 10:57:02,306 INFO Connection check task end

2026-10-02 10:57:05,151 INFO ConnectionMetrics, totalCount = 1, detail = {long_connection=1, long_polling=0}

2026-10-02 10:57:05,307 INFO Connection check task start

2026-10-02 10:57:05,308 INFO Long connection metrics detail ,Total count =1, sdkCount=1,clusterCount=0

2026-10-02 10:57:05,309 INFO Out dated connection ,size=0

2026-10-02 10:57:05,310 INFO Connection check task end

2026-10-02 10:57:08,153 INFO ConnectionMetrics, totalCount = 1, detail = {long_connection=1, long_polling=0}

2026-10-02 10:57:08,311 INFO Connection check task start

2026-10-02 10:57:08,313 INFO Long connection metrics detail ,Total count =1, sdkCount=1,clusterCount=0

2026-10-02 10:57:08,314 INFO Out dated connection ,size=0

2026-10-02 10:57:08,315 INFO Connection check task end

2026-10-02 10:57:11,154 INFO ConnectionMetrics, totalCount = 1, detail = {long_connection=1, long_polling=0}

2026-10-02 10:57:11,317 INFO Connection check task start

2026-10-02 10:57:11,318 INFO Long connection metrics detail ,Total count =1, sdkCount=1,clusterCount=0

2026-10-02 10:57:11,319 INFO Out dated connection ,size=0

2026-10-02 10:57:11,320 INFO Connection check task end

2026-10-02 10:57:14,155 INFO ConnectionMetrics, totalCount = 1, detail = {long_connection=1, long_polling=0}

2026-10-02 10:57:14,320 INFO Connection check task start

2026-10-02 10:57:14,322 INFO Long connection metrics detail ,Total count =1, sdkCount=1,clusterCount=0

2026-10-02 10:57:14,322 INFO Out dated connection ,size=0

2026-10-02 10:57:14,324 INFO Connection check task end

2026-10-02 10:57:15,727 INFO [1790909817005_172.21.0.1_50884]Connection unregistered successfully. 

2026-10-02 10:57:17,156 INFO ConnectionMetrics, totalCount = 0, detail = {long_connection=0, long_polling=0}

2026-10-02 10:57:17,325 INFO Connection check task start

2026-10-02 10:57:17,326 INFO Long connection metrics detail ,Total count =0, sdkCount=0,clusterCount=0

2026-10-02 10:57:17,327 INFO Out dated connection ,size=0

2026-10-02 10:57:17,327 INFO Connection check task end

2026-10-02 10:57:20,158 INFO ConnectionMetrics, totalCount = 0, detail = {long_connection=0, long_polling=0}

2026-10-02 10:57:20,328 INFO Connection check task start

2026-10-02 10:57:20,329 INFO Long connection metrics detail ,Total count =0, sdkCount=0,clusterCount=0

2026-10-02 10:57:20,330 INFO Out dated connection ,size=0

2026-10-02 10:57:20,331 INFO Connection check task end

2026-10-02 10:57:23,159 INFO ConnectionMetrics, totalCount = 0, detail = {long_connection=0, long_polling=0}

2026-10-02 10:57:23,331 INFO Connection check task start

2026-10-02 10:57:23,332 INFO Long connection metrics detail ,Total count =0, sdkCount=0,clusterCount=0

2026-10-02 10:57:23,333 INFO Out dated connection ,size=0

2026-10-02 10:57:23,333 INFO Connection check task end

2026-10-02 10:57:26,160 INFO ConnectionMetrics, totalCount = 0, detail = {long_connection=0, long_polling=0}

2026-10-02 10:57:26,333 INFO Connection check task start

2026-10-02 10:57:26,334 INFO Long connection metrics detail ,Total count =0, sdkCount=0,clusterCount=0

2026-10-02 10:57:26,335 INFO Out dated connection ,size=0

2026-10-02 10:57:26,336 INFO Connection check task end

2026-10-02 10:57:29,160 INFO ConnectionMetrics, totalCount = 0, detail = {long_connection=0, long_polling=0}

2026-10-02 10:57:29,335 INFO Connection check task start

2026-10-02 10:57:29,337 INFO Long connection metrics detail ,Total count =0, sdkCount=0,clusterCount=0

2026-10-02 10:57:29,342 INFO Out dated connection ,size=0

2026-10-02 10:57:29,343 INFO Connection check task end

2026-10-02 10:57:32,161 INFO ConnectionMetrics, totalCount = 0, detail = {long_connection=0, long_polling=0}

2026-10-02 10:57:32,345 INFO Connection check task start

2026-10-02 10:57:32,346 INFO Long connection metrics detail ,Total count =0, sdkCount=0,clusterCount=0

2026-10-02 10:57:32,347 INFO Out dated connection ,size=0

2026-10-02 10:57:32,348 INFO Connection check task end

2026-10-02 10:57:35,163 INFO ConnectionMetrics, totalCount = 0, detail = {long_connection=0, long_polling=0}

2026-10-02 10:57:35,350 INFO Connection check task start

2026-10-02 10:57:35,351 INFO Long connection metrics detail ,Total count =0, sdkCount=0,clusterCount=0

2026-10-02 10:57:35,354 INFO Out dated connection ,size=0

2026-10-02 10:57:35,356 INFO Connection check task end

2026-10-02 10:57:38,164 INFO ConnectionMetrics, totalCount = 0, detail = {long_connection=0, long_polling=0}

2026-10-02 10:57:38,358 INFO Connection check task start

2026-10-02 10:57:38,360 INFO Long connection metrics detail ,Total count =0, sdkCount=0,clusterCount=0

2026-10-02 10:57:38,361 INFO Out dated connection ,size=0

2026-10-02 10:57:38,362 INFO Connection check task end

2026-10-02 10:57:41,165 INFO ConnectionMetrics, totalCount = 0, detail = {long_connection=0, long_polling=0}

2026-10-02 10:57:41,363 INFO Connection check task start

2026-10-02 10:57:41,365 INFO Long connection metrics detail ,Total count =0, sdkCount=0,clusterCount=0

2026-10-02 10:57:41,366 INFO Out dated connection ,size=0

2026-10-02 10:57:41,367 INFO Connection check task end

2026-10-02 10:57:44,167 INFO ConnectionMetrics, totalCount = 0, detail = {long_connection=0, long_polling=0}

2026-10-02 10:57:44,368 INFO Connection check task start

2026-10-02 10:57:44,370 INFO Long connection metrics detail ,Total count =0, sdkCount=0,clusterCount=0

2026-10-02 10:57:44,371 INFO Out dated connection ,size=0

2026-10-02 10:57:44,372 INFO Connection check task end

2026-10-02 10:57:47,169 INFO ConnectionMetrics, totalCount = 0, detail = {long_connection=0, long_polling=0}

2026-10-02 10:57:47,373 INFO Connection check task start

2026-10-02 10:57:47,374 INFO Long connection metrics detail ,Total count =0, sdkCount=0,clusterCount=0

2026-10-02 10:57:47,375 INFO Out dated connection ,size=0

2026-10-02 10:57:47,376 INFO Connection check task end

2026-10-02 10:57:50,171 INFO ConnectionMetrics, totalCount = 0, detail = {long_connection=0, long_polling=0}

2026-10-02 10:57:50,378 INFO Connection check task start

2026-10-02 10:57:50,379 INFO Long connection metrics detail ,Total count =0, sdkCount=0,clusterCount=0

2026-10-02 10:57:50,381 INFO Out dated connection ,size=0

2026-10-02 10:57:50,382 INFO Connection check task end

2026-10-02 10:57:53,172 INFO ConnectionMetrics, totalCount = 0, detail = {long_connection=0, long_polling=0}

2026-10-02 10:57:53,382 INFO Connection check task start

2026-10-02 10:57:53,383 INFO Long connection metrics detail ,Total count =0, sdkCount=0,clusterCount=0

2026-10-02 10:57:53,384 INFO Out dated connection ,size=0

2026-10-02 10:57:53,384 INFO Connection check task end

2026-10-02 10:57:56,174 INFO ConnectionMetrics, totalCount = 0, detail = {long_connection=0, long_polling=0}

2026-10-02 10:57:56,385 INFO Connection check task start

2026-10-02 10:57:56,386 INFO Long connection metrics detail ,Total count =0, sdkCount=0,clusterCount=0

2026-10-02 10:57:56,386 INFO Out dated connection ,size=0

2026-10-02 10:57:56,387 INFO Connection check task end

2026-10-02 10:57:59,174 INFO ConnectionMetrics, totalCount = 0, detail = {long_connection=0, long_polling=0}

2026-10-02 10:57:59,386 INFO Connection check task start

2026-10-02 10:57:59,387 INFO Long connection metrics detail ,Total count =0, sdkCount=0,clusterCount=0

2026-10-02 10:57:59,388 INFO Out dated connection ,size=0

2026-10-02 10:57:59,388 INFO Connection check task end

2026-10-02 10:58:02,175 INFO ConnectionMetrics, totalCount = 0, detail = {long_connection=0, long_polling=0}

2026-10-02 10:58:02,389 INFO Connection check task start

2026-10-02 10:58:02,390 INFO Long connection metrics detail ,Total count =0, sdkCount=0,clusterCount=0

2026-10-02 10:58:02,391 INFO Out dated connection ,size=0

2026-10-02 10:58:02,391 INFO Connection check task end

2026-10-02 10:58:05,177 INFO ConnectionMetrics, totalCount = 0, detail = {long_connection=0, long_polling=0}

2026-10-02 10:58:05,392 INFO Connection check task start

2026-10-02 10:58:05,393 INFO Long connection metrics detail ,Total count =0, sdkCount=0,clusterCount=0

2026-10-02 10:58:05,394 INFO Out dated connection ,size=0

2026-10-02 10:58:05,395 INFO Connection check task end

2026-10-02 10:58:08,178 INFO ConnectionMetrics, totalCount = 0, detail = {long_connection=0, long_polling=0}

2026-10-02 10:58:08,395 INFO Connection check task start

2026-10-02 10:58:08,396 INFO Long connection metrics detail ,Total count =0, sdkCount=0,clusterCount=0

2026-10-02 10:58:08,397 INFO Out dated connection ,size=0

2026-10-02 10:58:08,398 INFO Connection check task end

2026-10-02 10:58:11,179 INFO ConnectionMetrics, totalCount = 0, detail = {long_connection=0, long_polling=0}

2026-10-02 10:58:11,398 INFO Connection check task start

2026-10-02 10:58:11,399 INFO Long connection metrics detail ,Total count =0, sdkCount=0,clusterCount=0

2026-10-02 10:58:11,400 INFO Out dated connection ,size=0

2026-10-02 10:58:11,400 INFO Connection check task end

2026-10-02 10:58:12,416 INFO new connection registered successfully, connectionId = 1790909892331_172.21.0.1_48414,connection=Connection{traced=false, abilities={lock=true, agent=true, mcp=true, fuzzyWatch=true}, metaInfo=ConnectionMeta{connectType='GRPC', clientIp='172.18.224.1', remoteIp='172.21.0.1', remotePort=48414, localPort=9848, version='Nacos-Java-Client:v3.1.1', connectionId='1790909892331_172.21.0.1_48414', createTime=Fri Oct 02 10:58:12 CST 2026, lastActiveTime=1790909892416, appName='unknown', tenant='null', labels={source=sdk, module=naming, AppName=unknown, tls.enable=false}}} 

2026-10-02 10:58:14,180 INFO ConnectionMetrics, totalCount = 1, detail = {long_connection=1, long_polling=0}

2026-10-02 10:58:14,401 INFO Connection check task start

2026-10-02 10:58:14,402 INFO Long connection metrics detail ,Total count =1, sdkCount=1,clusterCount=0

2026-10-02 10:58:14,403 INFO Out dated connection ,size=0

2026-10-02 10:58:14,403 INFO Connection check task end

2026-10-02 10:58:14,896 INFO new connection registered successfully, connectionId = 1790909894830_172.21.0.1_48416,connection=Connection{traced=false, abilities={lock=true, agent=true, mcp=true, fuzzyWatch=true}, metaInfo=ConnectionMeta{connectType='GRPC', clientIp='172.18.224.1', remoteIp='172.21.0.1', remotePort=48416, localPort=9848, version='Nacos-Java-Client:v3.1.1', connectionId='1790909894830_172.21.0.1_48416', createTime=Fri Oct 02 10:58:14 CST 2026, lastActiveTime=1790909894895, appName='unknown', tenant='null', labels={source=sdk, module=naming, AppName=unknown, tls.enable=false}}} 

2026-10-02 10:58:16,648 INFO new connection registered successfully, connectionId = 1790909896578_172.21.0.1_48424,connection=Connection{traced=false, abilities={lock=true, agent=true, mcp=true, fuzzyWatch=true}, metaInfo=ConnectionMeta{connectType='GRPC', clientIp='172.18.224.1', remoteIp='172.21.0.1', remotePort=48424, localPort=9848, version='Nacos-Java-Client:v3.1.1', connectionId='1790909896578_172.21.0.1_48424', createTime=Fri Oct 02 10:58:16 CST 2026, lastActiveTime=1790909896648, appName='unknown', tenant='null', labels={source=sdk, module=naming, AppName=unknown, tls.enable=false}}} 

2026-10-02 10:58:17,181 INFO ConnectionMetrics, totalCount = 3, detail = {long_connection=3, long_polling=0}

2026-10-02 10:58:17,404 INFO Connection check task start

2026-10-02 10:58:17,405 INFO Long connection metrics detail ,Total count =3, sdkCount=3,clusterCount=0

2026-10-02 10:58:17,406 INFO Out dated connection ,size=0

2026-10-02 10:58:17,406 INFO Connection check task end

2026-10-02 10:58:20,183 INFO ConnectionMetrics, totalCount = 3, detail = {long_connection=3, long_polling=0}

2026-10-02 10:58:20,407 INFO Connection check task start

2026-10-02 10:58:20,408 INFO Long connection metrics detail ,Total count =3, sdkCount=3,clusterCount=0

2026-10-02 10:58:20,409 INFO Out dated connection ,size=0

2026-10-02 10:58:20,409 INFO Connection check task end

2026-10-02 10:58:22,168 INFO new connection registered successfully, connectionId = 1790909902071_172.21.0.1_50418,connection=Connection{traced=false, abilities={lock=true, agent=true, mcp=true, fuzzyWatch=true}, metaInfo=ConnectionMeta{connectType='GRPC', clientIp='172.18.224.1', remoteIp='172.21.0.1', remotePort=50418, localPort=9848, version='Nacos-Java-Client:v3.1.1', connectionId='1790909902071_172.21.0.1_50418', createTime=Fri Oct 02 10:58:22 CST 2026, lastActiveTime=1790909902167, appName='unknown', tenant='null', labels={source=sdk, module=naming, AppName=unknown, tls.enable=false}}} 

2026-10-02 10:58:23,184 INFO ConnectionMetrics, totalCount = 4, detail = {long_connection=4, long_polling=0}

2026-10-02 10:58:23,410 INFO Connection check task start

2026-10-02 10:58:23,411 INFO Long connection metrics detail ,Total count =4, sdkCount=4,clusterCount=0

2026-10-02 10:58:23,412 INFO Out dated connection ,size=0

2026-10-02 10:58:23,412 INFO Connection check task end

2026-10-02 10:58:24,046 INFO new connection registered successfully, connectionId = 1790909903941_172.21.0.1_50420,connection=Connection{traced=false, abilities={lock=true, agent=true, mcp=true, fuzzyWatch=true}, metaInfo=ConnectionMeta{connectType='GRPC', clientIp='172.18.224.1', remoteIp='172.21.0.1', remotePort=50420, localPort=9848, version='Nacos-Java-Client:v3.1.1', connectionId='1790909903941_172.21.0.1_50420', createTime=Fri Oct 02 10:58:24 CST 2026, lastActiveTime=1790909904046, appName='unknown', tenant='null', labels={source=sdk, module=naming, AppName=unknown, tls.enable=false}}} 

2026-10-02 10:58:25,716 INFO new connection registered successfully, connectionId = 1790909905612_172.21.0.1_50432,connection=Connection{traced=false, abilities={lock=true, agent=true, mcp=true, fuzzyWatch=true}, metaInfo=ConnectionMeta{connectType='GRPC', clientIp='172.18.224.1', remoteIp='172.21.0.1', remotePort=50432, localPort=9848, version='Nacos-Java-Client:v3.1.1', connectionId='1790909905612_172.21.0.1_50432', createTime=Fri Oct 02 10:58:25 CST 2026, lastActiveTime=1790909905715, appName='unknown', tenant='null', labels={source=sdk, module=naming, AppName=unknown, tls.enable=false}}} 

2026-10-02 10:58:26,185 INFO ConnectionMetrics, totalCount = 6, detail = {long_connection=6, long_polling=0}

2026-10-02 10:58:26,413 INFO Connection check task start

2026-10-02 10:58:26,414 INFO Long connection metrics detail ,Total count =6, sdkCount=6,clusterCount=0

2026-10-02 10:58:26,414 INFO Out dated connection ,size=0

2026-10-02 10:58:26,415 INFO Connection check task end

2026-10-02 10:58:27,652 INFO new connection registered successfully, connectionId = 1790909907560_172.21.0.1_52356,connection=Connection{traced=false, abilities={lock=true, agent=true, mcp=true, fuzzyWatch=true}, metaInfo=ConnectionMeta{connectType='GRPC', clientIp='172.18.224.1', remoteIp='172.21.0.1', remotePort=52356, localPort=9848, version='Nacos-Java-Client:v3.1.1', connectionId='1790909907560_172.21.0.1_52356', createTime=Fri Oct 02 10:58:27 CST 2026, lastActiveTime=1790909907651, appName='unknown', tenant='null', labels={source=sdk, module=naming, AppName=unknown, tls.enable=false}}} 

2026-10-02 10:58:29,184 INFO ConnectionMetrics, totalCount = 7, detail = {long_connection=7, long_polling=0}

2026-10-02 10:58:29,414 INFO Connection check task start

2026-10-02 10:58:29,414 INFO Long connection metrics detail ,Total count =7, sdkCount=7,clusterCount=0

2026-10-02 10:58:29,415 INFO Out dated connection ,size=0

2026-10-02 10:58:29,415 INFO Connection check task end

2026-10-02 10:58:29,495 INFO new connection registered successfully, connectionId = 1790909909395_172.21.0.1_52362,connection=Connection{traced=false, abilities={lock=true, agent=true, mcp=true, fuzzyWatch=true}, metaInfo=ConnectionMeta{connectType='GRPC', clientIp='172.18.224.1', remoteIp='172.21.0.1', remotePort=52362, localPort=9848, version='Nacos-Java-Client:v3.1.1', connectionId='1790909909395_172.21.0.1_52362', createTime=Fri Oct 02 10:58:29 CST 2026, lastActiveTime=1790909909495, appName='unknown', tenant='null', labels={source=sdk, module=naming, AppName=unknown, tls.enable=false}}} 

2026-10-02 10:58:31,150 INFO new connection registered successfully, connectionId = 1790909911048_172.21.0.1_52378,connection=Connection{traced=false, abilities={lock=true, agent=true, mcp=true, fuzzyWatch=true}, metaInfo=ConnectionMeta{connectType='GRPC', clientIp='172.18.224.1', remoteIp='172.21.0.1', remotePort=52378, localPort=9848, version='Nacos-Java-Client:v3.1.1', connectionId='1790909911048_172.21.0.1_52378', createTime=Fri Oct 02 10:58:31 CST 2026, lastActiveTime=1790909911150, appName='unknown', tenant='null', labels={source=sdk, module=naming, AppName=unknown, tls.enable=false}}} 

2026-10-02 10:58:32,187 INFO ConnectionMetrics, totalCount = 9, detail = {long_connection=9, long_polling=0}

2026-10-02 10:58:32,416 INFO Connection check task start

2026-10-02 10:58:32,417 INFO Long connection metrics detail ,Total count =9, sdkCount=9,clusterCount=0

2026-10-02 10:58:32,417 INFO Out dated connection ,size=0

2026-10-02 10:58:32,418 INFO Connection check task end

2026-10-02 10:58:32,557 INFO new connection registered successfully, connectionId = 1790909912479_172.21.0.1_52390,connection=Connection{traced=false, abilities={lock=true, agent=true, mcp=true, fuzzyWatch=true}, metaInfo=ConnectionMeta{connectType='GRPC', clientIp='172.18.224.1', remoteIp='172.21.0.1', remotePort=52390, localPort=9848, version='Nacos-Java-Client:v3.1.1', connectionId='1790909912479_172.21.0.1_52390', createTime=Fri Oct 02 10:58:32 CST 2026, lastActiveTime=1790909912556, appName='unknown', tenant='null', labels={source=sdk, module=naming, AppName=unknown, tls.enable=false}}} 

2026-10-02 10:58:33,782 INFO new connection registered successfully, connectionId = 1790909913718_172.21.0.1_52392,connection=Connection{traced=false, abilities={lock=true, agent=true, mcp=true, fuzzyWatch=true}, metaInfo=ConnectionMeta{connectType='GRPC', clientIp='172.18.224.1', remoteIp='172.21.0.1', remotePort=52392, localPort=9848, version='Nacos-Java-Client:v3.1.1', connectionId='1790909913718_172.21.0.1_52392', createTime=Fri Oct 02 10:58:33 CST 2026, lastActiveTime=1790909913782, appName='unknown', tenant='null', labels={source=sdk, module=naming, AppName=unknown, tls.enable=false}}} 

2026-10-02 10:58:34,942 INFO new connection registered successfully, connectionId = 1790909914876_172.21.0.1_52394,connection=Connection{traced=false, abilities={lock=true, agent=true, mcp=true, fuzzyWatch=true}, metaInfo=ConnectionMeta{connectType='GRPC', clientIp='172.18.224.1', remoteIp='172.21.0.1', remotePort=52394, localPort=9848, version='Nacos-Java-Client:v3.1.1', connectionId='1790909914876_172.21.0.1_52394', createTime=Fri Oct 02 10:58:34 CST 2026, lastActiveTime=1790909914942, appName='unknown', tenant='null', labels={source=sdk, module=naming, AppName=unknown, tls.enable=false}}} 

2026-10-02 10:58:35,188 INFO ConnectionMetrics, totalCount = 12, detail = {long_connection=12, long_polling=0}

2026-10-02 10:58:35,419 INFO Connection check task start

2026-10-02 10:58:35,420 INFO Long connection metrics detail ,Total count =12, sdkCount=12,clusterCount=0

2026-10-02 10:58:35,421 INFO Out dated connection ,size=0

2026-10-02 10:58:35,421 INFO Connection check task end

2026-10-02 10:58:38,189 INFO ConnectionMetrics, totalCount = 12, detail = {long_connection=12, long_polling=0}

2026-10-02 10:58:38,422 INFO Connection check task start

2026-10-02 10:58:38,423 INFO Long connection metrics detail ,Total count =12, sdkCount=12,clusterCount=0

2026-10-02 10:58:38,424 INFO Out dated connection ,size=0

2026-10-02 10:58:38,425 INFO Connection check task end

2026-10-02 10:58:41,191 INFO ConnectionMetrics, totalCount = 12, detail = {long_connection=12, long_polling=0}

2026-10-02 10:58:41,426 INFO Connection check task start

2026-10-02 10:58:41,427 INFO Long connection metrics detail ,Total count =12, sdkCount=12,clusterCount=0

2026-10-02 10:58:41,428 INFO Out dated connection ,size=0

2026-10-02 10:58:41,429 INFO Connection check task end

2026-10-02 10:58:44,193 INFO ConnectionMetrics, totalCount = 12, detail = {long_connection=12, long_polling=0}

2026-10-02 10:58:44,429 INFO Connection check task start

2026-10-02 10:58:44,430 INFO Long connection metrics detail ,Total count =12, sdkCount=12,clusterCount=0

2026-10-02 10:58:44,431 INFO Out dated connection ,size=0

2026-10-02 10:58:44,431 INFO Connection check task end

2026-10-02 10:58:47,194 INFO ConnectionMetrics, totalCount = 12, detail = {long_connection=12, long_polling=0}

2026-10-02 10:58:47,432 INFO Connection check task start

2026-10-02 10:58:47,433 INFO Long connection metrics detail ,Total count =12, sdkCount=12,clusterCount=0

2026-10-02 10:58:47,433 INFO Out dated connection ,size=0

2026-10-02 10:58:47,434 INFO Connection check task end

2026-10-02 10:58:50,196 INFO ConnectionMetrics, totalCount = 12, detail = {long_connection=12, long_polling=0}

2026-10-02 10:58:50,434 INFO Connection check task start

2026-10-02 10:58:50,436 INFO Long connection metrics detail ,Total count =12, sdkCount=12,clusterCount=0

2026-10-02 10:58:50,437 INFO Out dated connection ,size=0

2026-10-02 10:58:50,438 INFO Connection check task end

2026-10-02 10:58:53,196 INFO ConnectionMetrics, totalCount = 12, detail = {long_connection=12, long_polling=0}

2026-10-02 10:58:53,438 INFO Connection check task start

2026-10-02 10:58:53,439 INFO Long connection metrics detail ,Total count =12, sdkCount=12,clusterCount=0

2026-10-02 10:58:53,440 INFO Out dated connection ,size=0

2026-10-02 10:58:53,441 INFO Connection check task end

2026-10-02 10:58:56,198 INFO ConnectionMetrics, totalCount = 12, detail = {long_connection=12, long_polling=0}

2026-10-02 10:58:56,442 INFO Connection check task start

2026-10-02 10:58:56,443 INFO Long connection metrics detail ,Total count =12, sdkCount=12,clusterCount=0

2026-10-02 10:58:56,444 INFO Out dated connection ,size=0

2026-10-02 10:58:56,445 INFO Connection check task end

2026-10-02 10:58:59,198 INFO ConnectionMetrics, totalCount = 12, detail = {long_connection=12, long_polling=0}

2026-10-02 10:58:59,445 INFO Connection check task start

2026-10-02 10:58:59,446 INFO Long connection metrics detail ,Total count =12, sdkCount=12,clusterCount=0

2026-10-02 10:58:59,447 INFO Out dated connection ,size=0

2026-10-02 10:58:59,448 INFO Connection check task end

2026-10-02 10:59:02,199 INFO ConnectionMetrics, totalCount = 12, detail = {long_connection=12, long_polling=0}

2026-10-02 10:59:02,449 INFO Connection check task start

2026-10-02 10:59:02,450 INFO Long connection metrics detail ,Total count =12, sdkCount=12,clusterCount=0

2026-10-02 10:59:02,451 INFO Out dated connection ,size=0

2026-10-02 10:59:02,451 INFO Connection check task end

2026-10-02 10:59:05,202 INFO ConnectionMetrics, totalCount = 12, detail = {long_connection=12, long_polling=0}

2026-10-02 10:59:05,452 INFO Connection check task start

2026-10-02 10:59:05,453 INFO Long connection metrics detail ,Total count =12, sdkCount=12,clusterCount=0

2026-10-02 10:59:05,453 INFO Out dated connection ,size=0

2026-10-02 10:59:05,454 INFO Connection check task end

2026-10-02 10:59:08,204 INFO ConnectionMetrics, totalCount = 12, detail = {long_connection=12, long_polling=0}

2026-10-02 10:59:08,454 INFO Connection check task start

2026-10-02 10:59:08,455 INFO Long connection metrics detail ,Total count =12, sdkCount=12,clusterCount=0

2026-10-02 10:59:08,456 INFO Out dated connection ,size=0

2026-10-02 10:59:08,456 INFO Connection check task end

2026-10-02 10:59:11,205 INFO ConnectionMetrics, totalCount = 12, detail = {long_connection=12, long_polling=0}

2026-10-02 10:59:11,457 INFO Connection check task start

2026-10-02 10:59:11,459 INFO Long connection metrics detail ,Total count =12, sdkCount=12,clusterCount=0

2026-10-02 10:59:11,460 INFO Out dated connection ,size=0

2026-10-02 10:59:11,461 INFO Connection check task end

2026-10-02 10:59:14,207 INFO ConnectionMetrics, totalCount = 12, detail = {long_connection=12, long_polling=0}

2026-10-02 10:59:14,462 INFO Connection check task start

2026-10-02 10:59:14,464 INFO Long connection metrics detail ,Total count =12, sdkCount=12,clusterCount=0

2026-10-02 10:59:14,464 INFO Out dated connection ,size=0

2026-10-02 10:59:14,465 INFO Connection check task end

2026-10-02 10:59:17,208 INFO ConnectionMetrics, totalCount = 12, detail = {long_connection=12, long_polling=0}

2026-10-02 10:59:17,465 INFO Connection check task start

2026-10-02 10:59:17,467 INFO Long connection metrics detail ,Total count =12, sdkCount=12,clusterCount=0

2026-10-02 10:59:17,467 INFO Out dated connection ,size=0

2026-10-02 10:59:17,468 INFO Connection check task end

2026-10-02 10:59:20,209 INFO ConnectionMetrics, totalCount = 12, detail = {long_connection=12, long_polling=0}

2026-10-02 10:59:20,469 INFO Connection check task start

2026-10-02 10:59:20,470 INFO Long connection metrics detail ,Total count =12, sdkCount=12,clusterCount=0

2026-10-02 10:59:20,471 INFO Out dated connection ,size=0

2026-10-02 10:59:20,472 INFO Connection check task end

2026-10-02 10:59:23,211 INFO ConnectionMetrics, totalCount = 12, detail = {long_connection=12, long_polling=0}

2026-10-02 10:59:23,474 INFO Connection check task start

2026-10-02 10:59:23,476 INFO Long connection metrics detail ,Total count =12, sdkCount=12,clusterCount=0

2026-10-02 10:59:23,476 INFO Out dated connection ,size=0

2026-10-02 10:59:23,477 INFO Connection check task end

2026-10-02 10:59:26,212 INFO ConnectionMetrics, totalCount = 12, detail = {long_connection=12, long_polling=0}

2026-10-02 10:59:26,478 INFO Connection check task start

2026-10-02 10:59:26,479 INFO Long connection metrics detail ,Total count =12, sdkCount=12,clusterCount=0

2026-10-02 10:59:26,480 INFO Out dated connection ,size=0

2026-10-02 10:59:26,481 INFO Connection check task end

2026-10-02 10:59:29,212 INFO ConnectionMetrics, totalCount = 12, detail = {long_connection=12, long_polling=0}

2026-10-02 10:59:29,480 INFO Connection check task start

2026-10-02 10:59:29,482 INFO Long connection metrics detail ,Total count =12, sdkCount=12,clusterCount=0

2026-10-02 10:59:29,483 INFO Out dated connection ,size=0

2026-10-02 10:59:29,484 INFO Connection check task end

2026-10-02 10:59:32,217 INFO ConnectionMetrics, totalCount = 12, detail = {long_connection=12, long_polling=0}

2026-10-02 10:59:32,484 INFO Connection check task start

2026-10-02 10:59:32,485 INFO Long connection metrics detail ,Total count =12, sdkCount=12,clusterCount=0

2026-10-02 10:59:32,486 INFO Out dated connection ,size=0

2026-10-02 10:59:32,486 INFO Connection check task end

2026-10-02 10:59:35,219 INFO ConnectionMetrics, totalCount = 12, detail = {long_connection=12, long_polling=0}

2026-10-02 10:59:35,487 INFO Connection check task start

2026-10-02 10:59:35,488 INFO Long connection metrics detail ,Total count =12, sdkCount=12,clusterCount=0

2026-10-02 10:59:35,490 INFO Out dated connection ,size=0

2026-10-02 10:59:35,490 INFO Connection check task end

2026-10-02 10:59:38,222 INFO ConnectionMetrics, totalCount = 12, detail = {long_connection=12, long_polling=0}

2026-10-02 10:59:38,491 INFO Connection check task start

2026-10-02 10:59:38,494 INFO Long connection metrics detail ,Total count =12, sdkCount=12,clusterCount=0

2026-10-02 10:59:38,496 INFO Out dated connection ,size=0

2026-10-02 10:59:38,499 INFO Connection check task end

2026-10-02 10:59:41,223 INFO ConnectionMetrics, totalCount = 12, detail = {long_connection=12, long_polling=0}

2026-10-02 10:59:41,501 INFO Connection check task start

2026-10-02 10:59:41,503 INFO Long connection metrics detail ,Total count =12, sdkCount=12,clusterCount=0

2026-10-02 10:59:41,504 INFO Out dated connection ,size=0

2026-10-02 10:59:41,505 INFO Connection check task end

2026-10-02 10:59:44,224 INFO ConnectionMetrics, totalCount = 12, detail = {long_connection=12, long_polling=0}

2026-10-02 10:59:44,507 INFO Connection check task start

2026-10-02 10:59:44,508 INFO Long connection metrics detail ,Total count =12, sdkCount=12,clusterCount=0

2026-10-02 10:59:44,509 INFO Out dated connection ,size=0

2026-10-02 10:59:44,510 INFO Connection check task end

2026-10-02 10:59:47,227 INFO ConnectionMetrics, totalCount = 12, detail = {long_connection=12, long_polling=0}

2026-10-02 10:59:47,511 INFO Connection check task start

2026-10-02 10:59:47,512 INFO Long connection metrics detail ,Total count =12, sdkCount=12,clusterCount=0

2026-10-02 10:59:47,513 INFO Out dated connection ,size=0

2026-10-02 10:59:47,517 INFO Connection check task end

2026-10-02 10:59:50,228 INFO ConnectionMetrics, totalCount = 12, detail = {long_connection=12, long_polling=0}

2026-10-02 10:59:50,518 INFO Connection check task start

2026-10-02 10:59:50,519 INFO Long connection metrics detail ,Total count =12, sdkCount=12,clusterCount=0

2026-10-02 10:59:50,520 INFO Out dated connection ,size=0

2026-10-02 10:59:50,521 INFO Connection check task end

2026-10-02 10:59:53,230 INFO ConnectionMetrics, totalCount = 12, detail = {long_connection=12, long_polling=0}

2026-10-02 10:59:53,522 INFO Connection check task start

2026-10-02 10:59:53,526 INFO Long connection metrics detail ,Total count =12, sdkCount=12,clusterCount=0

2026-10-02 10:59:53,527 INFO Out dated connection ,size=0

2026-10-02 10:59:53,527 INFO Connection check task end

2026-10-02 10:59:56,231 INFO ConnectionMetrics, totalCount = 12, detail = {long_connection=12, long_polling=0}

2026-10-02 10:59:56,528 INFO Connection check task start

2026-10-02 10:59:56,530 INFO Long connection metrics detail ,Total count =12, sdkCount=12,clusterCount=0

2026-10-02 10:59:56,531 INFO Out dated connection ,size=0

2026-10-02 10:59:56,532 INFO Connection check task end

2026-10-02 10:59:59,231 INFO ConnectionMetrics, totalCount = 12, detail = {long_connection=12, long_polling=0}

2026-10-02 10:59:59,531 INFO Connection check task start

2026-10-02 10:59:59,533 INFO Long connection metrics detail ,Total count =12, sdkCount=12,clusterCount=0

2026-10-02 10:59:59,533 INFO Out dated connection ,size=0

2026-10-02 10:59:59,535 INFO Connection check task end

2026-10-02 11:00:02,234 INFO ConnectionMetrics, totalCount = 12, detail = {long_connection=12, long_polling=0}

2026-10-02 11:00:02,536 INFO Connection check task start

2026-10-02 11:00:02,537 INFO Long connection metrics detail ,Total count =12, sdkCount=12,clusterCount=0

2026-10-02 11:00:02,538 INFO Out dated connection ,size=0

2026-10-02 11:00:02,539 INFO Connection check task end

2026-10-02 11:00:05,236 INFO ConnectionMetrics, totalCount = 12, detail = {long_connection=12, long_polling=0}

2026-10-02 11:00:05,540 INFO Connection check task start

2026-10-02 11:00:05,541 INFO Long connection metrics detail ,Total count =12, sdkCount=12,clusterCount=0

2026-10-02 11:00:05,541 INFO Out dated connection ,size=0

2026-10-02 11:00:05,542 INFO Connection check task end

2026-10-02 11:00:08,237 INFO ConnectionMetrics, totalCount = 12, detail = {long_connection=12, long_polling=0}

2026-10-02 11:00:08,542 INFO Connection check task start

2026-10-02 11:00:08,543 INFO Long connection metrics detail ,Total count =12, sdkCount=12,clusterCount=0

2026-10-02 11:00:08,544 INFO Out dated connection ,size=0

2026-10-02 11:00:08,544 INFO Connection check task end

2026-10-02 11:00:11,238 INFO ConnectionMetrics, totalCount = 12, detail = {long_connection=12, long_polling=0}

2026-10-02 11:00:11,545 INFO Connection check task start

2026-10-02 11:00:11,546 INFO Long connection metrics detail ,Total count =12, sdkCount=12,clusterCount=0

2026-10-02 11:00:11,547 INFO Out dated connection ,size=0

2026-10-02 11:00:11,548 INFO Connection check task end

2026-10-02 11:00:14,239 INFO ConnectionMetrics, totalCount = 12, detail = {long_connection=12, long_polling=0}

2026-10-02 11:00:14,549 INFO Connection check task start

2026-10-02 11:00:14,550 INFO Long connection metrics detail ,Total count =12, sdkCount=12,clusterCount=0

2026-10-02 11:00:14,550 INFO Out dated connection ,size=0

2026-10-02 11:00:14,551 INFO Connection check task end

2026-10-02 11:00:17,240 INFO ConnectionMetrics, totalCount = 12, detail = {long_connection=12, long_polling=0}

2026-10-02 11:00:17,552 INFO Connection check task start

2026-10-02 11:00:17,553 INFO Long connection metrics detail ,Total count =12, sdkCount=12,clusterCount=0

2026-10-02 11:00:17,554 INFO Out dated connection ,size=0

2026-10-02 11:00:17,554 INFO Connection check task end

2026-10-02 11:00:17,873 INFO [1790909913718_172.21.0.1_52392]Connection unregistered successfully. 

2026-10-02 11:00:17,898 INFO [1790909914876_172.21.0.1_52394]Connection unregistered successfully. 

2026-10-02 11:00:17,903 INFO [1790909896578_172.21.0.1_48424]Connection unregistered successfully. 

2026-10-02 11:00:17,909 INFO [1790909911048_172.21.0.1_52378]Connection unregistered successfully. 

2026-10-02 11:00:17,914 INFO [1790909909395_172.21.0.1_52362]Connection unregistered successfully. 

2026-10-02 11:00:17,917 INFO [1790909912479_172.21.0.1_52390]Connection unregistered successfully. 

2026-10-02 11:00:17,921 INFO [1790909905612_172.21.0.1_50432]Connection unregistered successfully. 

2026-10-02 11:00:17,923 INFO [1790909892331_172.21.0.1_48414]Connection unregistered successfully. 

2026-10-02 11:00:17,926 INFO [1790909903941_172.21.0.1_50420]Connection unregistered successfully. 

2026-10-02 11:00:17,928 INFO [1790909907560_172.21.0.1_52356]Connection unregistered successfully. 

2026-10-02 11:00:17,930 INFO [1790909894830_172.21.0.1_48416]Connection unregistered successfully. 

2026-10-02 11:00:17,932 INFO [1790909902071_172.21.0.1_50418]Connection unregistered successfully. 

2026-10-02 11:00:20,241 INFO ConnectionMetrics, totalCount = 0, detail = {long_connection=0, long_polling=0}

2026-10-02 11:00:20,555 INFO Connection check task start

2026-10-02 11:00:20,556 INFO Long connection metrics detail ,Total count =0, sdkCount=0,clusterCount=0

2026-10-02 11:00:20,557 INFO Out dated connection ,size=0

2026-10-02 11:00:20,557 INFO Connection check task end

2026-10-02 11:00:23,243 INFO ConnectionMetrics, totalCount = 0, detail = {long_connection=0, long_polling=0}

2026-10-02 11:00:23,558 INFO Connection check task start

2026-10-02 11:00:23,559 INFO Long connection metrics detail ,Total count =0, sdkCount=0,clusterCount=0

2026-10-02 11:00:23,561 INFO Out dated connection ,size=0

2026-10-02 11:00:23,562 INFO Connection check task end

2026-10-02 11:00:26,244 INFO ConnectionMetrics, totalCount = 0, detail = {long_connection=0, long_polling=0}

2026-10-02 11:00:26,564 INFO Connection check task start

2026-10-02 11:00:26,565 INFO Long connection metrics detail ,Total count =0, sdkCount=0,clusterCount=0

2026-10-02 11:00:26,566 INFO Out dated connection ,size=0

2026-10-02 11:00:26,567 INFO Connection check task end

2026-10-02 11:00:29,243 INFO ConnectionMetrics, totalCount = 0, detail = {long_connection=0, long_polling=0}

2026-10-02 11:00:29,566 INFO Connection check task start

2026-10-02 11:00:29,567 INFO Long connection metrics detail ,Total count =0, sdkCount=0,clusterCount=0

2026-10-02 11:00:29,568 INFO Out dated connection ,size=0

2026-10-02 11:00:29,570 INFO Connection check task end

2026-10-02 11:00:32,248 INFO ConnectionMetrics, totalCount = 0, detail = {long_connection=0, long_polling=0}

2026-10-02 11:00:32,570 INFO Connection check task start

2026-10-02 11:00:32,572 INFO Long connection metrics detail ,Total count =0, sdkCount=0,clusterCount=0

2026-10-02 11:00:32,572 INFO Out dated connection ,size=0

2026-10-02 11:00:32,573 INFO Connection check task end

2026-10-02 11:00:35,250 INFO ConnectionMetrics, totalCount = 0, detail = {long_connection=0, long_polling=0}

2026-10-02 11:00:35,575 INFO Connection check task start

2026-10-02 11:00:35,577 INFO Long connection metrics detail ,Total count =0, sdkCount=0,clusterCount=0

2026-10-02 11:00:35,578 INFO Out dated connection ,size=0

2026-10-02 11:00:35,578 INFO Connection check task end

2026-10-02 11:00:38,251 INFO ConnectionMetrics, totalCount = 0, detail = {long_connection=0, long_polling=0}

2026-10-02 11:00:38,579 INFO Connection check task start

2026-10-02 11:00:38,580 INFO Long connection metrics detail ,Total count =0, sdkCount=0,clusterCount=0

2026-10-02 11:00:38,581 INFO Out dated connection ,size=0

2026-10-02 11:00:38,582 INFO Connection check task end

2026-10-02 11:00:41,252 INFO ConnectionMetrics, totalCount = 0, detail = {long_connection=0, long_polling=0}

2026-10-02 11:00:41,582 INFO Connection check task start

2026-10-02 11:00:41,583 INFO Long connection metrics detail ,Total count =0, sdkCount=0,clusterCount=0

2026-10-02 11:00:41,584 INFO Out dated connection ,size=0

2026-10-02 11:00:41,584 INFO Connection check task end

2026-10-02 11:00:44,253 INFO ConnectionMetrics, totalCount = 0, detail = {long_connection=0, long_polling=0}

2026-10-02 11:00:44,585 INFO Connection check task start

2026-10-02 11:00:44,586 INFO Long connection metrics detail ,Total count =0, sdkCount=0,clusterCount=0

2026-10-02 11:00:44,587 INFO Out dated connection ,size=0

2026-10-02 11:00:44,587 INFO Connection check task end

2026-10-02 11:00:47,255 INFO ConnectionMetrics, totalCount = 0, detail = {long_connection=0, long_polling=0}

2026-10-02 11:00:47,588 INFO Connection check task start

2026-10-02 11:00:47,589 INFO Long connection metrics detail ,Total count =0, sdkCount=0,clusterCount=0

2026-10-02 11:00:47,590 INFO Out dated connection ,size=0

2026-10-02 11:00:47,590 INFO Connection check task end

2026-10-02 11:00:50,256 INFO ConnectionMetrics, totalCount = 0, detail = {long_connection=0, long_polling=0}

2026-10-02 11:00:50,591 INFO Connection check task start

2026-10-02 11:00:50,592 INFO Long connection metrics detail ,Total count =0, sdkCount=0,clusterCount=0

2026-10-02 11:00:50,593 INFO Out dated connection ,size=0

2026-10-02 11:00:50,593 INFO Connection check task end

2026-10-02 11:00:53,257 INFO ConnectionMetrics, totalCount = 0, detail = {long_connection=0, long_polling=0}

2026-10-02 11:00:53,594 INFO Connection check task start

2026-10-02 11:00:53,597 INFO Long connection metrics detail ,Total count =0, sdkCount=0,clusterCount=0

2026-10-02 11:00:53,600 INFO Out dated connection ,size=0

2026-10-02 11:00:53,603 INFO Connection check task end

2026-10-02 11:00:56,258 INFO ConnectionMetrics, totalCount = 0, detail = {long_connection=0, long_polling=0}

2026-10-02 11:00:56,605 INFO Connection check task start

2026-10-02 11:00:56,606 INFO Long connection metrics detail ,Total count =0, sdkCount=0,clusterCount=0

2026-10-02 11:00:56,607 INFO Out dated connection ,size=0

2026-10-02 11:00:56,607 INFO Connection check task end

2026-10-02 11:00:59,258 INFO ConnectionMetrics, totalCount = 0, detail = {long_connection=0, long_polling=0}

2026-10-02 11:00:59,606 INFO Connection check task start

2026-10-02 11:00:59,607 INFO Long connection metrics detail ,Total count =0, sdkCount=0,clusterCount=0

2026-10-02 11:00:59,608 INFO Out dated connection ,size=0

2026-10-02 11:00:59,609 INFO Connection check task end

2026-10-02 11:01:02,259 INFO ConnectionMetrics, totalCount = 0, detail = {long_connection=0, long_polling=0}

2026-10-02 11:01:02,610 INFO Connection check task start

2026-10-02 11:01:02,611 INFO Long connection metrics detail ,Total count =0, sdkCount=0,clusterCount=0

2026-10-02 11:01:02,611 INFO Out dated connection ,size=0

2026-10-02 11:01:02,612 INFO Connection check task end

2026-10-02 11:01:05,260 INFO ConnectionMetrics, totalCount = 0, detail = {long_connection=0, long_polling=0}

2026-10-02 11:01:05,613 INFO Connection check task start

2026-10-02 11:01:05,614 INFO Long connection metrics detail ,Total count =0, sdkCount=0,clusterCount=0

2026-10-02 11:01:05,615 INFO Out dated connection ,size=0

2026-10-02 11:01:05,616 INFO Connection check task end

2026-10-02 11:01:08,261 INFO ConnectionMetrics, totalCount = 0, detail = {long_connection=0, long_polling=0}

2026-10-02 11:01:08,616 INFO Connection check task start

2026-10-02 11:01:08,617 INFO Long connection metrics detail ,Total count =0, sdkCount=0,clusterCount=0

2026-10-02 11:01:08,618 INFO Out dated connection ,size=0

2026-10-02 11:01:08,618 INFO Connection check task end

2026-10-02 11:01:11,262 INFO ConnectionMetrics, totalCount = 0, detail = {long_connection=0, long_polling=0}

2026-10-02 11:01:11,619 INFO Connection check task start

2026-10-02 11:01:11,619 INFO Long connection metrics detail ,Total count =0, sdkCount=0,clusterCount=0

2026-10-02 11:01:11,620 INFO Out dated connection ,size=0

2026-10-02 11:01:11,621 INFO Connection check task end

2026-10-02 11:01:14,264 INFO ConnectionMetrics, totalCount = 0, detail = {long_connection=0, long_polling=0}

2026-10-02 11:01:14,622 INFO Connection check task start

2026-10-02 11:01:14,623 INFO Long connection metrics detail ,Total count =0, sdkCount=0,clusterCount=0

2026-10-02 11:01:14,623 INFO Out dated connection ,size=0

2026-10-02 11:01:14,624 INFO Connection check task end

2026-10-02 11:01:17,265 INFO ConnectionMetrics, totalCount = 0, detail = {long_connection=0, long_polling=0}

2026-10-02 11:01:17,624 INFO Connection check task start

2026-10-02 11:01:17,626 INFO Long connection metrics detail ,Total count =0, sdkCount=0,clusterCount=0

2026-10-02 11:01:17,627 INFO Out dated connection ,size=0

2026-10-02 11:01:17,628 INFO Connection check task end

2026-10-02 11:01:20,267 INFO ConnectionMetrics, totalCount = 0, detail = {long_connection=0, long_polling=0}

2026-10-02 11:01:20,629 INFO Connection check task start

2026-10-02 11:01:20,630 INFO Long connection metrics detail ,Total count =0, sdkCount=0,clusterCount=0

2026-10-02 11:01:20,630 INFO Out dated connection ,size=0

2026-10-02 11:01:20,631 INFO Connection check task end

2026-10-02 11:01:23,268 INFO ConnectionMetrics, totalCount = 0, detail = {long_connection=0, long_polling=0}

2026-10-02 11:01:23,632 INFO Connection check task start

2026-10-02 11:01:23,633 INFO Long connection metrics detail ,Total count =0, sdkCount=0,clusterCount=0

2026-10-02 11:01:23,633 INFO Out dated connection ,size=0

2026-10-02 11:01:23,635 INFO Connection check task end

2026-10-02 11:01:26,269 INFO ConnectionMetrics, totalCount = 0, detail = {long_connection=0, long_polling=0}

2026-10-02 11:01:26,636 INFO Connection check task start

2026-10-02 11:01:26,637 INFO Long connection metrics detail ,Total count =0, sdkCount=0,clusterCount=0

2026-10-02 11:01:26,638 INFO Out dated connection ,size=0

2026-10-02 11:01:26,639 INFO Connection check task end

2026-10-02 11:01:29,270 INFO ConnectionMetrics, totalCount = 0, detail = {long_connection=0, long_polling=0}

2026-10-02 11:01:29,639 INFO Connection check task start

2026-10-02 11:01:29,640 INFO Long connection metrics detail ,Total count =0, sdkCount=0,clusterCount=0

2026-10-02 11:01:29,641 INFO Out dated connection ,size=0

2026-10-02 11:01:29,642 INFO Connection check task end

2026-10-02 11:01:32,272 INFO ConnectionMetrics, totalCount = 0, detail = {long_connection=0, long_polling=0}

2026-10-02 11:01:32,643 INFO Connection check task start

2026-10-02 11:01:32,644 INFO Long connection metrics detail ,Total count =0, sdkCount=0,clusterCount=0

2026-10-02 11:01:32,645 INFO Out dated connection ,size=0

2026-10-02 11:01:32,645 INFO Connection check task end

2026-10-02 11:01:35,274 INFO ConnectionMetrics, totalCount = 0, detail = {long_connection=0, long_polling=0}

2026-10-02 11:01:35,646 INFO Connection check task start

2026-10-02 11:01:35,647 INFO Long connection metrics detail ,Total count =0, sdkCount=0,clusterCount=0

2026-10-02 11:01:35,648 INFO Out dated connection ,size=0

2026-10-02 11:01:35,649 INFO Connection check task end

2026-10-02 11:01:38,275 INFO ConnectionMetrics, totalCount = 0, detail = {long_connection=0, long_polling=0}

2026-10-02 11:01:38,649 INFO Connection check task start

2026-10-02 11:01:38,650 INFO Long connection metrics detail ,Total count =0, sdkCount=0,clusterCount=0

2026-10-02 11:01:38,651 INFO Out dated connection ,size=0

2026-10-02 11:01:38,652 INFO Connection check task end

2026-10-02 11:01:41,277 INFO ConnectionMetrics, totalCount = 0, detail = {long_connection=0, long_polling=0}

2026-10-02 11:01:41,652 INFO Connection check task start

2026-10-02 11:01:41,656 INFO Long connection metrics detail ,Total count =0, sdkCount=0,clusterCount=0

2026-10-02 11:01:41,657 INFO Out dated connection ,size=0

2026-10-02 11:01:41,658 INFO Connection check task end

2026-10-02 11:01:44,278 INFO ConnectionMetrics, totalCount = 0, detail = {long_connection=0, long_polling=0}

2026-10-02 11:01:44,659 INFO Connection check task start

2026-10-02 11:01:44,660 INFO Long connection metrics detail ,Total count =0, sdkCount=0,clusterCount=0

2026-10-02 11:01:44,661 INFO Out dated connection ,size=0

2026-10-02 11:01:44,662 INFO Connection check task end

2026-10-02 11:01:47,280 INFO ConnectionMetrics, totalCount = 0, detail = {long_connection=0, long_polling=0}

2026-10-02 11:01:47,663 INFO Connection check task start

2026-10-02 11:01:47,664 INFO Long connection metrics detail ,Total count =0, sdkCount=0,clusterCount=0

2026-10-02 11:01:47,666 INFO Out dated connection ,size=0

2026-10-02 11:01:47,667 INFO Connection check task end

2026-10-02 11:01:50,282 INFO ConnectionMetrics, totalCount = 0, detail = {long_connection=0, long_polling=0}

2026-10-02 11:01:50,668 INFO Connection check task start

2026-10-02 11:01:50,670 INFO Long connection metrics detail ,Total count =0, sdkCount=0,clusterCount=0

2026-10-02 11:01:50,671 INFO Out dated connection ,size=0

2026-10-02 11:01:50,672 INFO Connection check task end

2026-10-02 11:01:53,284 INFO ConnectionMetrics, totalCount = 0, detail = {long_connection=0, long_polling=0}

2026-10-02 11:01:53,674 INFO Connection check task start

2026-10-02 11:01:53,677 INFO Long connection metrics detail ,Total count =0, sdkCount=0,clusterCount=0

2026-10-02 11:01:53,678 INFO Out dated connection ,size=0

2026-10-02 11:01:53,679 INFO Connection check task end

2026-10-02 11:01:56,285 INFO ConnectionMetrics, totalCount = 0, detail = {long_connection=0, long_polling=0}

2026-10-02 11:01:56,680 INFO Connection check task start

2026-10-02 11:01:56,681 INFO Long connection metrics detail ,Total count =0, sdkCount=0,clusterCount=0

2026-10-02 11:01:56,682 INFO Out dated connection ,size=0

2026-10-02 11:01:56,683 INFO Connection check task end

2026-10-02 11:01:59,285 INFO ConnectionMetrics, totalCount = 0, detail = {long_connection=0, long_polling=0}

2026-10-02 11:01:59,682 INFO Connection check task start

2026-10-02 11:01:59,684 INFO Long connection metrics detail ,Total count =0, sdkCount=0,clusterCount=0

2026-10-02 11:01:59,685 INFO Out dated connection ,size=0

2026-10-02 11:01:59,686 INFO Connection check task end

2026-10-02 11:02:02,286 INFO ConnectionMetrics, totalCount = 0, detail = {long_connection=0, long_polling=0}

2026-10-02 11:02:02,686 INFO Connection check task start

2026-10-02 11:02:02,687 INFO Long connection metrics detail ,Total count =0, sdkCount=0,clusterCount=0

2026-10-02 11:02:02,688 INFO Out dated connection ,size=0

2026-10-02 11:02:02,689 INFO Connection check task end

2026-10-02 11:02:05,288 INFO ConnectionMetrics, totalCount = 0, detail = {long_connection=0, long_polling=0}

2026-10-02 11:02:05,689 INFO Connection check task start

2026-10-02 11:02:05,690 INFO Long connection metrics detail ,Total count =0, sdkCount=0,clusterCount=0

2026-10-02 11:02:05,691 INFO Out dated connection ,size=0

2026-10-02 11:02:05,691 INFO Connection check task end

2026-10-02 11:02:08,290 INFO ConnectionMetrics, totalCount = 0, detail = {long_connection=0, long_polling=0}

2026-10-02 11:02:08,692 INFO Connection check task start

2026-10-02 11:02:08,693 INFO Long connection metrics detail ,Total count =0, sdkCount=0,clusterCount=0

2026-10-02 11:02:08,694 INFO Out dated connection ,size=0

2026-10-02 11:02:08,695 INFO Connection check task end

2026-10-02 11:02:11,291 INFO ConnectionMetrics, totalCount = 0, detail = {long_connection=0, long_polling=0}

2026-10-02 11:02:11,695 INFO Connection check task start

2026-10-02 11:02:11,696 INFO Long connection metrics detail ,Total count =0, sdkCount=0,clusterCount=0

2026-10-02 11:02:11,697 INFO Out dated connection ,size=0

2026-10-02 11:02:11,697 INFO Connection check task end

2026-10-02 11:02:14,293 INFO ConnectionMetrics, totalCount = 0, detail = {long_connection=0, long_polling=0}

2026-10-02 11:02:14,698 INFO Connection check task start

2026-10-02 11:02:14,699 INFO Long connection metrics detail ,Total count =0, sdkCount=0,clusterCount=0

2026-10-02 11:02:14,700 INFO Out dated connection ,size=0

2026-10-02 11:02:14,701 INFO Connection check task end

2026-10-02 11:02:17,293 INFO ConnectionMetrics, totalCount = 0, detail = {long_connection=0, long_polling=0}

2026-10-02 11:02:17,702 INFO Connection check task start

2026-10-02 11:02:17,703 INFO Long connection metrics detail ,Total count =0, sdkCount=0,clusterCount=0

2026-10-02 11:02:17,704 INFO Out dated connection ,size=0

2026-10-02 11:02:17,705 INFO Connection check task end

2026-10-02 11:02:20,295 INFO ConnectionMetrics, totalCount = 0, detail = {long_connection=0, long_polling=0}

2026-10-02 11:02:20,706 INFO Connection check task start

2026-10-02 11:02:20,707 INFO Long connection metrics detail ,Total count =0, sdkCount=0,clusterCount=0

2026-10-02 11:02:20,707 INFO Out dated connection ,size=0

2026-10-02 11:02:20,707 INFO Connection check task end

2026-10-02 11:02:23,297 INFO ConnectionMetrics, totalCount = 0, detail = {long_connection=0, long_polling=0}

2026-10-02 11:02:23,709 INFO Connection check task start

2026-10-02 11:02:23,710 INFO Long connection metrics detail ,Total count =0, sdkCount=0,clusterCount=0

2026-10-02 11:02:23,711 INFO Out dated connection ,size=0

2026-10-02 11:02:23,713 INFO Connection check task end

2026-10-02 11:02:26,298 INFO ConnectionMetrics, totalCount = 0, detail = {long_connection=0, long_polling=0}

2026-10-02 11:02:26,714 INFO Connection check task start

2026-10-02 11:02:26,715 INFO Long connection metrics detail ,Total count =0, sdkCount=0,clusterCount=0

2026-10-02 11:02:26,716 INFO Out dated connection ,size=0

2026-10-02 11:02:26,716 INFO Connection check task end

2026-10-02 11:02:29,298 INFO ConnectionMetrics, totalCount = 0, detail = {long_connection=0, long_polling=0}

2026-10-02 11:02:29,716 INFO Connection check task start

2026-10-02 11:02:29,716 INFO Long connection metrics detail ,Total count =0, sdkCount=0,clusterCount=0

2026-10-02 11:02:29,717 INFO Out dated connection ,size=0

2026-10-02 11:02:29,717 INFO Connection check task end

2026-10-02 11:02:32,299 INFO ConnectionMetrics, totalCount = 0, detail = {long_connection=0, long_polling=0}

2026-10-02 11:02:32,718 INFO Connection check task start

2026-10-02 11:02:32,719 INFO Long connection metrics detail ,Total count =0, sdkCount=0,clusterCount=0

2026-10-02 11:02:32,719 INFO Out dated connection ,size=0

2026-10-02 11:02:32,720 INFO Connection check task end

2026-10-02 11:02:35,300 INFO ConnectionMetrics, totalCount = 0, detail = {long_connection=0, long_polling=0}

2026-10-02 11:02:35,721 INFO Connection check task start

2026-10-02 11:02:35,722 INFO Long connection metrics detail ,Total count =0, sdkCount=0,clusterCount=0

2026-10-02 11:02:35,723 INFO Out dated connection ,size=0

2026-10-02 11:02:35,724 INFO Connection check task end

2026-10-02 11:02:38,302 INFO ConnectionMetrics, totalCount = 0, detail = {long_connection=0, long_polling=0}

2026-10-02 11:02:38,725 INFO Connection check task start

2026-10-02 11:02:38,726 INFO Long connection metrics detail ,Total count =0, sdkCount=0,clusterCount=0

2026-10-02 11:02:38,727 INFO Out dated connection ,size=0

2026-10-02 11:02:38,739 INFO Connection check task end

2026-10-02 11:02:41,303 INFO ConnectionMetrics, totalCount = 0, detail = {long_connection=0, long_polling=0}

2026-10-02 11:02:41,746 INFO Connection check task start

2026-10-02 11:02:41,748 INFO Long connection metrics detail ,Total count =0, sdkCount=0,clusterCount=0

2026-10-02 11:02:41,749 INFO Out dated connection ,size=0

2026-10-02 11:02:41,750 INFO Connection check task end

2026-10-02 11:02:44,305 INFO ConnectionMetrics, totalCount = 0, detail = {long_connection=0, long_polling=0}

2026-10-02 11:02:44,750 INFO Connection check task start

2026-10-02 11:02:44,752 INFO Long connection metrics detail ,Total count =0, sdkCount=0,clusterCount=0

2026-10-02 11:02:44,753 INFO Out dated connection ,size=0

2026-10-02 11:02:44,753 INFO Connection check task end

2026-10-02 11:02:47,306 INFO ConnectionMetrics, totalCount = 0, detail = {long_connection=0, long_polling=0}

2026-10-02 11:02:47,754 INFO Connection check task start

2026-10-02 11:02:47,755 INFO Long connection metrics detail ,Total count =0, sdkCount=0,clusterCount=0

2026-10-02 11:02:47,756 INFO Out dated connection ,size=0

2026-10-02 11:02:47,757 INFO Connection check task end

2026-10-02 11:02:50,308 INFO ConnectionMetrics, totalCount = 0, detail = {long_connection=0, long_polling=0}

2026-10-02 11:02:50,759 INFO Connection check task start

2026-10-02 11:02:50,760 INFO Long connection metrics detail ,Total count =0, sdkCount=0,clusterCount=0

2026-10-02 11:02:50,762 INFO Out dated connection ,size=0

2026-10-02 11:02:50,762 INFO Connection check task end

2026-10-02 11:02:53,309 INFO ConnectionMetrics, totalCount = 0, detail = {long_connection=0, long_polling=0}

2026-10-02 11:02:53,763 INFO Connection check task start

2026-10-02 11:02:53,764 INFO Long connection metrics detail ,Total count =0, sdkCount=0,clusterCount=0

2026-10-02 11:02:53,765 INFO Out dated connection ,size=0

2026-10-02 11:02:53,766 INFO Connection check task end

2026-10-02 11:02:56,311 INFO ConnectionMetrics, totalCount = 0, detail = {long_connection=0, long_polling=0}

2026-10-02 11:02:56,767 INFO Connection check task start

2026-10-02 11:02:56,768 INFO Long connection metrics detail ,Total count =0, sdkCount=0,clusterCount=0

2026-10-02 11:02:56,769 INFO Out dated connection ,size=0

2026-10-02 11:02:56,770 INFO Connection check task end

2026-10-02 11:02:59,310 INFO ConnectionMetrics, totalCount = 0, detail = {long_connection=0, long_polling=0}

2026-10-02 11:02:59,770 INFO Connection check task start

2026-10-02 11:02:59,771 INFO Long connection metrics detail ,Total count =0, sdkCount=0,clusterCount=0

2026-10-02 11:02:59,772 INFO Out dated connection ,size=0

2026-10-02 11:02:59,773 INFO Connection check task end

2026-10-02 11:03:02,313 INFO ConnectionMetrics, totalCount = 0, detail = {long_connection=0, long_polling=0}

2026-10-02 11:03:02,774 INFO Connection check task start

2026-10-02 11:03:02,775 INFO Long connection metrics detail ,Total count =0, sdkCount=0,clusterCount=0

2026-10-02 11:03:02,776 INFO Out dated connection ,size=0

2026-10-02 11:03:02,777 INFO Connection check task end

2026-10-02 11:03:05,315 INFO ConnectionMetrics, totalCount = 0, detail = {long_connection=0, long_polling=0}

2026-10-02 11:03:05,777 INFO Connection check task start

2026-10-02 11:03:05,779 INFO Long connection metrics detail ,Total count =0, sdkCount=0,clusterCount=0

2026-10-02 11:03:05,780 INFO Out dated connection ,size=0

2026-10-02 11:03:05,781 INFO Connection check task end

2026-10-02 11:03:08,316 INFO ConnectionMetrics, totalCount = 0, detail = {long_connection=0, long_polling=0}

2026-10-02 11:03:08,782 INFO Connection check task start

2026-10-02 11:03:08,783 INFO Long connection metrics detail ,Total count =0, sdkCount=0,clusterCount=0

2026-10-02 11:03:08,783 INFO Out dated connection ,size=0

2026-10-02 11:03:08,784 INFO Connection check task end

2026-10-02 11:03:11,317 INFO ConnectionMetrics, totalCount = 0, detail = {long_connection=0, long_polling=0}

2026-10-02 11:03:11,785 INFO Connection check task start

2026-10-02 11:03:11,786 INFO Long connection metrics detail ,Total count =0, sdkCount=0,clusterCount=0

2026-10-02 11:03:11,787 INFO Out dated connection ,size=0

2026-10-02 11:03:11,788 INFO Connection check task end

2026-10-02 11:03:14,318 INFO ConnectionMetrics, totalCount = 0, detail = {long_connection=0, long_polling=0}

2026-10-02 11:03:14,789 INFO Connection check task start

2026-10-02 11:03:14,790 INFO Long connection metrics detail ,Total count =0, sdkCount=0,clusterCount=0

2026-10-02 11:03:14,791 INFO Out dated connection ,size=0

2026-10-02 11:03:14,792 INFO Connection check task end

2026-10-02 11:03:17,319 INFO ConnectionMetrics, totalCount = 0, detail = {long_connection=0, long_polling=0}

2026-10-02 11:03:17,792 INFO Connection check task start

2026-10-02 11:03:17,793 INFO Long connection metrics detail ,Total count =0, sdkCount=0,clusterCount=0

2026-10-02 11:03:17,794 INFO Out dated connection ,size=0

2026-10-02 11:03:17,795 INFO Connection check task end

2026-10-02 11:03:20,320 INFO ConnectionMetrics, totalCount = 0, detail = {long_connection=0, long_polling=0}

2026-10-02 11:03:20,796 INFO Connection check task start

2026-10-02 11:03:20,797 INFO Long connection metrics detail ,Total count =0, sdkCount=0,clusterCount=0

2026-10-02 11:03:20,797 INFO Out dated connection ,size=0

2026-10-02 11:03:20,798 INFO Connection check task end

2026-10-02 11:03:23,322 INFO ConnectionMetrics, totalCount = 0, detail = {long_connection=0, long_polling=0}

2026-10-02 11:03:23,799 INFO Connection check task start

2026-10-02 11:03:23,800 INFO Long connection metrics detail ,Total count =0, sdkCount=0,clusterCount=0

2026-10-02 11:03:23,801 INFO Out dated connection ,size=0

2026-10-02 11:03:23,802 INFO Connection check task end

2026-10-02 11:03:26,324 INFO ConnectionMetrics, totalCount = 0, detail = {long_connection=0, long_polling=0}

2026-10-02 11:03:26,803 INFO Connection check task start

2026-10-02 11:03:26,804 INFO Long connection metrics detail ,Total count =0, sdkCount=0,clusterCount=0

2026-10-02 11:03:26,805 INFO Out dated connection ,size=0

2026-10-02 11:03:26,806 INFO Connection check task end

2026-10-02 11:03:29,323 INFO ConnectionMetrics, totalCount = 0, detail = {long_connection=0, long_polling=0}

2026-10-02 11:03:29,805 INFO Connection check task start

2026-10-02 11:03:29,806 INFO Long connection metrics detail ,Total count =0, sdkCount=0,clusterCount=0

2026-10-02 11:03:29,807 INFO Out dated connection ,size=0

2026-10-02 11:03:29,807 INFO Connection check task end

2026-10-02 11:03:32,326 INFO ConnectionMetrics, totalCount = 0, detail = {long_connection=0, long_polling=0}

2026-10-02 11:03:32,808 INFO Connection check task start

2026-10-02 11:03:32,809 INFO Long connection metrics detail ,Total count =0, sdkCount=0,clusterCount=0

2026-10-02 11:03:32,809 INFO Out dated connection ,size=0

2026-10-02 11:03:32,809 INFO Connection check task end

2026-10-02 11:03:35,327 INFO ConnectionMetrics, totalCount = 0, detail = {long_connection=0, long_polling=0}

2026-10-02 11:03:35,810 INFO Connection check task start

2026-10-02 11:03:35,811 INFO Long connection metrics detail ,Total count =0, sdkCount=0,clusterCount=0

2026-10-02 11:03:35,811 INFO Out dated connection ,size=0

2026-10-02 11:03:35,812 INFO Connection check task end

2026-10-02 11:03:38,329 INFO ConnectionMetrics, totalCount = 0, detail = {long_connection=0, long_polling=0}

2026-10-02 11:03:38,813 INFO Connection check task start

2026-10-02 11:03:38,814 INFO Long connection metrics detail ,Total count =0, sdkCount=0,clusterCount=0

2026-10-02 11:03:38,815 INFO Out dated connection ,size=0

2026-10-02 11:03:38,815 INFO Connection check task end

2026-10-02 11:03:41,333 INFO ConnectionMetrics, totalCount = 0, detail = {long_connection=0, long_polling=0}

2026-10-02 11:03:41,816 INFO Connection check task start

2026-10-02 11:03:41,817 INFO Long connection metrics detail ,Total count =0, sdkCount=0,clusterCount=0

2026-10-02 11:03:41,818 INFO Out dated connection ,size=0

2026-10-02 11:03:41,819 INFO Connection check task end

2026-10-02 11:03:44,335 INFO ConnectionMetrics, totalCount = 0, detail = {long_connection=0, long_polling=0}

2026-10-02 11:03:44,820 INFO Connection check task start

2026-10-02 11:03:44,821 INFO Long connection metrics detail ,Total count =0, sdkCount=0,clusterCount=0

2026-10-02 11:03:44,822 INFO Out dated connection ,size=0

2026-10-02 11:03:44,823 INFO Connection check task end

2026-10-02 11:03:47,337 INFO ConnectionMetrics, totalCount = 0, detail = {long_connection=0, long_polling=0}

2026-10-02 11:03:47,824 INFO Connection check task start

2026-10-02 11:03:47,825 INFO Long connection metrics detail ,Total count =0, sdkCount=0,clusterCount=0

2026-10-02 11:03:47,825 INFO Out dated connection ,size=0

2026-10-02 11:03:47,826 INFO Connection check task end

2026-10-02 11:03:50,338 INFO ConnectionMetrics, totalCount = 0, detail = {long_connection=0, long_polling=0}

2026-10-02 11:03:50,827 INFO Connection check task start

2026-10-02 11:03:50,828 INFO Long connection metrics detail ,Total count =0, sdkCount=0,clusterCount=0

2026-10-02 11:03:50,828 INFO Out dated connection ,size=0

2026-10-02 11:03:50,829 INFO Connection check task end

2026-10-02 11:03:53,340 INFO ConnectionMetrics, totalCount = 0, detail = {long_connection=0, long_polling=0}

2026-10-02 11:03:53,830 INFO Connection check task start

2026-10-02 11:03:53,831 INFO Long connection metrics detail ,Total count =0, sdkCount=0,clusterCount=0

2026-10-02 11:03:53,831 INFO Out dated connection ,size=0

2026-10-02 11:03:53,832 INFO Connection check task end

2026-10-02 11:03:56,342 INFO ConnectionMetrics, totalCount = 0, detail = {long_connection=0, long_polling=0}

2026-10-02 11:03:56,833 INFO Connection check task start

2026-10-02 11:03:56,834 INFO Long connection metrics detail ,Total count =0, sdkCount=0,clusterCount=0

2026-10-02 11:03:56,834 INFO Out dated connection ,size=0

2026-10-02 11:03:56,835 INFO Connection check task end

2026-10-02 11:03:59,341 INFO ConnectionMetrics, totalCount = 0, detail = {long_connection=0, long_polling=0}

2026-10-02 11:03:59,834 INFO Connection check task start

2026-10-02 11:03:59,835 INFO Long connection metrics detail ,Total count =0, sdkCount=0,clusterCount=0

2026-10-02 11:03:59,836 INFO Out dated connection ,size=0

2026-10-02 11:03:59,837 INFO Connection check task end

2026-10-02 11:04:02,342 INFO ConnectionMetrics, totalCount = 0, detail = {long_connection=0, long_polling=0}

2026-10-02 11:04:02,838 INFO Connection check task start

2026-10-02 11:04:02,838 INFO Long connection metrics detail ,Total count =0, sdkCount=0,clusterCount=0

2026-10-02 11:04:02,839 INFO Out dated connection ,size=0

2026-10-02 11:04:02,839 INFO Connection check task end

2026-10-02 11:04:05,344 INFO ConnectionMetrics, totalCount = 0, detail = {long_connection=0, long_polling=0}

2026-10-02 11:04:05,840 INFO Connection check task start

2026-10-02 11:04:05,841 INFO Long connection metrics detail ,Total count =0, sdkCount=0,clusterCount=0

2026-10-02 11:04:05,842 INFO Out dated connection ,size=0

2026-10-02 11:04:05,843 INFO Connection check task end

2026-10-02 11:04:08,346 INFO ConnectionMetrics, totalCount = 0, detail = {long_connection=0, long_polling=0}

2026-10-02 11:04:08,845 INFO Connection check task start

2026-10-02 11:04:08,846 INFO Long connection metrics detail ,Total count =0, sdkCount=0,clusterCount=0

2026-10-02 11:04:08,847 INFO Out dated connection ,size=0

2026-10-02 11:04:08,848 INFO Connection check task end

2026-10-02 11:04:11,347 INFO ConnectionMetrics, totalCount = 0, detail = {long_connection=0, long_polling=0}

2026-10-02 11:04:11,848 INFO Connection check task start

2026-10-02 11:04:11,850 INFO Long connection metrics detail ,Total count =0, sdkCount=0,clusterCount=0

2026-10-02 11:04:11,851 INFO Out dated connection ,size=0

2026-10-02 11:04:11,852 INFO Connection check task end

2026-10-02 11:04:14,348 INFO ConnectionMetrics, totalCount = 0, detail = {long_connection=0, long_polling=0}

2026-10-02 11:04:14,853 INFO Connection check task start

2026-10-02 11:04:14,854 INFO Long connection metrics detail ,Total count =0, sdkCount=0,clusterCount=0

2026-10-02 11:04:14,854 INFO Out dated connection ,size=0

2026-10-02 11:04:14,855 INFO Connection check task end

2026-10-02 11:04:17,350 INFO ConnectionMetrics, totalCount = 0, detail = {long_connection=0, long_polling=0}

2026-10-02 11:04:17,856 INFO Connection check task start

2026-10-02 11:04:17,857 INFO Long connection metrics detail ,Total count =0, sdkCount=0,clusterCount=0

2026-10-02 11:04:17,858 INFO Out dated connection ,size=0

2026-10-02 11:04:17,859 INFO Connection check task end

2026-10-02 11:04:20,351 INFO ConnectionMetrics, totalCount = 0, detail = {long_connection=0, long_polling=0}

2026-10-02 11:04:20,860 INFO Connection check task start

2026-10-02 11:04:20,861 INFO Long connection metrics detail ,Total count =0, sdkCount=0,clusterCount=0

2026-10-02 11:04:20,862 INFO Out dated connection ,size=0

2026-10-02 11:04:20,863 INFO Connection check task end

2026-10-02 11:04:23,353 INFO ConnectionMetrics, totalCount = 0, detail = {long_connection=0, long_polling=0}

2026-10-02 11:04:23,864 INFO Connection check task start

2026-10-02 11:04:23,866 INFO Long connection metrics detail ,Total count =0, sdkCount=0,clusterCount=0

2026-10-02 11:04:23,867 INFO Out dated connection ,size=0

2026-10-02 11:04:23,867 INFO Connection check task end

2026-10-02 11:04:26,355 INFO ConnectionMetrics, totalCount = 0, detail = {long_connection=0, long_polling=0}

2026-10-02 11:04:26,868 INFO Connection check task start

2026-10-02 11:04:26,869 INFO Long connection metrics detail ,Total count =0, sdkCount=0,clusterCount=0

2026-10-02 11:04:26,870 INFO Out dated connection ,size=0

2026-10-02 11:04:26,870 INFO Connection check task end

2026-10-02 11:04:29,355 INFO ConnectionMetrics, totalCount = 0, detail = {long_connection=0, long_polling=0}

2026-10-02 11:04:29,869 INFO Connection check task start

2026-10-02 11:04:29,870 INFO Long connection metrics detail ,Total count =0, sdkCount=0,clusterCount=0

2026-10-02 11:04:29,871 INFO Out dated connection ,size=0

2026-10-02 11:04:29,871 INFO Connection check task end

2026-10-02 11:04:32,356 INFO ConnectionMetrics, totalCount = 0, detail = {long_connection=0, long_polling=0}

2026-10-02 11:04:32,872 INFO Connection check task start

2026-10-02 11:04:32,873 INFO Long connection metrics detail ,Total count =0, sdkCount=0,clusterCount=0

2026-10-02 11:04:32,873 INFO Out dated connection ,size=0

2026-10-02 11:04:32,874 INFO Connection check task end

2026-10-02 11:04:35,357 INFO ConnectionMetrics, totalCount = 0, detail = {long_connection=0, long_polling=0}

2026-10-02 11:04:35,874 INFO Connection check task start

2026-10-02 11:04:35,876 INFO Long connection metrics detail ,Total count =0, sdkCount=0,clusterCount=0

2026-10-02 11:04:35,877 INFO Out dated connection ,size=0

2026-10-02 11:04:35,878 INFO Connection check task end

2026-10-02 11:04:38,358 INFO ConnectionMetrics, totalCount = 0, detail = {long_connection=0, long_polling=0}

2026-10-02 11:04:38,879 INFO Connection check task start

2026-10-02 11:04:38,880 INFO Long connection metrics detail ,Total count =0, sdkCount=0,clusterCount=0

2026-10-02 11:04:38,880 INFO Out dated connection ,size=0

2026-10-02 11:04:38,881 INFO Connection check task end

2026-10-02 11:04:41,362 INFO ConnectionMetrics, totalCount = 0, detail = {long_connection=0, long_polling=0}

2026-10-02 11:04:41,882 INFO Connection check task start

2026-10-02 11:04:41,883 INFO Long connection metrics detail ,Total count =0, sdkCount=0,clusterCount=0

2026-10-02 11:04:41,884 INFO Out dated connection ,size=0

2026-10-02 11:04:41,884 INFO Connection check task end

2026-10-02 11:04:44,363 INFO ConnectionMetrics, totalCount = 0, detail = {long_connection=0, long_polling=0}

2026-10-02 11:04:44,885 INFO Connection check task start

2026-10-02 11:04:44,886 INFO Long connection metrics detail ,Total count =0, sdkCount=0,clusterCount=0

2026-10-02 11:04:44,886 INFO Out dated connection ,size=0

2026-10-02 11:04:44,886 INFO Connection check task end

2026-10-02 11:04:47,365 INFO ConnectionMetrics, totalCount = 0, detail = {long_connection=0, long_polling=0}

2026-10-02 11:04:47,887 INFO Connection check task start

2026-10-02 11:04:47,888 INFO Long connection metrics detail ,Total count =0, sdkCount=0,clusterCount=0

2026-10-02 11:04:47,889 INFO Out dated connection ,size=0

2026-10-02 11:04:47,889 INFO Connection check task end

2026-10-02 11:04:50,366 INFO ConnectionMetrics, totalCount = 0, detail = {long_connection=0, long_polling=0}

2026-10-02 11:04:50,890 INFO Connection check task start

2026-10-02 11:04:50,891 INFO Long connection metrics detail ,Total count =0, sdkCount=0,clusterCount=0

2026-10-02 11:04:50,892 INFO Out dated connection ,size=0

2026-10-02 11:04:50,893 INFO Connection check task end

2026-10-02 11:04:53,367 INFO ConnectionMetrics, totalCount = 0, detail = {long_connection=0, long_polling=0}

2026-10-02 11:04:53,894 INFO Connection check task start

2026-10-02 11:04:53,895 INFO Long connection metrics detail ,Total count =0, sdkCount=0,clusterCount=0

2026-10-02 11:04:53,896 INFO Out dated connection ,size=0

2026-10-02 11:04:53,897 INFO Connection check task end

2026-10-02 11:04:56,369 INFO ConnectionMetrics, totalCount = 0, detail = {long_connection=0, long_polling=0}

2026-10-02 11:04:56,897 INFO Connection check task start

2026-10-02 11:04:56,898 INFO Long connection metrics detail ,Total count =0, sdkCount=0,clusterCount=0

2026-10-02 11:04:56,899 INFO Out dated connection ,size=0

2026-10-02 11:04:56,900 INFO Connection check task end

2026-10-02 11:04:59,370 INFO ConnectionMetrics, totalCount = 0, detail = {long_connection=0, long_polling=0}

2026-10-02 11:04:59,899 INFO Connection check task start

2026-10-02 11:04:59,900 INFO Long connection metrics detail ,Total count =0, sdkCount=0,clusterCount=0

2026-10-02 11:04:59,900 INFO Out dated connection ,size=0

2026-10-02 11:04:59,901 INFO Connection check task end

2026-10-02 11:05:02,371 INFO ConnectionMetrics, totalCount = 0, detail = {long_connection=0, long_polling=0}

2026-10-02 11:05:02,902 INFO Connection check task start

2026-10-02 11:05:02,903 INFO Long connection metrics detail ,Total count =0, sdkCount=0,clusterCount=0

2026-10-02 11:05:02,904 INFO Out dated connection ,size=0

2026-10-02 11:05:02,904 INFO Connection check task end

2026-10-02 11:05:05,372 INFO ConnectionMetrics, totalCount = 0, detail = {long_connection=0, long_polling=0}

2026-10-02 11:05:05,905 INFO Connection check task start

2026-10-02 11:05:05,906 INFO Long connection metrics detail ,Total count =0, sdkCount=0,clusterCount=0

2026-10-02 11:05:05,907 INFO Out dated connection ,size=0

2026-10-02 11:05:05,908 INFO Connection check task end

2026-10-02 11:05:08,374 INFO ConnectionMetrics, totalCount = 0, detail = {long_connection=0, long_polling=0}

2026-10-02 11:05:08,909 INFO Connection check task start

2026-10-02 11:05:08,910 INFO Long connection metrics detail ,Total count =0, sdkCount=0,clusterCount=0

2026-10-02 11:05:08,911 INFO Out dated connection ,size=0

2026-10-02 11:05:08,912 INFO Connection check task end

2026-10-02 11:05:11,375 INFO ConnectionMetrics, totalCount = 0, detail = {long_connection=0, long_polling=0}

2026-10-02 11:05:11,912 INFO Connection check task start

2026-10-02 11:05:11,913 INFO Long connection metrics detail ,Total count =0, sdkCount=0,clusterCount=0

2026-10-02 11:05:11,914 INFO Out dated connection ,size=0

2026-10-02 11:05:11,915 INFO Connection check task end

2026-10-02 11:05:14,376 INFO ConnectionMetrics, totalCount = 0, detail = {long_connection=0, long_polling=0}

2026-10-02 11:05:14,916 INFO Connection check task start

2026-10-02 11:05:14,917 INFO Long connection metrics detail ,Total count =0, sdkCount=0,clusterCount=0

2026-10-02 11:05:14,918 INFO Out dated connection ,size=0

2026-10-02 11:05:14,919 INFO Connection check task end

2026-10-02 11:05:17,378 INFO ConnectionMetrics, totalCount = 0, detail = {long_connection=0, long_polling=0}

2026-10-02 11:05:17,920 INFO Connection check task start

2026-10-02 11:05:17,921 INFO Long connection metrics detail ,Total count =0, sdkCount=0,clusterCount=0

2026-10-02 11:05:17,921 INFO Out dated connection ,size=0

2026-10-02 11:05:17,921 INFO Connection check task end

2026-10-02 11:05:20,379 INFO ConnectionMetrics, totalCount = 0, detail = {long_connection=0, long_polling=0}

2026-10-02 11:05:20,922 INFO Connection check task start

2026-10-02 11:05:20,923 INFO Long connection metrics detail ,Total count =0, sdkCount=0,clusterCount=0

2026-10-02 11:05:20,924 INFO Out dated connection ,size=0

2026-10-02 11:05:20,925 INFO Connection check task end

2026-10-02 11:05:23,380 INFO ConnectionMetrics, totalCount = 0, detail = {long_connection=0, long_polling=0}

2026-10-02 11:05:23,926 INFO Connection check task start

2026-10-02 11:05:23,927 INFO Long connection metrics detail ,Total count =0, sdkCount=0,clusterCount=0

2026-10-02 11:05:23,928 INFO Out dated connection ,size=0

2026-10-02 11:05:23,928 INFO Connection check task end

2026-10-02 11:05:26,381 INFO ConnectionMetrics, totalCount = 0, detail = {long_connection=0, long_polling=0}

2026-10-02 11:05:26,929 INFO Connection check task start

2026-10-02 11:05:26,930 INFO Long connection metrics detail ,Total count =0, sdkCount=0,clusterCount=0

2026-10-02 11:05:26,931 INFO Out dated connection ,size=0

2026-10-02 11:05:26,932 INFO Connection check task end

2026-10-02 11:05:29,380 INFO ConnectionMetrics, totalCount = 0, detail = {long_connection=0, long_polling=0}

2026-10-02 11:05:29,931 INFO Connection check task start

2026-10-02 11:05:29,932 INFO Long connection metrics detail ,Total count =0, sdkCount=0,clusterCount=0

2026-10-02 11:05:29,934 INFO Out dated connection ,size=0

2026-10-02 11:05:29,934 INFO Connection check task end

2026-10-02 11:05:32,381 INFO ConnectionMetrics, totalCount = 0, detail = {long_connection=0, long_polling=0}

2026-10-02 11:05:32,935 INFO Connection check task start

2026-10-02 11:05:32,937 INFO Long connection metrics detail ,Total count =0, sdkCount=0,clusterCount=0

2026-10-02 11:05:32,938 INFO Out dated connection ,size=0

2026-10-02 11:05:32,939 INFO Connection check task end

2026-10-02 11:05:35,383 INFO ConnectionMetrics, totalCount = 0, detail = {long_connection=0, long_polling=0}

2026-10-02 11:05:35,940 INFO Connection check task start

2026-10-02 11:05:35,941 INFO Long connection metrics detail ,Total count =0, sdkCount=0,clusterCount=0

2026-10-02 11:05:35,942 INFO Out dated connection ,size=0

2026-10-02 11:05:35,943 INFO Connection check task end

2026-10-02 11:05:38,384 INFO ConnectionMetrics, totalCount = 0, detail = {long_connection=0, long_polling=0}

2026-10-02 11:05:38,944 INFO Connection check task start

2026-10-02 11:05:38,945 INFO Long connection metrics detail ,Total count =0, sdkCount=0,clusterCount=0

2026-10-02 11:05:38,945 INFO Out dated connection ,size=0

2026-10-02 11:05:38,946 INFO Connection check task end

2026-10-02 11:05:41,385 INFO ConnectionMetrics, totalCount = 0, detail = {long_connection=0, long_polling=0}

2026-10-02 11:05:41,946 INFO Connection check task start

2026-10-02 11:05:41,947 INFO Long connection metrics detail ,Total count =0, sdkCount=0,clusterCount=0

2026-10-02 11:05:41,948 INFO Out dated connection ,size=0

2026-10-02 11:05:41,949 INFO Connection check task end

2026-10-02 11:05:44,386 INFO ConnectionMetrics, totalCount = 0, detail = {long_connection=0, long_polling=0}

2026-10-02 11:05:44,949 INFO Connection check task start

2026-10-02 11:05:44,950 INFO Long connection metrics detail ,Total count =0, sdkCount=0,clusterCount=0

2026-10-02 11:05:44,952 INFO Out dated connection ,size=0

2026-10-02 11:05:44,953 INFO Connection check task end

2026-10-02 11:05:47,387 INFO ConnectionMetrics, totalCount = 0, detail = {long_connection=0, long_polling=0}

2026-10-02 11:05:47,954 INFO Connection check task start

2026-10-02 11:05:47,955 INFO Long connection metrics detail ,Total count =0, sdkCount=0,clusterCount=0

2026-10-02 11:05:47,955 INFO Out dated connection ,size=0

2026-10-02 11:05:47,956 INFO Connection check task end

2026-10-02 11:05:50,388 INFO ConnectionMetrics, totalCount = 0, detail = {long_connection=0, long_polling=0}

2026-10-02 11:05:50,956 INFO Connection check task start

2026-10-02 11:05:50,957 INFO Long connection metrics detail ,Total count =0, sdkCount=0,clusterCount=0

2026-10-02 11:05:50,958 INFO Out dated connection ,size=0

2026-10-02 11:05:50,959 INFO Connection check task end

2026-10-02 11:05:53,390 INFO ConnectionMetrics, totalCount = 0, detail = {long_connection=0, long_polling=0}

2026-10-02 11:05:53,959 INFO Connection check task start

2026-10-02 11:05:53,960 INFO Long connection metrics detail ,Total count =0, sdkCount=0,clusterCount=0

2026-10-02 11:05:53,961 INFO Out dated connection ,size=0

2026-10-02 11:05:53,962 INFO Connection check task end

2026-10-02 11:05:56,391 INFO ConnectionMetrics, totalCount = 0, detail = {long_connection=0, long_polling=0}

2026-10-02 11:05:56,963 INFO Connection check task start

2026-10-02 11:05:56,964 INFO Long connection metrics detail ,Total count =0, sdkCount=0,clusterCount=0

2026-10-02 11:05:56,965 INFO Out dated connection ,size=0

2026-10-02 11:05:56,966 INFO Connection check task end

2026-10-02 11:05:59,390 INFO ConnectionMetrics, totalCount = 0, detail = {long_connection=0, long_polling=0}

2026-10-02 11:05:59,965 INFO Connection check task start

2026-10-02 11:05:59,966 INFO Long connection metrics detail ,Total count =0, sdkCount=0,clusterCount=0

2026-10-02 11:05:59,967 INFO Out dated connection ,size=0

2026-10-02 11:05:59,968 INFO Connection check task end

2026-10-02 11:06:02,391 INFO ConnectionMetrics, totalCount = 0, detail = {long_connection=0, long_polling=0}

2026-10-02 11:06:02,970 INFO Connection check task start

2026-10-02 11:06:02,971 INFO Long connection metrics detail ,Total count =0, sdkCount=0,clusterCount=0

2026-10-02 11:06:02,971 INFO Out dated connection ,size=0

2026-10-02 11:06:02,972 INFO Connection check task end

2026-10-02 11:06:05,393 INFO ConnectionMetrics, totalCount = 0, detail = {long_connection=0, long_polling=0}

2026-10-02 11:06:05,972 INFO Connection check task start

2026-10-02 11:06:05,973 INFO Long connection metrics detail ,Total count =0, sdkCount=0,clusterCount=0

2026-10-02 11:06:05,974 INFO Out dated connection ,size=0

2026-10-02 11:06:05,974 INFO Connection check task end

2026-10-02 11:06:08,394 INFO ConnectionMetrics, totalCount = 0, detail = {long_connection=0, long_polling=0}

2026-10-02 11:06:08,975 INFO Connection check task start

2026-10-02 11:06:08,977 INFO Long connection metrics detail ,Total count =0, sdkCount=0,clusterCount=0

2026-10-02 11:06:08,979 INFO Out dated connection ,size=0

2026-10-02 11:06:08,981 INFO Connection check task end

2026-10-02 11:06:11,396 INFO ConnectionMetrics, totalCount = 0, detail = {long_connection=0, long_polling=0}

2026-10-02 11:06:11,986 INFO Connection check task start

2026-10-02 11:06:11,987 INFO Long connection metrics detail ,Total count =0, sdkCount=0,clusterCount=0

2026-10-02 11:06:11,989 INFO Out dated connection ,size=0

2026-10-02 11:06:11,990 INFO Connection check task end

2026-10-02 11:06:14,397 INFO ConnectionMetrics, totalCount = 0, detail = {long_connection=0, long_polling=0}

2026-10-02 11:06:14,991 INFO Connection check task start

2026-10-02 11:06:14,993 INFO Long connection metrics detail ,Total count =0, sdkCount=0,clusterCount=0

2026-10-02 11:06:14,994 INFO Out dated connection ,size=0

2026-10-02 11:06:14,995 INFO Connection check task end

2026-10-02 11:06:17,398 INFO ConnectionMetrics, totalCount = 0, detail = {long_connection=0, long_polling=0}

2026-10-02 11:06:17,996 INFO Connection check task start

2026-10-02 11:06:17,997 INFO Long connection metrics detail ,Total count =0, sdkCount=0,clusterCount=0

2026-10-02 11:06:17,998 INFO Out dated connection ,size=0

2026-10-02 11:06:17,999 INFO Connection check task end

2026-10-02 11:06:20,399 INFO ConnectionMetrics, totalCount = 0, detail = {long_connection=0, long_polling=0}

2026-10-02 11:06:21,000 INFO Connection check task start

2026-10-02 11:06:21,001 INFO Long connection metrics detail ,Total count =0, sdkCount=0,clusterCount=0

2026-10-02 11:06:21,002 INFO Out dated connection ,size=0

2026-10-02 11:06:21,003 INFO Connection check task end

2026-10-02 11:06:23,400 INFO ConnectionMetrics, totalCount = 0, detail = {long_connection=0, long_polling=0}

2026-10-02 11:06:24,004 INFO Connection check task start

2026-10-02 11:06:24,005 INFO Long connection metrics detail ,Total count =0, sdkCount=0,clusterCount=0

2026-10-02 11:06:24,006 INFO Out dated connection ,size=0

2026-10-02 11:06:24,007 INFO Connection check task end

2026-10-02 11:06:26,402 INFO ConnectionMetrics, totalCount = 0, detail = {long_connection=0, long_polling=0}

2026-10-02 11:06:27,008 INFO Connection check task start

2026-10-02 11:06:27,009 INFO Long connection metrics detail ,Total count =0, sdkCount=0,clusterCount=0

2026-10-02 11:06:27,010 INFO Out dated connection ,size=0

2026-10-02 11:06:27,011 INFO Connection check task end

2026-10-02 11:06:29,403 INFO ConnectionMetrics, totalCount = 0, detail = {long_connection=0, long_polling=0}

2026-10-02 11:06:30,011 INFO Connection check task start

2026-10-02 11:06:30,012 INFO Long connection metrics detail ,Total count =0, sdkCount=0,clusterCount=0

2026-10-02 11:06:30,012 INFO Out dated connection ,size=0

2026-10-02 11:06:30,013 INFO Connection check task end

2026-10-02 11:06:32,407 INFO ConnectionMetrics, totalCount = 0, detail = {long_connection=0, long_polling=0}

2026-10-02 11:06:33,013 INFO Connection check task start

2026-10-02 11:06:33,014 INFO Long connection metrics detail ,Total count =0, sdkCount=0,clusterCount=0

2026-10-02 11:06:33,015 INFO Out dated connection ,size=0

2026-10-02 11:06:33,015 INFO Connection check task end

2026-10-02 11:06:35,408 INFO ConnectionMetrics, totalCount = 0, detail = {long_connection=0, long_polling=0}

2026-10-02 11:06:36,016 INFO Connection check task start

2026-10-02 11:06:36,017 INFO Long connection metrics detail ,Total count =0, sdkCount=0,clusterCount=0

2026-10-02 11:06:36,018 INFO Out dated connection ,size=0

2026-10-02 11:06:36,018 INFO Connection check task end

2026-10-02 11:06:38,410 INFO ConnectionMetrics, totalCount = 0, detail = {long_connection=0, long_polling=0}

2026-10-02 11:06:39,019 INFO Connection check task start

2026-10-02 11:06:39,025 INFO Long connection metrics detail ,Total count =0, sdkCount=0,clusterCount=0

2026-10-02 11:06:39,026 INFO Out dated connection ,size=0

2026-10-02 11:06:39,031 INFO Connection check task end

2026-10-02 11:06:41,411 INFO ConnectionMetrics, totalCount = 0, detail = {long_connection=0, long_polling=0}

2026-10-02 11:06:42,033 INFO Connection check task start

2026-10-02 11:06:42,034 INFO Long connection metrics detail ,Total count =0, sdkCount=0,clusterCount=0

2026-10-02 11:06:42,035 INFO Out dated connection ,size=0

2026-10-02 11:06:42,036 INFO Connection check task end

2026-10-02 11:06:44,413 INFO ConnectionMetrics, totalCount = 0, detail = {long_connection=0, long_polling=0}

2026-10-02 11:06:45,037 INFO Connection check task start

2026-10-02 11:06:45,038 INFO Long connection metrics detail ,Total count =0, sdkCount=0,clusterCount=0

2026-10-02 11:06:45,039 INFO Out dated connection ,size=0

2026-10-02 11:06:45,040 INFO Connection check task end

2026-10-02 11:06:47,414 INFO ConnectionMetrics, totalCount = 0, detail = {long_connection=0, long_polling=0}

2026-10-02 11:06:48,040 INFO Connection check task start

2026-10-02 11:06:48,042 INFO Long connection metrics detail ,Total count =0, sdkCount=0,clusterCount=0

2026-10-02 11:06:48,043 INFO Out dated connection ,size=0

2026-10-02 11:06:48,044 INFO Connection check task end

2026-10-02 11:06:50,416 INFO ConnectionMetrics, totalCount = 0, detail = {long_connection=0, long_polling=0}

2026-10-02 11:06:51,045 INFO Connection check task start

2026-10-02 11:06:51,046 INFO Long connection metrics detail ,Total count =0, sdkCount=0,clusterCount=0

2026-10-02 11:06:51,047 INFO Out dated connection ,size=0

2026-10-02 11:06:51,048 INFO Connection check task end

2026-10-02 11:06:53,417 INFO ConnectionMetrics, totalCount = 0, detail = {long_connection=0, long_polling=0}

2026-10-02 11:06:54,049 INFO Connection check task start

2026-10-02 11:06:54,049 INFO Long connection metrics detail ,Total count =0, sdkCount=0,clusterCount=0

2026-10-02 11:06:54,050 INFO Out dated connection ,size=0

2026-10-02 11:06:54,050 INFO Connection check task end

2026-10-02 11:06:56,418 INFO ConnectionMetrics, totalCount = 0, detail = {long_connection=0, long_polling=0}

2026-10-02 11:06:57,051 INFO Connection check task start

2026-10-02 11:06:57,052 INFO Long connection metrics detail ,Total count =0, sdkCount=0,clusterCount=0

2026-10-02 11:06:57,053 INFO Out dated connection ,size=0

2026-10-02 11:06:57,054 INFO Connection check task end

2026-10-02 11:06:59,417 INFO ConnectionMetrics, totalCount = 0, detail = {long_connection=0, long_polling=0}

2026-10-02 11:07:00,053 INFO Connection check task start

2026-10-02 11:07:00,054 INFO Long connection metrics detail ,Total count =0, sdkCount=0,clusterCount=0

2026-10-02 11:07:00,055 INFO Out dated connection ,size=0

2026-10-02 11:07:00,056 INFO Connection check task end

2026-10-02 11:07:02,418 INFO ConnectionMetrics, totalCount = 0, detail = {long_connection=0, long_polling=0}

2026-10-02 11:07:03,057 INFO Connection check task start

2026-10-02 11:07:03,059 INFO Long connection metrics detail ,Total count =0, sdkCount=0,clusterCount=0

2026-10-02 11:07:03,060 INFO Out dated connection ,size=0

2026-10-02 11:07:03,061 INFO Connection check task end

2026-10-02 11:07:05,419 INFO ConnectionMetrics, totalCount = 0, detail = {long_connection=0, long_polling=0}

2026-10-02 11:07:06,062 INFO Connection check task start

2026-10-02 11:07:06,063 INFO Long connection metrics detail ,Total count =0, sdkCount=0,clusterCount=0

2026-10-02 11:07:06,064 INFO Out dated connection ,size=0

2026-10-02 11:07:06,065 INFO Connection check task end

2026-10-02 11:07:08,421 INFO ConnectionMetrics, totalCount = 0, detail = {long_connection=0, long_polling=0}

2026-10-02 11:07:09,066 INFO Connection check task start

2026-10-02 11:07:09,070 INFO Long connection metrics detail ,Total count =0, sdkCount=0,clusterCount=0

2026-10-02 11:07:09,072 INFO Out dated connection ,size=0

2026-10-02 11:07:09,073 INFO Connection check task end

2026-10-02 11:07:11,422 INFO ConnectionMetrics, totalCount = 0, detail = {long_connection=0, long_polling=0}

2026-10-02 11:07:12,077 INFO Connection check task start

2026-10-02 11:07:12,078 INFO Long connection metrics detail ,Total count =0, sdkCount=0,clusterCount=0

2026-10-02 11:07:12,079 INFO Out dated connection ,size=0

2026-10-02 11:07:12,080 INFO Connection check task end

2026-10-02 11:07:14,423 INFO ConnectionMetrics, totalCount = 0, detail = {long_connection=0, long_polling=0}

2026-10-02 11:07:15,081 INFO Connection check task start

2026-10-02 11:07:15,082 INFO Long connection metrics detail ,Total count =0, sdkCount=0,clusterCount=0

2026-10-02 11:07:15,083 INFO Out dated connection ,size=0

2026-10-02 11:07:15,083 INFO Connection check task end

2026-10-02 11:07:17,424 INFO ConnectionMetrics, totalCount = 0, detail = {long_connection=0, long_polling=0}

2026-10-02 11:07:18,084 INFO Connection check task start

2026-10-02 11:07:18,086 INFO Long connection metrics detail ,Total count =0, sdkCount=0,clusterCount=0

2026-10-02 11:07:18,086 INFO Out dated connection ,size=0

2026-10-02 11:07:18,087 INFO Connection check task end

2026-10-02 11:07:20,426 INFO ConnectionMetrics, totalCount = 0, detail = {long_connection=0, long_polling=0}

2026-10-02 11:07:21,088 INFO Connection check task start

2026-10-02 11:07:21,089 INFO Long connection metrics detail ,Total count =0, sdkCount=0,clusterCount=0

2026-10-02 11:07:21,090 INFO Out dated connection ,size=0

2026-10-02 11:07:21,092 INFO Connection check task end

2026-10-02 11:07:23,427 INFO ConnectionMetrics, totalCount = 0, detail = {long_connection=0, long_polling=0}

2026-10-02 11:07:24,093 INFO Connection check task start

2026-10-02 11:07:24,094 INFO Long connection metrics detail ,Total count =0, sdkCount=0,clusterCount=0

2026-10-02 11:07:24,096 INFO Out dated connection ,size=0

2026-10-02 11:07:24,097 INFO Connection check task end

2026-10-02 11:07:26,428 INFO ConnectionMetrics, totalCount = 0, detail = {long_connection=0, long_polling=0}

2026-10-02 11:07:27,098 INFO Connection check task start

2026-10-02 11:07:27,100 INFO Long connection metrics detail ,Total count =0, sdkCount=0,clusterCount=0

2026-10-02 11:07:27,101 INFO Out dated connection ,size=0

2026-10-02 11:07:27,101 INFO Connection check task end

2026-10-02 11:07:29,427 INFO ConnectionMetrics, totalCount = 0, detail = {long_connection=0, long_polling=0}

2026-10-02 11:07:30,101 INFO Connection check task start

2026-10-02 11:07:30,101 INFO Long connection metrics detail ,Total count =0, sdkCount=0,clusterCount=0

2026-10-02 11:07:30,102 INFO Out dated connection ,size=0

2026-10-02 11:07:30,102 INFO Connection check task end

2026-10-02 11:07:32,434 INFO ConnectionMetrics, totalCount = 0, detail = {long_connection=0, long_polling=0}

2026-10-02 11:07:33,103 INFO Connection check task start

2026-10-02 11:07:33,104 INFO Long connection metrics detail ,Total count =0, sdkCount=0,clusterCount=0

2026-10-02 11:07:33,105 INFO Out dated connection ,size=0

2026-10-02 11:07:33,105 INFO Connection check task end

2026-10-02 11:07:35,436 INFO ConnectionMetrics, totalCount = 0, detail = {long_connection=0, long_polling=0}

2026-10-02 11:07:36,106 INFO Connection check task start

2026-10-02 11:07:36,107 INFO Long connection metrics detail ,Total count =0, sdkCount=0,clusterCount=0

2026-10-02 11:07:36,108 INFO Out dated connection ,size=0

2026-10-02 11:07:36,109 INFO Connection check task end

2026-10-02 11:07:38,437 INFO ConnectionMetrics, totalCount = 0, detail = {long_connection=0, long_polling=0}

2026-10-02 11:07:39,109 INFO Connection check task start

2026-10-02 11:07:39,110 INFO Long connection metrics detail ,Total count =0, sdkCount=0,clusterCount=0

2026-10-02 11:07:39,111 INFO Out dated connection ,size=0

2026-10-02 11:07:39,112 INFO Connection check task end

2026-10-02 11:07:41,438 INFO ConnectionMetrics, totalCount = 0, detail = {long_connection=0, long_polling=0}

2026-10-02 11:07:42,113 INFO Connection check task start

2026-10-02 11:07:42,114 INFO Long connection metrics detail ,Total count =0, sdkCount=0,clusterCount=0

2026-10-02 11:07:42,115 INFO Out dated connection ,size=0

2026-10-02 11:07:42,116 INFO Connection check task end

2026-10-02 11:07:44,440 INFO ConnectionMetrics, totalCount = 0, detail = {long_connection=0, long_polling=0}

2026-10-02 11:07:45,116 INFO Connection check task start

2026-10-02 11:07:45,117 INFO Long connection metrics detail ,Total count =0, sdkCount=0,clusterCount=0

2026-10-02 11:07:45,118 INFO Out dated connection ,size=0

2026-10-02 11:07:45,119 INFO Connection check task end

2026-10-02 11:07:47,442 INFO ConnectionMetrics, totalCount = 0, detail = {long_connection=0, long_polling=0}

2026-10-02 11:07:48,120 INFO Connection check task start

2026-10-02 11:07:48,120 INFO Long connection metrics detail ,Total count =0, sdkCount=0,clusterCount=0

2026-10-02 11:07:48,121 INFO Out dated connection ,size=0

2026-10-02 11:07:48,121 INFO Connection check task end

2026-10-02 11:07:50,443 INFO ConnectionMetrics, totalCount = 0, detail = {long_connection=0, long_polling=0}

2026-10-02 11:07:51,122 INFO Connection check task start

2026-10-02 11:07:51,123 INFO Long connection metrics detail ,Total count =0, sdkCount=0,clusterCount=0

2026-10-02 11:07:51,124 INFO Out dated connection ,size=0

2026-10-02 11:07:51,124 INFO Connection check task end

2026-10-02 11:07:53,444 INFO ConnectionMetrics, totalCount = 0, detail = {long_connection=0, long_polling=0}

2026-10-02 11:07:54,125 INFO Connection check task start

2026-10-02 11:07:54,127 INFO Long connection metrics detail ,Total count =0, sdkCount=0,clusterCount=0

2026-10-02 11:07:54,128 INFO Out dated connection ,size=0

2026-10-02 11:07:54,129 INFO Connection check task end

2026-10-02 11:07:56,446 INFO ConnectionMetrics, totalCount = 0, detail = {long_connection=0, long_polling=0}

2026-10-02 11:07:57,131 INFO Connection check task start

2026-10-02 11:07:57,132 INFO Long connection metrics detail ,Total count =0, sdkCount=0,clusterCount=0

2026-10-02 11:07:57,133 INFO Out dated connection ,size=0

2026-10-02 11:07:57,134 INFO Connection check task end

2026-10-02 11:07:59,446 INFO ConnectionMetrics, totalCount = 0, detail = {long_connection=0, long_polling=0}

2026-10-02 11:08:00,133 INFO Connection check task start

2026-10-02 11:08:00,134 INFO Long connection metrics detail ,Total count =0, sdkCount=0,clusterCount=0

2026-10-02 11:08:00,134 INFO Out dated connection ,size=0

2026-10-02 11:08:00,135 INFO Connection check task end

2026-10-02 11:08:02,447 INFO ConnectionMetrics, totalCount = 0, detail = {long_connection=0, long_polling=0}

2026-10-02 11:08:03,136 INFO Connection check task start

2026-10-02 11:08:03,137 INFO Long connection metrics detail ,Total count =0, sdkCount=0,clusterCount=0

2026-10-02 11:08:03,137 INFO Out dated connection ,size=0

2026-10-02 11:08:03,138 INFO Connection check task end

2026-10-02 11:08:05,448 INFO ConnectionMetrics, totalCount = 0, detail = {long_connection=0, long_polling=0}

2026-10-02 11:08:06,138 INFO Connection check task start

2026-10-02 11:08:06,139 INFO Long connection metrics detail ,Total count =0, sdkCount=0,clusterCount=0

2026-10-02 11:08:06,140 INFO Out dated connection ,size=0

2026-10-02 11:08:06,140 INFO Connection check task end

2026-10-02 11:08:08,449 INFO ConnectionMetrics, totalCount = 0, detail = {long_connection=0, long_polling=0}

2026-10-02 11:08:09,140 INFO Connection check task start

2026-10-02 11:08:09,142 INFO Long connection metrics detail ,Total count =0, sdkCount=0,clusterCount=0

2026-10-02 11:08:09,143 INFO Out dated connection ,size=0

2026-10-02 11:08:09,144 INFO Connection check task end

2026-10-02 11:08:11,450 INFO ConnectionMetrics, totalCount = 0, detail = {long_connection=0, long_polling=0}

2026-10-02 11:08:12,146 INFO Connection check task start

2026-10-02 11:08:12,147 INFO Long connection metrics detail ,Total count =0, sdkCount=0,clusterCount=0

2026-10-02 11:08:12,149 INFO Out dated connection ,size=0

2026-10-02 11:08:12,149 INFO Connection check task end

2026-10-02 11:08:14,452 INFO ConnectionMetrics, totalCount = 0, detail = {long_connection=0, long_polling=0}

2026-10-02 11:08:15,150 INFO Connection check task start

2026-10-02 11:08:15,151 INFO Long connection metrics detail ,Total count =0, sdkCount=0,clusterCount=0

2026-10-02 11:08:15,151 INFO Out dated connection ,size=0

2026-10-02 11:08:15,152 INFO Connection check task end

2026-10-02 11:08:17,453 INFO ConnectionMetrics, totalCount = 0, detail = {long_connection=0, long_polling=0}

2026-10-02 11:08:18,153 INFO Connection check task start

2026-10-02 11:08:18,157 INFO Long connection metrics detail ,Total count =0, sdkCount=0,clusterCount=0

2026-10-02 11:08:18,160 INFO Out dated connection ,size=0

2026-10-02 11:08:18,168 INFO Connection check task end

2026-10-02 11:08:20,455 INFO ConnectionMetrics, totalCount = 0, detail = {long_connection=0, long_polling=0}

2026-10-02 11:08:21,169 INFO Connection check task start

2026-10-02 11:08:21,170 INFO Long connection metrics detail ,Total count =0, sdkCount=0,clusterCount=0

2026-10-02 11:08:21,171 INFO Out dated connection ,size=0

2026-10-02 11:08:21,171 INFO Connection check task end

2026-10-02 11:08:23,456 INFO ConnectionMetrics, totalCount = 0, detail = {long_connection=0, long_polling=0}

2026-10-02 11:08:24,172 INFO Connection check task start

2026-10-02 11:08:24,173 INFO Long connection metrics detail ,Total count =0, sdkCount=0,clusterCount=0

2026-10-02 11:08:24,174 INFO Out dated connection ,size=0

2026-10-02 11:08:24,175 INFO Connection check task end

2026-10-02 11:08:26,458 INFO ConnectionMetrics, totalCount = 0, detail = {long_connection=0, long_polling=0}

2026-10-02 11:08:27,176 INFO Connection check task start

2026-10-02 11:08:27,177 INFO Long connection metrics detail ,Total count =0, sdkCount=0,clusterCount=0

2026-10-02 11:08:27,178 INFO Out dated connection ,size=0

2026-10-02 11:08:27,179 INFO Connection check task end

2026-10-02 11:08:29,458 INFO ConnectionMetrics, totalCount = 0, detail = {long_connection=0, long_polling=0}

2026-10-02 11:08:30,179 INFO Connection check task start

2026-10-02 11:08:30,180 INFO Long connection metrics detail ,Total count =0, sdkCount=0,clusterCount=0

2026-10-02 11:08:30,180 INFO Out dated connection ,size=0

2026-10-02 11:08:30,181 INFO Connection check task end

2026-10-02 11:08:32,459 INFO ConnectionMetrics, totalCount = 0, detail = {long_connection=0, long_polling=0}

2026-10-02 11:08:33,182 INFO Connection check task start

2026-10-02 11:08:33,182 INFO Long connection metrics detail ,Total count =0, sdkCount=0,clusterCount=0

2026-10-02 11:08:33,183 INFO Out dated connection ,size=0

2026-10-02 11:08:33,183 INFO Connection check task end

2026-10-02 11:08:35,460 INFO ConnectionMetrics, totalCount = 0, detail = {long_connection=0, long_polling=0}

2026-10-02 11:08:36,184 INFO Connection check task start

2026-10-02 11:08:36,185 INFO Long connection metrics detail ,Total count =0, sdkCount=0,clusterCount=0

2026-10-02 11:08:36,186 INFO Out dated connection ,size=0

2026-10-02 11:08:36,187 INFO Connection check task end

2026-10-02 11:08:38,462 INFO ConnectionMetrics, totalCount = 0, detail = {long_connection=0, long_polling=0}

2026-10-02 11:08:39,188 INFO Connection check task start

2026-10-02 11:08:39,191 INFO Long connection metrics detail ,Total count =0, sdkCount=0,clusterCount=0

2026-10-02 11:08:39,193 INFO Out dated connection ,size=0

2026-10-02 11:08:39,195 INFO Connection check task end

2026-10-02 11:08:41,463 INFO ConnectionMetrics, totalCount = 0, detail = {long_connection=0, long_polling=0}

2026-10-02 11:08:42,202 INFO Connection check task start

2026-10-02 11:08:42,203 INFO Long connection metrics detail ,Total count =0, sdkCount=0,clusterCount=0

2026-10-02 11:08:42,203 INFO Out dated connection ,size=0

2026-10-02 11:08:42,204 INFO Connection check task end

2026-10-02 11:08:44,465 INFO ConnectionMetrics, totalCount = 0, detail = {long_connection=0, long_polling=0}

2026-10-02 11:08:45,205 INFO Connection check task start

2026-10-02 11:08:45,205 INFO Long connection metrics detail ,Total count =0, sdkCount=0,clusterCount=0

2026-10-02 11:08:45,206 INFO Out dated connection ,size=0

2026-10-02 11:08:45,207 INFO Connection check task end

2026-10-02 11:08:47,466 INFO ConnectionMetrics, totalCount = 0, detail = {long_connection=0, long_polling=0}

2026-10-02 11:08:48,207 INFO Connection check task start

2026-10-02 11:08:48,208 INFO Long connection metrics detail ,Total count =0, sdkCount=0,clusterCount=0

2026-10-02 11:08:48,209 INFO Out dated connection ,size=0

2026-10-02 11:08:48,210 INFO Connection check task end

2026-10-02 11:08:50,467 INFO ConnectionMetrics, totalCount = 0, detail = {long_connection=0, long_polling=0}

2026-10-02 11:08:51,211 INFO Connection check task start

2026-10-02 11:08:51,212 INFO Long connection metrics detail ,Total count =0, sdkCount=0,clusterCount=0

2026-10-02 11:08:51,212 INFO Out dated connection ,size=0

2026-10-02 11:08:51,213 INFO Connection check task end

2026-10-02 11:08:53,468 INFO ConnectionMetrics, totalCount = 0, detail = {long_connection=0, long_polling=0}

2026-10-02 11:08:54,213 INFO Connection check task start

2026-10-02 11:08:54,215 INFO Long connection metrics detail ,Total count =0, sdkCount=0,clusterCount=0

2026-10-02 11:08:54,216 INFO Out dated connection ,size=0

2026-10-02 11:08:54,217 INFO Connection check task end

2026-10-02 11:08:56,469 INFO ConnectionMetrics, totalCount = 0, detail = {long_connection=0, long_polling=0}

2026-10-02 11:08:57,217 INFO Connection check task start

2026-10-02 11:08:57,218 INFO Long connection metrics detail ,Total count =0, sdkCount=0,clusterCount=0

2026-10-02 11:08:57,219 INFO Out dated connection ,size=0

2026-10-02 11:08:57,219 INFO Connection check task end

2026-10-02 11:08:59,468 INFO ConnectionMetrics, totalCount = 0, detail = {long_connection=0, long_polling=0}

2026-10-02 11:09:00,218 INFO Connection check task start

2026-10-02 11:09:00,220 INFO Long connection metrics detail ,Total count =0, sdkCount=0,clusterCount=0

2026-10-02 11:09:00,221 INFO Out dated connection ,size=0

2026-10-02 11:09:00,222 INFO Connection check task end

2026-10-02 11:09:02,470 INFO ConnectionMetrics, totalCount = 0, detail = {long_connection=0, long_polling=0}

2026-10-02 11:09:03,223 INFO Connection check task start

2026-10-02 11:09:03,224 INFO Long connection metrics detail ,Total count =0, sdkCount=0,clusterCount=0

2026-10-02 11:09:03,225 INFO Out dated connection ,size=0

2026-10-02 11:09:03,225 INFO Connection check task end

2026-10-02 11:09:05,472 INFO ConnectionMetrics, totalCount = 0, detail = {long_connection=0, long_polling=0}

2026-10-02 11:09:06,226 INFO Connection check task start

2026-10-02 11:09:06,227 INFO Long connection metrics detail ,Total count =0, sdkCount=0,clusterCount=0

2026-10-02 11:09:06,228 INFO Out dated connection ,size=0

2026-10-02 11:09:06,229 INFO Connection check task end

2026-10-02 11:09:08,474 INFO ConnectionMetrics, totalCount = 0, detail = {long_connection=0, long_polling=0}

2026-10-02 11:09:09,230 INFO Connection check task start

2026-10-02 11:09:09,231 INFO Long connection metrics detail ,Total count =0, sdkCount=0,clusterCount=0

2026-10-02 11:09:09,232 INFO Out dated connection ,size=0

2026-10-02 11:09:09,233 INFO Connection check task end

2026-10-02 11:09:11,475 INFO ConnectionMetrics, totalCount = 0, detail = {long_connection=0, long_polling=0}

2026-10-02 11:09:12,235 INFO Connection check task start

2026-10-02 11:09:12,236 INFO Long connection metrics detail ,Total count =0, sdkCount=0,clusterCount=0

2026-10-02 11:09:12,237 INFO Out dated connection ,size=0

2026-10-02 11:09:12,237 INFO Connection check task end

2026-10-02 11:09:14,476 INFO ConnectionMetrics, totalCount = 0, detail = {long_connection=0, long_polling=0}

2026-10-02 11:09:15,238 INFO Connection check task start

2026-10-02 11:09:15,239 INFO Long connection metrics detail ,Total count =0, sdkCount=0,clusterCount=0

2026-10-02 11:09:15,239 INFO Out dated connection ,size=0

2026-10-02 11:09:15,240 INFO Connection check task end

2026-10-02 11:09:17,478 INFO ConnectionMetrics, totalCount = 0, detail = {long_connection=0, long_polling=0}

2026-10-02 11:09:18,240 INFO Connection check task start

2026-10-02 11:09:18,241 INFO Long connection metrics detail ,Total count =0, sdkCount=0,clusterCount=0

2026-10-02 11:09:18,242 INFO Out dated connection ,size=0

2026-10-02 11:09:18,243 INFO Connection check task end

2026-10-02 11:09:20,479 INFO ConnectionMetrics, totalCount = 0, detail = {long_connection=0, long_polling=0}

2026-10-02 11:09:21,244 INFO Connection check task start

2026-10-02 11:09:21,246 INFO Long connection metrics detail ,Total count =0, sdkCount=0,clusterCount=0

2026-10-02 11:09:21,247 INFO Out dated connection ,size=0

2026-10-02 11:09:21,248 INFO Connection check task end

2026-10-02 11:09:23,486 INFO ConnectionMetrics, totalCount = 0, detail = {long_connection=0, long_polling=0}

2026-10-02 11:09:24,250 INFO Connection check task start

2026-10-02 11:09:24,250 INFO Long connection metrics detail ,Total count =0, sdkCount=0,clusterCount=0

2026-10-02 11:09:24,251 INFO Out dated connection ,size=0

2026-10-02 11:09:24,252 INFO Connection check task end

2026-10-02 11:09:26,487 INFO ConnectionMetrics, totalCount = 0, detail = {long_connection=0, long_polling=0}

2026-10-02 11:09:27,253 INFO Connection check task start

2026-10-02 11:09:27,254 INFO Long connection metrics detail ,Total count =0, sdkCount=0,clusterCount=0

2026-10-02 11:09:27,254 INFO Out dated connection ,size=0

2026-10-02 11:09:27,255 INFO Connection check task end

2026-10-02 11:09:29,487 INFO ConnectionMetrics, totalCount = 0, detail = {long_connection=0, long_polling=0}

2026-10-02 11:09:30,254 INFO Connection check task start

2026-10-02 11:09:30,255 INFO Long connection metrics detail ,Total count =0, sdkCount=0,clusterCount=0

2026-10-02 11:09:30,256 INFO Out dated connection ,size=0

2026-10-02 11:09:30,256 INFO Connection check task end

2026-10-02 11:09:32,488 INFO ConnectionMetrics, totalCount = 0, detail = {long_connection=0, long_polling=0}

2026-10-02 11:09:33,257 INFO Connection check task start

2026-10-02 11:09:33,258 INFO Long connection metrics detail ,Total count =0, sdkCount=0,clusterCount=0

2026-10-02 11:09:33,258 INFO Out dated connection ,size=0

2026-10-02 11:09:33,259 INFO Connection check task end

2026-10-02 11:09:35,490 INFO ConnectionMetrics, totalCount = 0, detail = {long_connection=0, long_polling=0}

2026-10-02 11:09:36,259 INFO Connection check task start

2026-10-02 11:09:36,260 INFO Long connection metrics detail ,Total count =0, sdkCount=0,clusterCount=0

2026-10-02 11:09:36,261 INFO Out dated connection ,size=0

2026-10-02 11:09:36,262 INFO Connection check task end

2026-10-02 11:09:38,491 INFO ConnectionMetrics, totalCount = 0, detail = {long_connection=0, long_polling=0}

2026-10-02 11:09:39,263 INFO Connection check task start

2026-10-02 11:09:39,264 INFO Long connection metrics detail ,Total count =0, sdkCount=0,clusterCount=0

2026-10-02 11:09:39,267 INFO Out dated connection ,size=0

2026-10-02 11:09:39,270 INFO Connection check task end

2026-10-02 11:09:41,492 INFO ConnectionMetrics, totalCount = 0, detail = {long_connection=0, long_polling=0}

2026-10-02 11:09:42,271 INFO Connection check task start

2026-10-02 11:09:42,273 INFO Long connection metrics detail ,Total count =0, sdkCount=0,clusterCount=0

2026-10-02 11:09:42,274 INFO Out dated connection ,size=0

2026-10-02 11:09:42,275 INFO Connection check task end

2026-10-02 11:09:44,494 INFO ConnectionMetrics, totalCount = 0, detail = {long_connection=0, long_polling=0}

2026-10-02 11:09:45,276 INFO Connection check task start

2026-10-02 11:09:45,277 INFO Long connection metrics detail ,Total count =0, sdkCount=0,clusterCount=0

2026-10-02 11:09:45,278 INFO Out dated connection ,size=0

2026-10-02 11:09:45,278 INFO Connection check task end

2026-10-02 11:09:47,495 INFO ConnectionMetrics, totalCount = 0, detail = {long_connection=0, long_polling=0}

2026-10-02 11:09:48,279 INFO Connection check task start

2026-10-02 11:09:48,280 INFO Long connection metrics detail ,Total count =0, sdkCount=0,clusterCount=0

2026-10-02 11:09:48,281 INFO Out dated connection ,size=0

2026-10-02 11:09:48,282 INFO Connection check task end

2026-10-02 11:09:50,496 INFO ConnectionMetrics, totalCount = 0, detail = {long_connection=0, long_polling=0}

2026-10-02 11:09:51,283 INFO Connection check task start

2026-10-02 11:09:51,284 INFO Long connection metrics detail ,Total count =0, sdkCount=0,clusterCount=0

2026-10-02 11:09:51,284 INFO Out dated connection ,size=0

2026-10-02 11:09:51,285 INFO Connection check task end

2026-10-02 11:09:53,497 INFO ConnectionMetrics, totalCount = 0, detail = {long_connection=0, long_polling=0}

2026-10-02 11:09:54,286 INFO Connection check task start

2026-10-02 11:09:54,287 INFO Long connection metrics detail ,Total count =0, sdkCount=0,clusterCount=0

2026-10-02 11:09:54,289 INFO Out dated connection ,size=0

2026-10-02 11:09:54,290 INFO Connection check task end

2026-10-02 11:09:56,498 INFO ConnectionMetrics, totalCount = 0, detail = {long_connection=0, long_polling=0}

2026-10-02 11:09:57,291 INFO Connection check task start

2026-10-02 11:09:57,292 INFO Long connection metrics detail ,Total count =0, sdkCount=0,clusterCount=0

2026-10-02 11:09:57,293 INFO Out dated connection ,size=0

2026-10-02 11:09:57,293 INFO Connection check task end

2026-10-02 11:09:59,498 INFO ConnectionMetrics, totalCount = 0, detail = {long_connection=0, long_polling=0}

2026-10-02 11:10:00,292 INFO Connection check task start

2026-10-02 11:10:00,294 INFO Long connection metrics detail ,Total count =0, sdkCount=0,clusterCount=0

2026-10-02 11:10:00,295 INFO Out dated connection ,size=0

2026-10-02 11:10:00,296 INFO Connection check task end

2026-10-02 11:10:02,499 INFO ConnectionMetrics, totalCount = 0, detail = {long_connection=0, long_polling=0}

2026-10-02 11:10:03,297 INFO Connection check task start

2026-10-02 11:10:03,298 INFO Long connection metrics detail ,Total count =0, sdkCount=0,clusterCount=0

2026-10-02 11:10:03,299 INFO Out dated connection ,size=0

2026-10-02 11:10:03,300 INFO Connection check task end

2026-10-02 11:10:05,501 INFO ConnectionMetrics, totalCount = 0, detail = {long_connection=0, long_polling=0}

2026-10-02 11:10:06,301 INFO Connection check task start

2026-10-02 11:10:06,303 INFO Long connection metrics detail ,Total count =0, sdkCount=0,clusterCount=0

2026-10-02 11:10:06,304 INFO Out dated connection ,size=0

2026-10-02 11:10:06,305 INFO Connection check task end

2026-10-02 11:10:08,502 INFO ConnectionMetrics, totalCount = 0, detail = {long_connection=0, long_polling=0}

2026-10-02 11:10:09,306 INFO Connection check task start

2026-10-02 11:10:09,311 INFO Long connection metrics detail ,Total count =0, sdkCount=0,clusterCount=0

2026-10-02 11:10:09,314 INFO Out dated connection ,size=0

2026-10-02 11:10:09,316 INFO Connection check task end

2026-10-02 11:10:11,504 INFO ConnectionMetrics, totalCount = 0, detail = {long_connection=0, long_polling=0}

2026-10-02 11:10:12,317 INFO Connection check task start

2026-10-02 11:10:12,322 INFO Long connection metrics detail ,Total count =0, sdkCount=0,clusterCount=0

2026-10-02 11:10:12,328 INFO Out dated connection ,size=0

2026-10-02 11:10:12,332 INFO Connection check task end

2026-10-02 11:10:14,505 INFO ConnectionMetrics, totalCount = 0, detail = {long_connection=0, long_polling=0}

2026-10-02 11:10:15,334 INFO Connection check task start

2026-10-02 11:10:15,335 INFO Long connection metrics detail ,Total count =0, sdkCount=0,clusterCount=0

2026-10-02 11:10:15,335 INFO Out dated connection ,size=0

2026-10-02 11:10:15,335 INFO Connection check task end

2026-10-02 11:10:17,507 INFO ConnectionMetrics, totalCount = 0, detail = {long_connection=0, long_polling=0}

2026-10-02 11:10:18,336 INFO Connection check task start

2026-10-02 11:10:18,336 INFO Long connection metrics detail ,Total count =0, sdkCount=0,clusterCount=0

2026-10-02 11:10:18,337 INFO Out dated connection ,size=0

2026-10-02 11:10:18,338 INFO Connection check task end

2026-10-02 11:10:20,508 INFO ConnectionMetrics, totalCount = 0, detail = {long_connection=0, long_polling=0}

2026-10-02 11:10:21,338 INFO Connection check task start

2026-10-02 11:10:21,340 INFO Long connection metrics detail ,Total count =0, sdkCount=0,clusterCount=0

2026-10-02 11:10:21,342 INFO Out dated connection ,size=0

2026-10-02 11:10:21,343 INFO Connection check task end

2026-10-02 11:10:23,509 INFO ConnectionMetrics, totalCount = 0, detail = {long_connection=0, long_polling=0}

2026-10-02 11:10:24,345 INFO Connection check task start

2026-10-02 11:10:24,346 INFO Long connection metrics detail ,Total count =0, sdkCount=0,clusterCount=0

2026-10-02 11:10:24,347 INFO Out dated connection ,size=0

2026-10-02 11:10:24,347 INFO Connection check task end

2026-10-02 11:10:26,511 INFO ConnectionMetrics, totalCount = 0, detail = {long_connection=0, long_polling=0}

2026-10-02 11:10:27,348 INFO Connection check task start

2026-10-02 11:10:27,349 INFO Long connection metrics detail ,Total count =0, sdkCount=0,clusterCount=0

2026-10-02 11:10:27,350 INFO Out dated connection ,size=0

2026-10-02 11:10:27,351 INFO Connection check task end

2026-10-02 11:10:29,511 INFO ConnectionMetrics, totalCount = 0, detail = {long_connection=0, long_polling=0}

2026-10-02 11:10:30,351 INFO Connection check task start

2026-10-02 11:10:30,352 INFO Long connection metrics detail ,Total count =0, sdkCount=0,clusterCount=0

2026-10-02 11:10:30,353 INFO Out dated connection ,size=0

2026-10-02 11:10:30,354 INFO Connection check task end

2026-10-02 11:10:32,512 INFO ConnectionMetrics, totalCount = 0, detail = {long_connection=0, long_polling=0}

2026-10-02 11:10:33,356 INFO Connection check task start

2026-10-02 11:10:33,357 INFO Long connection metrics detail ,Total count =0, sdkCount=0,clusterCount=0

2026-10-02 11:10:33,358 INFO Out dated connection ,size=0

2026-10-02 11:10:33,360 INFO Connection check task end

2026-10-02 11:10:35,514 INFO ConnectionMetrics, totalCount = 0, detail = {long_connection=0, long_polling=0}

2026-10-02 11:10:36,361 INFO Connection check task start

2026-10-02 11:10:36,362 INFO Long connection metrics detail ,Total count =0, sdkCount=0,clusterCount=0

2026-10-02 11:10:36,362 INFO Out dated connection ,size=0

2026-10-02 11:10:36,363 INFO Connection check task end

2026-10-02 11:10:38,515 INFO ConnectionMetrics, totalCount = 0, detail = {long_connection=0, long_polling=0}

2026-10-02 11:10:39,363 INFO Connection check task start

2026-10-02 11:10:39,371 INFO Long connection metrics detail ,Total count =0, sdkCount=0,clusterCount=0

2026-10-02 11:10:39,372 INFO Out dated connection ,size=0

2026-10-02 11:10:39,374 INFO Connection check task end

2026-10-02 11:10:41,517 INFO ConnectionMetrics, totalCount = 0, detail = {long_connection=0, long_polling=0}

2026-10-02 11:10:42,375 INFO Connection check task start

2026-10-02 11:10:42,376 INFO Long connection metrics detail ,Total count =0, sdkCount=0,clusterCount=0

2026-10-02 11:10:42,377 INFO Out dated connection ,size=0

2026-10-02 11:10:42,378 INFO Connection check task end

2026-10-02 11:10:44,519 INFO ConnectionMetrics, totalCount = 0, detail = {long_connection=0, long_polling=0}

2026-10-02 11:10:45,379 INFO Connection check task start

2026-10-02 11:10:45,380 INFO Long connection metrics detail ,Total count =0, sdkCount=0,clusterCount=0

2026-10-02 11:10:45,381 INFO Out dated connection ,size=0

2026-10-02 11:10:45,381 INFO Connection check task end

2026-10-02 11:10:47,520 INFO ConnectionMetrics, totalCount = 0, detail = {long_connection=0, long_polling=0}

2026-10-02 11:10:48,382 INFO Connection check task start

2026-10-02 11:10:48,383 INFO Long connection metrics detail ,Total count =0, sdkCount=0,clusterCount=0

2026-10-02 11:10:48,384 INFO Out dated connection ,size=0

2026-10-02 11:10:48,385 INFO Connection check task end

2026-10-02 11:10:50,522 INFO ConnectionMetrics, totalCount = 0, detail = {long_connection=0, long_polling=0}

2026-10-02 11:10:51,385 INFO Connection check task start

2026-10-02 11:10:51,386 INFO Long connection metrics detail ,Total count =0, sdkCount=0,clusterCount=0

2026-10-02 11:10:51,386 INFO Out dated connection ,size=0

2026-10-02 11:10:51,387 INFO Connection check task end

2026-10-02 11:10:53,523 INFO ConnectionMetrics, totalCount = 0, detail = {long_connection=0, long_polling=0}

2026-10-02 11:10:54,388 INFO Connection check task start

2026-10-02 11:10:54,389 INFO Long connection metrics detail ,Total count =0, sdkCount=0,clusterCount=0

2026-10-02 11:10:54,390 INFO Out dated connection ,size=0

2026-10-02 11:10:54,390 INFO Connection check task end

2026-10-02 11:10:56,525 INFO ConnectionMetrics, totalCount = 0, detail = {long_connection=0, long_polling=0}

2026-10-02 11:10:57,391 INFO Connection check task start

2026-10-02 11:10:57,392 INFO Long connection metrics detail ,Total count =0, sdkCount=0,clusterCount=0

2026-10-02 11:10:57,393 INFO Out dated connection ,size=0

2026-10-02 11:10:57,393 INFO Connection check task end

2026-10-02 11:10:59,525 INFO ConnectionMetrics, totalCount = 0, detail = {long_connection=0, long_polling=0}

2026-10-02 11:11:00,393 INFO Connection check task start

2026-10-02 11:11:00,395 INFO Long connection metrics detail ,Total count =0, sdkCount=0,clusterCount=0

2026-10-02 11:11:00,396 INFO Out dated connection ,size=0

2026-10-02 11:11:00,396 INFO Connection check task end

2026-10-02 11:11:02,526 INFO ConnectionMetrics, totalCount = 0, detail = {long_connection=0, long_polling=0}

2026-10-02 11:11:03,398 INFO Connection check task start

2026-10-02 11:11:03,399 INFO Long connection metrics detail ,Total count =0, sdkCount=0,clusterCount=0

2026-10-02 11:11:03,400 INFO Out dated connection ,size=0

2026-10-02 11:11:03,400 INFO Connection check task end

2026-10-02 11:11:05,528 INFO ConnectionMetrics, totalCount = 0, detail = {long_connection=0, long_polling=0}

2026-10-02 11:11:06,401 INFO Connection check task start

2026-10-02 11:11:06,402 INFO Long connection metrics detail ,Total count =0, sdkCount=0,clusterCount=0

2026-10-02 11:11:06,403 INFO Out dated connection ,size=0

2026-10-02 11:11:06,404 INFO Connection check task end

2026-10-02 11:11:08,529 INFO ConnectionMetrics, totalCount = 0, detail = {long_connection=0, long_polling=0}

2026-10-02 11:11:09,404 INFO Connection check task start

2026-10-02 11:11:09,405 INFO Long connection metrics detail ,Total count =0, sdkCount=0,clusterCount=0

2026-10-02 11:11:09,411 INFO Out dated connection ,size=0

2026-10-02 11:11:09,412 INFO Connection check task end

2026-10-02 11:11:11,530 INFO ConnectionMetrics, totalCount = 0, detail = {long_connection=0, long_polling=0}

2026-10-02 11:11:12,415 INFO Connection check task start

2026-10-02 11:11:12,417 INFO Long connection metrics detail ,Total count =0, sdkCount=0,clusterCount=0

2026-10-02 11:11:12,418 INFO Out dated connection ,size=0

2026-10-02 11:11:12,418 INFO Connection check task end

2026-10-02 11:11:14,531 INFO ConnectionMetrics, totalCount = 0, detail = {long_connection=0, long_polling=0}

2026-10-02 11:11:15,419 INFO Connection check task start

2026-10-02 11:11:15,420 INFO Long connection metrics detail ,Total count =0, sdkCount=0,clusterCount=0

2026-10-02 11:11:15,420 INFO Out dated connection ,size=0

2026-10-02 11:11:15,421 INFO Connection check task end

2026-10-02 11:11:17,533 INFO ConnectionMetrics, totalCount = 0, detail = {long_connection=0, long_polling=0}

2026-10-02 11:11:18,421 INFO Connection check task start

2026-10-02 11:11:18,422 INFO Long connection metrics detail ,Total count =0, sdkCount=0,clusterCount=0

2026-10-02 11:11:18,423 INFO Out dated connection ,size=0

2026-10-02 11:11:18,424 INFO Connection check task end

2026-10-02 11:11:20,534 INFO ConnectionMetrics, totalCount = 0, detail = {long_connection=0, long_polling=0}

2026-10-02 11:11:21,425 INFO Connection check task start

2026-10-02 11:11:21,426 INFO Long connection metrics detail ,Total count =0, sdkCount=0,clusterCount=0

2026-10-02 11:11:21,427 INFO Out dated connection ,size=0

2026-10-02 11:11:21,427 INFO Connection check task end

2026-10-02 11:11:23,536 INFO ConnectionMetrics, totalCount = 0, detail = {long_connection=0, long_polling=0}

2026-10-02 11:11:24,428 INFO Connection check task start

2026-10-02 11:11:24,429 INFO Long connection metrics detail ,Total count =0, sdkCount=0,clusterCount=0

2026-10-02 11:11:24,430 INFO Out dated connection ,size=0

2026-10-02 11:11:24,431 INFO Connection check task end

2026-10-02 11:11:26,537 INFO ConnectionMetrics, totalCount = 0, detail = {long_connection=0, long_polling=0}

2026-10-02 11:11:27,431 INFO Connection check task start

2026-10-02 11:11:27,432 INFO Long connection metrics detail ,Total count =0, sdkCount=0,clusterCount=0

2026-10-02 11:11:27,433 INFO Out dated connection ,size=0

2026-10-02 11:11:27,434 INFO Connection check task end

2026-10-02 11:11:29,537 INFO ConnectionMetrics, totalCount = 0, detail = {long_connection=0, long_polling=0}

2026-10-02 11:11:30,433 INFO Connection check task start

2026-10-02 11:11:30,434 INFO Long connection metrics detail ,Total count =0, sdkCount=0,clusterCount=0

2026-10-02 11:11:30,435 INFO Out dated connection ,size=0

2026-10-02 11:11:30,436 INFO Connection check task end

2026-10-02 11:11:32,538 INFO ConnectionMetrics, totalCount = 0, detail = {long_connection=0, long_polling=0}

2026-10-02 11:11:33,437 INFO Connection check task start

2026-10-02 11:11:33,438 INFO Long connection metrics detail ,Total count =0, sdkCount=0,clusterCount=0

2026-10-02 11:11:33,439 INFO Out dated connection ,size=0

2026-10-02 11:11:33,439 INFO Connection check task end

2026-10-02 11:11:35,539 INFO ConnectionMetrics, totalCount = 0, detail = {long_connection=0, long_polling=0}

2026-10-02 11:11:36,440 INFO Connection check task start

2026-10-02 11:11:36,441 INFO Long connection metrics detail ,Total count =0, sdkCount=0,clusterCount=0

2026-10-02 11:11:36,442 INFO Out dated connection ,size=0

2026-10-02 11:11:36,444 INFO Connection check task end

2026-10-02 11:11:38,541 INFO ConnectionMetrics, totalCount = 0, detail = {long_connection=0, long_polling=0}

2026-10-02 11:11:39,445 INFO Connection check task start

2026-10-02 11:11:39,446 INFO Long connection metrics detail ,Total count =0, sdkCount=0,clusterCount=0

2026-10-02 11:11:39,446 INFO Out dated connection ,size=0

2026-10-02 11:11:39,447 INFO Connection check task end

2026-10-02 11:11:41,542 INFO ConnectionMetrics, totalCount = 0, detail = {long_connection=0, long_polling=0}

2026-10-02 11:11:42,447 INFO Connection check task start

2026-10-02 11:11:42,448 INFO Long connection metrics detail ,Total count =0, sdkCount=0,clusterCount=0

2026-10-02 11:11:42,449 INFO Out dated connection ,size=0

2026-10-02 11:11:42,449 INFO Connection check task end

2026-10-02 11:11:44,543 INFO ConnectionMetrics, totalCount = 0, detail = {long_connection=0, long_polling=0}

2026-10-02 11:11:45,450 INFO Connection check task start

2026-10-02 11:11:45,450 INFO Long connection metrics detail ,Total count =0, sdkCount=0,clusterCount=0

2026-10-02 11:11:45,450 INFO Out dated connection ,size=0

2026-10-02 11:11:45,451 INFO Connection check task end

2026-10-02 11:11:47,544 INFO ConnectionMetrics, totalCount = 0, detail = {long_connection=0, long_polling=0}

2026-10-02 11:11:48,451 INFO Connection check task start

2026-10-02 11:11:48,452 INFO Long connection metrics detail ,Total count =0, sdkCount=0,clusterCount=0

2026-10-02 11:11:48,453 INFO Out dated connection ,size=0

2026-10-02 11:11:48,454 INFO Connection check task end

2026-10-02 11:11:50,546 INFO ConnectionMetrics, totalCount = 0, detail = {long_connection=0, long_polling=0}

2026-10-02 11:11:51,455 INFO Connection check task start

2026-10-02 11:11:51,456 INFO Long connection metrics detail ,Total count =0, sdkCount=0,clusterCount=0

2026-10-02 11:11:51,456 INFO Out dated connection ,size=0

2026-10-02 11:11:51,457 INFO Connection check task end

2026-10-02 11:11:53,548 INFO ConnectionMetrics, totalCount = 0, detail = {long_connection=0, long_polling=0}

2026-10-02 11:11:54,458 INFO Connection check task start

2026-10-02 11:11:54,459 INFO Long connection metrics detail ,Total count =0, sdkCount=0,clusterCount=0

2026-10-02 11:11:54,461 INFO Out dated connection ,size=0

2026-10-02 11:11:54,462 INFO Connection check task end

2026-10-02 11:11:56,549 INFO ConnectionMetrics, totalCount = 0, detail = {long_connection=0, long_polling=0}

2026-10-02 11:11:57,463 INFO Connection check task start

2026-10-02 11:11:57,464 INFO Long connection metrics detail ,Total count =0, sdkCount=0,clusterCount=0

2026-10-02 11:11:57,464 INFO Out dated connection ,size=0

2026-10-02 11:11:57,465 INFO Connection check task end

2026-10-02 11:11:59,549 INFO ConnectionMetrics, totalCount = 0, detail = {long_connection=0, long_polling=0}

2026-10-02 11:12:00,463 INFO Connection check task start

2026-10-02 11:12:00,464 INFO Long connection metrics detail ,Total count =0, sdkCount=0,clusterCount=0

2026-10-02 11:12:00,465 INFO Out dated connection ,size=0

2026-10-02 11:12:00,466 INFO Connection check task end

2026-10-02 11:12:02,553 INFO ConnectionMetrics, totalCount = 0, detail = {long_connection=0, long_polling=0}

2026-10-02 11:12:03,466 INFO Connection check task start

2026-10-02 11:12:03,467 INFO Long connection metrics detail ,Total count =0, sdkCount=0,clusterCount=0

2026-10-02 11:12:03,468 INFO Out dated connection ,size=0

2026-10-02 11:12:03,469 INFO Connection check task end

2026-10-02 11:12:05,555 INFO ConnectionMetrics, totalCount = 0, detail = {long_connection=0, long_polling=0}

2026-10-02 11:12:06,469 INFO Connection check task start

2026-10-02 11:12:06,470 INFO Long connection metrics detail ,Total count =0, sdkCount=0,clusterCount=0

2026-10-02 11:12:06,471 INFO Out dated connection ,size=0

2026-10-02 11:12:06,472 INFO Connection check task end

2026-10-02 11:12:08,556 INFO ConnectionMetrics, totalCount = 0, detail = {long_connection=0, long_polling=0}

2026-10-02 11:12:09,472 INFO Connection check task start

2026-10-02 11:12:09,473 INFO Long connection metrics detail ,Total count =0, sdkCount=0,clusterCount=0

2026-10-02 11:12:09,474 INFO Out dated connection ,size=0

2026-10-02 11:12:09,475 INFO Connection check task end

2026-10-02 11:12:11,557 INFO ConnectionMetrics, totalCount = 0, detail = {long_connection=0, long_polling=0}

2026-10-02 11:12:12,476 INFO Connection check task start

2026-10-02 11:12:12,477 INFO Long connection metrics detail ,Total count =0, sdkCount=0,clusterCount=0

2026-10-02 11:12:12,477 INFO Out dated connection ,size=0

2026-10-02 11:12:12,478 INFO Connection check task end

2026-10-02 11:12:14,558 INFO ConnectionMetrics, totalCount = 0, detail = {long_connection=0, long_polling=0}

2026-10-02 11:12:15,478 INFO Connection check task start

2026-10-02 11:12:15,479 INFO Long connection metrics detail ,Total count =0, sdkCount=0,clusterCount=0

2026-10-02 11:12:15,479 INFO Out dated connection ,size=0

2026-10-02 11:12:15,479 INFO Connection check task end

2026-10-02 11:12:17,560 INFO ConnectionMetrics, totalCount = 0, detail = {long_connection=0, long_polling=0}

2026-10-02 11:12:18,480 INFO Connection check task start

2026-10-02 11:12:18,480 INFO Long connection metrics detail ,Total count =0, sdkCount=0,clusterCount=0

2026-10-02 11:12:18,481 INFO Out dated connection ,size=0

2026-10-02 11:12:18,481 INFO Connection check task end

2026-10-02 11:12:20,561 INFO ConnectionMetrics, totalCount = 0, detail = {long_connection=0, long_polling=0}

2026-10-02 11:12:21,482 INFO Connection check task start

2026-10-02 11:12:21,483 INFO Long connection metrics detail ,Total count =0, sdkCount=0,clusterCount=0

2026-10-02 11:12:21,483 INFO Out dated connection ,size=0

2026-10-02 11:12:21,483 INFO Connection check task end

2026-10-02 11:12:23,563 INFO ConnectionMetrics, totalCount = 0, detail = {long_connection=0, long_polling=0}

2026-10-02 11:12:24,484 INFO Connection check task start

2026-10-02 11:12:24,485 INFO Long connection metrics detail ,Total count =0, sdkCount=0,clusterCount=0

2026-10-02 11:12:24,485 INFO Out dated connection ,size=0

2026-10-02 11:12:24,485 INFO Connection check task end

2026-10-02 11:12:26,565 INFO ConnectionMetrics, totalCount = 0, detail = {long_connection=0, long_polling=0}

2026-10-02 11:12:27,486 INFO Connection check task start

2026-10-02 11:12:27,487 INFO Long connection metrics detail ,Total count =0, sdkCount=0,clusterCount=0

2026-10-02 11:12:27,487 INFO Out dated connection ,size=0

2026-10-02 11:12:27,488 INFO Connection check task end

2026-10-02 11:12:29,565 INFO ConnectionMetrics, totalCount = 0, detail = {long_connection=0, long_polling=0}

2026-10-02 11:12:30,487 INFO Connection check task start

2026-10-02 11:12:30,488 INFO Long connection metrics detail ,Total count =0, sdkCount=0,clusterCount=0

2026-10-02 11:12:30,490 INFO Out dated connection ,size=0

2026-10-02 11:12:30,491 INFO Connection check task end

2026-10-02 11:12:32,566 INFO ConnectionMetrics, totalCount = 0, detail = {long_connection=0, long_polling=0}

2026-10-02 11:12:33,491 INFO Connection check task start

2026-10-02 11:12:33,492 INFO Long connection metrics detail ,Total count =0, sdkCount=0,clusterCount=0

2026-10-02 11:12:33,493 INFO Out dated connection ,size=0

2026-10-02 11:12:33,494 INFO Connection check task end

2026-10-02 11:12:35,567 INFO ConnectionMetrics, totalCount = 0, detail = {long_connection=0, long_polling=0}

2026-10-02 11:12:36,495 INFO Connection check task start

2026-10-02 11:12:36,495 INFO Long connection metrics detail ,Total count =0, sdkCount=0,clusterCount=0

2026-10-02 11:12:36,496 INFO Out dated connection ,size=0

2026-10-02 11:12:36,497 INFO Connection check task end

2026-10-02 11:12:38,569 INFO ConnectionMetrics, totalCount = 0, detail = {long_connection=0, long_polling=0}

2026-10-02 11:12:39,498 INFO Connection check task start

2026-10-02 11:12:39,499 INFO Long connection metrics detail ,Total count =0, sdkCount=0,clusterCount=0

2026-10-02 11:12:39,500 INFO Out dated connection ,size=0

2026-10-02 11:12:39,500 INFO Connection check task end

2026-10-02 11:12:41,571 INFO ConnectionMetrics, totalCount = 0, detail = {long_connection=0, long_polling=0}

2026-10-02 11:12:42,501 INFO Connection check task start

2026-10-02 11:12:42,502 INFO Long connection metrics detail ,Total count =0, sdkCount=0,clusterCount=0

2026-10-02 11:12:42,503 INFO Out dated connection ,size=0

2026-10-02 11:12:42,504 INFO Connection check task end

2026-10-02 11:12:44,572 INFO ConnectionMetrics, totalCount = 0, detail = {long_connection=0, long_polling=0}

2026-10-02 11:12:45,504 INFO Connection check task start

2026-10-02 11:12:45,505 INFO Long connection metrics detail ,Total count =0, sdkCount=0,clusterCount=0

2026-10-02 11:12:45,506 INFO Out dated connection ,size=0

2026-10-02 11:12:45,507 INFO Connection check task end

2026-10-02 11:12:47,574 INFO ConnectionMetrics, totalCount = 0, detail = {long_connection=0, long_polling=0}

2026-10-02 11:12:48,508 INFO Connection check task start

2026-10-02 11:12:48,509 INFO Long connection metrics detail ,Total count =0, sdkCount=0,clusterCount=0

2026-10-02 11:12:48,509 INFO Out dated connection ,size=0

2026-10-02 11:12:48,509 INFO Connection check task end

2026-10-02 11:12:50,575 INFO ConnectionMetrics, totalCount = 0, detail = {long_connection=0, long_polling=0}

2026-10-02 11:12:51,510 INFO Connection check task start

2026-10-02 11:12:51,510 INFO Long connection metrics detail ,Total count =0, sdkCount=0,clusterCount=0

2026-10-02 11:12:51,511 INFO Out dated connection ,size=0

2026-10-02 11:12:51,512 INFO Connection check task end

2026-10-02 11:12:53,576 INFO ConnectionMetrics, totalCount = 0, detail = {long_connection=0, long_polling=0}

2026-10-02 11:12:54,513 INFO Connection check task start

2026-10-02 11:12:54,514 INFO Long connection metrics detail ,Total count =0, sdkCount=0,clusterCount=0

2026-10-02 11:12:54,515 INFO Out dated connection ,size=0

2026-10-02 11:12:54,515 INFO Connection check task end

2026-10-02 11:12:56,578 INFO ConnectionMetrics, totalCount = 0, detail = {long_connection=0, long_polling=0}

2026-10-02 11:12:57,517 INFO Connection check task start

2026-10-02 11:12:57,518 INFO Long connection metrics detail ,Total count =0, sdkCount=0,clusterCount=0

2026-10-02 11:12:57,519 INFO Out dated connection ,size=0

2026-10-02 11:12:57,519 INFO Connection check task end

2026-10-02 11:12:59,577 INFO ConnectionMetrics, totalCount = 0, detail = {long_connection=0, long_polling=0}

2026-10-02 11:13:00,518 INFO Connection check task start

2026-10-02 11:13:00,519 INFO Long connection metrics detail ,Total count =0, sdkCount=0,clusterCount=0

2026-10-02 11:13:00,520 INFO Out dated connection ,size=0

2026-10-02 11:13:00,520 INFO Connection check task end

2026-10-02 11:13:02,578 INFO ConnectionMetrics, totalCount = 0, detail = {long_connection=0, long_polling=0}

2026-10-02 11:13:03,522 INFO Connection check task start

2026-10-02 11:13:03,523 INFO Long connection metrics detail ,Total count =0, sdkCount=0,clusterCount=0

2026-10-02 11:13:03,524 INFO Out dated connection ,size=0

2026-10-02 11:13:03,525 INFO Connection check task end

2026-10-02 11:13:05,580 INFO ConnectionMetrics, totalCount = 0, detail = {long_connection=0, long_polling=0}

2026-10-02 11:13:06,526 INFO Connection check task start

2026-10-02 11:13:06,527 INFO Long connection metrics detail ,Total count =0, sdkCount=0,clusterCount=0

2026-10-02 11:13:06,528 INFO Out dated connection ,size=0

2026-10-02 11:13:06,529 INFO Connection check task end

2026-10-02 11:13:08,581 INFO ConnectionMetrics, totalCount = 0, detail = {long_connection=0, long_polling=0}

2026-10-02 11:13:09,530 INFO Connection check task start

2026-10-02 11:13:09,532 INFO Long connection metrics detail ,Total count =0, sdkCount=0,clusterCount=0

2026-10-02 11:13:09,533 INFO Out dated connection ,size=0

2026-10-02 11:13:09,534 INFO Connection check task end

2026-10-02 11:13:11,583 INFO ConnectionMetrics, totalCount = 0, detail = {long_connection=0, long_polling=0}

2026-10-02 11:13:12,535 INFO Connection check task start

2026-10-02 11:13:12,536 INFO Long connection metrics detail ,Total count =0, sdkCount=0,clusterCount=0

2026-10-02 11:13:12,537 INFO Out dated connection ,size=0

2026-10-02 11:13:12,538 INFO Connection check task end

2026-10-02 11:13:14,584 INFO ConnectionMetrics, totalCount = 0, detail = {long_connection=0, long_polling=0}

2026-10-02 11:13:15,539 INFO Connection check task start

2026-10-02 11:13:15,541 INFO Long connection metrics detail ,Total count =0, sdkCount=0,clusterCount=0

2026-10-02 11:13:15,541 INFO Out dated connection ,size=0

2026-10-02 11:13:15,542 INFO Connection check task end

2026-10-02 11:13:17,585 INFO ConnectionMetrics, totalCount = 0, detail = {long_connection=0, long_polling=0}

2026-10-02 11:13:18,543 INFO Connection check task start

2026-10-02 11:13:18,545 INFO Long connection metrics detail ,Total count =0, sdkCount=0,clusterCount=0

2026-10-02 11:13:18,545 INFO Out dated connection ,size=0

2026-10-02 11:13:18,546 INFO Connection check task end

2026-10-02 11:13:20,587 INFO ConnectionMetrics, totalCount = 0, detail = {long_connection=0, long_polling=0}

2026-10-02 11:13:21,547 INFO Connection check task start

2026-10-02 11:13:21,547 INFO Long connection metrics detail ,Total count =0, sdkCount=0,clusterCount=0

2026-10-02 11:13:21,548 INFO Out dated connection ,size=0

2026-10-02 11:13:21,549 INFO Connection check task end

2026-10-02 11:13:23,588 INFO ConnectionMetrics, totalCount = 0, detail = {long_connection=0, long_polling=0}

2026-10-02 11:13:24,549 INFO Connection check task start

2026-10-02 11:13:24,551 INFO Long connection metrics detail ,Total count =0, sdkCount=0,clusterCount=0

2026-10-02 11:13:24,552 INFO Out dated connection ,size=0

2026-10-02 11:13:24,552 INFO Connection check task end

2026-10-02 11:13:26,590 INFO ConnectionMetrics, totalCount = 0, detail = {long_connection=0, long_polling=0}

2026-10-02 11:13:27,553 INFO Connection check task start

2026-10-02 11:13:27,555 INFO Long connection metrics detail ,Total count =0, sdkCount=0,clusterCount=0

2026-10-02 11:13:27,556 INFO Out dated connection ,size=0

2026-10-02 11:13:27,556 INFO Connection check task end

2026-10-02 11:13:29,590 INFO ConnectionMetrics, totalCount = 0, detail = {long_connection=0, long_polling=0}

2026-10-02 11:13:30,557 INFO Connection check task start

2026-10-02 11:13:30,558 INFO Long connection metrics detail ,Total count =0, sdkCount=0,clusterCount=0

2026-10-02 11:13:30,559 INFO Out dated connection ,size=0

2026-10-02 11:13:30,559 INFO Connection check task end

2026-10-02 11:13:32,591 INFO ConnectionMetrics, totalCount = 0, detail = {long_connection=0, long_polling=0}

2026-10-02 11:13:33,560 INFO Connection check task start

2026-10-02 11:13:33,562 INFO Long connection metrics detail ,Total count =0, sdkCount=0,clusterCount=0

2026-10-02 11:13:33,563 INFO Out dated connection ,size=0

2026-10-02 11:13:33,564 INFO Connection check task end

2026-10-02 11:13:35,593 INFO ConnectionMetrics, totalCount = 0, detail = {long_connection=0, long_polling=0}

2026-10-02 11:13:36,565 INFO Connection check task start

2026-10-02 11:13:36,566 INFO Long connection metrics detail ,Total count =0, sdkCount=0,clusterCount=0

2026-10-02 11:13:36,566 INFO Out dated connection ,size=0

2026-10-02 11:13:36,567 INFO Connection check task end

2026-10-02 11:13:38,594 INFO ConnectionMetrics, totalCount = 0, detail = {long_connection=0, long_polling=0}

2026-10-02 11:13:39,567 INFO Connection check task start

2026-10-02 11:13:39,569 INFO Long connection metrics detail ,Total count =0, sdkCount=0,clusterCount=0

2026-10-02 11:13:39,570 INFO Out dated connection ,size=0

2026-10-02 11:13:39,574 INFO Connection check task end

2026-10-02 11:13:41,595 INFO ConnectionMetrics, totalCount = 0, detail = {long_connection=0, long_polling=0}

2026-10-02 11:13:42,576 INFO Connection check task start

2026-10-02 11:13:42,577 INFO Long connection metrics detail ,Total count =0, sdkCount=0,clusterCount=0

2026-10-02 11:13:42,578 INFO Out dated connection ,size=0

2026-10-02 11:13:42,579 INFO Connection check task end

2026-10-02 11:13:44,597 INFO ConnectionMetrics, totalCount = 0, detail = {long_connection=0, long_polling=0}

2026-10-02 11:13:45,579 INFO Connection check task start

2026-10-02 11:13:45,580 INFO Long connection metrics detail ,Total count =0, sdkCount=0,clusterCount=0

2026-10-02 11:13:45,581 INFO Out dated connection ,size=0

2026-10-02 11:13:45,582 INFO Connection check task end

2026-10-02 11:13:47,599 INFO ConnectionMetrics, totalCount = 0, detail = {long_connection=0, long_polling=0}

2026-10-02 11:13:48,582 INFO Connection check task start

2026-10-02 11:13:48,584 INFO Long connection metrics detail ,Total count =0, sdkCount=0,clusterCount=0

2026-10-02 11:13:48,585 INFO Out dated connection ,size=0

2026-10-02 11:13:48,586 INFO Connection check task end

2026-10-02 11:13:50,606 INFO ConnectionMetrics, totalCount = 0, detail = {long_connection=0, long_polling=0}

2026-10-02 11:13:51,587 INFO Connection check task start

2026-10-02 11:13:51,589 INFO Long connection metrics detail ,Total count =0, sdkCount=0,clusterCount=0

2026-10-02 11:13:51,590 INFO Out dated connection ,size=0

2026-10-02 11:13:51,591 INFO Connection check task end

2026-10-02 11:13:53,607 INFO ConnectionMetrics, totalCount = 0, detail = {long_connection=0, long_polling=0}

2026-10-02 11:13:54,592 INFO Connection check task start

2026-10-02 11:13:54,593 INFO Long connection metrics detail ,Total count =0, sdkCount=0,clusterCount=0

2026-10-02 11:13:54,594 INFO Out dated connection ,size=0

2026-10-02 11:13:54,595 INFO Connection check task end

2026-10-02 11:13:56,609 INFO ConnectionMetrics, totalCount = 0, detail = {long_connection=0, long_polling=0}

2026-10-02 11:13:57,596 INFO Connection check task start

2026-10-02 11:13:57,597 INFO Long connection metrics detail ,Total count =0, sdkCount=0,clusterCount=0

2026-10-02 11:13:57,598 INFO Out dated connection ,size=0

2026-10-02 11:13:57,599 INFO Connection check task end

2026-10-02 11:13:59,609 INFO ConnectionMetrics, totalCount = 0, detail = {long_connection=0, long_polling=0}

2026-10-02 11:14:00,598 INFO Connection check task start

2026-10-02 11:14:00,599 INFO Long connection metrics detail ,Total count =0, sdkCount=0,clusterCount=0

2026-10-02 11:14:00,599 INFO Out dated connection ,size=0

2026-10-02 11:14:00,600 INFO Connection check task end

2026-10-02 11:14:02,612 INFO ConnectionMetrics, totalCount = 0, detail = {long_connection=0, long_polling=0}

2026-10-02 11:14:03,600 INFO Connection check task start

2026-10-02 11:14:03,601 INFO Long connection metrics detail ,Total count =0, sdkCount=0,clusterCount=0

2026-10-02 11:14:03,603 INFO Out dated connection ,size=0

2026-10-02 11:14:03,604 INFO Connection check task end

2026-10-02 11:14:05,614 INFO ConnectionMetrics, totalCount = 0, detail = {long_connection=0, long_polling=0}

2026-10-02 11:14:06,605 INFO Connection check task start

2026-10-02 11:14:06,606 INFO Long connection metrics detail ,Total count =0, sdkCount=0,clusterCount=0

2026-10-02 11:14:06,606 INFO Out dated connection ,size=0

2026-10-02 11:14:06,607 INFO Connection check task end

2026-10-02 11:14:08,615 INFO ConnectionMetrics, totalCount = 0, detail = {long_connection=0, long_polling=0}

2026-10-02 11:14:09,607 INFO Connection check task start

2026-10-02 11:14:09,611 INFO Long connection metrics detail ,Total count =0, sdkCount=0,clusterCount=0

2026-10-02 11:14:09,614 INFO Out dated connection ,size=0

2026-10-02 11:14:09,620 INFO Connection check task end

2026-10-02 11:14:11,616 INFO ConnectionMetrics, totalCount = 0, detail = {long_connection=0, long_polling=0}

2026-10-02 11:14:12,623 INFO Connection check task start

2026-10-02 11:14:12,624 INFO Long connection metrics detail ,Total count =0, sdkCount=0,clusterCount=0

2026-10-02 11:14:12,624 INFO Out dated connection ,size=0

2026-10-02 11:14:12,624 INFO Connection check task end

2026-10-02 11:14:14,617 INFO ConnectionMetrics, totalCount = 0, detail = {long_connection=0, long_polling=0}

2026-10-02 11:14:15,625 INFO Connection check task start

2026-10-02 11:14:15,626 INFO Long connection metrics detail ,Total count =0, sdkCount=0,clusterCount=0

2026-10-02 11:14:15,627 INFO Out dated connection ,size=0

2026-10-02 11:14:15,628 INFO Connection check task end

2026-10-02 11:14:17,619 INFO ConnectionMetrics, totalCount = 0, detail = {long_connection=0, long_polling=0}

2026-10-02 11:14:18,629 INFO Connection check task start

2026-10-02 11:14:18,630 INFO Long connection metrics detail ,Total count =0, sdkCount=0,clusterCount=0

2026-10-02 11:14:18,630 INFO Out dated connection ,size=0

2026-10-02 11:14:18,631 INFO Connection check task end

2026-10-02 11:14:20,620 INFO ConnectionMetrics, totalCount = 0, detail = {long_connection=0, long_polling=0}

2026-10-02 11:14:21,632 INFO Connection check task start

2026-10-02 11:14:21,633 INFO Long connection metrics detail ,Total count =0, sdkCount=0,clusterCount=0

2026-10-02 11:14:21,633 INFO Out dated connection ,size=0

2026-10-02 11:14:21,634 INFO Connection check task end

2026-10-02 11:14:23,621 INFO ConnectionMetrics, totalCount = 0, detail = {long_connection=0, long_polling=0}

2026-10-02 11:14:24,635 INFO Connection check task start

2026-10-02 11:14:24,636 INFO Long connection metrics detail ,Total count =0, sdkCount=0,clusterCount=0

2026-10-02 11:14:24,638 INFO Out dated connection ,size=0

2026-10-02 11:14:24,645 INFO Connection check task end

2026-10-02 11:14:26,623 INFO ConnectionMetrics, totalCount = 0, detail = {long_connection=0, long_polling=0}

2026-10-02 11:14:27,647 INFO Connection check task start

2026-10-02 11:14:27,648 INFO Long connection metrics detail ,Total count =0, sdkCount=0,clusterCount=0

2026-10-02 11:14:27,649 INFO Out dated connection ,size=0

2026-10-02 11:14:27,649 INFO Connection check task end

2026-10-02 11:14:29,622 INFO ConnectionMetrics, totalCount = 0, detail = {long_connection=0, long_polling=0}

2026-10-02 11:14:30,648 INFO Connection check task start

2026-10-02 11:14:30,649 INFO Long connection metrics detail ,Total count =0, sdkCount=0,clusterCount=0

2026-10-02 11:14:30,649 INFO Out dated connection ,size=0

2026-10-02 11:14:30,650 INFO Connection check task end

2026-10-02 11:14:32,623 INFO ConnectionMetrics, totalCount = 0, detail = {long_connection=0, long_polling=0}

2026-10-02 11:14:33,651 INFO Connection check task start

2026-10-02 11:14:33,652 INFO Long connection metrics detail ,Total count =0, sdkCount=0,clusterCount=0

2026-10-02 11:14:33,653 INFO Out dated connection ,size=0

2026-10-02 11:14:33,653 INFO Connection check task end

2026-10-02 11:14:35,625 INFO ConnectionMetrics, totalCount = 0, detail = {long_connection=0, long_polling=0}

2026-10-02 11:14:36,654 INFO Connection check task start

2026-10-02 11:14:36,655 INFO Long connection metrics detail ,Total count =0, sdkCount=0,clusterCount=0

2026-10-02 11:14:36,656 INFO Out dated connection ,size=0

2026-10-02 11:14:36,657 INFO Connection check task end

2026-10-02 11:14:38,626 INFO ConnectionMetrics, totalCount = 0, detail = {long_connection=0, long_polling=0}

2026-10-02 11:14:39,658 INFO Connection check task start

2026-10-02 11:14:39,661 INFO Long connection metrics detail ,Total count =0, sdkCount=0,clusterCount=0

2026-10-02 11:14:39,664 INFO Out dated connection ,size=0

2026-10-02 11:14:39,670 INFO Connection check task end

2026-10-02 11:14:41,628 INFO ConnectionMetrics, totalCount = 0, detail = {long_connection=0, long_polling=0}

2026-10-02 11:14:42,676 INFO Connection check task start

2026-10-02 11:14:42,678 INFO Long connection metrics detail ,Total count =0, sdkCount=0,clusterCount=0

2026-10-02 11:14:42,679 INFO Out dated connection ,size=0

2026-10-02 11:14:42,680 INFO Connection check task end

2026-10-02 11:14:44,630 INFO ConnectionMetrics, totalCount = 0, detail = {long_connection=0, long_polling=0}

2026-10-02 11:14:45,681 INFO Connection check task start

2026-10-02 11:14:45,682 INFO Long connection metrics detail ,Total count =0, sdkCount=0,clusterCount=0

2026-10-02 11:14:45,683 INFO Out dated connection ,size=0

2026-10-02 11:14:45,684 INFO Connection check task end

2026-10-02 11:14:47,631 INFO ConnectionMetrics, totalCount = 0, detail = {long_connection=0, long_polling=0}

2026-10-02 11:14:48,685 INFO Connection check task start

2026-10-02 11:14:48,686 INFO Long connection metrics detail ,Total count =0, sdkCount=0,clusterCount=0

2026-10-02 11:14:48,687 INFO Out dated connection ,size=0

2026-10-02 11:14:48,688 INFO Connection check task end

2026-10-02 11:14:50,633 INFO ConnectionMetrics, totalCount = 0, detail = {long_connection=0, long_polling=0}

2026-10-02 11:14:51,692 INFO Connection check task start

2026-10-02 11:14:51,693 INFO Long connection metrics detail ,Total count =0, sdkCount=0,clusterCount=0

2026-10-02 11:14:51,694 INFO Out dated connection ,size=0

2026-10-02 11:14:51,694 INFO Connection check task end

2026-10-02 11:14:53,635 INFO ConnectionMetrics, totalCount = 0, detail = {long_connection=0, long_polling=0}

2026-10-02 11:14:54,695 INFO Connection check task start

2026-10-02 11:14:54,696 INFO Long connection metrics detail ,Total count =0, sdkCount=0,clusterCount=0

2026-10-02 11:14:54,696 INFO Out dated connection ,size=0

2026-10-02 11:14:54,697 INFO Connection check task end

2026-10-02 11:14:56,637 INFO ConnectionMetrics, totalCount = 0, detail = {long_connection=0, long_polling=0}

2026-10-02 11:14:57,697 INFO Connection check task start

2026-10-02 11:14:57,698 INFO Long connection metrics detail ,Total count =0, sdkCount=0,clusterCount=0

2026-10-02 11:14:57,699 INFO Out dated connection ,size=0

2026-10-02 11:14:57,700 INFO Connection check task end

2026-10-02 11:14:59,637 INFO ConnectionMetrics, totalCount = 0, detail = {long_connection=0, long_polling=0}

2026-10-02 11:15:00,699 INFO Connection check task start

2026-10-02 11:15:00,700 INFO Long connection metrics detail ,Total count =0, sdkCount=0,clusterCount=0

2026-10-02 11:15:00,700 INFO Out dated connection ,size=0

2026-10-02 11:15:00,701 INFO Connection check task end

2026-10-02 11:15:02,638 INFO ConnectionMetrics, totalCount = 0, detail = {long_connection=0, long_polling=0}

2026-10-02 11:15:03,701 INFO Connection check task start

2026-10-02 11:15:03,702 INFO Long connection metrics detail ,Total count =0, sdkCount=0,clusterCount=0

2026-10-02 11:15:03,703 INFO Out dated connection ,size=0

2026-10-02 11:15:03,704 INFO Connection check task end

2026-10-02 11:15:05,640 INFO ConnectionMetrics, totalCount = 0, detail = {long_connection=0, long_polling=0}

2026-10-02 11:15:06,705 INFO Connection check task start

2026-10-02 11:15:06,706 INFO Long connection metrics detail ,Total count =0, sdkCount=0,clusterCount=0

2026-10-02 11:15:06,707 INFO Out dated connection ,size=0

2026-10-02 11:15:06,707 INFO Connection check task end

2026-10-02 11:15:08,641 INFO ConnectionMetrics, totalCount = 0, detail = {long_connection=0, long_polling=0}

2026-10-02 11:15:09,708 INFO Connection check task start

2026-10-02 11:15:09,709 INFO Long connection metrics detail ,Total count =0, sdkCount=0,clusterCount=0

2026-10-02 11:15:09,710 INFO Out dated connection ,size=0

2026-10-02 11:15:09,711 INFO Connection check task end

2026-10-02 11:15:11,643 INFO ConnectionMetrics, totalCount = 0, detail = {long_connection=0, long_polling=0}

2026-10-02 11:15:12,712 INFO Connection check task start

2026-10-02 11:15:12,712 INFO Long connection metrics detail ,Total count =0, sdkCount=0,clusterCount=0

2026-10-02 11:15:12,713 INFO Out dated connection ,size=0

2026-10-02 11:15:12,713 INFO Connection check task end

2026-10-02 11:15:14,644 INFO ConnectionMetrics, totalCount = 0, detail = {long_connection=0, long_polling=0}

2026-10-02 11:15:15,714 INFO Connection check task start

2026-10-02 11:15:15,715 INFO Long connection metrics detail ,Total count =0, sdkCount=0,clusterCount=0

2026-10-02 11:15:15,716 INFO Out dated connection ,size=0

2026-10-02 11:15:15,717 INFO Connection check task end

2026-10-02 11:15:17,646 INFO ConnectionMetrics, totalCount = 0, detail = {long_connection=0, long_polling=0}

2026-10-02 11:15:18,718 INFO Connection check task start

2026-10-02 11:15:18,719 INFO Long connection metrics detail ,Total count =0, sdkCount=0,clusterCount=0

2026-10-02 11:15:18,719 INFO Out dated connection ,size=0

2026-10-02 11:15:18,720 INFO Connection check task end

2026-10-02 11:15:20,647 INFO ConnectionMetrics, totalCount = 0, detail = {long_connection=0, long_polling=0}

2026-10-02 11:15:21,721 INFO Connection check task start

2026-10-02 11:15:21,722 INFO Long connection metrics detail ,Total count =0, sdkCount=0,clusterCount=0

2026-10-02 11:15:21,723 INFO Out dated connection ,size=0

2026-10-02 11:15:21,724 INFO Connection check task end

2026-10-02 11:15:23,649 INFO ConnectionMetrics, totalCount = 0, detail = {long_connection=0, long_polling=0}

2026-10-02 11:15:24,725 INFO Connection check task start

2026-10-02 11:15:24,726 INFO Long connection metrics detail ,Total count =0, sdkCount=0,clusterCount=0

2026-10-02 11:15:24,726 INFO Out dated connection ,size=0

2026-10-02 11:15:24,727 INFO Connection check task end

2026-10-02 11:15:26,650 INFO ConnectionMetrics, totalCount = 0, detail = {long_connection=0, long_polling=0}

2026-10-02 11:15:27,728 INFO Connection check task start

2026-10-02 11:15:27,729 INFO Long connection metrics detail ,Total count =0, sdkCount=0,clusterCount=0

2026-10-02 11:15:27,730 INFO Out dated connection ,size=0

2026-10-02 11:15:27,732 INFO Connection check task end

2026-10-02 11:15:29,651 INFO ConnectionMetrics, totalCount = 0, detail = {long_connection=0, long_polling=0}

2026-10-02 11:15:30,731 INFO Connection check task start

2026-10-02 11:15:30,733 INFO Long connection metrics detail ,Total count =0, sdkCount=0,clusterCount=0

2026-10-02 11:15:30,735 INFO Out dated connection ,size=0

2026-10-02 11:15:30,736 INFO Connection check task end

2026-10-02 11:15:32,652 INFO ConnectionMetrics, totalCount = 0, detail = {long_connection=0, long_polling=0}

2026-10-02 11:15:33,738 INFO Connection check task start

2026-10-02 11:15:33,742 INFO Long connection metrics detail ,Total count =0, sdkCount=0,clusterCount=0

2026-10-02 11:15:33,745 INFO Out dated connection ,size=0

2026-10-02 11:15:33,746 INFO Connection check task end

2026-10-02 11:15:35,654 INFO ConnectionMetrics, totalCount = 0, detail = {long_connection=0, long_polling=0}

2026-10-02 11:15:36,750 INFO Connection check task start

2026-10-02 11:15:36,750 INFO Long connection metrics detail ,Total count =0, sdkCount=0,clusterCount=0

2026-10-02 11:15:36,751 INFO Out dated connection ,size=0

2026-10-02 11:15:36,752 INFO Connection check task end

2026-10-02 11:15:38,655 INFO ConnectionMetrics, totalCount = 0, detail = {long_connection=0, long_polling=0}

2026-10-02 11:15:39,753 INFO Connection check task start

2026-10-02 11:15:39,754 INFO Long connection metrics detail ,Total count =0, sdkCount=0,clusterCount=0

2026-10-02 11:15:39,755 INFO Out dated connection ,size=0

2026-10-02 11:15:39,756 INFO Connection check task end

2026-10-02 11:15:41,656 INFO ConnectionMetrics, totalCount = 0, detail = {long_connection=0, long_polling=0}

2026-10-02 11:15:42,757 INFO Connection check task start

2026-10-02 11:15:42,758 INFO Long connection metrics detail ,Total count =0, sdkCount=0,clusterCount=0

2026-10-02 11:15:42,760 INFO Out dated connection ,size=0

2026-10-02 11:15:42,760 INFO Connection check task end

2026-10-02 11:15:44,657 INFO ConnectionMetrics, totalCount = 0, detail = {long_connection=0, long_polling=0}

2026-10-02 11:15:45,761 INFO Connection check task start

2026-10-02 11:15:45,763 INFO Long connection metrics detail ,Total count =0, sdkCount=0,clusterCount=0

2026-10-02 11:15:45,764 INFO Out dated connection ,size=0

2026-10-02 11:15:45,765 INFO Connection check task end

2026-10-02 11:15:47,659 INFO ConnectionMetrics, totalCount = 0, detail = {long_connection=0, long_polling=0}

2026-10-02 11:15:48,766 INFO Connection check task start

2026-10-02 11:15:48,767 INFO Long connection metrics detail ,Total count =0, sdkCount=0,clusterCount=0

2026-10-02 11:15:48,768 INFO Out dated connection ,size=0

2026-10-02 11:15:48,769 INFO Connection check task end

2026-10-02 11:15:50,660 INFO ConnectionMetrics, totalCount = 0, detail = {long_connection=0, long_polling=0}

2026-10-02 11:15:51,770 INFO Connection check task start

2026-10-02 11:15:51,771 INFO Long connection metrics detail ,Total count =0, sdkCount=0,clusterCount=0

2026-10-02 11:15:51,771 INFO Out dated connection ,size=0

2026-10-02 11:15:51,772 INFO Connection check task end

2026-10-02 11:15:53,661 INFO ConnectionMetrics, totalCount = 0, detail = {long_connection=0, long_polling=0}

2026-10-02 11:15:54,773 INFO Connection check task start

2026-10-02 11:15:54,774 INFO Long connection metrics detail ,Total count =0, sdkCount=0,clusterCount=0

2026-10-02 11:15:54,775 INFO Out dated connection ,size=0

2026-10-02 11:15:54,776 INFO Connection check task end

2026-10-02 11:15:56,662 INFO ConnectionMetrics, totalCount = 0, detail = {long_connection=0, long_polling=0}

2026-10-02 11:15:57,777 INFO Connection check task start

2026-10-02 11:15:57,778 INFO Long connection metrics detail ,Total count =0, sdkCount=0,clusterCount=0

2026-10-02 11:15:57,779 INFO Out dated connection ,size=0

2026-10-02 11:15:57,780 INFO Connection check task end

2026-10-02 11:15:59,662 INFO ConnectionMetrics, totalCount = 0, detail = {long_connection=0, long_polling=0}

2026-10-02 11:16:00,780 INFO Connection check task start

2026-10-02 11:16:00,781 INFO Long connection metrics detail ,Total count =0, sdkCount=0,clusterCount=0

2026-10-02 11:16:00,782 INFO Out dated connection ,size=0

2026-10-02 11:16:00,785 INFO Connection check task end

2026-10-02 11:16:02,663 INFO ConnectionMetrics, totalCount = 0, detail = {long_connection=0, long_polling=0}

2026-10-02 11:16:03,789 INFO Connection check task start

2026-10-02 11:16:03,790 INFO Long connection metrics detail ,Total count =0, sdkCount=0,clusterCount=0

2026-10-02 11:16:03,790 INFO Out dated connection ,size=0

2026-10-02 11:16:03,790 INFO Connection check task end

2026-10-02 11:16:05,665 INFO ConnectionMetrics, totalCount = 0, detail = {long_connection=0, long_polling=0}

2026-10-02 11:16:06,791 INFO Connection check task start

2026-10-02 11:16:06,792 INFO Long connection metrics detail ,Total count =0, sdkCount=0,clusterCount=0

2026-10-02 11:16:06,792 INFO Out dated connection ,size=0

2026-10-02 11:16:06,793 INFO Connection check task end

2026-10-02 11:16:08,666 INFO ConnectionMetrics, totalCount = 0, detail = {long_connection=0, long_polling=0}

2026-10-02 11:16:09,794 INFO Connection check task start

2026-10-02 11:16:09,794 INFO Long connection metrics detail ,Total count =0, sdkCount=0,clusterCount=0

2026-10-02 11:16:09,795 INFO Out dated connection ,size=0

2026-10-02 11:16:09,796 INFO Connection check task end

2026-10-02 11:16:11,667 INFO ConnectionMetrics, totalCount = 0, detail = {long_connection=0, long_polling=0}

2026-10-02 11:16:12,796 INFO Connection check task start

2026-10-02 11:16:12,797 INFO Long connection metrics detail ,Total count =0, sdkCount=0,clusterCount=0

2026-10-02 11:16:12,798 INFO Out dated connection ,size=0

2026-10-02 11:16:12,799 INFO Connection check task end

2026-10-02 11:16:14,669 INFO ConnectionMetrics, totalCount = 0, detail = {long_connection=0, long_polling=0}

2026-10-02 11:16:15,799 INFO Connection check task start

2026-10-02 11:16:15,801 INFO Long connection metrics detail ,Total count =0, sdkCount=0,clusterCount=0

2026-10-02 11:16:15,802 INFO Out dated connection ,size=0

2026-10-02 11:16:15,802 INFO Connection check task end

2026-10-02 11:16:17,670 INFO ConnectionMetrics, totalCount = 0, detail = {long_connection=0, long_polling=0}

2026-10-02 11:16:18,803 INFO Connection check task start

2026-10-02 11:16:18,803 INFO Long connection metrics detail ,Total count =0, sdkCount=0,clusterCount=0

2026-10-02 11:16:18,804 INFO Out dated connection ,size=0

2026-10-02 11:16:18,804 INFO Connection check task end

2026-10-02 11:16:20,671 INFO ConnectionMetrics, totalCount = 0, detail = {long_connection=0, long_polling=0}

2026-10-02 11:16:21,804 INFO Connection check task start

2026-10-02 11:16:21,805 INFO Long connection metrics detail ,Total count =0, sdkCount=0,clusterCount=0

2026-10-02 11:16:21,806 INFO Out dated connection ,size=0

2026-10-02 11:16:21,806 INFO Connection check task end

2026-10-02 11:16:23,673 INFO ConnectionMetrics, totalCount = 0, detail = {long_connection=0, long_polling=0}

2026-10-02 11:16:24,807 INFO Connection check task start

2026-10-02 11:16:24,807 INFO Long connection metrics detail ,Total count =0, sdkCount=0,clusterCount=0

2026-10-02 11:16:24,808 INFO Out dated connection ,size=0

2026-10-02 11:16:24,809 INFO Connection check task end

2026-10-02 11:16:26,674 INFO ConnectionMetrics, totalCount = 0, detail = {long_connection=0, long_polling=0}

2026-10-02 11:16:27,810 INFO Connection check task start

2026-10-02 11:16:27,811 INFO Long connection metrics detail ,Total count =0, sdkCount=0,clusterCount=0

2026-10-02 11:16:27,811 INFO Out dated connection ,size=0

2026-10-02 11:16:27,812 INFO Connection check task end

2026-10-02 11:16:29,673 INFO ConnectionMetrics, totalCount = 0, detail = {long_connection=0, long_polling=0}

2026-10-02 11:16:30,811 INFO Connection check task start

2026-10-02 11:16:30,812 INFO Long connection metrics detail ,Total count =0, sdkCount=0,clusterCount=0

2026-10-02 11:16:30,813 INFO Out dated connection ,size=0

2026-10-02 11:16:30,814 INFO Connection check task end

2026-10-02 11:16:32,674 INFO ConnectionMetrics, totalCount = 0, detail = {long_connection=0, long_polling=0}

2026-10-02 11:16:33,816 INFO Connection check task start

2026-10-02 11:16:33,817 INFO Long connection metrics detail ,Total count =0, sdkCount=0,clusterCount=0

2026-10-02 11:16:33,818 INFO Out dated connection ,size=0

2026-10-02 11:16:33,819 INFO Connection check task end

2026-10-02 11:16:35,676 INFO ConnectionMetrics, totalCount = 0, detail = {long_connection=0, long_polling=0}

2026-10-02 11:16:36,820 INFO Connection check task start

2026-10-02 11:16:36,822 INFO Long connection metrics detail ,Total count =0, sdkCount=0,clusterCount=0

2026-10-02 11:16:36,823 INFO Out dated connection ,size=0

2026-10-02 11:16:36,824 INFO Connection check task end

2026-10-02 11:16:38,677 INFO ConnectionMetrics, totalCount = 0, detail = {long_connection=0, long_polling=0}

2026-10-02 11:16:39,825 INFO Connection check task start

2026-10-02 11:16:39,826 INFO Long connection metrics detail ,Total count =0, sdkCount=0,clusterCount=0

2026-10-02 11:16:39,827 INFO Out dated connection ,size=0

2026-10-02 11:16:39,827 INFO Connection check task end

2026-10-02 11:16:41,679 INFO ConnectionMetrics, totalCount = 0, detail = {long_connection=0, long_polling=0}

2026-10-02 11:16:42,828 INFO Connection check task start

2026-10-02 11:16:42,829 INFO Long connection metrics detail ,Total count =0, sdkCount=0,clusterCount=0

2026-10-02 11:16:42,830 INFO Out dated connection ,size=0

2026-10-02 11:16:42,830 INFO Connection check task end

2026-10-02 11:16:44,680 INFO ConnectionMetrics, totalCount = 0, detail = {long_connection=0, long_polling=0}

2026-10-02 11:16:45,832 INFO Connection check task start

2026-10-02 11:16:45,833 INFO Long connection metrics detail ,Total count =0, sdkCount=0,clusterCount=0

2026-10-02 11:16:45,834 INFO Out dated connection ,size=0

2026-10-02 11:16:45,835 INFO Connection check task end

2026-10-02 11:16:47,681 INFO ConnectionMetrics, totalCount = 0, detail = {long_connection=0, long_polling=0}

2026-10-02 11:16:48,836 INFO Connection check task start

2026-10-02 11:16:48,836 INFO Long connection metrics detail ,Total count =0, sdkCount=0,clusterCount=0

2026-10-02 11:16:48,837 INFO Out dated connection ,size=0

2026-10-02 11:16:48,837 INFO Connection check task end

2026-10-02 11:16:50,683 INFO ConnectionMetrics, totalCount = 0, detail = {long_connection=0, long_polling=0}

2026-10-02 11:16:51,838 INFO Connection check task start

2026-10-02 11:16:51,839 INFO Long connection metrics detail ,Total count =0, sdkCount=0,clusterCount=0

2026-10-02 11:16:51,840 INFO Out dated connection ,size=0

2026-10-02 11:16:51,841 INFO Connection check task end

2026-10-02 11:16:53,685 INFO ConnectionMetrics, totalCount = 0, detail = {long_connection=0, long_polling=0}

2026-10-02 11:16:54,842 INFO Connection check task start

2026-10-02 11:16:54,844 INFO Long connection metrics detail ,Total count =0, sdkCount=0,clusterCount=0

2026-10-02 11:16:54,845 INFO Out dated connection ,size=0

2026-10-02 11:16:54,845 INFO Connection check task end

2026-10-02 11:16:56,686 INFO ConnectionMetrics, totalCount = 0, detail = {long_connection=0, long_polling=0}

2026-10-02 11:16:57,846 INFO Connection check task start

2026-10-02 11:16:57,848 INFO Long connection metrics detail ,Total count =0, sdkCount=0,clusterCount=0

2026-10-02 11:16:57,849 INFO Out dated connection ,size=0

2026-10-02 11:16:57,850 INFO Connection check task end

2026-10-02 11:16:59,686 INFO ConnectionMetrics, totalCount = 0, detail = {long_connection=0, long_polling=0}

2026-10-02 11:17:00,850 INFO Connection check task start

2026-10-02 11:17:00,851 INFO Long connection metrics detail ,Total count =0, sdkCount=0,clusterCount=0

2026-10-02 11:17:00,852 INFO Out dated connection ,size=0

2026-10-02 11:17:00,853 INFO Connection check task end

2026-10-02 11:17:02,693 INFO ConnectionMetrics, totalCount = 0, detail = {long_connection=0, long_polling=0}

2026-10-02 11:17:03,854 INFO Connection check task start

2026-10-02 11:17:03,855 INFO Long connection metrics detail ,Total count =0, sdkCount=0,clusterCount=0

2026-10-02 11:17:03,856 INFO Out dated connection ,size=0

2026-10-02 11:17:03,857 INFO Connection check task end

2026-10-02 11:17:05,695 INFO ConnectionMetrics, totalCount = 0, detail = {long_connection=0, long_polling=0}

2026-10-02 11:17:06,858 INFO Connection check task start

2026-10-02 11:17:06,860 INFO Long connection metrics detail ,Total count =0, sdkCount=0,clusterCount=0

2026-10-02 11:17:06,860 INFO Out dated connection ,size=0

2026-10-02 11:17:06,861 INFO Connection check task end

2026-10-02 11:17:08,696 INFO ConnectionMetrics, totalCount = 0, detail = {long_connection=0, long_polling=0}

2026-10-02 11:17:09,862 INFO Connection check task start

2026-10-02 11:17:09,863 INFO Long connection metrics detail ,Total count =0, sdkCount=0,clusterCount=0

2026-10-02 11:17:09,864 INFO Out dated connection ,size=0

2026-10-02 11:17:09,864 INFO Connection check task end

2026-10-02 11:17:11,697 INFO ConnectionMetrics, totalCount = 0, detail = {long_connection=0, long_polling=0}

2026-10-02 11:17:12,865 INFO Connection check task start

2026-10-02 11:17:12,866 INFO Long connection metrics detail ,Total count =0, sdkCount=0,clusterCount=0

2026-10-02 11:17:12,867 INFO Out dated connection ,size=0

2026-10-02 11:17:12,867 INFO Connection check task end

2026-10-02 11:17:14,699 INFO ConnectionMetrics, totalCount = 0, detail = {long_connection=0, long_polling=0}

2026-10-02 11:17:15,868 INFO Connection check task start

2026-10-02 11:17:15,870 INFO Long connection metrics detail ,Total count =0, sdkCount=0,clusterCount=0

2026-10-02 11:17:15,871 INFO Out dated connection ,size=0

2026-10-02 11:17:15,872 INFO Connection check task end

2026-10-02 11:17:17,702 INFO ConnectionMetrics, totalCount = 0, detail = {long_connection=0, long_polling=0}

2026-10-02 11:17:18,873 INFO Connection check task start

2026-10-02 11:17:18,874 INFO Long connection metrics detail ,Total count =0, sdkCount=0,clusterCount=0

2026-10-02 11:17:18,875 INFO Out dated connection ,size=0

2026-10-02 11:17:18,876 INFO Connection check task end

2026-10-02 11:17:20,704 INFO ConnectionMetrics, totalCount = 0, detail = {long_connection=0, long_polling=0}

2026-10-02 11:17:21,877 INFO Connection check task start

2026-10-02 11:17:21,879 INFO Long connection metrics detail ,Total count =0, sdkCount=0,clusterCount=0

2026-10-02 11:17:21,880 INFO Out dated connection ,size=0

2026-10-02 11:17:21,882 INFO Connection check task end

2026-10-02 11:17:23,706 INFO ConnectionMetrics, totalCount = 0, detail = {long_connection=0, long_polling=0}

2026-10-02 11:17:24,883 INFO Connection check task start

2026-10-02 11:17:24,884 INFO Long connection metrics detail ,Total count =0, sdkCount=0,clusterCount=0

2026-10-02 11:17:24,885 INFO Out dated connection ,size=0

2026-10-02 11:17:24,886 INFO Connection check task end

2026-10-02 11:17:26,708 INFO ConnectionMetrics, totalCount = 0, detail = {long_connection=0, long_polling=0}

2026-10-02 11:17:27,887 INFO Connection check task start

2026-10-02 11:17:27,888 INFO Long connection metrics detail ,Total count =0, sdkCount=0,clusterCount=0

2026-10-02 11:17:27,889 INFO Out dated connection ,size=0

2026-10-02 11:17:27,890 INFO Connection check task end

2026-10-02 11:17:29,706 INFO ConnectionMetrics, totalCount = 0, detail = {long_connection=0, long_polling=0}

2026-10-02 11:17:30,887 INFO Connection check task start

2026-10-02 11:17:30,889 INFO Long connection metrics detail ,Total count =0, sdkCount=0,clusterCount=0

2026-10-02 11:17:30,890 INFO Out dated connection ,size=0

2026-10-02 11:17:30,892 INFO Connection check task end

2026-10-02 11:17:32,708 INFO ConnectionMetrics, totalCount = 0, detail = {long_connection=0, long_polling=0}

2026-10-02 11:17:33,893 INFO Connection check task start

2026-10-02 11:17:33,894 INFO Long connection metrics detail ,Total count =0, sdkCount=0,clusterCount=0

2026-10-02 11:17:33,895 INFO Out dated connection ,size=0

2026-10-02 11:17:33,895 INFO Connection check task end

2026-10-02 11:17:35,709 INFO ConnectionMetrics, totalCount = 0, detail = {long_connection=0, long_polling=0}

2026-10-02 11:17:36,896 INFO Connection check task start

2026-10-02 11:17:36,898 INFO Long connection metrics detail ,Total count =0, sdkCount=0,clusterCount=0

2026-10-02 11:17:36,899 INFO Out dated connection ,size=0

2026-10-02 11:17:36,899 INFO Connection check task end

2026-10-02 11:17:38,710 INFO ConnectionMetrics, totalCount = 0, detail = {long_connection=0, long_polling=0}

2026-10-02 11:17:39,900 INFO Connection check task start

2026-10-02 11:17:39,901 INFO Long connection metrics detail ,Total count =0, sdkCount=0,clusterCount=0

2026-10-02 11:17:39,902 INFO Out dated connection ,size=0

2026-10-02 11:17:39,903 INFO Connection check task end

2026-10-02 11:17:41,711 INFO ConnectionMetrics, totalCount = 0, detail = {long_connection=0, long_polling=0}

2026-10-02 11:17:42,903 INFO Connection check task start

2026-10-02 11:17:42,904 INFO Long connection metrics detail ,Total count =0, sdkCount=0,clusterCount=0

2026-10-02 11:17:42,905 INFO Out dated connection ,size=0

2026-10-02 11:17:42,905 INFO Connection check task end

2026-10-02 11:17:44,714 INFO ConnectionMetrics, totalCount = 0, detail = {long_connection=0, long_polling=0}

2026-10-02 11:17:45,906 INFO Connection check task start

2026-10-02 11:17:45,907 INFO Long connection metrics detail ,Total count =0, sdkCount=0,clusterCount=0

2026-10-02 11:17:45,908 INFO Out dated connection ,size=0

2026-10-02 11:17:45,908 INFO Connection check task end

2026-10-02 11:17:47,715 INFO ConnectionMetrics, totalCount = 0, detail = {long_connection=0, long_polling=0}

2026-10-02 11:17:48,909 INFO Connection check task start

2026-10-02 11:17:48,910 INFO Long connection metrics detail ,Total count =0, sdkCount=0,clusterCount=0

2026-10-02 11:17:48,911 INFO Out dated connection ,size=0

2026-10-02 11:17:48,913 INFO Connection check task end

2026-10-02 11:17:50,716 INFO ConnectionMetrics, totalCount = 0, detail = {long_connection=0, long_polling=0}

2026-10-02 11:17:51,914 INFO Connection check task start

2026-10-02 11:17:51,915 INFO Long connection metrics detail ,Total count =0, sdkCount=0,clusterCount=0

2026-10-02 11:17:51,916 INFO Out dated connection ,size=0

2026-10-02 11:17:51,917 INFO Connection check task end

2026-10-02 11:17:53,718 INFO ConnectionMetrics, totalCount = 0, detail = {long_connection=0, long_polling=0}

2026-10-02 11:17:54,918 INFO Connection check task start

2026-10-02 11:17:54,919 INFO Long connection metrics detail ,Total count =0, sdkCount=0,clusterCount=0

2026-10-02 11:17:54,920 INFO Out dated connection ,size=0

2026-10-02 11:17:54,920 INFO Connection check task end

2026-10-02 11:17:56,720 INFO ConnectionMetrics, totalCount = 0, detail = {long_connection=0, long_polling=0}

2026-10-02 11:17:57,921 INFO Connection check task start

2026-10-02 11:17:57,922 INFO Long connection metrics detail ,Total count =0, sdkCount=0,clusterCount=0

2026-10-02 11:17:57,923 INFO Out dated connection ,size=0

2026-10-02 11:17:57,924 INFO Connection check task end

2026-10-02 11:17:59,721 INFO ConnectionMetrics, totalCount = 0, detail = {long_connection=0, long_polling=0}

2026-10-02 11:18:00,924 INFO Connection check task start

2026-10-02 11:18:00,925 INFO Long connection metrics detail ,Total count =0, sdkCount=0,clusterCount=0

2026-10-02 11:18:00,926 INFO Out dated connection ,size=0

2026-10-02 11:18:00,927 INFO Connection check task end

2026-10-02 11:18:02,722 INFO ConnectionMetrics, totalCount = 0, detail = {long_connection=0, long_polling=0}

2026-10-02 11:18:03,927 INFO Connection check task start

2026-10-02 11:18:03,928 INFO Long connection metrics detail ,Total count =0, sdkCount=0,clusterCount=0

2026-10-02 11:18:03,929 INFO Out dated connection ,size=0

2026-10-02 11:18:03,930 INFO Connection check task end

2026-10-02 11:18:05,725 INFO ConnectionMetrics, totalCount = 0, detail = {long_connection=0, long_polling=0}

2026-10-02 11:18:06,931 INFO Connection check task start

2026-10-02 11:18:06,932 INFO Long connection metrics detail ,Total count =0, sdkCount=0,clusterCount=0

2026-10-02 11:18:06,933 INFO Out dated connection ,size=0

2026-10-02 11:18:06,934 INFO Connection check task end

2026-10-02 11:18:08,726 INFO ConnectionMetrics, totalCount = 0, detail = {long_connection=0, long_polling=0}

2026-10-02 11:18:09,935 INFO Connection check task start

2026-10-02 11:18:09,936 INFO Long connection metrics detail ,Total count =0, sdkCount=0,clusterCount=0

2026-10-02 11:18:09,941 INFO Out dated connection ,size=0

2026-10-02 11:18:09,946 INFO Connection check task end

2026-10-02 11:18:11,727 INFO ConnectionMetrics, totalCount = 0, detail = {long_connection=0, long_polling=0}

2026-10-02 11:18:12,949 INFO Connection check task start

2026-10-02 11:18:12,950 INFO Long connection metrics detail ,Total count =0, sdkCount=0,clusterCount=0

2026-10-02 11:18:12,951 INFO Out dated connection ,size=0

2026-10-02 11:18:12,951 INFO Connection check task end

2026-10-02 11:18:14,728 INFO ConnectionMetrics, totalCount = 0, detail = {long_connection=0, long_polling=0}

2026-10-02 11:18:15,953 INFO Connection check task start

2026-10-02 11:18:15,953 INFO Long connection metrics detail ,Total count =0, sdkCount=0,clusterCount=0

2026-10-02 11:18:15,954 INFO Out dated connection ,size=0

2026-10-02 11:18:15,955 INFO Connection check task end

2026-10-02 11:18:17,730 INFO ConnectionMetrics, totalCount = 0, detail = {long_connection=0, long_polling=0}

2026-10-02 11:18:18,956 INFO Connection check task start

2026-10-02 11:18:18,957 INFO Long connection metrics detail ,Total count =0, sdkCount=0,clusterCount=0

2026-10-02 11:18:18,958 INFO Out dated connection ,size=0

2026-10-02 11:18:18,959 INFO Connection check task end

2026-10-02 11:18:20,731 INFO ConnectionMetrics, totalCount = 0, detail = {long_connection=0, long_polling=0}

2026-10-02 11:18:21,960 INFO Connection check task start

2026-10-02 11:18:21,961 INFO Long connection metrics detail ,Total count =0, sdkCount=0,clusterCount=0

2026-10-02 11:18:21,961 INFO Out dated connection ,size=0

2026-10-02 11:18:21,962 INFO Connection check task end

2026-10-02 11:18:23,732 INFO ConnectionMetrics, totalCount = 0, detail = {long_connection=0, long_polling=0}

2026-10-02 11:18:24,963 INFO Connection check task start

2026-10-02 11:18:24,964 INFO Long connection metrics detail ,Total count =0, sdkCount=0,clusterCount=0

2026-10-02 11:18:24,965 INFO Out dated connection ,size=0

2026-10-02 11:18:24,965 INFO Connection check task end

2026-10-02 11:18:26,734 INFO ConnectionMetrics, totalCount = 0, detail = {long_connection=0, long_polling=0}

2026-10-02 11:18:27,966 INFO Connection check task start

2026-10-02 11:18:27,967 INFO Long connection metrics detail ,Total count =0, sdkCount=0,clusterCount=0

2026-10-02 11:18:27,968 INFO Out dated connection ,size=0

2026-10-02 11:18:27,969 INFO Connection check task end

2026-10-02 11:18:29,734 INFO ConnectionMetrics, totalCount = 0, detail = {long_connection=0, long_polling=0}

2026-10-02 11:18:30,969 INFO Connection check task start

2026-10-02 11:18:30,970 INFO Long connection metrics detail ,Total count =0, sdkCount=0,clusterCount=0

2026-10-02 11:18:30,970 INFO Out dated connection ,size=0

2026-10-02 11:18:30,971 INFO Connection check task end

2026-10-02 11:18:32,735 INFO ConnectionMetrics, totalCount = 0, detail = {long_connection=0, long_polling=0}

2026-10-02 11:18:33,971 INFO Connection check task start

2026-10-02 11:18:33,973 INFO Long connection metrics detail ,Total count =0, sdkCount=0,clusterCount=0

2026-10-02 11:18:33,974 INFO Out dated connection ,size=0

2026-10-02 11:18:33,975 INFO Connection check task end

2026-10-02 11:18:35,736 INFO ConnectionMetrics, totalCount = 0, detail = {long_connection=0, long_polling=0}

2026-10-02 11:18:36,976 INFO Connection check task start

2026-10-02 11:18:36,977 INFO Long connection metrics detail ,Total count =0, sdkCount=0,clusterCount=0

2026-10-02 11:18:36,977 INFO Out dated connection ,size=0

2026-10-02 11:18:36,978 INFO Connection check task end

2026-10-02 11:18:38,738 INFO ConnectionMetrics, totalCount = 0, detail = {long_connection=0, long_polling=0}

2026-10-02 11:18:39,979 INFO Connection check task start

2026-10-02 11:18:39,980 INFO Long connection metrics detail ,Total count =0, sdkCount=0,clusterCount=0

2026-10-02 11:18:39,981 INFO Out dated connection ,size=0

2026-10-02 11:18:39,981 INFO Connection check task end

2026-10-02 11:18:41,739 INFO ConnectionMetrics, totalCount = 0, detail = {long_connection=0, long_polling=0}

2026-10-02 11:18:42,982 INFO Connection check task start

2026-10-02 11:18:42,983 INFO Long connection metrics detail ,Total count =0, sdkCount=0,clusterCount=0

2026-10-02 11:18:42,984 INFO Out dated connection ,size=0

2026-10-02 11:18:42,985 INFO Connection check task end

2026-10-02 11:18:44,741 INFO ConnectionMetrics, totalCount = 0, detail = {long_connection=0, long_polling=0}

2026-10-02 11:18:45,987 INFO Connection check task start

2026-10-02 11:18:45,988 INFO Long connection metrics detail ,Total count =0, sdkCount=0,clusterCount=0

2026-10-02 11:18:45,989 INFO Out dated connection ,size=0

2026-10-02 11:18:45,993 INFO Connection check task end

2026-10-02 11:18:47,742 INFO ConnectionMetrics, totalCount = 0, detail = {long_connection=0, long_polling=0}

2026-10-02 11:18:48,994 INFO Connection check task start

2026-10-02 11:18:48,998 INFO Long connection metrics detail ,Total count =0, sdkCount=0,clusterCount=0

2026-10-02 11:18:48,999 INFO Out dated connection ,size=0

2026-10-02 11:18:49,001 INFO Connection check task end

2026-10-02 11:18:50,743 INFO ConnectionMetrics, totalCount = 0, detail = {long_connection=0, long_polling=0}

2026-10-02 11:18:52,004 INFO Connection check task start

2026-10-02 11:18:52,005 INFO Long connection metrics detail ,Total count =0, sdkCount=0,clusterCount=0

2026-10-02 11:18:52,005 INFO Out dated connection ,size=0

2026-10-02 11:18:52,006 INFO Connection check task end

2026-10-02 11:18:53,744 INFO ConnectionMetrics, totalCount = 0, detail = {long_connection=0, long_polling=0}

2026-10-02 11:18:55,007 INFO Connection check task start

2026-10-02 11:18:55,008 INFO Long connection metrics detail ,Total count =0, sdkCount=0,clusterCount=0

2026-10-02 11:18:55,009 INFO Out dated connection ,size=0

2026-10-02 11:18:55,010 INFO Connection check task end

2026-10-02 11:18:56,745 INFO ConnectionMetrics, totalCount = 0, detail = {long_connection=0, long_polling=0}

2026-10-02 11:18:58,011 INFO Connection check task start

2026-10-02 11:18:58,012 INFO Long connection metrics detail ,Total count =0, sdkCount=0,clusterCount=0

2026-10-02 11:18:58,012 INFO Out dated connection ,size=0

2026-10-02 11:18:58,013 INFO Connection check task end

2026-10-02 11:18:59,745 INFO ConnectionMetrics, totalCount = 0, detail = {long_connection=0, long_polling=0}

2026-10-02 11:19:01,013 INFO Connection check task start

2026-10-02 11:19:01,018 INFO Long connection metrics detail ,Total count =0, sdkCount=0,clusterCount=0

2026-10-02 11:19:01,021 INFO Out dated connection ,size=0

2026-10-02 11:19:01,022 INFO Connection check task end

2026-10-02 11:19:02,747 INFO ConnectionMetrics, totalCount = 0, detail = {long_connection=0, long_polling=0}

2026-10-02 11:19:04,023 INFO Connection check task start

2026-10-02 11:19:04,025 INFO Long connection metrics detail ,Total count =0, sdkCount=0,clusterCount=0

2026-10-02 11:19:04,025 INFO Out dated connection ,size=0

2026-10-02 11:19:04,026 INFO Connection check task end

2026-10-02 11:19:05,748 INFO ConnectionMetrics, totalCount = 0, detail = {long_connection=0, long_polling=0}

2026-10-02 11:19:07,027 INFO Connection check task start

2026-10-02 11:19:07,028 INFO Long connection metrics detail ,Total count =0, sdkCount=0,clusterCount=0

2026-10-02 11:19:07,028 INFO Out dated connection ,size=0

2026-10-02 11:19:07,029 INFO Connection check task end

2026-10-02 11:19:08,750 INFO ConnectionMetrics, totalCount = 0, detail = {long_connection=0, long_polling=0}

2026-10-02 11:19:10,030 INFO Connection check task start

2026-10-02 11:19:10,031 INFO Long connection metrics detail ,Total count =0, sdkCount=0,clusterCount=0

2026-10-02 11:19:10,032 INFO Out dated connection ,size=0

2026-10-02 11:19:10,032 INFO Connection check task end

2026-10-02 11:19:11,751 INFO ConnectionMetrics, totalCount = 0, detail = {long_connection=0, long_polling=0}

2026-10-02 11:19:13,033 INFO Connection check task start

2026-10-02 11:19:13,034 INFO Long connection metrics detail ,Total count =0, sdkCount=0,clusterCount=0

2026-10-02 11:19:13,035 INFO Out dated connection ,size=0

2026-10-02 11:19:13,036 INFO Connection check task end

2026-10-02 11:19:14,753 INFO ConnectionMetrics, totalCount = 0, detail = {long_connection=0, long_polling=0}

2026-10-02 11:19:16,037 INFO Connection check task start

2026-10-02 11:19:16,037 INFO Long connection metrics detail ,Total count =0, sdkCount=0,clusterCount=0

2026-10-02 11:19:16,038 INFO Out dated connection ,size=0

2026-10-02 11:19:16,039 INFO Connection check task end

2026-10-02 11:19:17,754 INFO ConnectionMetrics, totalCount = 0, detail = {long_connection=0, long_polling=0}

2026-10-02 11:19:19,040 INFO Connection check task start

2026-10-02 11:19:19,042 INFO Long connection metrics detail ,Total count =0, sdkCount=0,clusterCount=0

2026-10-02 11:19:19,043 INFO Out dated connection ,size=0

2026-10-02 11:19:19,044 INFO Connection check task end

2026-10-02 11:19:20,756 INFO ConnectionMetrics, totalCount = 0, detail = {long_connection=0, long_polling=0}

2026-10-02 11:19:22,046 INFO Connection check task start

2026-10-02 11:19:22,047 INFO Long connection metrics detail ,Total count =0, sdkCount=0,clusterCount=0

2026-10-02 11:19:22,048 INFO Out dated connection ,size=0

2026-10-02 11:19:22,048 INFO Connection check task end

2026-10-02 11:19:23,757 INFO ConnectionMetrics, totalCount = 0, detail = {long_connection=0, long_polling=0}

2026-10-02 11:19:25,049 INFO Connection check task start

2026-10-02 11:19:25,050 INFO Long connection metrics detail ,Total count =0, sdkCount=0,clusterCount=0

2026-10-02 11:19:25,051 INFO Out dated connection ,size=0

2026-10-02 11:19:25,051 INFO Connection check task end

2026-10-02 11:19:26,758 INFO ConnectionMetrics, totalCount = 0, detail = {long_connection=0, long_polling=0}

2026-10-02 11:19:28,052 INFO Connection check task start

2026-10-02 11:19:28,053 INFO Long connection metrics detail ,Total count =0, sdkCount=0,clusterCount=0

2026-10-02 11:19:28,054 INFO Out dated connection ,size=0

2026-10-02 11:19:28,055 INFO Connection check task end

2026-10-02 11:19:29,759 INFO ConnectionMetrics, totalCount = 0, detail = {long_connection=0, long_polling=0}

2026-10-02 11:19:31,055 INFO Connection check task start

2026-10-02 11:19:31,056 INFO Long connection metrics detail ,Total count =0, sdkCount=0,clusterCount=0

2026-10-02 11:19:31,056 INFO Out dated connection ,size=0

2026-10-02 11:19:31,057 INFO Connection check task end

2026-10-02 11:19:32,761 INFO ConnectionMetrics, totalCount = 0, detail = {long_connection=0, long_polling=0}

2026-10-02 11:19:34,058 INFO Connection check task start

2026-10-02 11:19:34,059 INFO Long connection metrics detail ,Total count =0, sdkCount=0,clusterCount=0

2026-10-02 11:19:34,060 INFO Out dated connection ,size=0

2026-10-02 11:19:34,060 INFO Connection check task end

2026-10-02 11:19:35,762 INFO ConnectionMetrics, totalCount = 0, detail = {long_connection=0, long_polling=0}

2026-10-02 11:19:37,061 INFO Connection check task start

2026-10-02 11:19:37,065 INFO Long connection metrics detail ,Total count =0, sdkCount=0,clusterCount=0

2026-10-02 11:19:37,066 INFO Out dated connection ,size=0

2026-10-02 11:19:37,066 INFO Connection check task end

2026-10-02 11:19:38,764 INFO ConnectionMetrics, totalCount = 0, detail = {long_connection=0, long_polling=0}

2026-10-02 11:19:40,067 INFO Connection check task start

2026-10-02 11:19:40,069 INFO Long connection metrics detail ,Total count =0, sdkCount=0,clusterCount=0

2026-10-02 11:19:40,070 INFO Out dated connection ,size=0

2026-10-02 11:19:40,071 INFO Connection check task end

2026-10-02 11:19:41,765 INFO ConnectionMetrics, totalCount = 0, detail = {long_connection=0, long_polling=0}

2026-10-02 11:19:43,072 INFO Connection check task start

2026-10-02 11:19:43,073 INFO Long connection metrics detail ,Total count =0, sdkCount=0,clusterCount=0

2026-10-02 11:19:43,074 INFO Out dated connection ,size=0

2026-10-02 11:19:43,075 INFO Connection check task end

2026-10-02 11:19:44,766 INFO ConnectionMetrics, totalCount = 0, detail = {long_connection=0, long_polling=0}

2026-10-02 11:19:46,076 INFO Connection check task start

2026-10-02 11:19:46,077 INFO Long connection metrics detail ,Total count =0, sdkCount=0,clusterCount=0

2026-10-02 11:19:46,077 INFO Out dated connection ,size=0

2026-10-02 11:19:46,078 INFO Connection check task end

2026-10-02 11:19:47,767 INFO ConnectionMetrics, totalCount = 0, detail = {long_connection=0, long_polling=0}

2026-10-02 11:19:49,079 INFO Connection check task start

2026-10-02 11:19:49,080 INFO Long connection metrics detail ,Total count =0, sdkCount=0,clusterCount=0

2026-10-02 11:19:49,080 INFO Out dated connection ,size=0

2026-10-02 11:19:49,081 INFO Connection check task end

2026-10-02 11:19:50,768 INFO ConnectionMetrics, totalCount = 0, detail = {long_connection=0, long_polling=0}

2026-10-02 11:19:52,082 INFO Connection check task start

2026-10-02 11:19:52,083 INFO Long connection metrics detail ,Total count =0, sdkCount=0,clusterCount=0

2026-10-02 11:19:52,084 INFO Out dated connection ,size=0

2026-10-02 11:19:52,087 INFO Connection check task end

2026-10-02 11:19:53,770 INFO ConnectionMetrics, totalCount = 0, detail = {long_connection=0, long_polling=0}

2026-10-02 11:19:55,088 INFO Connection check task start

2026-10-02 11:19:55,089 INFO Long connection metrics detail ,Total count =0, sdkCount=0,clusterCount=0

2026-10-02 11:19:55,089 INFO Out dated connection ,size=0

2026-10-02 11:19:55,090 INFO Connection check task end

2026-10-02 11:19:56,771 INFO ConnectionMetrics, totalCount = 0, detail = {long_connection=0, long_polling=0}

2026-10-02 11:19:58,090 INFO Connection check task start

2026-10-02 11:19:58,091 INFO Long connection metrics detail ,Total count =0, sdkCount=0,clusterCount=0

2026-10-02 11:19:58,092 INFO Out dated connection ,size=0

2026-10-02 11:19:58,093 INFO Connection check task end

2026-10-02 11:19:59,771 INFO ConnectionMetrics, totalCount = 0, detail = {long_connection=0, long_polling=0}

2026-10-02 11:20:01,092 INFO Connection check task start

2026-10-02 11:20:01,092 INFO Long connection metrics detail ,Total count =0, sdkCount=0,clusterCount=0

2026-10-02 11:20:01,093 INFO Out dated connection ,size=0

2026-10-02 11:20:01,094 INFO Connection check task end

2026-10-02 11:20:02,774 INFO ConnectionMetrics, totalCount = 0, detail = {long_connection=0, long_polling=0}

2026-10-02 11:20:04,095 INFO Connection check task start

2026-10-02 11:20:04,096 INFO Long connection metrics detail ,Total count =0, sdkCount=0,clusterCount=0

2026-10-02 11:20:04,097 INFO Out dated connection ,size=0

2026-10-02 11:20:04,098 INFO Connection check task end

2026-10-02 11:20:05,775 INFO ConnectionMetrics, totalCount = 0, detail = {long_connection=0, long_polling=0}

2026-10-02 11:20:07,100 INFO Connection check task start

2026-10-02 11:20:07,101 INFO Long connection metrics detail ,Total count =0, sdkCount=0,clusterCount=0

2026-10-02 11:20:07,102 INFO Out dated connection ,size=0

2026-10-02 11:20:07,103 INFO Connection check task end

2026-10-02 11:20:08,776 INFO ConnectionMetrics, totalCount = 0, detail = {long_connection=0, long_polling=0}

2026-10-02 11:20:10,104 INFO Connection check task start

2026-10-02 11:20:10,107 INFO Long connection metrics detail ,Total count =0, sdkCount=0,clusterCount=0

2026-10-02 11:20:10,108 INFO Out dated connection ,size=0

2026-10-02 11:20:10,111 INFO Connection check task end

2026-10-02 11:20:11,778 INFO ConnectionMetrics, totalCount = 0, detail = {long_connection=0, long_polling=0}

2026-10-02 11:20:13,113 INFO Connection check task start

2026-10-02 11:20:13,114 INFO Long connection metrics detail ,Total count =0, sdkCount=0,clusterCount=0

2026-10-02 11:20:13,116 INFO Out dated connection ,size=0

2026-10-02 11:20:13,117 INFO Connection check task end

2026-10-02 11:20:14,779 INFO ConnectionMetrics, totalCount = 0, detail = {long_connection=0, long_polling=0}

2026-10-02 11:20:16,117 INFO Connection check task start

2026-10-02 11:20:16,118 INFO Long connection metrics detail ,Total count =0, sdkCount=0,clusterCount=0

2026-10-02 11:20:16,119 INFO Out dated connection ,size=0

2026-10-02 11:20:16,119 INFO Connection check task end

2026-10-02 11:20:17,781 INFO ConnectionMetrics, totalCount = 0, detail = {long_connection=0, long_polling=0}

2026-10-02 11:20:19,120 INFO Connection check task start

2026-10-02 11:20:19,121 INFO Long connection metrics detail ,Total count =0, sdkCount=0,clusterCount=0

2026-10-02 11:20:19,122 INFO Out dated connection ,size=0

2026-10-02 11:20:19,123 INFO Connection check task end

2026-10-02 11:20:20,783 INFO ConnectionMetrics, totalCount = 0, detail = {long_connection=0, long_polling=0}

2026-10-02 11:20:22,124 INFO Connection check task start

2026-10-02 11:20:22,126 INFO Long connection metrics detail ,Total count =0, sdkCount=0,clusterCount=0

2026-10-02 11:20:22,127 INFO Out dated connection ,size=0

2026-10-02 11:20:22,127 INFO Connection check task end

2026-10-02 11:20:23,784 INFO ConnectionMetrics, totalCount = 0, detail = {long_connection=0, long_polling=0}

2026-10-02 11:20:25,129 INFO Connection check task start

2026-10-02 11:20:25,130 INFO Long connection metrics detail ,Total count =0, sdkCount=0,clusterCount=0

2026-10-02 11:20:25,131 INFO Out dated connection ,size=0

2026-10-02 11:20:25,132 INFO Connection check task end

2026-10-02 11:20:26,785 INFO ConnectionMetrics, totalCount = 0, detail = {long_connection=0, long_polling=0}

2026-10-02 11:20:28,134 INFO Connection check task start

2026-10-02 11:20:28,135 INFO Long connection metrics detail ,Total count =0, sdkCount=0,clusterCount=0

2026-10-02 11:20:28,137 INFO Out dated connection ,size=0

2026-10-02 11:20:28,138 INFO Connection check task end

2026-10-02 11:20:29,786 INFO ConnectionMetrics, totalCount = 0, detail = {long_connection=0, long_polling=0}

2026-10-02 11:20:31,138 INFO Connection check task start

2026-10-02 11:20:31,139 INFO Long connection metrics detail ,Total count =0, sdkCount=0,clusterCount=0

2026-10-02 11:20:31,139 INFO Out dated connection ,size=0

2026-10-02 11:20:31,140 INFO Connection check task end

2026-10-02 11:20:32,789 INFO ConnectionMetrics, totalCount = 0, detail = {long_connection=0, long_polling=0}

2026-10-02 11:20:34,141 INFO Connection check task start

2026-10-02 11:20:34,142 INFO Long connection metrics detail ,Total count =0, sdkCount=0,clusterCount=0

2026-10-02 11:20:34,142 INFO Out dated connection ,size=0

2026-10-02 11:20:34,143 INFO Connection check task end

2026-10-02 11:20:35,791 INFO ConnectionMetrics, totalCount = 0, detail = {long_connection=0, long_polling=0}

2026-10-02 11:20:37,144 INFO Connection check task start

2026-10-02 11:20:37,145 INFO Long connection metrics detail ,Total count =0, sdkCount=0,clusterCount=0

2026-10-02 11:20:37,146 INFO Out dated connection ,size=0

2026-10-02 11:20:37,146 INFO Connection check task end

2026-10-02 11:20:38,792 INFO ConnectionMetrics, totalCount = 0, detail = {long_connection=0, long_polling=0}

2026-10-02 11:20:40,147 INFO Connection check task start

2026-10-02 11:20:40,148 INFO Long connection metrics detail ,Total count =0, sdkCount=0,clusterCount=0

2026-10-02 11:20:40,149 INFO Out dated connection ,size=0

2026-10-02 11:20:40,150 INFO Connection check task end

2026-10-02 11:20:41,794 INFO ConnectionMetrics, totalCount = 0, detail = {long_connection=0, long_polling=0}

2026-10-02 11:20:43,150 INFO Connection check task start

2026-10-02 11:20:43,151 INFO Long connection metrics detail ,Total count =0, sdkCount=0,clusterCount=0

2026-10-02 11:20:43,152 INFO Out dated connection ,size=0

2026-10-02 11:20:43,152 INFO Connection check task end

2026-10-02 11:20:44,795 INFO ConnectionMetrics, totalCount = 0, detail = {long_connection=0, long_polling=0}

2026-10-02 11:20:46,154 INFO Connection check task start

2026-10-02 11:20:46,155 INFO Long connection metrics detail ,Total count =0, sdkCount=0,clusterCount=0

2026-10-02 11:20:46,157 INFO Out dated connection ,size=0

2026-10-02 11:20:46,157 INFO Connection check task end

2026-10-02 11:20:47,796 INFO ConnectionMetrics, totalCount = 0, detail = {long_connection=0, long_polling=0}

2026-10-02 11:20:49,159 INFO Connection check task start

2026-10-02 11:20:49,160 INFO Long connection metrics detail ,Total count =0, sdkCount=0,clusterCount=0

2026-10-02 11:20:49,161 INFO Out dated connection ,size=0

2026-10-02 11:20:49,161 INFO Connection check task end

2026-10-02 11:20:50,797 INFO ConnectionMetrics, totalCount = 0, detail = {long_connection=0, long_polling=0}

2026-10-02 11:20:52,162 INFO Connection check task start

2026-10-02 11:20:52,164 INFO Long connection metrics detail ,Total count =0, sdkCount=0,clusterCount=0

2026-10-02 11:20:52,164 INFO Out dated connection ,size=0

2026-10-02 11:20:52,165 INFO Connection check task end

2026-10-02 11:20:53,798 INFO ConnectionMetrics, totalCount = 0, detail = {long_connection=0, long_polling=0}

2026-10-02 11:20:55,166 INFO Connection check task start

2026-10-02 11:20:55,167 INFO Long connection metrics detail ,Total count =0, sdkCount=0,clusterCount=0

2026-10-02 11:20:55,168 INFO Out dated connection ,size=0

2026-10-02 11:20:55,168 INFO Connection check task end

2026-10-02 11:20:56,800 INFO ConnectionMetrics, totalCount = 0, detail = {long_connection=0, long_polling=0}

2026-10-02 11:20:58,169 INFO Connection check task start

2026-10-02 11:20:58,170 INFO Long connection metrics detail ,Total count =0, sdkCount=0,clusterCount=0

2026-10-02 11:20:58,171 INFO Out dated connection ,size=0

2026-10-02 11:20:58,171 INFO Connection check task end

2026-10-02 11:20:59,799 INFO ConnectionMetrics, totalCount = 0, detail = {long_connection=0, long_polling=0}

2026-10-02 11:21:01,170 INFO Connection check task start

2026-10-02 11:21:01,171 INFO Long connection metrics detail ,Total count =0, sdkCount=0,clusterCount=0

2026-10-02 11:21:01,171 INFO Out dated connection ,size=0

2026-10-02 11:21:01,172 INFO Connection check task end

2026-10-02 11:21:02,801 INFO ConnectionMetrics, totalCount = 0, detail = {long_connection=0, long_polling=0}

2026-10-02 11:21:04,172 INFO Connection check task start

2026-10-02 11:21:04,173 INFO Long connection metrics detail ,Total count =0, sdkCount=0,clusterCount=0

2026-10-02 11:21:04,174 INFO Out dated connection ,size=0

2026-10-02 11:21:04,175 INFO Connection check task end

2026-10-02 11:21:05,802 INFO ConnectionMetrics, totalCount = 0, detail = {long_connection=0, long_polling=0}

2026-10-02 11:21:07,176 INFO Connection check task start

2026-10-02 11:21:07,177 INFO Long connection metrics detail ,Total count =0, sdkCount=0,clusterCount=0

2026-10-02 11:21:07,178 INFO Out dated connection ,size=0

2026-10-02 11:21:07,179 INFO Connection check task end

2026-10-02 11:21:08,804 INFO ConnectionMetrics, totalCount = 0, detail = {long_connection=0, long_polling=0}

2026-10-02 11:21:10,180 INFO Connection check task start

2026-10-02 11:21:10,181 INFO Long connection metrics detail ,Total count =0, sdkCount=0,clusterCount=0

2026-10-02 11:21:10,181 INFO Out dated connection ,size=0

2026-10-02 11:21:10,182 INFO Connection check task end

2026-10-02 11:21:11,805 INFO ConnectionMetrics, totalCount = 0, detail = {long_connection=0, long_polling=0}

2026-10-02 11:21:13,183 INFO Connection check task start

2026-10-02 11:21:13,183 INFO Long connection metrics detail ,Total count =0, sdkCount=0,clusterCount=0

2026-10-02 11:21:13,184 INFO Out dated connection ,size=0

2026-10-02 11:21:13,185 INFO Connection check task end

2026-10-02 11:21:14,807 INFO ConnectionMetrics, totalCount = 0, detail = {long_connection=0, long_polling=0}

2026-10-02 11:21:16,185 INFO Connection check task start

2026-10-02 11:21:16,187 INFO Long connection metrics detail ,Total count =0, sdkCount=0,clusterCount=0

2026-10-02 11:21:16,187 INFO Out dated connection ,size=0

2026-10-02 11:21:16,188 INFO Connection check task end

2026-10-02 11:21:17,809 INFO ConnectionMetrics, totalCount = 0, detail = {long_connection=0, long_polling=0}

2026-10-02 11:21:19,188 INFO Connection check task start

2026-10-02 11:21:19,189 INFO Long connection metrics detail ,Total count =0, sdkCount=0,clusterCount=0

2026-10-02 11:21:19,190 INFO Out dated connection ,size=0

2026-10-02 11:21:19,190 INFO Connection check task end

2026-10-02 11:21:20,811 INFO ConnectionMetrics, totalCount = 0, detail = {long_connection=0, long_polling=0}

2026-10-02 11:21:22,191 INFO Connection check task start

2026-10-02 11:21:22,193 INFO Long connection metrics detail ,Total count =0, sdkCount=0,clusterCount=0

2026-10-02 11:21:22,195 INFO Out dated connection ,size=0

2026-10-02 11:21:22,196 INFO Connection check task end

2026-10-02 11:21:23,813 INFO ConnectionMetrics, totalCount = 0, detail = {long_connection=0, long_polling=0}

2026-10-02 11:21:25,197 INFO Connection check task start

2026-10-02 11:21:25,198 INFO Long connection metrics detail ,Total count =0, sdkCount=0,clusterCount=0

2026-10-02 11:21:25,198 INFO Out dated connection ,size=0

2026-10-02 11:21:25,199 INFO Connection check task end

2026-10-02 11:21:26,815 INFO ConnectionMetrics, totalCount = 0, detail = {long_connection=0, long_polling=0}

2026-10-02 11:21:28,200 INFO Connection check task start

2026-10-02 11:21:28,201 INFO Long connection metrics detail ,Total count =0, sdkCount=0,clusterCount=0

2026-10-02 11:21:28,202 INFO Out dated connection ,size=0

2026-10-02 11:21:28,203 INFO Connection check task end

2026-10-02 11:21:29,815 INFO ConnectionMetrics, totalCount = 0, detail = {long_connection=0, long_polling=0}

2026-10-02 11:21:31,203 INFO Connection check task start

2026-10-02 11:21:31,203 INFO Long connection metrics detail ,Total count =0, sdkCount=0,clusterCount=0

2026-10-02 11:21:31,204 INFO Out dated connection ,size=0

2026-10-02 11:21:31,204 INFO Connection check task end

2026-10-02 11:21:32,818 INFO ConnectionMetrics, totalCount = 0, detail = {long_connection=0, long_polling=0}

2026-10-02 11:21:34,205 INFO Connection check task start

2026-10-02 11:21:34,206 INFO Long connection metrics detail ,Total count =0, sdkCount=0,clusterCount=0

2026-10-02 11:21:34,206 INFO Out dated connection ,size=0

2026-10-02 11:21:34,207 INFO Connection check task end

2026-10-02 11:21:35,819 INFO ConnectionMetrics, totalCount = 0, detail = {long_connection=0, long_polling=0}

2026-10-02 11:21:37,207 INFO Connection check task start

2026-10-02 11:21:37,209 INFO Long connection metrics detail ,Total count =0, sdkCount=0,clusterCount=0

2026-10-02 11:21:37,210 INFO Out dated connection ,size=0

2026-10-02 11:21:37,210 INFO Connection check task end

2026-10-02 11:21:38,820 INFO ConnectionMetrics, totalCount = 0, detail = {long_connection=0, long_polling=0}

2026-10-02 11:21:40,211 INFO Connection check task start

2026-10-02 11:21:40,212 INFO Long connection metrics detail ,Total count =0, sdkCount=0,clusterCount=0

2026-10-02 11:21:40,213 INFO Out dated connection ,size=0

2026-10-02 11:21:40,214 INFO Connection check task end

2026-10-02 11:21:41,822 INFO ConnectionMetrics, totalCount = 0, detail = {long_connection=0, long_polling=0}

2026-10-02 11:21:43,215 INFO Connection check task start

2026-10-02 11:21:43,216 INFO Long connection metrics detail ,Total count =0, sdkCount=0,clusterCount=0

2026-10-02 11:21:43,217 INFO Out dated connection ,size=0

2026-10-02 11:21:43,217 INFO Connection check task end

2026-10-02 11:21:44,823 INFO ConnectionMetrics, totalCount = 0, detail = {long_connection=0, long_polling=0}

2026-10-02 11:21:46,218 INFO Connection check task start

2026-10-02 11:21:46,219 INFO Long connection metrics detail ,Total count =0, sdkCount=0,clusterCount=0

2026-10-02 11:21:46,220 INFO Out dated connection ,size=0

2026-10-02 11:21:46,221 INFO Connection check task end

2026-10-02 11:21:47,824 INFO ConnectionMetrics, totalCount = 0, detail = {long_connection=0, long_polling=0}

2026-10-02 11:21:49,222 INFO Connection check task start

2026-10-02 11:21:49,222 INFO Long connection metrics detail ,Total count =0, sdkCount=0,clusterCount=0

2026-10-02 11:21:49,223 INFO Out dated connection ,size=0

2026-10-02 11:21:49,223 INFO Connection check task end

2026-10-02 11:21:50,826 INFO ConnectionMetrics, totalCount = 0, detail = {long_connection=0, long_polling=0}

2026-10-02 11:21:52,224 INFO Connection check task start

2026-10-02 11:21:52,225 INFO Long connection metrics detail ,Total count =0, sdkCount=0,clusterCount=0

2026-10-02 11:21:52,226 INFO Out dated connection ,size=0

2026-10-02 11:21:52,227 INFO Connection check task end

2026-10-02 11:21:53,827 INFO ConnectionMetrics, totalCount = 0, detail = {long_connection=0, long_polling=0}

2026-10-02 11:21:55,228 INFO Connection check task start

2026-10-02 11:21:55,230 INFO Long connection metrics detail ,Total count =0, sdkCount=0,clusterCount=0

2026-10-02 11:21:55,231 INFO Out dated connection ,size=0

2026-10-02 11:21:55,232 INFO Connection check task end

2026-10-02 11:21:56,829 INFO ConnectionMetrics, totalCount = 0, detail = {long_connection=0, long_polling=0}

2026-10-02 11:21:58,233 INFO Connection check task start

2026-10-02 11:21:58,234 INFO Long connection metrics detail ,Total count =0, sdkCount=0,clusterCount=0

2026-10-02 11:21:58,236 INFO Out dated connection ,size=0

2026-10-02 11:21:58,237 INFO Connection check task end

2026-10-02 11:21:59,829 INFO ConnectionMetrics, totalCount = 0, detail = {long_connection=0, long_polling=0}

2026-10-02 11:22:01,236 INFO Connection check task start

2026-10-02 11:22:01,237 INFO Long connection metrics detail ,Total count =0, sdkCount=0,clusterCount=0

2026-10-02 11:22:01,238 INFO Out dated connection ,size=0

2026-10-02 11:22:01,239 INFO Connection check task end

2026-10-02 11:22:02,829 INFO ConnectionMetrics, totalCount = 0, detail = {long_connection=0, long_polling=0}

2026-10-02 11:22:04,239 INFO Connection check task start

2026-10-02 11:22:04,240 INFO Long connection metrics detail ,Total count =0, sdkCount=0,clusterCount=0

2026-10-02 11:22:04,241 INFO Out dated connection ,size=0

2026-10-02 11:22:04,242 INFO Connection check task end

2026-10-02 11:22:05,831 INFO ConnectionMetrics, totalCount = 0, detail = {long_connection=0, long_polling=0}

2026-10-02 11:22:07,243 INFO Connection check task start

2026-10-02 11:22:07,245 INFO Long connection metrics detail ,Total count =0, sdkCount=0,clusterCount=0

2026-10-02 11:22:07,248 INFO Out dated connection ,size=0

2026-10-02 11:22:07,249 INFO Connection check task end

2026-10-02 11:22:08,832 INFO ConnectionMetrics, totalCount = 0, detail = {long_connection=0, long_polling=0}

2026-10-02 11:22:10,250 INFO Connection check task start

2026-10-02 11:22:10,251 INFO Long connection metrics detail ,Total count =0, sdkCount=0,clusterCount=0

2026-10-02 11:22:10,252 INFO Out dated connection ,size=0

2026-10-02 11:22:10,253 INFO Connection check task end

2026-10-02 11:22:11,833 INFO ConnectionMetrics, totalCount = 0, detail = {long_connection=0, long_polling=0}

2026-10-02 11:22:13,254 INFO Connection check task start

2026-10-02 11:22:13,255 INFO Long connection metrics detail ,Total count =0, sdkCount=0,clusterCount=0

2026-10-02 11:22:13,256 INFO Out dated connection ,size=0

2026-10-02 11:22:13,257 INFO Connection check task end

2026-10-02 11:22:14,833 INFO ConnectionMetrics, totalCount = 0, detail = {long_connection=0, long_polling=0}

2026-10-02 11:22:16,258 INFO Connection check task start

2026-10-02 11:22:16,259 INFO Long connection metrics detail ,Total count =0, sdkCount=0,clusterCount=0

2026-10-02 11:22:16,259 INFO Out dated connection ,size=0

2026-10-02 11:22:16,260 INFO Connection check task end

2026-10-02 11:22:17,835 INFO ConnectionMetrics, totalCount = 0, detail = {long_connection=0, long_polling=0}

2026-10-02 11:22:19,261 INFO Connection check task start

2026-10-02 11:22:19,266 INFO Long connection metrics detail ,Total count =0, sdkCount=0,clusterCount=0

2026-10-02 11:22:19,269 INFO Out dated connection ,size=0

2026-10-02 11:22:19,273 INFO Connection check task end

2026-10-02 11:22:20,836 INFO ConnectionMetrics, totalCount = 0, detail = {long_connection=0, long_polling=0}

2026-10-02 11:22:22,276 INFO Connection check task start

2026-10-02 11:22:22,277 INFO Long connection metrics detail ,Total count =0, sdkCount=0,clusterCount=0

2026-10-02 11:22:22,278 INFO Out dated connection ,size=0

2026-10-02 11:22:22,278 INFO Connection check task end

2026-10-02 11:22:23,837 INFO ConnectionMetrics, totalCount = 0, detail = {long_connection=0, long_polling=0}

2026-10-02 11:22:25,279 INFO Connection check task start

2026-10-02 11:22:25,280 INFO Long connection metrics detail ,Total count =0, sdkCount=0,clusterCount=0

2026-10-02 11:22:25,281 INFO Out dated connection ,size=0

2026-10-02 11:22:25,281 INFO Connection check task end

2026-10-02 11:22:26,839 INFO ConnectionMetrics, totalCount = 0, detail = {long_connection=0, long_polling=0}

2026-10-02 11:22:28,282 INFO Connection check task start

2026-10-02 11:22:28,283 INFO Long connection metrics detail ,Total count =0, sdkCount=0,clusterCount=0

2026-10-02 11:22:28,283 INFO Out dated connection ,size=0

2026-10-02 11:22:28,284 INFO Connection check task end

2026-10-02 11:22:29,839 INFO ConnectionMetrics, totalCount = 0, detail = {long_connection=0, long_polling=0}

2026-10-02 11:22:31,283 INFO Connection check task start

2026-10-02 11:22:31,284 INFO Long connection metrics detail ,Total count =0, sdkCount=0,clusterCount=0

2026-10-02 11:22:31,284 INFO Out dated connection ,size=0

2026-10-02 11:22:31,285 INFO Connection check task end

2026-10-02 11:22:32,843 INFO ConnectionMetrics, totalCount = 0, detail = {long_connection=0, long_polling=0}

2026-10-02 11:22:34,286 INFO Connection check task start

2026-10-02 11:22:34,287 INFO Long connection metrics detail ,Total count =0, sdkCount=0,clusterCount=0

2026-10-02 11:22:34,288 INFO Out dated connection ,size=0

2026-10-02 11:22:34,289 INFO Connection check task end

2026-10-02 11:22:35,844 INFO ConnectionMetrics, totalCount = 0, detail = {long_connection=0, long_polling=0}

2026-10-02 11:22:37,290 INFO Connection check task start

2026-10-02 11:22:37,291 INFO Long connection metrics detail ,Total count =0, sdkCount=0,clusterCount=0

2026-10-02 11:22:37,291 INFO Out dated connection ,size=0

2026-10-02 11:22:37,292 INFO Connection check task end

2026-10-02 11:22:38,845 INFO ConnectionMetrics, totalCount = 0, detail = {long_connection=0, long_polling=0}

2026-10-02 11:22:40,292 INFO Connection check task start

2026-10-02 11:22:40,293 INFO Long connection metrics detail ,Total count =0, sdkCount=0,clusterCount=0

2026-10-02 11:22:40,294 INFO Out dated connection ,size=0

2026-10-02 11:22:40,295 INFO Connection check task end

2026-10-02 11:22:41,846 INFO ConnectionMetrics, totalCount = 0, detail = {long_connection=0, long_polling=0}

2026-10-02 11:22:43,296 INFO Connection check task start

2026-10-02 11:22:43,297 INFO Long connection metrics detail ,Total count =0, sdkCount=0,clusterCount=0

2026-10-02 11:22:43,298 INFO Out dated connection ,size=0

2026-10-02 11:22:43,298 INFO Connection check task end

2026-10-02 11:22:44,848 INFO ConnectionMetrics, totalCount = 0, detail = {long_connection=0, long_polling=0}

2026-10-02 11:22:46,299 INFO Connection check task start

2026-10-02 11:22:46,300 INFO Long connection metrics detail ,Total count =0, sdkCount=0,clusterCount=0

2026-10-02 11:22:46,301 INFO Out dated connection ,size=0

2026-10-02 11:22:46,302 INFO Connection check task end

2026-10-02 11:22:47,849 INFO ConnectionMetrics, totalCount = 0, detail = {long_connection=0, long_polling=0}

2026-10-02 11:22:49,303 INFO Connection check task start

2026-10-02 11:22:49,306 INFO Long connection metrics detail ,Total count =0, sdkCount=0,clusterCount=0

2026-10-02 11:22:49,310 INFO Out dated connection ,size=0

2026-10-02 11:22:49,313 INFO Connection check task end

2026-10-02 11:22:50,850 INFO ConnectionMetrics, totalCount = 0, detail = {long_connection=0, long_polling=0}

2026-10-02 11:22:52,315 INFO Connection check task start

2026-10-02 11:22:52,316 INFO Long connection metrics detail ,Total count =0, sdkCount=0,clusterCount=0

2026-10-02 11:22:52,317 INFO Out dated connection ,size=0

2026-10-02 11:22:52,318 INFO Connection check task end

2026-10-02 11:22:53,852 INFO ConnectionMetrics, totalCount = 0, detail = {long_connection=0, long_polling=0}

2026-10-02 11:22:55,319 INFO Connection check task start

2026-10-02 11:22:55,321 INFO Long connection metrics detail ,Total count =0, sdkCount=0,clusterCount=0

2026-10-02 11:22:55,322 INFO Out dated connection ,size=0

2026-10-02 11:22:55,323 INFO Connection check task end

2026-10-02 11:22:56,854 INFO ConnectionMetrics, totalCount = 0, detail = {long_connection=0, long_polling=0}

2026-10-02 11:22:58,324 INFO Connection check task start

2026-10-02 11:22:58,325 INFO Long connection metrics detail ,Total count =0, sdkCount=0,clusterCount=0

2026-10-02 11:22:58,326 INFO Out dated connection ,size=0

2026-10-02 11:22:58,327 INFO Connection check task end

2026-10-02 11:22:59,854 INFO ConnectionMetrics, totalCount = 0, detail = {long_connection=0, long_polling=0}

2026-10-02 11:23:01,327 INFO Connection check task start

2026-10-02 11:23:01,330 INFO Long connection metrics detail ,Total count =0, sdkCount=0,clusterCount=0

2026-10-02 11:23:01,332 INFO Out dated connection ,size=0

2026-10-02 11:23:01,334 INFO Connection check task end

2026-10-02 11:23:02,856 INFO ConnectionMetrics, totalCount = 0, detail = {long_connection=0, long_polling=0}

2026-10-02 11:23:04,335 INFO Connection check task start

2026-10-02 11:23:04,336 INFO Long connection metrics detail ,Total count =0, sdkCount=0,clusterCount=0

2026-10-02 11:23:04,337 INFO Out dated connection ,size=0

2026-10-02 11:23:04,337 INFO Connection check task end

2026-10-02 11:23:05,857 INFO ConnectionMetrics, totalCount = 0, detail = {long_connection=0, long_polling=0}

2026-10-02 11:23:07,338 INFO Connection check task start

2026-10-02 11:23:07,339 INFO Long connection metrics detail ,Total count =0, sdkCount=0,clusterCount=0

2026-10-02 11:23:07,340 INFO Out dated connection ,size=0

2026-10-02 11:23:07,340 INFO Connection check task end

2026-10-02 11:23:08,858 INFO ConnectionMetrics, totalCount = 0, detail = {long_connection=0, long_polling=0}

2026-10-02 11:23:10,341 INFO Connection check task start

2026-10-02 11:23:10,342 INFO Long connection metrics detail ,Total count =0, sdkCount=0,clusterCount=0

2026-10-02 11:23:10,344 INFO Out dated connection ,size=0

2026-10-02 11:23:10,345 INFO Connection check task end

2026-10-02 11:23:11,860 INFO ConnectionMetrics, totalCount = 0, detail = {long_connection=0, long_polling=0}

2026-10-02 11:23:13,346 INFO Connection check task start

2026-10-02 11:23:13,347 INFO Long connection metrics detail ,Total count =0, sdkCount=0,clusterCount=0

2026-10-02 11:23:13,347 INFO Out dated connection ,size=0

2026-10-02 11:23:13,348 INFO Connection check task end

2026-10-02 11:23:14,861 INFO ConnectionMetrics, totalCount = 0, detail = {long_connection=0, long_polling=0}

2026-10-02 11:23:16,349 INFO Connection check task start

2026-10-02 11:23:16,350 INFO Long connection metrics detail ,Total count =0, sdkCount=0,clusterCount=0

2026-10-02 11:23:16,350 INFO Out dated connection ,size=0

2026-10-02 11:23:16,351 INFO Connection check task end

2026-10-02 11:23:17,863 INFO ConnectionMetrics, totalCount = 0, detail = {long_connection=0, long_polling=0}

2026-10-02 11:23:19,352 INFO Connection check task start

2026-10-02 11:23:19,353 INFO Long connection metrics detail ,Total count =0, sdkCount=0,clusterCount=0

2026-10-02 11:23:19,353 INFO Out dated connection ,size=0

2026-10-02 11:23:19,354 INFO Connection check task end

2026-10-02 11:23:20,864 INFO ConnectionMetrics, totalCount = 0, detail = {long_connection=0, long_polling=0}

2026-10-02 11:23:22,360 INFO Connection check task start

2026-10-02 11:23:22,361 INFO Long connection metrics detail ,Total count =0, sdkCount=0,clusterCount=0

2026-10-02 11:23:22,361 INFO Out dated connection ,size=0

2026-10-02 11:23:22,362 INFO Connection check task end

2026-10-02 11:23:23,866 INFO ConnectionMetrics, totalCount = 0, detail = {long_connection=0, long_polling=0}

2026-10-02 11:23:25,363 INFO Connection check task start

2026-10-02 11:23:25,364 INFO Long connection metrics detail ,Total count =0, sdkCount=0,clusterCount=0

2026-10-02 11:23:25,365 INFO Out dated connection ,size=0

2026-10-02 11:23:25,366 INFO Connection check task end

2026-10-02 11:23:26,868 INFO ConnectionMetrics, totalCount = 0, detail = {long_connection=0, long_polling=0}

2026-10-02 11:23:28,367 INFO Connection check task start

2026-10-02 11:23:28,368 INFO Long connection metrics detail ,Total count =0, sdkCount=0,clusterCount=0

2026-10-02 11:23:28,369 INFO Out dated connection ,size=0

2026-10-02 11:23:28,370 INFO Connection check task end

2026-10-02 11:23:29,868 INFO ConnectionMetrics, totalCount = 0, detail = {long_connection=0, long_polling=0}

2026-10-02 11:23:31,370 INFO Connection check task start

2026-10-02 11:23:31,372 INFO Long connection metrics detail ,Total count =0, sdkCount=0,clusterCount=0

2026-10-02 11:23:31,373 INFO Out dated connection ,size=0

2026-10-02 11:23:31,374 INFO Connection check task end

2026-10-02 11:23:32,871 INFO ConnectionMetrics, totalCount = 0, detail = {long_connection=0, long_polling=0}

2026-10-02 11:23:34,375 INFO Connection check task start

2026-10-02 11:23:34,375 INFO Long connection metrics detail ,Total count =0, sdkCount=0,clusterCount=0

2026-10-02 11:23:34,376 INFO Out dated connection ,size=0

2026-10-02 11:23:34,377 INFO Connection check task end

2026-10-02 11:23:35,879 INFO ConnectionMetrics, totalCount = 0, detail = {long_connection=0, long_polling=0}

2026-10-02 11:23:37,378 INFO Connection check task start

2026-10-02 11:23:37,379 INFO Long connection metrics detail ,Total count =0, sdkCount=0,clusterCount=0

2026-10-02 11:23:37,379 INFO Out dated connection ,size=0

2026-10-02 11:23:37,379 INFO Connection check task end

2026-10-02 11:23:38,880 INFO ConnectionMetrics, totalCount = 0, detail = {long_connection=0, long_polling=0}

2026-10-02 11:23:40,380 INFO Connection check task start

2026-10-02 11:23:40,381 INFO Long connection metrics detail ,Total count =0, sdkCount=0,clusterCount=0

2026-10-02 11:23:40,382 INFO Out dated connection ,size=0

2026-10-02 11:23:40,383 INFO Connection check task end

2026-10-02 11:23:41,882 INFO ConnectionMetrics, totalCount = 0, detail = {long_connection=0, long_polling=0}

2026-10-02 11:23:43,384 INFO Connection check task start

2026-10-02 11:23:43,385 INFO Long connection metrics detail ,Total count =0, sdkCount=0,clusterCount=0

2026-10-02 11:23:43,385 INFO Out dated connection ,size=0

2026-10-02 11:23:43,386 INFO Connection check task end

2026-10-02 11:23:44,883 INFO ConnectionMetrics, totalCount = 0, detail = {long_connection=0, long_polling=0}

2026-10-02 11:23:46,387 INFO Connection check task start

2026-10-02 11:23:46,388 INFO Long connection metrics detail ,Total count =0, sdkCount=0,clusterCount=0

2026-10-02 11:23:46,390 INFO Out dated connection ,size=0

2026-10-02 11:23:46,391 INFO Connection check task end

2026-10-02 11:23:47,884 INFO ConnectionMetrics, totalCount = 0, detail = {long_connection=0, long_polling=0}

2026-10-02 11:23:49,392 INFO Connection check task start

2026-10-02 11:23:49,392 INFO Long connection metrics detail ,Total count =0, sdkCount=0,clusterCount=0

2026-10-02 11:23:49,393 INFO Out dated connection ,size=0

2026-10-02 11:23:49,394 INFO Connection check task end

2026-10-02 11:23:50,886 INFO ConnectionMetrics, totalCount = 0, detail = {long_connection=0, long_polling=0}

2026-10-02 11:23:52,395 INFO Connection check task start

2026-10-02 11:23:52,396 INFO Long connection metrics detail ,Total count =0, sdkCount=0,clusterCount=0

2026-10-02 11:23:52,397 INFO Out dated connection ,size=0

2026-10-02 11:23:52,397 INFO Connection check task end

2026-10-02 11:23:53,887 INFO ConnectionMetrics, totalCount = 0, detail = {long_connection=0, long_polling=0}

2026-10-02 11:23:55,398 INFO Connection check task start

2026-10-02 11:23:55,399 INFO Long connection metrics detail ,Total count =0, sdkCount=0,clusterCount=0

2026-10-02 11:23:55,400 INFO Out dated connection ,size=0

2026-10-02 11:23:55,401 INFO Connection check task end

2026-10-02 11:23:56,888 INFO ConnectionMetrics, totalCount = 0, detail = {long_connection=0, long_polling=0}

2026-10-02 11:23:58,402 INFO Connection check task start

2026-10-02 11:23:58,403 INFO Long connection metrics detail ,Total count =0, sdkCount=0,clusterCount=0

2026-10-02 11:23:58,404 INFO Out dated connection ,size=0

2026-10-02 11:23:58,405 INFO Connection check task end

2026-10-02 11:23:59,887 INFO ConnectionMetrics, totalCount = 0, detail = {long_connection=0, long_polling=0}

2026-10-02 11:24:01,404 INFO Connection check task start

2026-10-02 11:24:01,406 INFO Long connection metrics detail ,Total count =0, sdkCount=0,clusterCount=0

2026-10-02 11:24:01,407 INFO Out dated connection ,size=0

2026-10-02 11:24:01,407 INFO Connection check task end

2026-10-02 11:24:02,889 INFO ConnectionMetrics, totalCount = 0, detail = {long_connection=0, long_polling=0}

2026-10-02 11:24:04,408 INFO Connection check task start

2026-10-02 11:24:04,409 INFO Long connection metrics detail ,Total count =0, sdkCount=0,clusterCount=0

2026-10-02 11:24:04,410 INFO Out dated connection ,size=0

2026-10-02 11:24:04,410 INFO Connection check task end

2026-10-02 11:24:05,890 INFO ConnectionMetrics, totalCount = 0, detail = {long_connection=0, long_polling=0}

2026-10-02 11:24:07,411 INFO Connection check task start

2026-10-02 11:24:07,412 INFO Long connection metrics detail ,Total count =0, sdkCount=0,clusterCount=0

2026-10-02 11:24:07,413 INFO Out dated connection ,size=0

2026-10-02 11:24:07,414 INFO Connection check task end

2026-10-02 11:24:08,891 INFO ConnectionMetrics, totalCount = 0, detail = {long_connection=0, long_polling=0}

2026-10-02 11:24:10,414 INFO Connection check task start

2026-10-02 11:24:10,415 INFO Long connection metrics detail ,Total count =0, sdkCount=0,clusterCount=0

2026-10-02 11:24:10,416 INFO Out dated connection ,size=0

2026-10-02 11:24:10,417 INFO Connection check task end

2026-10-02 11:24:11,893 INFO ConnectionMetrics, totalCount = 0, detail = {long_connection=0, long_polling=0}

2026-10-02 11:24:13,419 INFO Connection check task start

2026-10-02 11:24:13,420 INFO Long connection metrics detail ,Total count =0, sdkCount=0,clusterCount=0

2026-10-02 11:24:13,420 INFO Out dated connection ,size=0

2026-10-02 11:24:13,421 INFO Connection check task end

2026-10-02 11:24:14,894 INFO ConnectionMetrics, totalCount = 0, detail = {long_connection=0, long_polling=0}

2026-10-02 11:24:16,422 INFO Connection check task start

2026-10-02 11:24:16,423 INFO Long connection metrics detail ,Total count =0, sdkCount=0,clusterCount=0

2026-10-02 11:24:16,424 INFO Out dated connection ,size=0

2026-10-02 11:24:16,424 INFO Connection check task end

2026-10-02 11:24:17,895 INFO ConnectionMetrics, totalCount = 0, detail = {long_connection=0, long_polling=0}

2026-10-02 11:24:19,425 INFO Connection check task start

2026-10-02 11:24:19,427 INFO Long connection metrics detail ,Total count =0, sdkCount=0,clusterCount=0

2026-10-02 11:24:19,428 INFO Out dated connection ,size=0

2026-10-02 11:24:19,429 INFO Connection check task end

2026-10-02 11:24:20,896 INFO ConnectionMetrics, totalCount = 0, detail = {long_connection=0, long_polling=0}

2026-10-02 11:24:22,430 INFO Connection check task start

2026-10-02 11:24:22,432 INFO Long connection metrics detail ,Total count =0, sdkCount=0,clusterCount=0

2026-10-02 11:24:22,432 INFO Out dated connection ,size=0

2026-10-02 11:24:22,433 INFO Connection check task end

2026-10-02 11:24:23,897 INFO ConnectionMetrics, totalCount = 0, detail = {long_connection=0, long_polling=0}

2026-10-02 11:24:25,434 INFO Connection check task start

2026-10-02 11:24:25,436 INFO Long connection metrics detail ,Total count =0, sdkCount=0,clusterCount=0

2026-10-02 11:24:25,437 INFO Out dated connection ,size=0

2026-10-02 11:24:25,438 INFO Connection check task end

2026-10-02 11:24:26,899 INFO ConnectionMetrics, totalCount = 0, detail = {long_connection=0, long_polling=0}

2026-10-02 11:24:28,439 INFO Connection check task start

2026-10-02 11:24:28,440 INFO Long connection metrics detail ,Total count =0, sdkCount=0,clusterCount=0

2026-10-02 11:24:28,441 INFO Out dated connection ,size=0

2026-10-02 11:24:28,442 INFO Connection check task end

2026-10-02 11:24:29,898 INFO ConnectionMetrics, totalCount = 0, detail = {long_connection=0, long_polling=0}

2026-10-02 11:24:31,442 INFO Connection check task start

2026-10-02 11:24:31,445 INFO Long connection metrics detail ,Total count =0, sdkCount=0,clusterCount=0

2026-10-02 11:24:31,447 INFO Out dated connection ,size=0

2026-10-02 11:24:31,448 INFO Connection check task end

2026-10-02 11:24:32,899 INFO ConnectionMetrics, totalCount = 0, detail = {long_connection=0, long_polling=0}

2026-10-02 11:24:34,449 INFO Connection check task start

2026-10-02 11:24:34,450 INFO Long connection metrics detail ,Total count =0, sdkCount=0,clusterCount=0

2026-10-02 11:24:34,450 INFO Out dated connection ,size=0

2026-10-02 11:24:34,451 INFO Connection check task end

2026-10-02 11:24:35,900 INFO ConnectionMetrics, totalCount = 0, detail = {long_connection=0, long_polling=0}

2026-10-02 11:24:37,452 INFO Connection check task start

2026-10-02 11:24:37,453 INFO Long connection metrics detail ,Total count =0, sdkCount=0,clusterCount=0

2026-10-02 11:24:37,454 INFO Out dated connection ,size=0

2026-10-02 11:24:37,454 INFO Connection check task end

2026-10-02 11:24:38,901 INFO ConnectionMetrics, totalCount = 0, detail = {long_connection=0, long_polling=0}

2026-10-02 11:24:40,455 INFO Connection check task start

2026-10-02 11:24:40,456 INFO Long connection metrics detail ,Total count =0, sdkCount=0,clusterCount=0

2026-10-02 11:24:40,457 INFO Out dated connection ,size=0

2026-10-02 11:24:40,458 INFO Connection check task end

2026-10-02 11:24:41,902 INFO ConnectionMetrics, totalCount = 0, detail = {long_connection=0, long_polling=0}

2026-10-02 11:24:43,458 INFO Connection check task start

2026-10-02 11:24:43,460 INFO Long connection metrics detail ,Total count =0, sdkCount=0,clusterCount=0

2026-10-02 11:24:43,461 INFO Out dated connection ,size=0

2026-10-02 11:24:43,462 INFO Connection check task end

2026-10-02 11:24:44,903 INFO ConnectionMetrics, totalCount = 0, detail = {long_connection=0, long_polling=0}

2026-10-02 11:24:46,463 INFO Connection check task start

2026-10-02 11:24:46,464 INFO Long connection metrics detail ,Total count =0, sdkCount=0,clusterCount=0

2026-10-02 11:24:46,465 INFO Out dated connection ,size=0

2026-10-02 11:24:46,465 INFO Connection check task end

2026-10-02 11:24:47,904 INFO ConnectionMetrics, totalCount = 0, detail = {long_connection=0, long_polling=0}

2026-10-02 11:24:49,466 INFO Connection check task start

2026-10-02 11:24:49,468 INFO Long connection metrics detail ,Total count =0, sdkCount=0,clusterCount=0

2026-10-02 11:24:49,469 INFO Out dated connection ,size=0

2026-10-02 11:24:49,470 INFO Connection check task end

2026-10-02 11:24:50,905 INFO ConnectionMetrics, totalCount = 0, detail = {long_connection=0, long_polling=0}

2026-10-02 11:24:52,471 INFO Connection check task start

2026-10-02 11:24:52,472 INFO Long connection metrics detail ,Total count =0, sdkCount=0,clusterCount=0

2026-10-02 11:24:52,473 INFO Out dated connection ,size=0

2026-10-02 11:24:52,474 INFO Connection check task end

2026-10-02 11:24:53,906 INFO ConnectionMetrics, totalCount = 0, detail = {long_connection=0, long_polling=0}

2026-10-02 11:24:55,475 INFO Connection check task start

2026-10-02 11:24:55,476 INFO Long connection metrics detail ,Total count =0, sdkCount=0,clusterCount=0

2026-10-02 11:24:55,477 INFO Out dated connection ,size=0

2026-10-02 11:24:55,478 INFO Connection check task end

2026-10-02 11:24:56,907 INFO ConnectionMetrics, totalCount = 0, detail = {long_connection=0, long_polling=0}

2026-10-02 11:24:58,479 INFO Connection check task start

2026-10-02 11:24:58,480 INFO Long connection metrics detail ,Total count =0, sdkCount=0,clusterCount=0

2026-10-02 11:24:58,481 INFO Out dated connection ,size=0

2026-10-02 11:24:58,481 INFO Connection check task end

2026-10-02 11:24:59,908 INFO ConnectionMetrics, totalCount = 0, detail = {long_connection=0, long_polling=0}

2026-10-02 11:25:01,481 INFO Connection check task start

2026-10-02 11:25:01,482 INFO Long connection metrics detail ,Total count =0, sdkCount=0,clusterCount=0

2026-10-02 11:25:01,482 INFO Out dated connection ,size=0

2026-10-02 11:25:01,483 INFO Connection check task end

2026-10-02 11:25:02,909 INFO ConnectionMetrics, totalCount = 0, detail = {long_connection=0, long_polling=0}

2026-10-02 11:25:04,483 INFO Connection check task start

2026-10-02 11:25:04,484 INFO Long connection metrics detail ,Total count =0, sdkCount=0,clusterCount=0

2026-10-02 11:25:04,484 INFO Out dated connection ,size=0

2026-10-02 11:25:04,484 INFO Connection check task end

2026-10-02 11:25:05,910 INFO ConnectionMetrics, totalCount = 0, detail = {long_connection=0, long_polling=0}

2026-10-02 11:25:07,485 INFO Connection check task start

2026-10-02 11:25:07,486 INFO Long connection metrics detail ,Total count =0, sdkCount=0,clusterCount=0

2026-10-02 11:25:07,486 INFO Out dated connection ,size=0

2026-10-02 11:25:07,487 INFO Connection check task end

2026-10-02 11:25:08,911 INFO ConnectionMetrics, totalCount = 0, detail = {long_connection=0, long_polling=0}

2026-10-02 11:25:10,488 INFO Connection check task start

2026-10-02 11:25:10,489 INFO Long connection metrics detail ,Total count =0, sdkCount=0,clusterCount=0

2026-10-02 11:25:10,490 INFO Out dated connection ,size=0

2026-10-02 11:25:10,490 INFO Connection check task end

2026-10-02 11:25:11,914 INFO ConnectionMetrics, totalCount = 0, detail = {long_connection=0, long_polling=0}

2026-10-02 11:25:13,491 INFO Connection check task start

2026-10-02 11:25:13,495 INFO Long connection metrics detail ,Total count =0, sdkCount=0,clusterCount=0

2026-10-02 11:25:13,498 INFO Out dated connection ,size=0

2026-10-02 11:25:13,498 INFO Connection check task end

2026-10-02 11:25:14,915 INFO ConnectionMetrics, totalCount = 0, detail = {long_connection=0, long_polling=0}

2026-10-02 11:25:16,499 INFO Connection check task start

2026-10-02 11:25:16,500 INFO Long connection metrics detail ,Total count =0, sdkCount=0,clusterCount=0

2026-10-02 11:25:16,501 INFO Out dated connection ,size=0

2026-10-02 11:25:16,501 INFO Connection check task end

2026-10-02 11:25:17,917 INFO ConnectionMetrics, totalCount = 0, detail = {long_connection=0, long_polling=0}

2026-10-02 11:25:19,502 INFO Connection check task start

2026-10-02 11:25:19,504 INFO Long connection metrics detail ,Total count =0, sdkCount=0,clusterCount=0

2026-10-02 11:25:19,505 INFO Out dated connection ,size=0

2026-10-02 11:25:19,506 INFO Connection check task end

2026-10-02 11:25:20,918 INFO ConnectionMetrics, totalCount = 0, detail = {long_connection=0, long_polling=0}

2026-10-02 11:25:22,507 INFO Connection check task start

2026-10-02 11:25:22,508 INFO Long connection metrics detail ,Total count =0, sdkCount=0,clusterCount=0

2026-10-02 11:25:22,509 INFO Out dated connection ,size=0

2026-10-02 11:25:22,510 INFO Connection check task end

2026-10-02 11:25:23,919 INFO ConnectionMetrics, totalCount = 0, detail = {long_connection=0, long_polling=0}

2026-10-02 11:25:25,510 INFO Connection check task start

2026-10-02 11:25:25,512 INFO Long connection metrics detail ,Total count =0, sdkCount=0,clusterCount=0

2026-10-02 11:25:25,513 INFO Out dated connection ,size=0

2026-10-02 11:25:25,514 INFO Connection check task end

2026-10-02 11:25:26,920 INFO ConnectionMetrics, totalCount = 0, detail = {long_connection=0, long_polling=0}

2026-10-02 11:25:28,515 INFO Connection check task start

2026-10-02 11:25:28,516 INFO Long connection metrics detail ,Total count =0, sdkCount=0,clusterCount=0

2026-10-02 11:25:28,517 INFO Out dated connection ,size=0

2026-10-02 11:25:28,518 INFO Connection check task end

2026-10-02 11:25:29,919 INFO ConnectionMetrics, totalCount = 0, detail = {long_connection=0, long_polling=0}

2026-10-02 11:25:31,516 INFO Connection check task start

2026-10-02 11:25:31,517 INFO Long connection metrics detail ,Total count =0, sdkCount=0,clusterCount=0

2026-10-02 11:25:31,518 INFO Out dated connection ,size=0

2026-10-02 11:25:31,519 INFO Connection check task end

2026-10-02 11:25:32,920 INFO ConnectionMetrics, totalCount = 0, detail = {long_connection=0, long_polling=0}

2026-10-02 11:25:34,520 INFO Connection check task start

2026-10-02 11:25:34,521 INFO Long connection metrics detail ,Total count =0, sdkCount=0,clusterCount=0

2026-10-02 11:25:34,522 INFO Out dated connection ,size=0

2026-10-02 11:25:34,522 INFO Connection check task end

2026-10-02 11:25:35,922 INFO ConnectionMetrics, totalCount = 0, detail = {long_connection=0, long_polling=0}

2026-10-02 11:25:37,523 INFO Connection check task start

2026-10-02 11:25:37,524 INFO Long connection metrics detail ,Total count =0, sdkCount=0,clusterCount=0

2026-10-02 11:25:37,525 INFO Out dated connection ,size=0

2026-10-02 11:25:37,526 INFO Connection check task end

2026-10-02 11:25:38,923 INFO ConnectionMetrics, totalCount = 0, detail = {long_connection=0, long_polling=0}

2026-10-02 11:25:40,527 INFO Connection check task start

2026-10-02 11:25:40,529 INFO Long connection metrics detail ,Total count =0, sdkCount=0,clusterCount=0

2026-10-02 11:25:40,530 INFO Out dated connection ,size=0

2026-10-02 11:25:40,531 INFO Connection check task end

2026-10-02 11:25:41,924 INFO ConnectionMetrics, totalCount = 0, detail = {long_connection=0, long_polling=0}

2026-10-02 11:25:43,532 INFO Connection check task start

2026-10-02 11:25:43,533 INFO Long connection metrics detail ,Total count =0, sdkCount=0,clusterCount=0

2026-10-02 11:25:43,534 INFO Out dated connection ,size=0

2026-10-02 11:25:43,534 INFO Connection check task end

2026-10-02 11:25:44,926 INFO ConnectionMetrics, totalCount = 0, detail = {long_connection=0, long_polling=0}

2026-10-02 11:25:46,535 INFO Connection check task start

2026-10-02 11:25:46,536 INFO Long connection metrics detail ,Total count =0, sdkCount=0,clusterCount=0

2026-10-02 11:25:46,537 INFO Out dated connection ,size=0

2026-10-02 11:25:46,538 INFO Connection check task end

2026-10-02 11:25:47,927 INFO ConnectionMetrics, totalCount = 0, detail = {long_connection=0, long_polling=0}

2026-10-02 11:25:49,539 INFO Connection check task start

2026-10-02 11:25:49,539 INFO Long connection metrics detail ,Total count =0, sdkCount=0,clusterCount=0

2026-10-02 11:25:49,540 INFO Out dated connection ,size=0

2026-10-02 11:25:49,540 INFO Connection check task end

2026-10-02 11:25:50,928 INFO ConnectionMetrics, totalCount = 0, detail = {long_connection=0, long_polling=0}

2026-10-02 11:25:52,541 INFO Connection check task start

2026-10-02 11:25:52,542 INFO Long connection metrics detail ,Total count =0, sdkCount=0,clusterCount=0

2026-10-02 11:25:52,543 INFO Out dated connection ,size=0

2026-10-02 11:25:52,545 INFO Connection check task end

2026-10-02 11:25:53,929 INFO ConnectionMetrics, totalCount = 0, detail = {long_connection=0, long_polling=0}

2026-10-02 11:25:55,546 INFO Connection check task start

2026-10-02 11:25:55,547 INFO Long connection metrics detail ,Total count =0, sdkCount=0,clusterCount=0

2026-10-02 11:25:55,547 INFO Out dated connection ,size=0

2026-10-02 11:25:55,547 INFO Connection check task end

2026-10-02 11:25:56,931 INFO ConnectionMetrics, totalCount = 0, detail = {long_connection=0, long_polling=0}

2026-10-02 11:25:58,548 INFO Connection check task start

2026-10-02 11:25:58,550 INFO Long connection metrics detail ,Total count =0, sdkCount=0,clusterCount=0

2026-10-02 11:25:58,551 INFO Out dated connection ,size=0

2026-10-02 11:25:58,552 INFO Connection check task end

2026-10-02 11:25:59,931 INFO ConnectionMetrics, totalCount = 0, detail = {long_connection=0, long_polling=0}

2026-10-02 11:26:01,552 INFO Connection check task start

2026-10-02 11:26:01,553 INFO Long connection metrics detail ,Total count =0, sdkCount=0,clusterCount=0

2026-10-02 11:26:01,553 INFO Out dated connection ,size=0

2026-10-02 11:26:01,554 INFO Connection check task end

2026-10-02 11:26:02,932 INFO ConnectionMetrics, totalCount = 0, detail = {long_connection=0, long_polling=0}

2026-10-02 11:26:04,555 INFO Connection check task start

2026-10-02 11:26:04,556 INFO Long connection metrics detail ,Total count =0, sdkCount=0,clusterCount=0

2026-10-02 11:26:04,557 INFO Out dated connection ,size=0

2026-10-02 11:26:04,558 INFO Connection check task end

2026-10-02 11:26:05,934 INFO ConnectionMetrics, totalCount = 0, detail = {long_connection=0, long_polling=0}

2026-10-02 11:26:07,559 INFO Connection check task start

2026-10-02 11:26:07,560 INFO Long connection metrics detail ,Total count =0, sdkCount=0,clusterCount=0

2026-10-02 11:26:07,560 INFO Out dated connection ,size=0

2026-10-02 11:26:07,561 INFO Connection check task end

2026-10-02 11:26:08,936 INFO ConnectionMetrics, totalCount = 0, detail = {long_connection=0, long_polling=0}

2026-10-02 11:26:10,561 INFO Connection check task start

2026-10-02 11:26:10,562 INFO Long connection metrics detail ,Total count =0, sdkCount=0,clusterCount=0

2026-10-02 11:26:10,563 INFO Out dated connection ,size=0

2026-10-02 11:26:10,564 INFO Connection check task end

2026-10-02 11:26:11,937 INFO ConnectionMetrics, totalCount = 0, detail = {long_connection=0, long_polling=0}

2026-10-02 11:26:13,565 INFO Connection check task start

2026-10-02 11:26:13,566 INFO Long connection metrics detail ,Total count =0, sdkCount=0,clusterCount=0

2026-10-02 11:26:13,567 INFO Out dated connection ,size=0

2026-10-02 11:26:13,568 INFO Connection check task end

2026-10-02 11:26:14,939 INFO ConnectionMetrics, totalCount = 0, detail = {long_connection=0, long_polling=0}

2026-10-02 11:26:16,570 INFO Connection check task start

2026-10-02 11:26:16,571 INFO Long connection metrics detail ,Total count =0, sdkCount=0,clusterCount=0

2026-10-02 11:26:16,572 INFO Out dated connection ,size=0

2026-10-02 11:26:16,573 INFO Connection check task end

2026-10-02 11:26:17,941 INFO ConnectionMetrics, totalCount = 0, detail = {long_connection=0, long_polling=0}

2026-10-02 11:26:19,574 INFO Connection check task start

2026-10-02 11:26:19,575 INFO Long connection metrics detail ,Total count =0, sdkCount=0,clusterCount=0

2026-10-02 11:26:19,576 INFO Out dated connection ,size=0

2026-10-02 11:26:19,577 INFO Connection check task end

2026-10-02 11:26:20,942 INFO ConnectionMetrics, totalCount = 0, detail = {long_connection=0, long_polling=0}

2026-10-02 11:26:22,578 INFO Connection check task start

2026-10-02 11:26:22,579 INFO Long connection metrics detail ,Total count =0, sdkCount=0,clusterCount=0

2026-10-02 11:26:22,580 INFO Out dated connection ,size=0

2026-10-02 11:26:22,581 INFO Connection check task end

2026-10-02 11:26:23,943 INFO ConnectionMetrics, totalCount = 0, detail = {long_connection=0, long_polling=0}

2026-10-02 11:26:25,582 INFO Connection check task start

2026-10-02 11:26:25,583 INFO Long connection metrics detail ,Total count =0, sdkCount=0,clusterCount=0

2026-10-02 11:26:25,584 INFO Out dated connection ,size=0

2026-10-02 11:26:25,586 INFO Connection check task end

2026-10-02 11:26:26,944 INFO ConnectionMetrics, totalCount = 0, detail = {long_connection=0, long_polling=0}

2026-10-02 11:26:28,587 INFO Connection check task start

2026-10-02 11:26:28,588 INFO Long connection metrics detail ,Total count =0, sdkCount=0,clusterCount=0

2026-10-02 11:26:28,588 INFO Out dated connection ,size=0

2026-10-02 11:26:28,589 INFO Connection check task end

2026-10-02 11:26:29,945 INFO ConnectionMetrics, totalCount = 0, detail = {long_connection=0, long_polling=0}

2026-10-02 11:26:31,588 INFO Connection check task start

2026-10-02 11:26:31,589 INFO Long connection metrics detail ,Total count =0, sdkCount=0,clusterCount=0

2026-10-02 11:26:31,589 INFO Out dated connection ,size=0

2026-10-02 11:26:31,590 INFO Connection check task end

2026-10-02 11:26:32,946 INFO ConnectionMetrics, totalCount = 0, detail = {long_connection=0, long_polling=0}

2026-10-02 11:26:34,590 INFO Connection check task start

2026-10-02 11:26:34,592 INFO Long connection metrics detail ,Total count =0, sdkCount=0,clusterCount=0

2026-10-02 11:26:34,596 INFO Out dated connection ,size=0

2026-10-02 11:26:34,597 INFO Connection check task end

2026-10-02 11:26:35,949 INFO ConnectionMetrics, totalCount = 0, detail = {long_connection=0, long_polling=0}

2026-10-02 11:26:37,601 INFO Connection check task start

2026-10-02 11:26:37,602 INFO Long connection metrics detail ,Total count =0, sdkCount=0,clusterCount=0

2026-10-02 11:26:37,602 INFO Out dated connection ,size=0

2026-10-02 11:26:37,603 INFO Connection check task end

2026-10-02 11:26:38,950 INFO ConnectionMetrics, totalCount = 0, detail = {long_connection=0, long_polling=0}

2026-10-02 11:26:40,604 INFO Connection check task start

2026-10-02 11:26:40,605 INFO Long connection metrics detail ,Total count =0, sdkCount=0,clusterCount=0

2026-10-02 11:26:40,606 INFO Out dated connection ,size=0

2026-10-02 11:26:40,607 INFO Connection check task end

2026-10-02 11:26:41,951 INFO ConnectionMetrics, totalCount = 0, detail = {long_connection=0, long_polling=0}

2026-10-02 11:26:43,608 INFO Connection check task start

2026-10-02 11:26:43,609 INFO Long connection metrics detail ,Total count =0, sdkCount=0,clusterCount=0

2026-10-02 11:26:43,609 INFO Out dated connection ,size=0

2026-10-02 11:26:43,610 INFO Connection check task end

2026-10-02 11:26:44,953 INFO ConnectionMetrics, totalCount = 0, detail = {long_connection=0, long_polling=0}

2026-10-02 11:26:46,611 INFO Connection check task start

2026-10-02 11:26:46,612 INFO Long connection metrics detail ,Total count =0, sdkCount=0,clusterCount=0

2026-10-02 11:26:46,613 INFO Out dated connection ,size=0

2026-10-02 11:26:46,614 INFO Connection check task end

2026-10-02 11:26:47,955 INFO ConnectionMetrics, totalCount = 0, detail = {long_connection=0, long_polling=0}

2026-10-02 11:26:49,615 INFO Connection check task start

2026-10-02 11:26:49,616 INFO Long connection metrics detail ,Total count =0, sdkCount=0,clusterCount=0

2026-10-02 11:26:49,617 INFO Out dated connection ,size=0

2026-10-02 11:26:49,618 INFO Connection check task end

2026-10-02 11:26:50,957 INFO ConnectionMetrics, totalCount = 0, detail = {long_connection=0, long_polling=0}

2026-10-02 11:26:52,619 INFO Connection check task start

2026-10-02 11:26:52,620 INFO Long connection metrics detail ,Total count =0, sdkCount=0,clusterCount=0

2026-10-02 11:26:52,621 INFO Out dated connection ,size=0

2026-10-02 11:26:52,621 INFO Connection check task end

2026-10-02 11:26:53,959 INFO ConnectionMetrics, totalCount = 0, detail = {long_connection=0, long_polling=0}

2026-10-02 11:26:55,623 INFO Connection check task start

2026-10-02 11:26:55,625 INFO Long connection metrics detail ,Total count =0, sdkCount=0,clusterCount=0

2026-10-02 11:26:55,626 INFO Out dated connection ,size=0

2026-10-02 11:26:55,627 INFO Connection check task end

2026-10-02 11:26:56,960 INFO ConnectionMetrics, totalCount = 0, detail = {long_connection=0, long_polling=0}

2026-10-02 11:26:58,628 INFO Connection check task start

2026-10-02 11:26:58,629 INFO Long connection metrics detail ,Total count =0, sdkCount=0,clusterCount=0

2026-10-02 11:26:58,630 INFO Out dated connection ,size=0

2026-10-02 11:26:58,631 INFO Connection check task end

2026-10-02 11:26:59,960 INFO ConnectionMetrics, totalCount = 0, detail = {long_connection=0, long_polling=0}

2026-10-02 11:27:01,630 INFO Connection check task start

2026-10-02 11:27:01,631 INFO Long connection metrics detail ,Total count =0, sdkCount=0,clusterCount=0

2026-10-02 11:27:01,632 INFO Out dated connection ,size=0

2026-10-02 11:27:01,633 INFO Connection check task end

2026-10-02 11:27:02,961 INFO ConnectionMetrics, totalCount = 0, detail = {long_connection=0, long_polling=0}

2026-10-02 11:27:04,634 INFO Connection check task start

2026-10-02 11:27:04,635 INFO Long connection metrics detail ,Total count =0, sdkCount=0,clusterCount=0

2026-10-02 11:27:04,636 INFO Out dated connection ,size=0

2026-10-02 11:27:04,636 INFO Connection check task end

2026-10-02 11:27:05,963 INFO ConnectionMetrics, totalCount = 0, detail = {long_connection=0, long_polling=0}

2026-10-02 11:27:07,637 INFO Connection check task start

2026-10-02 11:27:07,638 INFO Long connection metrics detail ,Total count =0, sdkCount=0,clusterCount=0

2026-10-02 11:27:07,639 INFO Out dated connection ,size=0

2026-10-02 11:27:07,639 INFO Connection check task end

2026-10-02 11:27:08,964 INFO ConnectionMetrics, totalCount = 0, detail = {long_connection=0, long_polling=0}

2026-10-02 11:27:10,640 INFO Connection check task start

2026-10-02 11:27:10,641 INFO Long connection metrics detail ,Total count =0, sdkCount=0,clusterCount=0

2026-10-02 11:27:10,642 INFO Out dated connection ,size=0

2026-10-02 11:27:10,643 INFO Connection check task end

2026-10-02 11:27:11,965 INFO ConnectionMetrics, totalCount = 0, detail = {long_connection=0, long_polling=0}

2026-10-02 11:27:13,644 INFO Connection check task start

2026-10-02 11:27:13,645 INFO Long connection metrics detail ,Total count =0, sdkCount=0,clusterCount=0

2026-10-02 11:27:13,646 INFO Out dated connection ,size=0

2026-10-02 11:27:13,647 INFO Connection check task end

2026-10-02 11:27:14,966 INFO ConnectionMetrics, totalCount = 0, detail = {long_connection=0, long_polling=0}

2026-10-02 11:27:16,648 INFO Connection check task start

2026-10-02 11:27:16,649 INFO Long connection metrics detail ,Total count =0, sdkCount=0,clusterCount=0

2026-10-02 11:27:16,650 INFO Out dated connection ,size=0

2026-10-02 11:27:16,650 INFO Connection check task end

2026-10-02 11:27:17,967 INFO ConnectionMetrics, totalCount = 0, detail = {long_connection=0, long_polling=0}

2026-10-02 11:27:19,651 INFO Connection check task start

2026-10-02 11:27:19,653 INFO Long connection metrics detail ,Total count =0, sdkCount=0,clusterCount=0

2026-10-02 11:27:19,654 INFO Out dated connection ,size=0

2026-10-02 11:27:19,655 INFO Connection check task end

2026-10-02 11:27:20,969 INFO ConnectionMetrics, totalCount = 0, detail = {long_connection=0, long_polling=0}

2026-10-02 11:27:22,656 INFO Connection check task start

2026-10-02 11:27:22,657 INFO Long connection metrics detail ,Total count =0, sdkCount=0,clusterCount=0

2026-10-02 11:27:22,658 INFO Out dated connection ,size=0

2026-10-02 11:27:22,659 INFO Connection check task end

2026-10-02 11:27:23,970 INFO ConnectionMetrics, totalCount = 0, detail = {long_connection=0, long_polling=0}

2026-10-02 11:27:25,659 INFO Connection check task start

2026-10-02 11:27:25,660 INFO Long connection metrics detail ,Total count =0, sdkCount=0,clusterCount=0

2026-10-02 11:27:25,661 INFO Out dated connection ,size=0

2026-10-02 11:27:25,662 INFO Connection check task end

2026-10-02 11:27:26,971 INFO ConnectionMetrics, totalCount = 0, detail = {long_connection=0, long_polling=0}

2026-10-02 11:27:28,663 INFO Connection check task start

2026-10-02 11:27:28,664 INFO Long connection metrics detail ,Total count =0, sdkCount=0,clusterCount=0

2026-10-02 11:27:28,665 INFO Out dated connection ,size=0

2026-10-02 11:27:28,666 INFO Connection check task end

2026-10-02 11:27:29,971 INFO ConnectionMetrics, totalCount = 0, detail = {long_connection=0, long_polling=0}

2026-10-02 11:27:31,665 INFO Connection check task start

2026-10-02 11:27:31,666 INFO Long connection metrics detail ,Total count =0, sdkCount=0,clusterCount=0

2026-10-02 11:27:31,667 INFO Out dated connection ,size=0

2026-10-02 11:27:31,668 INFO Connection check task end

2026-10-02 11:27:32,974 INFO ConnectionMetrics, totalCount = 0, detail = {long_connection=0, long_polling=0}

2026-10-02 11:27:34,668 INFO Connection check task start

2026-10-02 11:27:34,670 INFO Long connection metrics detail ,Total count =0, sdkCount=0,clusterCount=0

2026-10-02 11:27:34,670 INFO Out dated connection ,size=0

2026-10-02 11:27:34,671 INFO Connection check task end

2026-10-02 11:27:35,975 INFO ConnectionMetrics, totalCount = 0, detail = {long_connection=0, long_polling=0}

2026-10-02 11:27:37,672 INFO Connection check task start

2026-10-02 11:27:37,673 INFO Long connection metrics detail ,Total count =0, sdkCount=0,clusterCount=0

2026-10-02 11:27:37,674 INFO Out dated connection ,size=0

2026-10-02 11:27:37,674 INFO Connection check task end

2026-10-02 11:27:38,976 INFO ConnectionMetrics, totalCount = 0, detail = {long_connection=0, long_polling=0}

2026-10-02 11:27:40,675 INFO Connection check task start

2026-10-02 11:27:40,677 INFO Long connection metrics detail ,Total count =0, sdkCount=0,clusterCount=0

2026-10-02 11:27:40,678 INFO Out dated connection ,size=0

2026-10-02 11:27:40,679 INFO Connection check task end

2026-10-02 11:27:41,978 INFO ConnectionMetrics, totalCount = 0, detail = {long_connection=0, long_polling=0}

2026-10-02 11:27:43,680 INFO Connection check task start

2026-10-02 11:27:43,681 INFO Long connection metrics detail ,Total count =0, sdkCount=0,clusterCount=0

2026-10-02 11:27:43,682 INFO Out dated connection ,size=0

2026-10-02 11:27:43,682 INFO Connection check task end

2026-10-02 11:27:44,980 INFO ConnectionMetrics, totalCount = 0, detail = {long_connection=0, long_polling=0}

2026-10-02 11:27:46,683 INFO Connection check task start

2026-10-02 11:27:46,684 INFO Long connection metrics detail ,Total count =0, sdkCount=0,clusterCount=0

2026-10-02 11:27:46,685 INFO Out dated connection ,size=0

2026-10-02 11:27:46,686 INFO Connection check task end

2026-10-02 11:27:47,981 INFO ConnectionMetrics, totalCount = 0, detail = {long_connection=0, long_polling=0}

2026-10-02 11:27:49,687 INFO Connection check task start

2026-10-02 11:27:49,688 INFO Long connection metrics detail ,Total count =0, sdkCount=0,clusterCount=0

2026-10-02 11:27:49,690 INFO Out dated connection ,size=0

2026-10-02 11:27:49,691 INFO Connection check task end

2026-10-02 11:27:50,982 INFO ConnectionMetrics, totalCount = 0, detail = {long_connection=0, long_polling=0}

2026-10-02 11:27:52,692 INFO Connection check task start

2026-10-02 11:27:52,694 INFO Long connection metrics detail ,Total count =0, sdkCount=0,clusterCount=0

2026-10-02 11:27:52,695 INFO Out dated connection ,size=0

2026-10-02 11:27:52,696 INFO Connection check task end

2026-10-02 11:27:53,984 INFO ConnectionMetrics, totalCount = 0, detail = {long_connection=0, long_polling=0}

2026-10-02 11:27:55,697 INFO Connection check task start

2026-10-02 11:27:55,698 INFO Long connection metrics detail ,Total count =0, sdkCount=0,clusterCount=0

2026-10-02 11:27:55,699 INFO Out dated connection ,size=0

2026-10-02 11:27:55,700 INFO Connection check task end

2026-10-02 11:27:56,985 INFO ConnectionMetrics, totalCount = 0, detail = {long_connection=0, long_polling=0}

2026-10-02 11:27:58,701 INFO Connection check task start

2026-10-02 11:27:58,702 INFO Long connection metrics detail ,Total count =0, sdkCount=0,clusterCount=0

2026-10-02 11:27:58,703 INFO Out dated connection ,size=0

2026-10-02 11:27:58,704 INFO Connection check task end

2026-10-02 11:27:59,985 INFO ConnectionMetrics, totalCount = 0, detail = {long_connection=0, long_polling=0}

2026-10-02 11:28:01,704 INFO Connection check task start

2026-10-02 11:28:01,705 INFO Long connection metrics detail ,Total count =0, sdkCount=0,clusterCount=0

2026-10-02 11:28:01,706 INFO Out dated connection ,size=0

2026-10-02 11:28:01,706 INFO Connection check task end

2026-10-02 11:28:02,986 INFO ConnectionMetrics, totalCount = 0, detail = {long_connection=0, long_polling=0}

2026-10-02 11:28:04,707 INFO Connection check task start

2026-10-02 11:28:04,708 INFO Long connection metrics detail ,Total count =0, sdkCount=0,clusterCount=0

2026-10-02 11:28:04,709 INFO Out dated connection ,size=0

2026-10-02 11:28:04,709 INFO Connection check task end

2026-10-02 11:28:05,987 INFO ConnectionMetrics, totalCount = 0, detail = {long_connection=0, long_polling=0}

2026-10-02 11:28:07,709 INFO Connection check task start

2026-10-02 11:28:07,710 INFO Long connection metrics detail ,Total count =0, sdkCount=0,clusterCount=0

2026-10-02 11:28:07,711 INFO Out dated connection ,size=0

2026-10-02 11:28:07,711 INFO Connection check task end

2026-10-02 11:28:08,988 INFO ConnectionMetrics, totalCount = 0, detail = {long_connection=0, long_polling=0}

2026-10-02 11:28:10,712 INFO Connection check task start

2026-10-02 11:28:10,715 INFO Long connection metrics detail ,Total count =0, sdkCount=0,clusterCount=0

2026-10-02 11:28:10,730 INFO Out dated connection ,size=0

2026-10-02 11:28:10,734 INFO Connection check task end

2026-10-02 11:28:11,989 INFO ConnectionMetrics, totalCount = 0, detail = {long_connection=0, long_polling=0}

2026-10-02 11:28:13,736 INFO Connection check task start

2026-10-02 11:28:13,738 INFO Long connection metrics detail ,Total count =0, sdkCount=0,clusterCount=0

2026-10-02 11:28:13,738 INFO Out dated connection ,size=0

2026-10-02 11:28:13,739 INFO Connection check task end

2026-10-02 11:28:14,991 INFO ConnectionMetrics, totalCount = 0, detail = {long_connection=0, long_polling=0}

2026-10-02 11:28:16,740 INFO Connection check task start

2026-10-02 11:28:16,740 INFO Long connection metrics detail ,Total count =0, sdkCount=0,clusterCount=0

2026-10-02 11:28:16,741 INFO Out dated connection ,size=0

2026-10-02 11:28:16,741 INFO Connection check task end

2026-10-02 11:28:17,992 INFO ConnectionMetrics, totalCount = 0, detail = {long_connection=0, long_polling=0}

2026-10-02 11:28:19,742 INFO Connection check task start

2026-10-02 11:28:19,743 INFO Long connection metrics detail ,Total count =0, sdkCount=0,clusterCount=0

2026-10-02 11:28:19,743 INFO Out dated connection ,size=0

2026-10-02 11:28:19,743 INFO Connection check task end

2026-10-02 11:28:20,993 INFO ConnectionMetrics, totalCount = 0, detail = {long_connection=0, long_polling=0}

2026-10-02 11:28:22,744 INFO Connection check task start

2026-10-02 11:28:22,745 INFO Long connection metrics detail ,Total count =0, sdkCount=0,clusterCount=0

2026-10-02 11:28:22,745 INFO Out dated connection ,size=0

2026-10-02 11:28:22,746 INFO Connection check task end

2026-10-02 11:28:23,995 INFO ConnectionMetrics, totalCount = 0, detail = {long_connection=0, long_polling=0}

2026-10-02 11:28:25,747 INFO Connection check task start

2026-10-02 11:28:25,748 INFO Long connection metrics detail ,Total count =0, sdkCount=0,clusterCount=0

2026-10-02 11:28:25,749 INFO Out dated connection ,size=0

2026-10-02 11:28:25,750 INFO Connection check task end

2026-10-02 11:28:26,996 INFO ConnectionMetrics, totalCount = 0, detail = {long_connection=0, long_polling=0}

2026-10-02 11:28:28,751 INFO Connection check task start

2026-10-02 11:28:28,752 INFO Long connection metrics detail ,Total count =0, sdkCount=0,clusterCount=0

2026-10-02 11:28:28,753 INFO Out dated connection ,size=0

2026-10-02 11:28:28,754 INFO Connection check task end

2026-10-02 11:28:29,997 INFO ConnectionMetrics, totalCount = 0, detail = {long_connection=0, long_polling=0}

2026-10-02 11:28:31,753 INFO Connection check task start

2026-10-02 11:28:31,754 INFO Long connection metrics detail ,Total count =0, sdkCount=0,clusterCount=0

2026-10-02 11:28:31,755 INFO Out dated connection ,size=0

2026-10-02 11:28:31,755 INFO Connection check task end

2026-10-02 11:28:32,999 INFO ConnectionMetrics, totalCount = 0, detail = {long_connection=0, long_polling=0}

2026-10-02 11:28:34,756 INFO Connection check task start

2026-10-02 11:28:34,758 INFO Long connection metrics detail ,Total count =0, sdkCount=0,clusterCount=0

2026-10-02 11:28:34,759 INFO Out dated connection ,size=0

2026-10-02 11:28:34,760 INFO Connection check task end

2026-10-02 11:28:36,001 INFO ConnectionMetrics, totalCount = 0, detail = {long_connection=0, long_polling=0}

2026-10-02 11:28:37,761 INFO Connection check task start

2026-10-02 11:28:37,762 INFO Long connection metrics detail ,Total count =0, sdkCount=0,clusterCount=0

2026-10-02 11:28:37,762 INFO Out dated connection ,size=0

2026-10-02 11:28:37,763 INFO Connection check task end

2026-10-02 11:28:39,002 INFO ConnectionMetrics, totalCount = 0, detail = {long_connection=0, long_polling=0}

2026-10-02 11:28:40,763 INFO Connection check task start

2026-10-02 11:28:40,764 INFO Long connection metrics detail ,Total count =0, sdkCount=0,clusterCount=0

2026-10-02 11:28:40,766 INFO Out dated connection ,size=0

2026-10-02 11:28:40,767 INFO Connection check task end

2026-10-02 11:28:42,003 INFO ConnectionMetrics, totalCount = 0, detail = {long_connection=0, long_polling=0}

2026-10-02 11:28:43,768 INFO Connection check task start

2026-10-02 11:28:43,769 INFO Long connection metrics detail ,Total count =0, sdkCount=0,clusterCount=0

2026-10-02 11:28:43,769 INFO Out dated connection ,size=0

2026-10-02 11:28:43,769 INFO Connection check task end

2026-10-02 11:28:45,005 INFO ConnectionMetrics, totalCount = 0, detail = {long_connection=0, long_polling=0}

2026-10-02 11:28:46,770 INFO Connection check task start

2026-10-02 11:28:46,772 INFO Long connection metrics detail ,Total count =0, sdkCount=0,clusterCount=0

2026-10-02 11:28:46,773 INFO Out dated connection ,size=0

2026-10-02 11:28:46,775 INFO Connection check task end

2026-10-02 11:28:48,006 INFO ConnectionMetrics, totalCount = 0, detail = {long_connection=0, long_polling=0}

2026-10-02 11:28:49,775 INFO Connection check task start

2026-10-02 11:28:49,777 INFO Long connection metrics detail ,Total count =0, sdkCount=0,clusterCount=0

2026-10-02 11:28:49,778 INFO Out dated connection ,size=0

2026-10-02 11:28:49,779 INFO Connection check task end

2026-10-02 11:28:51,007 INFO ConnectionMetrics, totalCount = 0, detail = {long_connection=0, long_polling=0}

2026-10-02 11:28:52,780 INFO Connection check task start

2026-10-02 11:28:52,781 INFO Long connection metrics detail ,Total count =0, sdkCount=0,clusterCount=0

2026-10-02 11:28:52,781 INFO Out dated connection ,size=0

2026-10-02 11:28:52,782 INFO Connection check task end

2026-10-02 11:28:54,008 INFO ConnectionMetrics, totalCount = 0, detail = {long_connection=0, long_polling=0}

2026-10-02 11:28:55,782 INFO Connection check task start

2026-10-02 11:28:55,783 INFO Long connection metrics detail ,Total count =0, sdkCount=0,clusterCount=0

2026-10-02 11:28:55,783 INFO Out dated connection ,size=0

2026-10-02 11:28:55,784 INFO Connection check task end

2026-10-02 11:28:57,009 INFO ConnectionMetrics, totalCount = 0, detail = {long_connection=0, long_polling=0}

2026-10-02 11:28:58,785 INFO Connection check task start

2026-10-02 11:28:58,787 INFO Long connection metrics detail ,Total count =0, sdkCount=0,clusterCount=0

2026-10-02 11:28:58,787 INFO Out dated connection ,size=0

2026-10-02 11:28:58,788 INFO Connection check task end

2026-10-02 11:29:00,008 INFO ConnectionMetrics, totalCount = 0, detail = {long_connection=0, long_polling=0}

2026-10-02 11:29:01,789 INFO Connection check task start

2026-10-02 11:29:01,790 INFO Long connection metrics detail ,Total count =0, sdkCount=0,clusterCount=0

2026-10-02 11:29:01,790 INFO Out dated connection ,size=0

2026-10-02 11:29:01,791 INFO Connection check task end

2026-10-02 11:29:03,009 INFO ConnectionMetrics, totalCount = 0, detail = {long_connection=0, long_polling=0}

2026-10-02 11:29:04,791 INFO Connection check task start

2026-10-02 11:29:04,792 INFO Long connection metrics detail ,Total count =0, sdkCount=0,clusterCount=0

2026-10-02 11:29:04,793 INFO Out dated connection ,size=0

2026-10-02 11:29:04,793 INFO Connection check task end

2026-10-02 11:29:06,011 INFO ConnectionMetrics, totalCount = 0, detail = {long_connection=0, long_polling=0}

2026-10-02 11:29:07,794 INFO Connection check task start

2026-10-02 11:29:07,794 INFO Long connection metrics detail ,Total count =0, sdkCount=0,clusterCount=0

2026-10-02 11:29:07,795 INFO Out dated connection ,size=0

2026-10-02 11:29:07,795 INFO Connection check task end

2026-10-02 11:29:09,012 INFO ConnectionMetrics, totalCount = 0, detail = {long_connection=0, long_polling=0}

2026-10-02 11:29:10,796 INFO Connection check task start

2026-10-02 11:29:10,797 INFO Long connection metrics detail ,Total count =0, sdkCount=0,clusterCount=0

2026-10-02 11:29:10,798 INFO Out dated connection ,size=0

2026-10-02 11:29:10,798 INFO Connection check task end

2026-10-02 11:29:12,013 INFO ConnectionMetrics, totalCount = 0, detail = {long_connection=0, long_polling=0}

2026-10-02 11:29:13,799 INFO Connection check task start

2026-10-02 11:29:13,800 INFO Long connection metrics detail ,Total count =0, sdkCount=0,clusterCount=0

2026-10-02 11:29:13,801 INFO Out dated connection ,size=0

2026-10-02 11:29:13,802 INFO Connection check task end

2026-10-02 11:29:15,016 INFO ConnectionMetrics, totalCount = 0, detail = {long_connection=0, long_polling=0}

2026-10-02 11:29:16,803 INFO Connection check task start

2026-10-02 11:29:16,804 INFO Long connection metrics detail ,Total count =0, sdkCount=0,clusterCount=0

2026-10-02 11:29:16,804 INFO Out dated connection ,size=0

2026-10-02 11:29:16,805 INFO Connection check task end

2026-10-02 11:29:18,017 INFO ConnectionMetrics, totalCount = 0, detail = {long_connection=0, long_polling=0}

2026-10-02 11:29:19,806 INFO Connection check task start

2026-10-02 11:29:19,807 INFO Long connection metrics detail ,Total count =0, sdkCount=0,clusterCount=0

2026-10-02 11:29:19,808 INFO Out dated connection ,size=0

2026-10-02 11:29:19,808 INFO Connection check task end

2026-10-02 11:29:21,019 INFO ConnectionMetrics, totalCount = 0, detail = {long_connection=0, long_polling=0}

2026-10-02 11:29:22,809 INFO Connection check task start

2026-10-02 11:29:22,810 INFO Long connection metrics detail ,Total count =0, sdkCount=0,clusterCount=0

2026-10-02 11:29:22,811 INFO Out dated connection ,size=0

2026-10-02 11:29:22,812 INFO Connection check task end

2026-10-02 11:29:24,020 INFO ConnectionMetrics, totalCount = 0, detail = {long_connection=0, long_polling=0}

2026-10-02 11:29:25,813 INFO Connection check task start

2026-10-02 11:29:25,814 INFO Long connection metrics detail ,Total count =0, sdkCount=0,clusterCount=0

2026-10-02 11:29:25,814 INFO Out dated connection ,size=0

2026-10-02 11:29:25,815 INFO Connection check task end

2026-10-02 11:29:27,021 INFO ConnectionMetrics, totalCount = 0, detail = {long_connection=0, long_polling=0}

2026-10-02 11:29:28,816 INFO Connection check task start

2026-10-02 11:29:28,818 INFO Long connection metrics detail ,Total count =0, sdkCount=0,clusterCount=0

2026-10-02 11:29:28,819 INFO Out dated connection ,size=0

2026-10-02 11:29:28,819 INFO Connection check task end

2026-10-02 11:29:30,022 INFO ConnectionMetrics, totalCount = 0, detail = {long_connection=0, long_polling=0}

2026-10-02 11:29:31,819 INFO Connection check task start

2026-10-02 11:29:31,820 INFO Long connection metrics detail ,Total count =0, sdkCount=0,clusterCount=0

2026-10-02 11:29:31,820 INFO Out dated connection ,size=0

2026-10-02 11:29:31,821 INFO Connection check task end

2026-10-02 11:29:33,024 INFO ConnectionMetrics, totalCount = 0, detail = {long_connection=0, long_polling=0}

2026-10-02 11:29:34,821 INFO Connection check task start

2026-10-02 11:29:34,822 INFO Long connection metrics detail ,Total count =0, sdkCount=0,clusterCount=0

2026-10-02 11:29:34,823 INFO Out dated connection ,size=0

2026-10-02 11:29:34,823 INFO Connection check task end

2026-10-02 11:29:36,025 INFO ConnectionMetrics, totalCount = 0, detail = {long_connection=0, long_polling=0}

2026-10-02 11:29:37,824 INFO Connection check task start

2026-10-02 11:29:37,825 INFO Long connection metrics detail ,Total count =0, sdkCount=0,clusterCount=0

2026-10-02 11:29:37,826 INFO Out dated connection ,size=0

2026-10-02 11:29:37,826 INFO Connection check task end

2026-10-02 11:29:39,026 INFO ConnectionMetrics, totalCount = 0, detail = {long_connection=0, long_polling=0}

2026-10-02 11:29:40,827 INFO Connection check task start

2026-10-02 11:29:40,828 INFO Long connection metrics detail ,Total count =0, sdkCount=0,clusterCount=0

2026-10-02 11:29:40,829 INFO Out dated connection ,size=0

2026-10-02 11:29:40,830 INFO Connection check task end

2026-10-02 11:29:42,027 INFO ConnectionMetrics, totalCount = 0, detail = {long_connection=0, long_polling=0}

2026-10-02 11:29:43,831 INFO Connection check task start

2026-10-02 11:29:43,832 INFO Long connection metrics detail ,Total count =0, sdkCount=0,clusterCount=0

2026-10-02 11:29:43,833 INFO Out dated connection ,size=0

2026-10-02 11:29:43,833 INFO Connection check task end

2026-10-02 11:29:45,029 INFO ConnectionMetrics, totalCount = 0, detail = {long_connection=0, long_polling=0}

2026-10-02 11:29:46,834 INFO Connection check task start

2026-10-02 11:29:46,835 INFO Long connection metrics detail ,Total count =0, sdkCount=0,clusterCount=0

2026-10-02 11:29:46,836 INFO Out dated connection ,size=0

2026-10-02 11:29:46,837 INFO Connection check task end

2026-10-02 11:29:48,030 INFO ConnectionMetrics, totalCount = 0, detail = {long_connection=0, long_polling=0}

2026-10-02 11:29:49,838 INFO Connection check task start

2026-10-02 11:29:49,839 INFO Long connection metrics detail ,Total count =0, sdkCount=0,clusterCount=0

2026-10-02 11:29:49,840 INFO Out dated connection ,size=0

2026-10-02 11:29:49,841 INFO Connection check task end

2026-10-02 11:29:51,031 INFO ConnectionMetrics, totalCount = 0, detail = {long_connection=0, long_polling=0}

2026-10-02 11:29:52,841 INFO Connection check task start

2026-10-02 11:29:52,843 INFO Long connection metrics detail ,Total count =0, sdkCount=0,clusterCount=0

2026-10-02 11:29:52,844 INFO Out dated connection ,size=0

2026-10-02 11:29:52,844 INFO Connection check task end

2026-10-02 11:29:54,033 INFO ConnectionMetrics, totalCount = 0, detail = {long_connection=0, long_polling=0}

2026-10-02 11:29:55,845 INFO Connection check task start

2026-10-02 11:29:55,846 INFO Long connection metrics detail ,Total count =0, sdkCount=0,clusterCount=0

2026-10-02 11:29:55,847 INFO Out dated connection ,size=0

2026-10-02 11:29:55,848 INFO Connection check task end

2026-10-02 11:29:57,035 INFO ConnectionMetrics, totalCount = 0, detail = {long_connection=0, long_polling=0}

2026-10-02 11:29:58,850 INFO Connection check task start

2026-10-02 11:29:58,851 INFO Long connection metrics detail ,Total count =0, sdkCount=0,clusterCount=0

2026-10-02 11:29:58,851 INFO Out dated connection ,size=0

2026-10-02 11:29:58,852 INFO Connection check task end

2026-10-02 11:30:00,034 INFO ConnectionMetrics, totalCount = 0, detail = {long_connection=0, long_polling=0}

2026-10-02 11:30:01,851 INFO Connection check task start

2026-10-02 11:30:01,852 INFO Long connection metrics detail ,Total count =0, sdkCount=0,clusterCount=0

2026-10-02 11:30:01,853 INFO Out dated connection ,size=0

2026-10-02 11:30:01,853 INFO Connection check task end

2026-10-02 11:30:03,035 INFO ConnectionMetrics, totalCount = 0, detail = {long_connection=0, long_polling=0}

2026-10-02 11:30:04,854 INFO Connection check task start

2026-10-02 11:30:04,855 INFO Long connection metrics detail ,Total count =0, sdkCount=0,clusterCount=0

2026-10-02 11:30:04,856 INFO Out dated connection ,size=0

2026-10-02 11:30:04,856 INFO Connection check task end

2026-10-02 11:30:06,036 INFO ConnectionMetrics, totalCount = 0, detail = {long_connection=0, long_polling=0}

2026-10-02 11:30:07,858 INFO Connection check task start

2026-10-02 11:30:07,859 INFO Long connection metrics detail ,Total count =0, sdkCount=0,clusterCount=0

2026-10-02 11:30:07,859 INFO Out dated connection ,size=0

2026-10-02 11:30:07,859 INFO Connection check task end

2026-10-02 11:30:09,038 INFO ConnectionMetrics, totalCount = 0, detail = {long_connection=0, long_polling=0}

2026-10-02 11:30:10,860 INFO Connection check task start

2026-10-02 11:30:10,861 INFO Long connection metrics detail ,Total count =0, sdkCount=0,clusterCount=0

2026-10-02 11:30:10,862 INFO Out dated connection ,size=0

2026-10-02 11:30:10,862 INFO Connection check task end

2026-10-02 11:30:12,039 INFO ConnectionMetrics, totalCount = 0, detail = {long_connection=0, long_polling=0}

2026-10-02 11:30:13,863 INFO Connection check task start

2026-10-02 11:30:13,864 INFO Long connection metrics detail ,Total count =0, sdkCount=0,clusterCount=0

2026-10-02 11:30:13,865 INFO Out dated connection ,size=0

2026-10-02 11:30:13,866 INFO Connection check task end

2026-10-02 11:30:15,040 INFO ConnectionMetrics, totalCount = 0, detail = {long_connection=0, long_polling=0}

2026-10-02 11:30:16,867 INFO Connection check task start

2026-10-02 11:30:16,868 INFO Long connection metrics detail ,Total count =0, sdkCount=0,clusterCount=0

2026-10-02 11:30:16,868 INFO Out dated connection ,size=0

2026-10-02 11:30:16,868 INFO Connection check task end

2026-10-02 11:30:18,042 INFO ConnectionMetrics, totalCount = 0, detail = {long_connection=0, long_polling=0}

2026-10-02 11:30:19,869 INFO Connection check task start

2026-10-02 11:30:19,871 INFO Long connection metrics detail ,Total count =0, sdkCount=0,clusterCount=0

2026-10-02 11:30:19,872 INFO Out dated connection ,size=0

2026-10-02 11:30:19,873 INFO Connection check task end

2026-10-02 11:30:21,043 INFO ConnectionMetrics, totalCount = 0, detail = {long_connection=0, long_polling=0}

2026-10-02 11:30:22,874 INFO Connection check task start

2026-10-02 11:30:22,875 INFO Long connection metrics detail ,Total count =0, sdkCount=0,clusterCount=0

2026-10-02 11:30:22,876 INFO Out dated connection ,size=0

2026-10-02 11:30:22,876 INFO Connection check task end

2026-10-02 11:30:24,057 INFO ConnectionMetrics, totalCount = 0, detail = {long_connection=0, long_polling=0}

2026-10-02 11:30:25,877 INFO Connection check task start

2026-10-02 11:30:25,878 INFO Long connection metrics detail ,Total count =0, sdkCount=0,clusterCount=0

2026-10-02 11:30:25,879 INFO Out dated connection ,size=0

2026-10-02 11:30:25,879 INFO Connection check task end

2026-10-02 11:30:27,058 INFO ConnectionMetrics, totalCount = 0, detail = {long_connection=0, long_polling=0}

2026-10-02 11:30:28,880 INFO Connection check task start

2026-10-02 11:30:28,881 INFO Long connection metrics detail ,Total count =0, sdkCount=0,clusterCount=0

2026-10-02 11:30:28,881 INFO Out dated connection ,size=0

2026-10-02 11:30:28,882 INFO Connection check task end

2026-10-02 11:30:30,059 INFO ConnectionMetrics, totalCount = 0, detail = {long_connection=0, long_polling=0}

2026-10-02 11:30:31,882 INFO Connection check task start

2026-10-02 11:30:31,883 INFO Long connection metrics detail ,Total count =0, sdkCount=0,clusterCount=0

2026-10-02 11:30:31,883 INFO Out dated connection ,size=0

2026-10-02 11:30:31,884 INFO Connection check task end

2026-10-02 11:30:33,063 INFO ConnectionMetrics, totalCount = 0, detail = {long_connection=0, long_polling=0}

2026-10-02 11:30:34,885 INFO Connection check task start

2026-10-02 11:30:34,886 INFO Long connection metrics detail ,Total count =0, sdkCount=0,clusterCount=0

2026-10-02 11:30:34,887 INFO Out dated connection ,size=0

2026-10-02 11:30:34,888 INFO Connection check task end

2026-10-02 11:30:36,064 INFO ConnectionMetrics, totalCount = 0, detail = {long_connection=0, long_polling=0}

2026-10-02 11:30:37,889 INFO Connection check task start

2026-10-02 11:30:37,890 INFO Long connection metrics detail ,Total count =0, sdkCount=0,clusterCount=0

2026-10-02 11:30:37,890 INFO Out dated connection ,size=0

2026-10-02 11:30:37,891 INFO Connection check task end

2026-10-02 11:30:39,066 INFO ConnectionMetrics, totalCount = 0, detail = {long_connection=0, long_polling=0}

2026-10-02 11:30:40,891 INFO Connection check task start

2026-10-02 11:30:40,893 INFO Long connection metrics detail ,Total count =0, sdkCount=0,clusterCount=0

2026-10-02 11:30:40,893 INFO Out dated connection ,size=0

2026-10-02 11:30:40,894 INFO Connection check task end

2026-10-02 11:30:42,067 INFO ConnectionMetrics, totalCount = 0, detail = {long_connection=0, long_polling=0}

2026-10-02 11:30:43,895 INFO Connection check task start

2026-10-02 11:30:43,895 INFO Long connection metrics detail ,Total count =0, sdkCount=0,clusterCount=0

2026-10-02 11:30:43,896 INFO Out dated connection ,size=0

2026-10-02 11:30:43,897 INFO Connection check task end

2026-10-02 11:30:45,069 INFO ConnectionMetrics, totalCount = 0, detail = {long_connection=0, long_polling=0}

2026-10-02 11:30:46,897 INFO Connection check task start

2026-10-02 11:30:46,899 INFO Long connection metrics detail ,Total count =0, sdkCount=0,clusterCount=0

2026-10-02 11:30:46,899 INFO Out dated connection ,size=0

2026-10-02 11:30:46,900 INFO Connection check task end

2026-10-02 11:30:48,070 INFO ConnectionMetrics, totalCount = 0, detail = {long_connection=0, long_polling=0}

2026-10-02 11:30:49,901 INFO Connection check task start

2026-10-02 11:30:49,901 INFO Long connection metrics detail ,Total count =0, sdkCount=0,clusterCount=0

2026-10-02 11:30:49,902 INFO Out dated connection ,size=0

2026-10-02 11:30:49,903 INFO Connection check task end

2026-10-02 11:30:51,071 INFO ConnectionMetrics, totalCount = 0, detail = {long_connection=0, long_polling=0}

2026-10-02 11:30:52,903 INFO Connection check task start

2026-10-02 11:30:52,904 INFO Long connection metrics detail ,Total count =0, sdkCount=0,clusterCount=0

2026-10-02 11:30:52,905 INFO Out dated connection ,size=0

2026-10-02 11:30:52,906 INFO Connection check task end

2026-10-02 11:30:54,075 INFO ConnectionMetrics, totalCount = 0, detail = {long_connection=0, long_polling=0}

2026-10-02 11:30:55,907 INFO Connection check task start

2026-10-02 11:30:55,908 INFO Long connection metrics detail ,Total count =0, sdkCount=0,clusterCount=0

2026-10-02 11:30:55,908 INFO Out dated connection ,size=0

2026-10-02 11:30:55,909 INFO Connection check task end

2026-10-02 11:30:57,076 INFO ConnectionMetrics, totalCount = 0, detail = {long_connection=0, long_polling=0}

2026-10-02 11:30:58,909 INFO Connection check task start

2026-10-02 11:30:58,910 INFO Long connection metrics detail ,Total count =0, sdkCount=0,clusterCount=0

2026-10-02 11:30:58,911 INFO Out dated connection ,size=0

2026-10-02 11:30:58,911 INFO Connection check task end

2026-10-02 11:31:00,076 INFO ConnectionMetrics, totalCount = 0, detail = {long_connection=0, long_polling=0}

2026-10-02 11:31:01,910 INFO Connection check task start

2026-10-02 11:31:01,911 INFO Long connection metrics detail ,Total count =0, sdkCount=0,clusterCount=0

2026-10-02 11:31:01,912 INFO Out dated connection ,size=0

2026-10-02 11:31:01,912 INFO Connection check task end

2026-10-02 11:31:03,081 INFO ConnectionMetrics, totalCount = 0, detail = {long_connection=0, long_polling=0}

2026-10-02 11:31:04,913 INFO Connection check task start

2026-10-02 11:31:04,913 INFO Long connection metrics detail ,Total count =0, sdkCount=0,clusterCount=0

2026-10-02 11:31:04,913 INFO Out dated connection ,size=0

2026-10-02 11:31:04,914 INFO Connection check task end

2026-10-02 11:31:06,082 INFO ConnectionMetrics, totalCount = 0, detail = {long_connection=0, long_polling=0}

2026-10-02 11:31:07,914 INFO Connection check task start

2026-10-02 11:31:07,915 INFO Long connection metrics detail ,Total count =0, sdkCount=0,clusterCount=0

2026-10-02 11:31:07,916 INFO Out dated connection ,size=0

2026-10-02 11:31:07,916 INFO Connection check task end

2026-10-02 11:31:09,083 INFO ConnectionMetrics, totalCount = 0, detail = {long_connection=0, long_polling=0}

2026-10-02 11:31:10,917 INFO Connection check task start

2026-10-02 11:31:10,918 INFO Long connection metrics detail ,Total count =0, sdkCount=0,clusterCount=0

2026-10-02 11:31:10,919 INFO Out dated connection ,size=0

2026-10-02 11:31:10,919 INFO Connection check task end

2026-10-02 11:31:12,084 INFO ConnectionMetrics, totalCount = 0, detail = {long_connection=0, long_polling=0}

2026-10-02 11:31:13,920 INFO Connection check task start

2026-10-02 11:31:13,921 INFO Long connection metrics detail ,Total count =0, sdkCount=0,clusterCount=0

2026-10-02 11:31:13,922 INFO Out dated connection ,size=0

2026-10-02 11:31:13,923 INFO Connection check task end

2026-10-02 11:31:15,086 INFO ConnectionMetrics, totalCount = 0, detail = {long_connection=0, long_polling=0}

2026-10-02 11:31:16,924 INFO Connection check task start

2026-10-02 11:31:16,925 INFO Long connection metrics detail ,Total count =0, sdkCount=0,clusterCount=0

2026-10-02 11:31:16,926 INFO Out dated connection ,size=0

2026-10-02 11:31:16,926 INFO Connection check task end

2026-10-02 11:31:18,088 INFO ConnectionMetrics, totalCount = 0, detail = {long_connection=0, long_polling=0}

2026-10-02 11:31:19,927 INFO Connection check task start

2026-10-02 11:31:19,928 INFO Long connection metrics detail ,Total count =0, sdkCount=0,clusterCount=0

2026-10-02 11:31:19,928 INFO Out dated connection ,size=0

2026-10-02 11:31:19,929 INFO Connection check task end

2026-10-02 11:31:21,089 INFO ConnectionMetrics, totalCount = 0, detail = {long_connection=0, long_polling=0}

2026-10-02 11:31:22,929 INFO Connection check task start

2026-10-02 11:31:22,931 INFO Long connection metrics detail ,Total count =0, sdkCount=0,clusterCount=0

2026-10-02 11:31:22,931 INFO Out dated connection ,size=0

2026-10-02 11:31:22,931 INFO Connection check task end

2026-10-02 11:31:24,091 INFO ConnectionMetrics, totalCount = 0, detail = {long_connection=0, long_polling=0}

2026-10-02 11:31:25,932 INFO Connection check task start

2026-10-02 11:31:25,933 INFO Long connection metrics detail ,Total count =0, sdkCount=0,clusterCount=0

2026-10-02 11:31:25,934 INFO Out dated connection ,size=0

2026-10-02 11:31:25,935 INFO Connection check task end

2026-10-02 11:31:27,092 INFO ConnectionMetrics, totalCount = 0, detail = {long_connection=0, long_polling=0}

2026-10-02 11:31:28,936 INFO Connection check task start

2026-10-02 11:31:28,937 INFO Long connection metrics detail ,Total count =0, sdkCount=0,clusterCount=0

2026-10-02 11:31:28,937 INFO Out dated connection ,size=0

2026-10-02 11:31:28,938 INFO Connection check task end

2026-10-02 11:31:30,092 INFO ConnectionMetrics, totalCount = 0, detail = {long_connection=0, long_polling=0}

2026-10-02 11:31:31,937 INFO Connection check task start

2026-10-02 11:31:31,938 INFO Long connection metrics detail ,Total count =0, sdkCount=0,clusterCount=0

2026-10-02 11:31:31,939 INFO Out dated connection ,size=0

2026-10-02 11:31:31,940 INFO Connection check task end

2026-10-02 11:31:33,093 INFO ConnectionMetrics, totalCount = 0, detail = {long_connection=0, long_polling=0}

2026-10-02 11:31:34,941 INFO Connection check task start

2026-10-02 11:31:34,942 INFO Long connection metrics detail ,Total count =0, sdkCount=0,clusterCount=0

2026-10-02 11:31:34,942 INFO Out dated connection ,size=0

2026-10-02 11:31:34,943 INFO Connection check task end

2026-10-02 11:31:36,094 INFO ConnectionMetrics, totalCount = 0, detail = {long_connection=0, long_polling=0}

2026-10-02 11:31:37,943 INFO Connection check task start

2026-10-02 11:31:37,944 INFO Long connection metrics detail ,Total count =0, sdkCount=0,clusterCount=0

2026-10-02 11:31:37,945 INFO Out dated connection ,size=0

2026-10-02 11:31:37,946 INFO Connection check task end

2026-10-02 11:31:39,095 INFO ConnectionMetrics, totalCount = 0, detail = {long_connection=0, long_polling=0}

2026-10-02 11:31:40,946 INFO Connection check task start

2026-10-02 11:31:40,947 INFO Long connection metrics detail ,Total count =0, sdkCount=0,clusterCount=0

2026-10-02 11:31:40,949 INFO Out dated connection ,size=0

2026-10-02 11:31:40,949 INFO Connection check task end

2026-10-02 11:31:42,097 INFO ConnectionMetrics, totalCount = 0, detail = {long_connection=0, long_polling=0}

2026-10-02 11:31:43,950 INFO Connection check task start

2026-10-02 11:31:43,951 INFO Long connection metrics detail ,Total count =0, sdkCount=0,clusterCount=0

2026-10-02 11:31:43,952 INFO Out dated connection ,size=0

2026-10-02 11:31:43,953 INFO Connection check task end

2026-10-02 11:31:45,098 INFO ConnectionMetrics, totalCount = 0, detail = {long_connection=0, long_polling=0}

2026-10-02 11:31:46,954 INFO Connection check task start

2026-10-02 11:31:46,954 INFO Long connection metrics detail ,Total count =0, sdkCount=0,clusterCount=0

2026-10-02 11:31:46,955 INFO Out dated connection ,size=0

2026-10-02 11:31:46,955 INFO Connection check task end

2026-10-02 11:31:48,100 INFO ConnectionMetrics, totalCount = 0, detail = {long_connection=0, long_polling=0}

2026-10-02 11:31:49,956 INFO Connection check task start

2026-10-02 11:31:49,957 INFO Long connection metrics detail ,Total count =0, sdkCount=0,clusterCount=0

2026-10-02 11:31:49,960 INFO Out dated connection ,size=0

2026-10-02 11:31:49,965 INFO Connection check task end

2026-10-02 11:31:51,102 INFO ConnectionMetrics, totalCount = 0, detail = {long_connection=0, long_polling=0}

2026-10-02 11:31:52,972 INFO Connection check task start

2026-10-02 11:31:52,973 INFO Long connection metrics detail ,Total count =0, sdkCount=0,clusterCount=0

2026-10-02 11:31:52,974 INFO Out dated connection ,size=0

2026-10-02 11:31:52,975 INFO Connection check task end

2026-10-02 11:31:54,103 INFO ConnectionMetrics, totalCount = 0, detail = {long_connection=0, long_polling=0}

2026-10-02 11:31:55,976 INFO Connection check task start

2026-10-02 11:31:55,977 INFO Long connection metrics detail ,Total count =0, sdkCount=0,clusterCount=0

2026-10-02 11:31:55,978 INFO Out dated connection ,size=0

2026-10-02 11:31:55,979 INFO Connection check task end

2026-10-02 11:31:57,104 INFO ConnectionMetrics, totalCount = 0, detail = {long_connection=0, long_polling=0}

2026-10-02 11:31:58,979 INFO Connection check task start

2026-10-02 11:31:58,981 INFO Long connection metrics detail ,Total count =0, sdkCount=0,clusterCount=0

2026-10-02 11:31:58,982 INFO Out dated connection ,size=0

2026-10-02 11:31:58,983 INFO Connection check task end

2026-10-02 11:32:00,105 INFO ConnectionMetrics, totalCount = 0, detail = {long_connection=0, long_polling=0}

2026-10-02 11:32:01,982 INFO Connection check task start

2026-10-02 11:32:01,984 INFO Long connection metrics detail ,Total count =0, sdkCount=0,clusterCount=0

2026-10-02 11:32:01,985 INFO Out dated connection ,size=0

2026-10-02 11:32:01,986 INFO Connection check task end

2026-10-02 11:32:03,106 INFO ConnectionMetrics, totalCount = 0, detail = {long_connection=0, long_polling=0}

2026-10-02 11:32:04,988 INFO Connection check task start

2026-10-02 11:32:04,989 INFO Long connection metrics detail ,Total count =0, sdkCount=0,clusterCount=0

2026-10-02 11:32:04,990 INFO Out dated connection ,size=0

2026-10-02 11:32:04,992 INFO Connection check task end

2026-10-02 11:32:06,108 INFO ConnectionMetrics, totalCount = 0, detail = {long_connection=0, long_polling=0}

2026-10-02 11:32:07,993 INFO Connection check task start

2026-10-02 11:32:07,994 INFO Long connection metrics detail ,Total count =0, sdkCount=0,clusterCount=0

2026-10-02 11:32:07,994 INFO Out dated connection ,size=0

2026-10-02 11:32:07,995 INFO Connection check task end

2026-10-02 11:32:09,109 INFO ConnectionMetrics, totalCount = 0, detail = {long_connection=0, long_polling=0}

2026-10-02 11:32:10,996 INFO Connection check task start

2026-10-02 11:32:10,996 INFO Long connection metrics detail ,Total count =0, sdkCount=0,clusterCount=0

2026-10-02 11:32:10,997 INFO Out dated connection ,size=0

2026-10-02 11:32:10,998 INFO Connection check task end

2026-10-02 11:32:12,110 INFO ConnectionMetrics, totalCount = 0, detail = {long_connection=0, long_polling=0}

2026-10-02 11:32:13,999 INFO Connection check task start

2026-10-02 11:32:14,000 INFO Long connection metrics detail ,Total count =0, sdkCount=0,clusterCount=0

2026-10-02 11:32:14,001 INFO Out dated connection ,size=0

2026-10-02 11:32:14,002 INFO Connection check task end

2026-10-02 11:32:15,112 INFO ConnectionMetrics, totalCount = 0, detail = {long_connection=0, long_polling=0}

2026-10-02 11:32:17,004 INFO Connection check task start

2026-10-02 11:32:17,005 INFO Long connection metrics detail ,Total count =0, sdkCount=0,clusterCount=0

2026-10-02 11:32:17,006 INFO Out dated connection ,size=0

2026-10-02 11:32:17,007 INFO Connection check task end

2026-10-02 11:32:18,113 INFO ConnectionMetrics, totalCount = 0, detail = {long_connection=0, long_polling=0}

2026-10-02 11:32:20,008 INFO Connection check task start

2026-10-02 11:32:20,009 INFO Long connection metrics detail ,Total count =0, sdkCount=0,clusterCount=0

2026-10-02 11:32:20,009 INFO Out dated connection ,size=0

2026-10-02 11:32:20,010 INFO Connection check task end

2026-10-02 11:32:21,115 INFO ConnectionMetrics, totalCount = 0, detail = {long_connection=0, long_polling=0}

2026-10-02 11:32:23,011 INFO Connection check task start

2026-10-02 11:32:23,012 INFO Long connection metrics detail ,Total count =0, sdkCount=0,clusterCount=0

2026-10-02 11:32:23,012 INFO Out dated connection ,size=0

2026-10-02 11:32:23,013 INFO Connection check task end

2026-10-02 11:32:24,116 INFO ConnectionMetrics, totalCount = 0, detail = {long_connection=0, long_polling=0}

2026-10-02 11:32:26,013 INFO Connection check task start

2026-10-02 11:32:26,014 INFO Long connection metrics detail ,Total count =0, sdkCount=0,clusterCount=0

2026-10-02 11:32:26,014 INFO Out dated connection ,size=0

2026-10-02 11:32:26,015 INFO Connection check task end

2026-10-02 11:32:27,117 INFO ConnectionMetrics, totalCount = 0, detail = {long_connection=0, long_polling=0}

2026-10-02 11:32:29,014 INFO Connection check task start

2026-10-02 11:32:29,015 INFO Long connection metrics detail ,Total count =0, sdkCount=0,clusterCount=0

2026-10-02 11:32:29,016 INFO Out dated connection ,size=0

2026-10-02 11:32:29,017 INFO Connection check task end

2026-10-02 11:32:30,117 INFO ConnectionMetrics, totalCount = 0, detail = {long_connection=0, long_polling=0}

2026-10-02 11:32:32,018 INFO Connection check task start

2026-10-02 11:32:32,019 INFO Long connection metrics detail ,Total count =0, sdkCount=0,clusterCount=0

2026-10-02 11:32:32,020 INFO Out dated connection ,size=0

2026-10-02 11:32:32,020 INFO Connection check task end

2026-10-02 11:32:33,118 INFO ConnectionMetrics, totalCount = 0, detail = {long_connection=0, long_polling=0}

2026-10-02 11:32:35,021 INFO Connection check task start

2026-10-02 11:32:35,022 INFO Long connection metrics detail ,Total count =0, sdkCount=0,clusterCount=0

2026-10-02 11:32:35,023 INFO Out dated connection ,size=0

2026-10-02 11:32:35,024 INFO Connection check task end

2026-10-02 11:32:36,120 INFO ConnectionMetrics, totalCount = 0, detail = {long_connection=0, long_polling=0}

2026-10-02 11:32:38,024 INFO Connection check task start

2026-10-02 11:32:38,025 INFO Long connection metrics detail ,Total count =0, sdkCount=0,clusterCount=0

2026-10-02 11:32:38,025 INFO Out dated connection ,size=0

2026-10-02 11:32:38,026 INFO Connection check task end

2026-10-02 11:32:39,121 INFO ConnectionMetrics, totalCount = 0, detail = {long_connection=0, long_polling=0}

2026-10-02 11:32:41,026 INFO Connection check task start

2026-10-02 11:32:41,027 INFO Long connection metrics detail ,Total count =0, sdkCount=0,clusterCount=0

2026-10-02 11:32:41,028 INFO Out dated connection ,size=0

2026-10-02 11:32:41,028 INFO Connection check task end

2026-10-02 11:32:42,123 INFO ConnectionMetrics, totalCount = 0, detail = {long_connection=0, long_polling=0}

2026-10-02 11:32:44,029 INFO Connection check task start

2026-10-02 11:32:44,030 INFO Long connection metrics detail ,Total count =0, sdkCount=0,clusterCount=0

2026-10-02 11:32:44,031 INFO Out dated connection ,size=0

2026-10-02 11:32:44,032 INFO Connection check task end

2026-10-02 11:32:45,124 INFO ConnectionMetrics, totalCount = 0, detail = {long_connection=0, long_polling=0}

2026-10-02 11:32:47,033 INFO Connection check task start

2026-10-02 11:32:47,034 INFO Long connection metrics detail ,Total count =0, sdkCount=0,clusterCount=0

2026-10-02 11:32:47,034 INFO Out dated connection ,size=0

2026-10-02 11:32:47,035 INFO Connection check task end

2026-10-02 11:32:48,125 INFO ConnectionMetrics, totalCount = 0, detail = {long_connection=0, long_polling=0}

2026-10-02 11:32:50,035 INFO Connection check task start

2026-10-02 11:32:50,037 INFO Long connection metrics detail ,Total count =0, sdkCount=0,clusterCount=0

2026-10-02 11:32:50,038 INFO Out dated connection ,size=0

2026-10-02 11:32:50,039 INFO Connection check task end

2026-10-02 11:32:51,127 INFO ConnectionMetrics, totalCount = 0, detail = {long_connection=0, long_polling=0}

2026-10-02 11:32:53,039 INFO Connection check task start

2026-10-02 11:32:53,040 INFO Long connection metrics detail ,Total count =0, sdkCount=0,clusterCount=0

2026-10-02 11:32:53,041 INFO Out dated connection ,size=0

2026-10-02 11:32:53,042 INFO Connection check task end

2026-10-02 11:32:54,129 INFO ConnectionMetrics, totalCount = 0, detail = {long_connection=0, long_polling=0}

2026-10-02 11:32:56,042 INFO Connection check task start

2026-10-02 11:32:56,043 INFO Long connection metrics detail ,Total count =0, sdkCount=0,clusterCount=0

2026-10-02 11:32:56,044 INFO Out dated connection ,size=0

2026-10-02 11:32:56,044 INFO Connection check task end

2026-10-02 11:32:57,130 INFO ConnectionMetrics, totalCount = 0, detail = {long_connection=0, long_polling=0}

2026-10-02 11:32:59,043 INFO Connection check task start

2026-10-02 11:32:59,044 INFO Long connection metrics detail ,Total count =0, sdkCount=0,clusterCount=0

2026-10-02 11:32:59,045 INFO Out dated connection ,size=0

2026-10-02 11:32:59,045 INFO Connection check task end

2026-10-02 11:33:00,130 INFO ConnectionMetrics, totalCount = 0, detail = {long_connection=0, long_polling=0}

2026-10-02 11:33:02,046 INFO Connection check task start

2026-10-02 11:33:02,047 INFO Long connection metrics detail ,Total count =0, sdkCount=0,clusterCount=0

2026-10-02 11:33:02,048 INFO Out dated connection ,size=0

2026-10-02 11:33:02,049 INFO Connection check task end

2026-10-02 11:33:03,131 INFO ConnectionMetrics, totalCount = 0, detail = {long_connection=0, long_polling=0}

2026-10-02 11:33:05,049 INFO Connection check task start

2026-10-02 11:33:05,050 INFO Long connection metrics detail ,Total count =0, sdkCount=0,clusterCount=0

2026-10-02 11:33:05,051 INFO Out dated connection ,size=0

2026-10-02 11:33:05,052 INFO Connection check task end

2026-10-02 11:33:06,132 INFO ConnectionMetrics, totalCount = 0, detail = {long_connection=0, long_polling=0}

2026-10-02 11:33:08,052 INFO Connection check task start

2026-10-02 11:33:08,053 INFO Long connection metrics detail ,Total count =0, sdkCount=0,clusterCount=0

2026-10-02 11:33:08,054 INFO Out dated connection ,size=0

2026-10-02 11:33:08,054 INFO Connection check task end

2026-10-02 11:33:09,133 INFO ConnectionMetrics, totalCount = 0, detail = {long_connection=0, long_polling=0}

2026-10-02 11:33:11,056 INFO Connection check task start

2026-10-02 11:33:11,057 INFO Long connection metrics detail ,Total count =0, sdkCount=0,clusterCount=0

2026-10-02 11:33:11,057 INFO Out dated connection ,size=0

2026-10-02 11:33:11,058 INFO Connection check task end

2026-10-02 11:33:12,135 INFO ConnectionMetrics, totalCount = 0, detail = {long_connection=0, long_polling=0}

2026-10-02 11:33:14,059 INFO Connection check task start

2026-10-02 11:33:14,062 INFO Long connection metrics detail ,Total count =0, sdkCount=0,clusterCount=0

2026-10-02 11:33:14,064 INFO Out dated connection ,size=0

2026-10-02 11:33:14,070 INFO Connection check task end

2026-10-02 11:33:15,136 INFO ConnectionMetrics, totalCount = 0, detail = {long_connection=0, long_polling=0}

2026-10-02 11:33:17,074 INFO Connection check task start

2026-10-02 11:33:17,076 INFO Long connection metrics detail ,Total count =0, sdkCount=0,clusterCount=0

2026-10-02 11:33:17,077 INFO Out dated connection ,size=0

2026-10-02 11:33:17,078 INFO Connection check task end

2026-10-02 11:33:18,137 INFO ConnectionMetrics, totalCount = 0, detail = {long_connection=0, long_polling=0}

2026-10-02 11:33:20,079 INFO Connection check task start

2026-10-02 11:33:20,080 INFO Long connection metrics detail ,Total count =0, sdkCount=0,clusterCount=0

2026-10-02 11:33:20,081 INFO Out dated connection ,size=0

2026-10-02 11:33:20,082 INFO Connection check task end

2026-10-02 11:33:21,139 INFO ConnectionMetrics, totalCount = 0, detail = {long_connection=0, long_polling=0}

2026-10-02 11:33:23,083 INFO Connection check task start

2026-10-02 11:33:23,084 INFO Long connection metrics detail ,Total count =0, sdkCount=0,clusterCount=0

2026-10-02 11:33:23,085 INFO Out dated connection ,size=0

2026-10-02 11:33:23,085 INFO Connection check task end

2026-10-02 11:33:24,142 INFO ConnectionMetrics, totalCount = 0, detail = {long_connection=0, long_polling=0}

2026-10-02 11:33:26,086 INFO Connection check task start

2026-10-02 11:33:26,088 INFO Long connection metrics detail ,Total count =0, sdkCount=0,clusterCount=0

2026-10-02 11:33:26,089 INFO Out dated connection ,size=0

2026-10-02 11:33:26,090 INFO Connection check task end

2026-10-02 11:33:27,143 INFO ConnectionMetrics, totalCount = 0, detail = {long_connection=0, long_polling=0}

2026-10-02 11:33:29,089 INFO Connection check task start

2026-10-02 11:33:29,090 INFO Long connection metrics detail ,Total count =0, sdkCount=0,clusterCount=0

2026-10-02 11:33:29,091 INFO Out dated connection ,size=0

2026-10-02 11:33:29,091 INFO Connection check task end

2026-10-02 11:33:30,142 INFO ConnectionMetrics, totalCount = 0, detail = {long_connection=0, long_polling=0}

2026-10-02 11:33:32,092 INFO Connection check task start

2026-10-02 11:33:32,098 INFO Long connection metrics detail ,Total count =0, sdkCount=0,clusterCount=0

2026-10-02 11:33:32,105 INFO Out dated connection ,size=0

2026-10-02 11:33:32,106 INFO Connection check task end

2026-10-02 11:33:33,144 INFO ConnectionMetrics, totalCount = 0, detail = {long_connection=0, long_polling=0}

2026-10-02 11:33:35,108 INFO Connection check task start

2026-10-02 11:33:35,109 INFO Long connection metrics detail ,Total count =0, sdkCount=0,clusterCount=0

2026-10-02 11:33:35,109 INFO Out dated connection ,size=0

2026-10-02 11:33:35,110 INFO Connection check task end

2026-10-02 11:33:36,146 INFO ConnectionMetrics, totalCount = 0, detail = {long_connection=0, long_polling=0}

2026-10-02 11:33:38,110 INFO Connection check task start

2026-10-02 11:33:38,111 INFO Long connection metrics detail ,Total count =0, sdkCount=0,clusterCount=0

2026-10-02 11:33:38,112 INFO Out dated connection ,size=0

2026-10-02 11:33:38,112 INFO Connection check task end

2026-10-02 11:33:39,147 INFO ConnectionMetrics, totalCount = 0, detail = {long_connection=0, long_polling=0}

2026-10-02 11:33:41,113 INFO Connection check task start

2026-10-02 11:33:41,114 INFO Long connection metrics detail ,Total count =0, sdkCount=0,clusterCount=0

2026-10-02 11:33:41,115 INFO Out dated connection ,size=0

2026-10-02 11:33:41,115 INFO Connection check task end

2026-10-02 11:33:42,148 INFO ConnectionMetrics, totalCount = 0, detail = {long_connection=0, long_polling=0}

2026-10-02 11:33:44,116 INFO Connection check task start

2026-10-02 11:33:44,117 INFO Long connection metrics detail ,Total count =0, sdkCount=0,clusterCount=0

2026-10-02 11:33:44,119 INFO Out dated connection ,size=0

2026-10-02 11:33:44,120 INFO Connection check task end

2026-10-02 11:33:45,150 INFO ConnectionMetrics, totalCount = 0, detail = {long_connection=0, long_polling=0}

2026-10-02 11:33:47,121 INFO Connection check task start

2026-10-02 11:33:47,122 INFO Long connection metrics detail ,Total count =0, sdkCount=0,clusterCount=0

2026-10-02 11:33:47,123 INFO Out dated connection ,size=0

2026-10-02 11:33:47,124 INFO Connection check task end

2026-10-02 11:33:48,152 INFO ConnectionMetrics, totalCount = 0, detail = {long_connection=0, long_polling=0}

2026-10-02 11:33:50,124 INFO Connection check task start

2026-10-02 11:33:50,125 INFO Long connection metrics detail ,Total count =0, sdkCount=0,clusterCount=0

2026-10-02 11:33:50,126 INFO Out dated connection ,size=0

2026-10-02 11:33:50,127 INFO Connection check task end

2026-10-02 11:33:51,153 INFO ConnectionMetrics, totalCount = 0, detail = {long_connection=0, long_polling=0}

2026-10-02 11:33:53,128 INFO Connection check task start

2026-10-02 11:33:53,129 INFO Long connection metrics detail ,Total count =0, sdkCount=0,clusterCount=0

2026-10-02 11:33:53,130 INFO Out dated connection ,size=0

2026-10-02 11:33:53,131 INFO Connection check task end

2026-10-02 11:33:54,154 INFO ConnectionMetrics, totalCount = 0, detail = {long_connection=0, long_polling=0}

2026-10-02 11:33:56,132 INFO Connection check task start

2026-10-02 11:33:56,133 INFO Long connection metrics detail ,Total count =0, sdkCount=0,clusterCount=0

2026-10-02 11:33:56,134 INFO Out dated connection ,size=0

2026-10-02 11:33:56,134 INFO Connection check task end

2026-10-02 11:33:57,155 INFO ConnectionMetrics, totalCount = 0, detail = {long_connection=0, long_polling=0}

2026-10-02 11:33:59,134 INFO Connection check task start

2026-10-02 11:33:59,135 INFO Long connection metrics detail ,Total count =0, sdkCount=0,clusterCount=0

2026-10-02 11:33:59,136 INFO Out dated connection ,size=0

2026-10-02 11:33:59,137 INFO Connection check task end

2026-10-02 11:34:00,156 INFO ConnectionMetrics, totalCount = 0, detail = {long_connection=0, long_polling=0}

2026-10-02 11:34:02,138 INFO Connection check task start

2026-10-02 11:34:02,139 INFO Long connection metrics detail ,Total count =0, sdkCount=0,clusterCount=0

2026-10-02 11:34:02,140 INFO Out dated connection ,size=0

2026-10-02 11:34:02,141 INFO Connection check task end

2026-10-02 11:34:03,157 INFO ConnectionMetrics, totalCount = 0, detail = {long_connection=0, long_polling=0}

2026-10-02 11:34:05,142 INFO Connection check task start

2026-10-02 11:34:05,144 INFO Long connection metrics detail ,Total count =0, sdkCount=0,clusterCount=0

2026-10-02 11:34:05,144 INFO Out dated connection ,size=0

2026-10-02 11:34:05,145 INFO Connection check task end

2026-10-02 11:34:06,158 INFO ConnectionMetrics, totalCount = 0, detail = {long_connection=0, long_polling=0}

2026-10-02 11:34:08,146 INFO Connection check task start

2026-10-02 11:34:08,147 INFO Long connection metrics detail ,Total count =0, sdkCount=0,clusterCount=0

2026-10-02 11:34:08,148 INFO Out dated connection ,size=0

2026-10-02 11:34:08,149 INFO Connection check task end

2026-10-02 11:34:09,160 INFO ConnectionMetrics, totalCount = 0, detail = {long_connection=0, long_polling=0}

2026-10-02 11:34:11,150 INFO Connection check task start

2026-10-02 11:34:11,151 INFO Long connection metrics detail ,Total count =0, sdkCount=0,clusterCount=0

2026-10-02 11:34:11,152 INFO Out dated connection ,size=0

2026-10-02 11:34:11,153 INFO Connection check task end

2026-10-02 11:34:12,161 INFO ConnectionMetrics, totalCount = 0, detail = {long_connection=0, long_polling=0}

2026-10-02 11:34:14,154 INFO Connection check task start

2026-10-02 11:34:14,155 INFO Long connection metrics detail ,Total count =0, sdkCount=0,clusterCount=0

2026-10-02 11:34:14,156 INFO Out dated connection ,size=0

2026-10-02 11:34:14,157 INFO Connection check task end

2026-10-02 11:34:15,163 INFO ConnectionMetrics, totalCount = 0, detail = {long_connection=0, long_polling=0}

2026-10-02 11:34:17,158 INFO Connection check task start

2026-10-02 11:34:17,158 INFO Long connection metrics detail ,Total count =0, sdkCount=0,clusterCount=0

2026-10-02 11:34:17,159 INFO Out dated connection ,size=0

2026-10-02 11:34:17,159 INFO Connection check task end

2026-10-02 11:34:18,165 INFO ConnectionMetrics, totalCount = 0, detail = {long_connection=0, long_polling=0}

2026-10-02 11:34:20,160 INFO Connection check task start

2026-10-02 11:34:20,164 INFO Long connection metrics detail ,Total count =0, sdkCount=0,clusterCount=0

2026-10-02 11:34:20,167 INFO Out dated connection ,size=0

2026-10-02 11:34:20,171 INFO Connection check task end

2026-10-02 11:34:21,166 INFO ConnectionMetrics, totalCount = 0, detail = {long_connection=0, long_polling=0}

2026-10-02 11:34:23,173 INFO Connection check task start

2026-10-02 11:34:23,174 INFO Long connection metrics detail ,Total count =0, sdkCount=0,clusterCount=0

2026-10-02 11:34:23,175 INFO Out dated connection ,size=0

2026-10-02 11:34:23,176 INFO Connection check task end

2026-10-02 11:34:24,167 INFO ConnectionMetrics, totalCount = 0, detail = {long_connection=0, long_polling=0}

2026-10-02 11:34:26,177 INFO Connection check task start

2026-10-02 11:34:26,178 INFO Long connection metrics detail ,Total count =0, sdkCount=0,clusterCount=0

2026-10-02 11:34:26,178 INFO Out dated connection ,size=0

2026-10-02 11:34:26,179 INFO Connection check task end

2026-10-02 11:34:27,168 INFO ConnectionMetrics, totalCount = 0, detail = {long_connection=0, long_polling=0}

2026-10-02 11:34:29,177 INFO Connection check task start

2026-10-02 11:34:29,178 INFO Long connection metrics detail ,Total count =0, sdkCount=0,clusterCount=0

2026-10-02 11:34:29,179 INFO Out dated connection ,size=0

2026-10-02 11:34:29,180 INFO Connection check task end

2026-10-02 11:34:30,167 INFO ConnectionMetrics, totalCount = 0, detail = {long_connection=0, long_polling=0}

2026-10-02 11:34:32,183 INFO Connection check task start

2026-10-02 11:34:32,184 INFO Long connection metrics detail ,Total count =0, sdkCount=0,clusterCount=0

2026-10-02 11:34:32,184 INFO Out dated connection ,size=0

2026-10-02 11:34:32,185 INFO Connection check task end

2026-10-02 11:34:33,168 INFO ConnectionMetrics, totalCount = 0, detail = {long_connection=0, long_polling=0}

2026-10-02 11:34:35,186 INFO Connection check task start

2026-10-02 11:34:35,186 INFO Long connection metrics detail ,Total count =0, sdkCount=0,clusterCount=0

2026-10-02 11:34:35,187 INFO Out dated connection ,size=0

2026-10-02 11:34:35,187 INFO Connection check task end

2026-10-02 11:34:36,170 INFO ConnectionMetrics, totalCount = 0, detail = {long_connection=0, long_polling=0}

2026-10-02 11:34:38,188 INFO Connection check task start

2026-10-02 11:34:38,189 INFO Long connection metrics detail ,Total count =0, sdkCount=0,clusterCount=0

2026-10-02 11:34:38,190 INFO Out dated connection ,size=0

2026-10-02 11:34:38,190 INFO Connection check task end

2026-10-02 11:34:39,171 INFO ConnectionMetrics, totalCount = 0, detail = {long_connection=0, long_polling=0}

2026-10-02 11:34:41,191 INFO Connection check task start

2026-10-02 11:34:41,192 INFO Long connection metrics detail ,Total count =0, sdkCount=0,clusterCount=0

2026-10-02 11:34:41,192 INFO Out dated connection ,size=0

2026-10-02 11:34:41,193 INFO Connection check task end

2026-10-02 11:34:42,173 INFO ConnectionMetrics, totalCount = 0, detail = {long_connection=0, long_polling=0}

2026-10-02 11:34:44,194 INFO Connection check task start

2026-10-02 11:34:44,195 INFO Long connection metrics detail ,Total count =0, sdkCount=0,clusterCount=0

2026-10-02 11:34:44,197 INFO Out dated connection ,size=0

2026-10-02 11:34:44,198 INFO Connection check task end

2026-10-02 11:34:45,174 INFO ConnectionMetrics, totalCount = 0, detail = {long_connection=0, long_polling=0}

2026-10-02 11:34:47,199 INFO Connection check task start

2026-10-02 11:34:47,200 INFO Long connection metrics detail ,Total count =0, sdkCount=0,clusterCount=0

2026-10-02 11:34:47,201 INFO Out dated connection ,size=0

2026-10-02 11:34:47,202 INFO Connection check task end

2026-10-02 11:34:48,175 INFO ConnectionMetrics, totalCount = 0, detail = {long_connection=0, long_polling=0}

2026-10-02 11:34:50,203 INFO Connection check task start

2026-10-02 11:34:50,204 INFO Long connection metrics detail ,Total count =0, sdkCount=0,clusterCount=0

2026-10-02 11:34:50,204 INFO Out dated connection ,size=0

2026-10-02 11:34:50,205 INFO Connection check task end

2026-10-02 11:34:51,179 INFO ConnectionMetrics, totalCount = 0, detail = {long_connection=0, long_polling=0}

2026-10-02 11:34:53,206 INFO Connection check task start

2026-10-02 11:34:53,207 INFO Long connection metrics detail ,Total count =0, sdkCount=0,clusterCount=0

2026-10-02 11:34:53,208 INFO Out dated connection ,size=0

2026-10-02 11:34:53,209 INFO Connection check task end

2026-10-02 11:34:54,180 INFO ConnectionMetrics, totalCount = 0, detail = {long_connection=0, long_polling=0}

2026-10-02 11:34:56,211 INFO Connection check task start

2026-10-02 11:34:56,212 INFO Long connection metrics detail ,Total count =0, sdkCount=0,clusterCount=0

2026-10-02 11:34:56,213 INFO Out dated connection ,size=0

2026-10-02 11:34:56,213 INFO Connection check task end

2026-10-02 11:34:57,181 INFO ConnectionMetrics, totalCount = 0, detail = {long_connection=0, long_polling=0}

2026-10-02 11:34:59,213 INFO Connection check task start

2026-10-02 11:34:59,215 INFO Long connection metrics detail ,Total count =0, sdkCount=0,clusterCount=0

2026-10-02 11:34:59,215 INFO Out dated connection ,size=0

2026-10-02 11:34:59,216 INFO Connection check task end

2026-10-02 11:35:00,181 INFO ConnectionMetrics, totalCount = 0, detail = {long_connection=0, long_polling=0}

2026-10-02 11:35:02,217 INFO Connection check task start

2026-10-02 11:35:02,218 INFO Long connection metrics detail ,Total count =0, sdkCount=0,clusterCount=0

2026-10-02 11:35:02,219 INFO Out dated connection ,size=0

2026-10-02 11:35:02,219 INFO Connection check task end

2026-10-02 11:35:03,182 INFO ConnectionMetrics, totalCount = 0, detail = {long_connection=0, long_polling=0}

2026-10-02 11:35:05,221 INFO Connection check task start

2026-10-02 11:35:05,222 INFO Long connection metrics detail ,Total count =0, sdkCount=0,clusterCount=0

2026-10-02 11:35:05,223 INFO Out dated connection ,size=0

2026-10-02 11:35:05,224 INFO Connection check task end

2026-10-02 11:35:06,184 INFO ConnectionMetrics, totalCount = 0, detail = {long_connection=0, long_polling=0}

2026-10-02 11:35:08,226 INFO Connection check task start

2026-10-02 11:35:08,226 INFO Long connection metrics detail ,Total count =0, sdkCount=0,clusterCount=0

2026-10-02 11:35:08,227 INFO Out dated connection ,size=0

2026-10-02 11:35:08,227 INFO Connection check task end

2026-10-02 11:35:09,186 INFO ConnectionMetrics, totalCount = 0, detail = {long_connection=0, long_polling=0}

2026-10-02 11:35:11,228 INFO Connection check task start

2026-10-02 11:35:11,229 INFO Long connection metrics detail ,Total count =0, sdkCount=0,clusterCount=0

2026-10-02 11:35:11,230 INFO Out dated connection ,size=0

2026-10-02 11:35:11,231 INFO Connection check task end

2026-10-02 11:35:12,186 INFO ConnectionMetrics, totalCount = 0, detail = {long_connection=0, long_polling=0}

2026-10-02 11:35:14,232 INFO Connection check task start

2026-10-02 11:35:14,233 INFO Long connection metrics detail ,Total count =0, sdkCount=0,clusterCount=0

2026-10-02 11:35:14,234 INFO Out dated connection ,size=0

2026-10-02 11:35:14,235 INFO Connection check task end

2026-10-02 11:35:15,188 INFO ConnectionMetrics, totalCount = 0, detail = {long_connection=0, long_polling=0}

2026-10-02 11:35:17,236 INFO Connection check task start

2026-10-02 11:35:17,237 INFO Long connection metrics detail ,Total count =0, sdkCount=0,clusterCount=0

2026-10-02 11:35:17,238 INFO Out dated connection ,size=0

2026-10-02 11:35:17,239 INFO Connection check task end

2026-10-02 11:35:18,189 INFO ConnectionMetrics, totalCount = 0, detail = {long_connection=0, long_polling=0}

2026-10-02 11:35:20,240 INFO Connection check task start

2026-10-02 11:35:20,241 INFO Long connection metrics detail ,Total count =0, sdkCount=0,clusterCount=0

2026-10-02 11:35:20,242 INFO Out dated connection ,size=0

2026-10-02 11:35:20,243 INFO Connection check task end

2026-10-02 11:35:21,190 INFO ConnectionMetrics, totalCount = 0, detail = {long_connection=0, long_polling=0}

2026-10-02 11:35:23,244 INFO Connection check task start

2026-10-02 11:35:23,245 INFO Long connection metrics detail ,Total count =0, sdkCount=0,clusterCount=0

2026-10-02 11:35:23,246 INFO Out dated connection ,size=0

2026-10-02 11:35:23,246 INFO Connection check task end

2026-10-02 11:35:24,191 INFO ConnectionMetrics, totalCount = 0, detail = {long_connection=0, long_polling=0}

2026-10-02 11:35:26,247 INFO Connection check task start

2026-10-02 11:35:26,249 INFO Long connection metrics detail ,Total count =0, sdkCount=0,clusterCount=0

2026-10-02 11:35:26,250 INFO Out dated connection ,size=0

2026-10-02 11:35:26,251 INFO Connection check task end

2026-10-02 11:35:27,193 INFO ConnectionMetrics, totalCount = 0, detail = {long_connection=0, long_polling=0}

2026-10-02 11:35:29,251 INFO Connection check task start

2026-10-02 11:35:29,251 INFO Long connection metrics detail ,Total count =0, sdkCount=0,clusterCount=0

2026-10-02 11:35:29,252 INFO Out dated connection ,size=0

2026-10-02 11:35:29,252 INFO Connection check task end

2026-10-02 11:35:30,193 INFO ConnectionMetrics, totalCount = 0, detail = {long_connection=0, long_polling=0}

2026-10-02 11:35:32,252 INFO Connection check task start

2026-10-02 11:35:32,253 INFO Long connection metrics detail ,Total count =0, sdkCount=0,clusterCount=0

2026-10-02 11:35:32,254 INFO Out dated connection ,size=0

2026-10-02 11:35:32,254 INFO Connection check task end

2026-10-02 11:35:33,194 INFO ConnectionMetrics, totalCount = 0, detail = {long_connection=0, long_polling=0}

2026-10-02 11:35:35,255 INFO Connection check task start

2026-10-02 11:35:35,256 INFO Long connection metrics detail ,Total count =0, sdkCount=0,clusterCount=0

2026-10-02 11:35:35,257 INFO Out dated connection ,size=0

2026-10-02 11:35:35,258 INFO Connection check task end

2026-10-02 11:35:36,195 INFO ConnectionMetrics, totalCount = 0, detail = {long_connection=0, long_polling=0}

2026-10-02 11:35:38,259 INFO Connection check task start

2026-10-02 11:35:38,260 INFO Long connection metrics detail ,Total count =0, sdkCount=0,clusterCount=0

2026-10-02 11:35:38,261 INFO Out dated connection ,size=0

2026-10-02 11:35:38,261 INFO Connection check task end

2026-10-02 11:35:39,197 INFO ConnectionMetrics, totalCount = 0, detail = {long_connection=0, long_polling=0}

2026-10-02 11:35:41,262 INFO Connection check task start

2026-10-02 11:35:41,263 INFO Long connection metrics detail ,Total count =0, sdkCount=0,clusterCount=0

2026-10-02 11:35:41,264 INFO Out dated connection ,size=0

2026-10-02 11:35:41,265 INFO Connection check task end

2026-10-02 11:35:42,199 INFO ConnectionMetrics, totalCount = 0, detail = {long_connection=0, long_polling=0}

2026-10-02 11:35:44,265 INFO Connection check task start

2026-10-02 11:35:44,267 INFO Long connection metrics detail ,Total count =0, sdkCount=0,clusterCount=0

2026-10-02 11:35:44,268 INFO Out dated connection ,size=0

2026-10-02 11:35:44,269 INFO Connection check task end

2026-10-02 11:35:45,200 INFO ConnectionMetrics, totalCount = 0, detail = {long_connection=0, long_polling=0}

2026-10-02 11:35:47,270 INFO Connection check task start

2026-10-02 11:35:47,271 INFO Long connection metrics detail ,Total count =0, sdkCount=0,clusterCount=0

2026-10-02 11:35:47,272 INFO Out dated connection ,size=0

2026-10-02 11:35:47,273 INFO Connection check task end

2026-10-02 11:35:48,201 INFO ConnectionMetrics, totalCount = 0, detail = {long_connection=0, long_polling=0}

2026-10-02 11:35:50,274 INFO Connection check task start

2026-10-02 11:35:50,275 INFO Long connection metrics detail ,Total count =0, sdkCount=0,clusterCount=0

2026-10-02 11:35:50,276 INFO Out dated connection ,size=0

2026-10-02 11:35:50,277 INFO Connection check task end

2026-10-02 11:35:51,202 INFO ConnectionMetrics, totalCount = 0, detail = {long_connection=0, long_polling=0}

2026-10-02 11:35:53,278 INFO Connection check task start

2026-10-02 11:35:53,280 INFO Long connection metrics detail ,Total count =0, sdkCount=0,clusterCount=0

2026-10-02 11:35:53,281 INFO Out dated connection ,size=0

2026-10-02 11:35:53,282 INFO Connection check task end

2026-10-02 11:35:54,204 INFO ConnectionMetrics, totalCount = 0, detail = {long_connection=0, long_polling=0}

2026-10-02 11:35:56,283 INFO Connection check task start

2026-10-02 11:35:56,284 INFO Long connection metrics detail ,Total count =0, sdkCount=0,clusterCount=0

2026-10-02 11:35:56,285 INFO Out dated connection ,size=0

2026-10-02 11:35:56,285 INFO Connection check task end

2026-10-02 11:35:57,206 INFO ConnectionMetrics, totalCount = 0, detail = {long_connection=0, long_polling=0}

2026-10-02 11:35:59,284 INFO Connection check task start

2026-10-02 11:35:59,285 INFO Long connection metrics detail ,Total count =0, sdkCount=0,clusterCount=0

2026-10-02 11:35:59,285 INFO Out dated connection ,size=0

2026-10-02 11:35:59,286 INFO Connection check task end

2026-10-02 11:36:00,205 INFO ConnectionMetrics, totalCount = 0, detail = {long_connection=0, long_polling=0}

2026-10-02 11:36:02,287 INFO Connection check task start

2026-10-02 11:36:02,288 INFO Long connection metrics detail ,Total count =0, sdkCount=0,clusterCount=0

2026-10-02 11:36:02,288 INFO Out dated connection ,size=0

2026-10-02 11:36:02,289 INFO Connection check task end

2026-10-02 11:36:03,206 INFO ConnectionMetrics, totalCount = 0, detail = {long_connection=0, long_polling=0}

2026-10-02 11:36:05,290 INFO Connection check task start

2026-10-02 11:36:05,290 INFO Long connection metrics detail ,Total count =0, sdkCount=0,clusterCount=0

2026-10-02 11:36:05,291 INFO Out dated connection ,size=0

2026-10-02 11:36:05,291 INFO Connection check task end

2026-10-02 11:36:06,207 INFO ConnectionMetrics, totalCount = 0, detail = {long_connection=0, long_polling=0}

2026-10-02 11:36:08,292 INFO Connection check task start

2026-10-02 11:36:08,293 INFO Long connection metrics detail ,Total count =0, sdkCount=0,clusterCount=0

2026-10-02 11:36:08,294 INFO Out dated connection ,size=0

2026-10-02 11:36:08,294 INFO Connection check task end

2026-10-02 11:36:09,208 INFO ConnectionMetrics, totalCount = 0, detail = {long_connection=0, long_polling=0}

2026-10-02 11:36:10,075 INFO new connection registered successfully, connectionId = 1790912170011_172.21.0.1_48368,connection=Connection{traced=false, abilities={lock=true, agent=true, mcp=true, fuzzyWatch=true}, metaInfo=ConnectionMeta{connectType='GRPC', clientIp='172.18.224.1', remoteIp='172.21.0.1', remotePort=48368, localPort=9848, version='Nacos-Java-Client:v3.1.1', connectionId='1790912170011_172.21.0.1_48368', createTime=Fri Oct 02 11:36:10 CST 2026, lastActiveTime=1790912170074, appName='unknown', tenant='null', labels={source=sdk, module=naming, AppName=unknown, tls.enable=false}}} 

2026-10-02 11:36:11,294 INFO Connection check task start

2026-10-02 11:36:11,296 INFO Long connection metrics detail ,Total count =1, sdkCount=1,clusterCount=0

2026-10-02 11:36:11,297 INFO Out dated connection ,size=0

2026-10-02 11:36:11,297 INFO Connection check task end

2026-10-02 11:36:12,210 INFO ConnectionMetrics, totalCount = 1, detail = {long_connection=1, long_polling=0}

2026-10-02 11:36:14,298 INFO Connection check task start

2026-10-02 11:36:14,299 INFO Long connection metrics detail ,Total count =1, sdkCount=1,clusterCount=0

2026-10-02 11:36:14,299 INFO Out dated connection ,size=0

2026-10-02 11:36:14,299 INFO Connection check task end

2026-10-02 11:36:15,211 INFO ConnectionMetrics, totalCount = 1, detail = {long_connection=1, long_polling=0}

2026-10-02 11:36:17,300 INFO Connection check task start

2026-10-02 11:36:17,301 INFO Long connection metrics detail ,Total count =1, sdkCount=1,clusterCount=0

2026-10-02 11:36:17,302 INFO Out dated connection ,size=0

2026-10-02 11:36:17,303 INFO Connection check task end

2026-10-02 11:36:18,212 INFO ConnectionMetrics, totalCount = 1, detail = {long_connection=1, long_polling=0}

2026-10-02 11:36:20,304 INFO Connection check task start

2026-10-02 11:36:20,305 INFO Long connection metrics detail ,Total count =1, sdkCount=1,clusterCount=0

2026-10-02 11:36:20,306 INFO Out dated connection ,size=0

2026-10-02 11:36:20,307 INFO Connection check task end

2026-10-02 11:36:21,213 INFO ConnectionMetrics, totalCount = 1, detail = {long_connection=1, long_polling=0}

2026-10-02 11:36:23,307 INFO Connection check task start

2026-10-02 11:36:23,308 INFO Long connection metrics detail ,Total count =1, sdkCount=1,clusterCount=0

2026-10-02 11:36:23,309 INFO Out dated connection ,size=0

2026-10-02 11:36:23,309 INFO Connection check task end

2026-10-02 11:36:24,214 INFO ConnectionMetrics, totalCount = 1, detail = {long_connection=1, long_polling=0}

2026-10-02 11:36:26,310 INFO Connection check task start

2026-10-02 11:36:26,312 INFO Long connection metrics detail ,Total count =1, sdkCount=1,clusterCount=0

2026-10-02 11:36:26,313 INFO Out dated connection ,size=0

2026-10-02 11:36:26,315 INFO Connection check task end

2026-10-02 11:36:27,215 INFO ConnectionMetrics, totalCount = 1, detail = {long_connection=1, long_polling=0}

2026-10-02 11:36:29,315 INFO Connection check task start

2026-10-02 11:36:29,316 INFO Long connection metrics detail ,Total count =1, sdkCount=1,clusterCount=0

2026-10-02 11:36:29,317 INFO Out dated connection ,size=0

2026-10-02 11:36:29,318 INFO Connection check task end

2026-10-02 11:36:29,326 INFO [1790912170011_172.21.0.1_48368]Connection unregistered successfully. 

2026-10-02 11:36:30,216 INFO ConnectionMetrics, totalCount = 0, detail = {long_connection=0, long_polling=0}

2026-10-02 11:36:32,319 INFO Connection check task start

2026-10-02 11:36:32,320 INFO Long connection metrics detail ,Total count =0, sdkCount=0,clusterCount=0

2026-10-02 11:36:32,321 INFO Out dated connection ,size=0

2026-10-02 11:36:32,321 INFO Connection check task end

2026-10-02 11:36:33,217 INFO ConnectionMetrics, totalCount = 0, detail = {long_connection=0, long_polling=0}

2026-10-02 11:36:35,322 INFO Connection check task start

2026-10-02 11:36:35,323 INFO Long connection metrics detail ,Total count =0, sdkCount=0,clusterCount=0

2026-10-02 11:36:35,323 INFO Out dated connection ,size=0

2026-10-02 11:36:35,324 INFO Connection check task end

2026-10-02 11:36:36,218 INFO ConnectionMetrics, totalCount = 0, detail = {long_connection=0, long_polling=0}

2026-10-02 11:36:38,325 INFO Connection check task start

2026-10-02 11:36:38,325 INFO Long connection metrics detail ,Total count =0, sdkCount=0,clusterCount=0

2026-10-02 11:36:38,325 INFO Out dated connection ,size=0

2026-10-02 11:36:38,326 INFO Connection check task end

2026-10-02 11:36:39,219 INFO ConnectionMetrics, totalCount = 0, detail = {long_connection=0, long_polling=0}

2026-10-02 11:36:41,327 INFO Connection check task start

2026-10-02 11:36:41,328 INFO Long connection metrics detail ,Total count =0, sdkCount=0,clusterCount=0

2026-10-02 11:36:41,329 INFO Out dated connection ,size=0

2026-10-02 11:36:41,329 INFO Connection check task end

2026-10-02 11:36:42,220 INFO ConnectionMetrics, totalCount = 0, detail = {long_connection=0, long_polling=0}

2026-10-02 11:36:44,330 INFO Connection check task start

2026-10-02 11:36:44,331 INFO Long connection metrics detail ,Total count =0, sdkCount=0,clusterCount=0

2026-10-02 11:36:44,332 INFO Out dated connection ,size=0

2026-10-02 11:36:44,333 INFO Connection check task end

2026-10-02 11:36:45,222 INFO ConnectionMetrics, totalCount = 0, detail = {long_connection=0, long_polling=0}

2026-10-02 11:36:47,334 INFO Connection check task start

2026-10-02 11:36:47,336 INFO Long connection metrics detail ,Total count =0, sdkCount=0,clusterCount=0

2026-10-02 11:36:47,337 INFO Out dated connection ,size=0

2026-10-02 11:36:47,338 INFO Connection check task end

2026-10-02 11:36:48,224 INFO ConnectionMetrics, totalCount = 0, detail = {long_connection=0, long_polling=0}

2026-10-02 11:36:50,339 INFO Connection check task start

2026-10-02 11:36:50,340 INFO Long connection metrics detail ,Total count =0, sdkCount=0,clusterCount=0

2026-10-02 11:36:50,341 INFO Out dated connection ,size=0

2026-10-02 11:36:50,342 INFO Connection check task end

2026-10-02 11:36:51,225 INFO ConnectionMetrics, totalCount = 0, detail = {long_connection=0, long_polling=0}

2026-10-02 11:36:53,343 INFO Connection check task start

2026-10-02 11:36:53,344 INFO Long connection metrics detail ,Total count =0, sdkCount=0,clusterCount=0

2026-10-02 11:36:53,344 INFO Out dated connection ,size=0

2026-10-02 11:36:53,345 INFO Connection check task end

2026-10-02 11:36:54,226 INFO ConnectionMetrics, totalCount = 0, detail = {long_connection=0, long_polling=0}

2026-10-02 11:36:56,345 INFO Connection check task start

2026-10-02 11:36:56,347 INFO Long connection metrics detail ,Total count =0, sdkCount=0,clusterCount=0

2026-10-02 11:36:56,348 INFO Out dated connection ,size=0

2026-10-02 11:36:56,352 INFO Connection check task end

2026-10-02 11:36:57,227 INFO ConnectionMetrics, totalCount = 0, detail = {long_connection=0, long_polling=0}

2026-10-02 11:36:59,351 INFO Connection check task start

2026-10-02 11:36:59,352 INFO Long connection metrics detail ,Total count =0, sdkCount=0,clusterCount=0

2026-10-02 11:36:59,353 INFO Out dated connection ,size=0

2026-10-02 11:36:59,353 INFO Connection check task end

2026-10-02 11:37:00,227 INFO ConnectionMetrics, totalCount = 0, detail = {long_connection=0, long_polling=0}

2026-10-02 11:37:02,354 INFO Connection check task start

2026-10-02 11:37:02,355 INFO Long connection metrics detail ,Total count =0, sdkCount=0,clusterCount=0

2026-10-02 11:37:02,355 INFO Out dated connection ,size=0

2026-10-02 11:37:02,356 INFO Connection check task end

2026-10-02 11:37:03,229 INFO ConnectionMetrics, totalCount = 0, detail = {long_connection=0, long_polling=0}

2026-10-02 11:37:05,356 INFO Connection check task start

2026-10-02 11:37:05,357 INFO Long connection metrics detail ,Total count =0, sdkCount=0,clusterCount=0

2026-10-02 11:37:05,358 INFO Out dated connection ,size=0

2026-10-02 11:37:05,359 INFO Connection check task end

2026-10-02 11:37:06,231 INFO ConnectionMetrics, totalCount = 0, detail = {long_connection=0, long_polling=0}

2026-10-02 11:37:08,360 INFO Connection check task start

2026-10-02 11:37:08,361 INFO Long connection metrics detail ,Total count =0, sdkCount=0,clusterCount=0

2026-10-02 11:37:08,362 INFO Out dated connection ,size=0

2026-10-02 11:37:08,363 INFO Connection check task end

2026-10-02 11:37:09,233 INFO ConnectionMetrics, totalCount = 0, detail = {long_connection=0, long_polling=0}

2026-10-02 11:37:11,364 INFO Connection check task start

2026-10-02 11:37:11,365 INFO Long connection metrics detail ,Total count =0, sdkCount=0,clusterCount=0

2026-10-02 11:37:11,366 INFO Out dated connection ,size=0

2026-10-02 11:37:11,366 INFO Connection check task end

2026-10-02 11:37:12,234 INFO ConnectionMetrics, totalCount = 0, detail = {long_connection=0, long_polling=0}

2026-10-02 11:37:14,367 INFO Connection check task start

2026-10-02 11:37:14,367 INFO Long connection metrics detail ,Total count =0, sdkCount=0,clusterCount=0

2026-10-02 11:37:14,368 INFO Out dated connection ,size=0

2026-10-02 11:37:14,369 INFO Connection check task end

2026-10-02 11:37:15,235 INFO ConnectionMetrics, totalCount = 0, detail = {long_connection=0, long_polling=0}

2026-10-02 11:37:17,370 INFO Connection check task start

2026-10-02 11:37:17,371 INFO Long connection metrics detail ,Total count =0, sdkCount=0,clusterCount=0

2026-10-02 11:37:17,372 INFO Out dated connection ,size=0

2026-10-02 11:37:17,373 INFO Connection check task end

2026-10-02 11:37:18,237 INFO ConnectionMetrics, totalCount = 0, detail = {long_connection=0, long_polling=0}

2026-10-02 11:37:20,373 INFO Connection check task start

2026-10-02 11:37:20,374 INFO Long connection metrics detail ,Total count =0, sdkCount=0,clusterCount=0

2026-10-02 11:37:20,375 INFO Out dated connection ,size=0

2026-10-02 11:37:20,376 INFO Connection check task end

2026-10-02 11:37:21,238 INFO ConnectionMetrics, totalCount = 0, detail = {long_connection=0, long_polling=0}

2026-10-02 11:37:23,377 INFO Connection check task start

2026-10-02 11:37:23,378 INFO Long connection metrics detail ,Total count =0, sdkCount=0,clusterCount=0

2026-10-02 11:37:23,379 INFO Out dated connection ,size=0

2026-10-02 11:37:23,380 INFO Connection check task end

2026-10-02 11:37:24,240 INFO ConnectionMetrics, totalCount = 0, detail = {long_connection=0, long_polling=0}

2026-10-02 11:37:26,382 INFO Connection check task start

2026-10-02 11:37:26,382 INFO Long connection metrics detail ,Total count =0, sdkCount=0,clusterCount=0

2026-10-02 11:37:26,384 INFO Out dated connection ,size=0

2026-10-02 11:37:26,385 INFO Connection check task end

2026-10-02 11:37:27,241 INFO ConnectionMetrics, totalCount = 0, detail = {long_connection=0, long_polling=0}

2026-10-02 11:37:29,385 INFO Connection check task start

2026-10-02 11:37:29,387 INFO Long connection metrics detail ,Total count =0, sdkCount=0,clusterCount=0

2026-10-02 11:37:29,388 INFO Out dated connection ,size=0

2026-10-02 11:37:29,388 INFO Connection check task end

2026-10-02 11:37:30,241 INFO ConnectionMetrics, totalCount = 0, detail = {long_connection=0, long_polling=0}

2026-10-02 11:37:32,389 INFO Connection check task start

2026-10-02 11:37:32,390 INFO Long connection metrics detail ,Total count =0, sdkCount=0,clusterCount=0

2026-10-02 11:37:32,391 INFO Out dated connection ,size=0

2026-10-02 11:37:32,393 INFO Connection check task end

2026-10-02 11:37:33,243 INFO ConnectionMetrics, totalCount = 0, detail = {long_connection=0, long_polling=0}

2026-10-02 11:37:35,394 INFO Connection check task start

2026-10-02 11:37:35,395 INFO Long connection metrics detail ,Total count =0, sdkCount=0,clusterCount=0

2026-10-02 11:37:35,396 INFO Out dated connection ,size=0

2026-10-02 11:37:35,397 INFO Connection check task end

2026-10-02 11:37:36,244 INFO ConnectionMetrics, totalCount = 0, detail = {long_connection=0, long_polling=0}

2026-10-02 11:37:38,398 INFO Connection check task start

2026-10-02 11:37:38,400 INFO Long connection metrics detail ,Total count =0, sdkCount=0,clusterCount=0

2026-10-02 11:37:38,401 INFO Out dated connection ,size=0

2026-10-02 11:37:38,401 INFO Connection check task end

2026-10-02 11:37:39,245 INFO ConnectionMetrics, totalCount = 0, detail = {long_connection=0, long_polling=0}

2026-10-02 11:37:41,403 INFO Connection check task start

2026-10-02 11:37:41,404 INFO Long connection metrics detail ,Total count =0, sdkCount=0,clusterCount=0

2026-10-02 11:37:41,404 INFO Out dated connection ,size=0

2026-10-02 11:37:41,405 INFO Connection check task end

2026-10-02 11:37:42,247 INFO ConnectionMetrics, totalCount = 0, detail = {long_connection=0, long_polling=0}

2026-10-02 11:37:44,406 INFO Connection check task start

2026-10-02 11:37:44,407 INFO Long connection metrics detail ,Total count =0, sdkCount=0,clusterCount=0

2026-10-02 11:37:44,408 INFO Out dated connection ,size=0

2026-10-02 11:37:44,409 INFO Connection check task end

2026-10-02 11:37:45,248 INFO ConnectionMetrics, totalCount = 0, detail = {long_connection=0, long_polling=0}

2026-10-02 11:37:47,410 INFO Connection check task start

2026-10-02 11:37:47,411 INFO Long connection metrics detail ,Total count =0, sdkCount=0,clusterCount=0

2026-10-02 11:37:47,412 INFO Out dated connection ,size=0

2026-10-02 11:37:47,413 INFO Connection check task end

2026-10-02 11:37:48,249 INFO ConnectionMetrics, totalCount = 0, detail = {long_connection=0, long_polling=0}

2026-10-02 11:37:50,414 INFO Connection check task start

2026-10-02 11:37:50,415 INFO Long connection metrics detail ,Total count =0, sdkCount=0,clusterCount=0

2026-10-02 11:37:50,415 INFO Out dated connection ,size=0

2026-10-02 11:37:50,416 INFO Connection check task end

2026-10-02 11:37:51,251 INFO ConnectionMetrics, totalCount = 0, detail = {long_connection=0, long_polling=0}

2026-10-02 11:37:53,417 INFO Connection check task start

2026-10-02 11:37:53,418 INFO Long connection metrics detail ,Total count =0, sdkCount=0,clusterCount=0

2026-10-02 11:37:53,419 INFO Out dated connection ,size=0

2026-10-02 11:37:53,420 INFO Connection check task end

2026-10-02 11:37:54,252 INFO ConnectionMetrics, totalCount = 0, detail = {long_connection=0, long_polling=0}

2026-10-02 11:37:56,420 INFO Connection check task start

2026-10-02 11:37:56,421 INFO Long connection metrics detail ,Total count =0, sdkCount=0,clusterCount=0

2026-10-02 11:37:56,422 INFO Out dated connection ,size=0

2026-10-02 11:37:56,423 INFO Connection check task end

2026-10-02 11:37:57,254 INFO ConnectionMetrics, totalCount = 0, detail = {long_connection=0, long_polling=0}

2026-10-02 11:37:59,422 INFO Connection check task start

2026-10-02 11:37:59,424 INFO Long connection metrics detail ,Total count =0, sdkCount=0,clusterCount=0

2026-10-02 11:37:59,431 INFO Out dated connection ,size=0

2026-10-02 11:37:59,433 INFO Connection check task end

2026-10-02 11:38:00,253 INFO ConnectionMetrics, totalCount = 0, detail = {long_connection=0, long_polling=0}

2026-10-02 11:38:02,434 INFO Connection check task start

2026-10-02 11:38:02,435 INFO Long connection metrics detail ,Total count =0, sdkCount=0,clusterCount=0

2026-10-02 11:38:02,436 INFO Out dated connection ,size=0

2026-10-02 11:38:02,437 INFO Connection check task end

2026-10-02 11:38:03,254 INFO ConnectionMetrics, totalCount = 0, detail = {long_connection=0, long_polling=0}

2026-10-02 11:38:05,437 INFO Connection check task start

2026-10-02 11:38:05,438 INFO Long connection metrics detail ,Total count =0, sdkCount=0,clusterCount=0

2026-10-02 11:38:05,438 INFO Out dated connection ,size=0

2026-10-02 11:38:05,439 INFO Connection check task end

2026-10-02 11:38:06,256 INFO ConnectionMetrics, totalCount = 0, detail = {long_connection=0, long_polling=0}

2026-10-02 11:38:08,439 INFO Connection check task start

2026-10-02 11:38:08,440 INFO Long connection metrics detail ,Total count =0, sdkCount=0,clusterCount=0

2026-10-02 11:38:08,442 INFO Out dated connection ,size=0

2026-10-02 11:38:08,442 INFO Connection check task end

2026-10-02 11:38:09,257 INFO ConnectionMetrics, totalCount = 0, detail = {long_connection=0, long_polling=0}

2026-10-02 11:38:11,443 INFO Connection check task start

2026-10-02 11:38:11,444 INFO Long connection metrics detail ,Total count =0, sdkCount=0,clusterCount=0

2026-10-02 11:38:11,445 INFO Out dated connection ,size=0

2026-10-02 11:38:11,446 INFO Connection check task end

2026-10-02 11:38:12,258 INFO ConnectionMetrics, totalCount = 0, detail = {long_connection=0, long_polling=0}

2026-10-02 11:38:14,447 INFO Connection check task start

2026-10-02 11:38:14,448 INFO Long connection metrics detail ,Total count =0, sdkCount=0,clusterCount=0

2026-10-02 11:38:14,449 INFO Out dated connection ,size=0

2026-10-02 11:38:14,450 INFO Connection check task end

2026-10-02 11:38:15,260 INFO ConnectionMetrics, totalCount = 0, detail = {long_connection=0, long_polling=0}

2026-10-02 11:38:17,450 INFO Connection check task start

2026-10-02 11:38:17,451 INFO Long connection metrics detail ,Total count =0, sdkCount=0,clusterCount=0

2026-10-02 11:38:17,452 INFO Out dated connection ,size=0

2026-10-02 11:38:17,453 INFO Connection check task end

2026-10-02 11:38:18,262 INFO ConnectionMetrics, totalCount = 0, detail = {long_connection=0, long_polling=0}

2026-10-02 11:38:20,454 INFO Connection check task start

2026-10-02 11:38:20,455 INFO Long connection metrics detail ,Total count =0, sdkCount=0,clusterCount=0

2026-10-02 11:38:20,456 INFO Out dated connection ,size=0

2026-10-02 11:38:20,457 INFO Connection check task end

2026-10-02 11:38:21,263 INFO ConnectionMetrics, totalCount = 0, detail = {long_connection=0, long_polling=0}

2026-10-02 11:38:23,457 INFO Connection check task start

2026-10-02 11:38:23,459 INFO Long connection metrics detail ,Total count =0, sdkCount=0,clusterCount=0

2026-10-02 11:38:23,460 INFO Out dated connection ,size=0

2026-10-02 11:38:23,461 INFO Connection check task end

2026-10-02 11:38:24,265 INFO ConnectionMetrics, totalCount = 0, detail = {long_connection=0, long_polling=0}

2026-10-02 11:38:26,461 INFO Connection check task start

2026-10-02 11:38:26,463 INFO Long connection metrics detail ,Total count =0, sdkCount=0,clusterCount=0

2026-10-02 11:38:26,463 INFO Out dated connection ,size=0

2026-10-02 11:38:26,464 INFO Connection check task end

2026-10-02 11:38:27,266 INFO ConnectionMetrics, totalCount = 0, detail = {long_connection=0, long_polling=0}

2026-10-02 11:38:29,463 INFO Connection check task start

2026-10-02 11:38:29,465 INFO Long connection metrics detail ,Total count =0, sdkCount=0,clusterCount=0

2026-10-02 11:38:29,466 INFO Out dated connection ,size=0

2026-10-02 11:38:29,467 INFO Connection check task end

2026-10-02 11:38:30,266 INFO ConnectionMetrics, totalCount = 0, detail = {long_connection=0, long_polling=0}

2026-10-02 11:38:32,468 INFO Connection check task start

2026-10-02 11:38:32,469 INFO Long connection metrics detail ,Total count =0, sdkCount=0,clusterCount=0

2026-10-02 11:38:32,470 INFO Out dated connection ,size=0

2026-10-02 11:38:32,471 INFO Connection check task end

2026-10-02 11:38:33,270 INFO ConnectionMetrics, totalCount = 0, detail = {long_connection=0, long_polling=0}

2026-10-02 11:38:35,471 INFO Connection check task start

2026-10-02 11:38:35,473 INFO Long connection metrics detail ,Total count =0, sdkCount=0,clusterCount=0

2026-10-02 11:38:35,473 INFO Out dated connection ,size=0

2026-10-02 11:38:35,474 INFO Connection check task end

2026-10-02 11:38:36,271 INFO ConnectionMetrics, totalCount = 0, detail = {long_connection=0, long_polling=0}

2026-10-02 11:38:38,474 INFO Connection check task start

2026-10-02 11:38:38,475 INFO Long connection metrics detail ,Total count =0, sdkCount=0,clusterCount=0

2026-10-02 11:38:38,476 INFO Out dated connection ,size=0

2026-10-02 11:38:38,477 INFO Connection check task end

2026-10-02 11:38:39,273 INFO ConnectionMetrics, totalCount = 0, detail = {long_connection=0, long_polling=0}

2026-10-02 11:38:41,478 INFO Connection check task start

2026-10-02 11:38:41,479 INFO Long connection metrics detail ,Total count =0, sdkCount=0,clusterCount=0

2026-10-02 11:38:41,479 INFO Out dated connection ,size=0

2026-10-02 11:38:41,480 INFO Connection check task end

2026-10-02 11:38:42,274 INFO ConnectionMetrics, totalCount = 0, detail = {long_connection=0, long_polling=0}

2026-10-02 11:38:44,481 INFO Connection check task start

2026-10-02 11:38:44,482 INFO Long connection metrics detail ,Total count =0, sdkCount=0,clusterCount=0

2026-10-02 11:38:44,483 INFO Out dated connection ,size=0

2026-10-02 11:38:44,484 INFO Connection check task end

2026-10-02 11:38:45,275 INFO ConnectionMetrics, totalCount = 0, detail = {long_connection=0, long_polling=0}

2026-10-02 11:38:47,485 INFO Connection check task start

2026-10-02 11:38:47,486 INFO Long connection metrics detail ,Total count =0, sdkCount=0,clusterCount=0

2026-10-02 11:38:47,486 INFO Out dated connection ,size=0

2026-10-02 11:38:47,487 INFO Connection check task end

2026-10-02 11:38:48,276 INFO ConnectionMetrics, totalCount = 0, detail = {long_connection=0, long_polling=0}

2026-10-02 11:38:50,488 INFO Connection check task start

2026-10-02 11:38:50,489 INFO Long connection metrics detail ,Total count =0, sdkCount=0,clusterCount=0

2026-10-02 11:38:50,489 INFO Out dated connection ,size=0

2026-10-02 11:38:50,490 INFO Connection check task end

2026-10-02 11:38:51,277 INFO ConnectionMetrics, totalCount = 0, detail = {long_connection=0, long_polling=0}

2026-10-02 11:38:53,491 INFO Connection check task start

2026-10-02 11:38:53,492 INFO Long connection metrics detail ,Total count =0, sdkCount=0,clusterCount=0

2026-10-02 11:38:53,493 INFO Out dated connection ,size=0

2026-10-02 11:38:53,493 INFO Connection check task end

2026-10-02 11:38:54,279 INFO ConnectionMetrics, totalCount = 0, detail = {long_connection=0, long_polling=0}

2026-10-02 11:38:56,495 INFO Connection check task start

2026-10-02 11:38:56,495 INFO Long connection metrics detail ,Total count =0, sdkCount=0,clusterCount=0

2026-10-02 11:38:56,496 INFO Out dated connection ,size=0

2026-10-02 11:38:56,496 INFO Connection check task end

2026-10-02 11:38:57,279 INFO ConnectionMetrics, totalCount = 0, detail = {long_connection=0, long_polling=0}

2026-10-02 11:38:59,496 INFO Connection check task start

2026-10-02 11:38:59,497 INFO Long connection metrics detail ,Total count =0, sdkCount=0,clusterCount=0

2026-10-02 11:38:59,498 INFO Out dated connection ,size=0

2026-10-02 11:38:59,499 INFO Connection check task end

2026-10-02 11:39:00,280 INFO ConnectionMetrics, totalCount = 0, detail = {long_connection=0, long_polling=0}

2026-10-02 11:39:02,500 INFO Connection check task start

2026-10-02 11:39:02,501 INFO Long connection metrics detail ,Total count =0, sdkCount=0,clusterCount=0

2026-10-02 11:39:02,502 INFO Out dated connection ,size=0

2026-10-02 11:39:02,503 INFO Connection check task end

2026-10-02 11:39:03,281 INFO ConnectionMetrics, totalCount = 0, detail = {long_connection=0, long_polling=0}

2026-10-02 11:39:05,504 INFO Connection check task start

2026-10-02 11:39:05,505 INFO Long connection metrics detail ,Total count =0, sdkCount=0,clusterCount=0

2026-10-02 11:39:05,506 INFO Out dated connection ,size=0

2026-10-02 11:39:05,507 INFO Connection check task end

2026-10-02 11:39:06,283 INFO ConnectionMetrics, totalCount = 0, detail = {long_connection=0, long_polling=0}

2026-10-02 11:39:08,507 INFO Connection check task start

2026-10-02 11:39:08,508 INFO Long connection metrics detail ,Total count =0, sdkCount=0,clusterCount=0

2026-10-02 11:39:08,509 INFO Out dated connection ,size=0

2026-10-02 11:39:08,509 INFO Connection check task end

2026-10-02 11:39:09,284 INFO ConnectionMetrics, totalCount = 0, detail = {long_connection=0, long_polling=0}

2026-10-02 11:39:11,510 INFO Connection check task start

2026-10-02 11:39:11,510 INFO Long connection metrics detail ,Total count =0, sdkCount=0,clusterCount=0

2026-10-02 11:39:11,511 INFO Out dated connection ,size=0

2026-10-02 11:39:11,512 INFO Connection check task end

2026-10-02 11:39:12,285 INFO ConnectionMetrics, totalCount = 0, detail = {long_connection=0, long_polling=0}

2026-10-02 11:39:14,513 INFO Connection check task start

2026-10-02 11:39:14,513 INFO Long connection metrics detail ,Total count =0, sdkCount=0,clusterCount=0

2026-10-02 11:39:14,514 INFO Out dated connection ,size=0

2026-10-02 11:39:14,515 INFO Connection check task end

2026-10-02 11:39:15,286 INFO ConnectionMetrics, totalCount = 0, detail = {long_connection=0, long_polling=0}

2026-10-02 11:39:17,515 INFO Connection check task start

2026-10-02 11:39:17,516 INFO Long connection metrics detail ,Total count =0, sdkCount=0,clusterCount=0

2026-10-02 11:39:17,517 INFO Out dated connection ,size=0

2026-10-02 11:39:17,518 INFO Connection check task end

2026-10-02 11:39:18,288 INFO ConnectionMetrics, totalCount = 0, detail = {long_connection=0, long_polling=0}

2026-10-02 11:39:20,518 INFO Connection check task start

2026-10-02 11:39:20,520 INFO Long connection metrics detail ,Total count =0, sdkCount=0,clusterCount=0

2026-10-02 11:39:20,520 INFO Out dated connection ,size=0

2026-10-02 11:39:20,520 INFO Connection check task end

2026-10-02 11:39:21,289 INFO ConnectionMetrics, totalCount = 0, detail = {long_connection=0, long_polling=0}

2026-10-02 11:39:23,521 INFO Connection check task start

2026-10-02 11:39:23,522 INFO Long connection metrics detail ,Total count =0, sdkCount=0,clusterCount=0

2026-10-02 11:39:23,523 INFO Out dated connection ,size=0

2026-10-02 11:39:23,524 INFO Connection check task end

2026-10-02 11:39:24,290 INFO ConnectionMetrics, totalCount = 0, detail = {long_connection=0, long_polling=0}

2026-10-02 11:39:26,525 INFO Connection check task start

2026-10-02 11:39:26,526 INFO Long connection metrics detail ,Total count =0, sdkCount=0,clusterCount=0

2026-10-02 11:39:26,526 INFO Out dated connection ,size=0

2026-10-02 11:39:26,527 INFO Connection check task end

2026-10-02 11:39:27,292 INFO ConnectionMetrics, totalCount = 0, detail = {long_connection=0, long_polling=0}

2026-10-02 11:39:29,525 INFO Connection check task start

2026-10-02 11:39:29,526 INFO Long connection metrics detail ,Total count =0, sdkCount=0,clusterCount=0

2026-10-02 11:39:29,527 INFO Out dated connection ,size=0

2026-10-02 11:39:29,528 INFO Connection check task end

2026-10-02 11:39:30,291 INFO ConnectionMetrics, totalCount = 0, detail = {long_connection=0, long_polling=0}

2026-10-02 11:39:32,529 INFO Connection check task start

2026-10-02 11:39:32,530 INFO Long connection metrics detail ,Total count =0, sdkCount=0,clusterCount=0

2026-10-02 11:39:32,531 INFO Out dated connection ,size=0

2026-10-02 11:39:32,531 INFO Connection check task end

2026-10-02 11:39:33,298 INFO ConnectionMetrics, totalCount = 0, detail = {long_connection=0, long_polling=0}

2026-10-02 11:39:35,531 INFO Connection check task start

2026-10-02 11:39:35,533 INFO Long connection metrics detail ,Total count =0, sdkCount=0,clusterCount=0

2026-10-02 11:39:35,534 INFO Out dated connection ,size=0

2026-10-02 11:39:35,534 INFO Connection check task end

2026-10-02 11:39:36,299 INFO ConnectionMetrics, totalCount = 0, detail = {long_connection=0, long_polling=0}

2026-10-02 11:39:38,535 INFO Connection check task start

2026-10-02 11:39:38,537 INFO Long connection metrics detail ,Total count =0, sdkCount=0,clusterCount=0

2026-10-02 11:39:38,538 INFO Out dated connection ,size=0

2026-10-02 11:39:38,538 INFO Connection check task end

2026-10-02 11:39:39,301 INFO ConnectionMetrics, totalCount = 0, detail = {long_connection=0, long_polling=0}

2026-10-02 11:39:41,539 INFO Connection check task start

2026-10-02 11:39:41,540 INFO Long connection metrics detail ,Total count =0, sdkCount=0,clusterCount=0

2026-10-02 11:39:41,541 INFO Out dated connection ,size=0

2026-10-02 11:39:41,542 INFO Connection check task end

2026-10-02 11:39:42,302 INFO ConnectionMetrics, totalCount = 0, detail = {long_connection=0, long_polling=0}

2026-10-02 11:39:44,543 INFO Connection check task start

2026-10-02 11:39:44,544 INFO Long connection metrics detail ,Total count =0, sdkCount=0,clusterCount=0

2026-10-02 11:39:44,544 INFO Out dated connection ,size=0

2026-10-02 11:39:44,545 INFO Connection check task end

2026-10-02 11:39:45,303 INFO ConnectionMetrics, totalCount = 0, detail = {long_connection=0, long_polling=0}

2026-10-02 11:39:47,546 INFO Connection check task start

2026-10-02 11:39:47,547 INFO Long connection metrics detail ,Total count =0, sdkCount=0,clusterCount=0

2026-10-02 11:39:47,547 INFO Out dated connection ,size=0

2026-10-02 11:39:47,548 INFO Connection check task end

2026-10-02 11:39:48,304 INFO ConnectionMetrics, totalCount = 0, detail = {long_connection=0, long_polling=0}

2026-10-02 11:39:50,549 INFO Connection check task start

2026-10-02 11:39:50,550 INFO Long connection metrics detail ,Total count =0, sdkCount=0,clusterCount=0

2026-10-02 11:39:50,551 INFO Out dated connection ,size=0

2026-10-02 11:39:50,552 INFO Connection check task end

2026-10-02 11:39:51,306 INFO ConnectionMetrics, totalCount = 0, detail = {long_connection=0, long_polling=0}

2026-10-02 11:39:53,553 INFO Connection check task start

2026-10-02 11:39:53,554 INFO Long connection metrics detail ,Total count =0, sdkCount=0,clusterCount=0

2026-10-02 11:39:53,556 INFO Out dated connection ,size=0

2026-10-02 11:39:53,556 INFO Connection check task end

2026-10-02 11:39:54,307 INFO ConnectionMetrics, totalCount = 0, detail = {long_connection=0, long_polling=0}

2026-10-02 11:39:56,558 INFO Connection check task start

2026-10-02 11:39:56,559 INFO Long connection metrics detail ,Total count =0, sdkCount=0,clusterCount=0

2026-10-02 11:39:56,559 INFO Out dated connection ,size=0

2026-10-02 11:39:56,559 INFO Connection check task end

2026-10-02 11:39:57,309 INFO ConnectionMetrics, totalCount = 0, detail = {long_connection=0, long_polling=0}

2026-10-02 11:39:59,559 INFO Connection check task start

2026-10-02 11:39:59,560 INFO Long connection metrics detail ,Total count =0, sdkCount=0,clusterCount=0

2026-10-02 11:39:59,560 INFO Out dated connection ,size=0

2026-10-02 11:39:59,561 INFO Connection check task end

2026-10-02 11:40:00,309 INFO ConnectionMetrics, totalCount = 0, detail = {long_connection=0, long_polling=0}

2026-10-02 11:40:02,562 INFO Connection check task start

2026-10-02 11:40:02,562 INFO Long connection metrics detail ,Total count =0, sdkCount=0,clusterCount=0

2026-10-02 11:40:02,563 INFO Out dated connection ,size=0

2026-10-02 11:40:02,564 INFO Connection check task end

2026-10-02 11:40:03,310 INFO ConnectionMetrics, totalCount = 0, detail = {long_connection=0, long_polling=0}

2026-10-02 11:40:05,565 INFO Connection check task start

2026-10-02 11:40:05,566 INFO Long connection metrics detail ,Total count =0, sdkCount=0,clusterCount=0

2026-10-02 11:40:05,566 INFO Out dated connection ,size=0

2026-10-02 11:40:05,567 INFO Connection check task end

2026-10-02 11:40:06,322 INFO ConnectionMetrics, totalCount = 0, detail = {long_connection=0, long_polling=0}

2026-10-02 11:40:08,567 INFO Connection check task start

2026-10-02 11:40:08,569 INFO Long connection metrics detail ,Total count =0, sdkCount=0,clusterCount=0

2026-10-02 11:40:08,570 INFO Out dated connection ,size=0

2026-10-02 11:40:08,571 INFO Connection check task end

2026-10-02 11:40:09,323 INFO ConnectionMetrics, totalCount = 0, detail = {long_connection=0, long_polling=0}

2026-10-02 11:40:11,572 INFO Connection check task start

2026-10-02 11:40:11,574 INFO Long connection metrics detail ,Total count =0, sdkCount=0,clusterCount=0

2026-10-02 11:40:11,575 INFO Out dated connection ,size=0

2026-10-02 11:40:11,575 INFO Connection check task end

2026-10-02 11:40:12,326 INFO ConnectionMetrics, totalCount = 0, detail = {long_connection=0, long_polling=0}

2026-10-02 11:40:14,576 INFO Connection check task start

2026-10-02 11:40:14,577 INFO Long connection metrics detail ,Total count =0, sdkCount=0,clusterCount=0

2026-10-02 11:40:14,578 INFO Out dated connection ,size=0

2026-10-02 11:40:14,579 INFO Connection check task end

2026-10-02 11:40:15,327 INFO ConnectionMetrics, totalCount = 0, detail = {long_connection=0, long_polling=0}

2026-10-02 11:40:17,580 INFO Connection check task start

2026-10-02 11:40:17,581 INFO Long connection metrics detail ,Total count =0, sdkCount=0,clusterCount=0

2026-10-02 11:40:17,582 INFO Out dated connection ,size=0

2026-10-02 11:40:17,583 INFO Connection check task end

2026-10-02 11:40:18,328 INFO ConnectionMetrics, totalCount = 0, detail = {long_connection=0, long_polling=0}

2026-10-02 11:40:20,584 INFO Connection check task start

2026-10-02 11:40:20,584 INFO Long connection metrics detail ,Total count =0, sdkCount=0,clusterCount=0

2026-10-02 11:40:20,585 INFO Out dated connection ,size=0

2026-10-02 11:40:20,585 INFO Connection check task end

2026-10-02 11:40:21,330 INFO ConnectionMetrics, totalCount = 0, detail = {long_connection=0, long_polling=0}

2026-10-02 11:40:23,586 INFO Connection check task start

2026-10-02 11:40:23,587 INFO Long connection metrics detail ,Total count =0, sdkCount=0,clusterCount=0

2026-10-02 11:40:23,588 INFO Out dated connection ,size=0

2026-10-02 11:40:23,588 INFO Connection check task end

2026-10-02 11:40:24,332 INFO ConnectionMetrics, totalCount = 0, detail = {long_connection=0, long_polling=0}

2026-10-02 11:40:26,589 INFO Connection check task start

2026-10-02 11:40:26,590 INFO Long connection metrics detail ,Total count =0, sdkCount=0,clusterCount=0

2026-10-02 11:40:26,590 INFO Out dated connection ,size=0

2026-10-02 11:40:26,591 INFO Connection check task end

2026-10-02 11:40:27,334 INFO ConnectionMetrics, totalCount = 0, detail = {long_connection=0, long_polling=0}

2026-10-02 11:40:29,589 INFO Connection check task start

2026-10-02 11:40:29,593 INFO Long connection metrics detail ,Total count =0, sdkCount=0,clusterCount=0

2026-10-02 11:40:29,594 INFO Out dated connection ,size=0

2026-10-02 11:40:29,594 INFO Connection check task end

2026-10-02 11:40:30,333 INFO ConnectionMetrics, totalCount = 0, detail = {long_connection=0, long_polling=0}

2026-10-02 11:40:32,595 INFO Connection check task start

2026-10-02 11:40:32,596 INFO Long connection metrics detail ,Total count =0, sdkCount=0,clusterCount=0

2026-10-02 11:40:32,596 INFO Out dated connection ,size=0

2026-10-02 11:40:32,597 INFO Connection check task end

2026-10-02 11:40:33,334 INFO ConnectionMetrics, totalCount = 0, detail = {long_connection=0, long_polling=0}

2026-10-02 11:40:35,597 INFO Connection check task start

2026-10-02 11:40:35,598 INFO Long connection metrics detail ,Total count =0, sdkCount=0,clusterCount=0

2026-10-02 11:40:35,599 INFO Out dated connection ,size=0

2026-10-02 11:40:35,600 INFO Connection check task end

2026-10-02 11:40:36,337 INFO ConnectionMetrics, totalCount = 0, detail = {long_connection=0, long_polling=0}

2026-10-02 11:40:38,600 INFO Connection check task start

2026-10-02 11:40:38,601 INFO Long connection metrics detail ,Total count =0, sdkCount=0,clusterCount=0

2026-10-02 11:40:38,602 INFO Out dated connection ,size=0

2026-10-02 11:40:38,602 INFO Connection check task end

2026-10-02 11:40:39,338 INFO ConnectionMetrics, totalCount = 0, detail = {long_connection=0, long_polling=0}

2026-10-02 11:40:41,603 INFO Connection check task start

2026-10-02 11:40:41,604 INFO Long connection metrics detail ,Total count =0, sdkCount=0,clusterCount=0

2026-10-02 11:40:41,604 INFO Out dated connection ,size=0

2026-10-02 11:40:41,605 INFO Connection check task end

2026-10-02 11:40:42,339 INFO ConnectionMetrics, totalCount = 0, detail = {long_connection=0, long_polling=0}

2026-10-02 11:40:44,606 INFO Connection check task start

2026-10-02 11:40:44,607 INFO Long connection metrics detail ,Total count =0, sdkCount=0,clusterCount=0

2026-10-02 11:40:44,608 INFO Out dated connection ,size=0

2026-10-02 11:40:44,608 INFO Connection check task end

2026-10-02 11:40:45,341 INFO ConnectionMetrics, totalCount = 0, detail = {long_connection=0, long_polling=0}

2026-10-02 11:40:47,609 INFO Connection check task start

2026-10-02 11:40:47,611 INFO Long connection metrics detail ,Total count =0, sdkCount=0,clusterCount=0

2026-10-02 11:40:47,612 INFO Out dated connection ,size=0

2026-10-02 11:40:47,613 INFO Connection check task end

2026-10-02 11:40:48,342 INFO ConnectionMetrics, totalCount = 0, detail = {long_connection=0, long_polling=0}

2026-10-02 11:40:50,615 INFO Connection check task start

2026-10-02 11:40:50,617 INFO Long connection metrics detail ,Total count =0, sdkCount=0,clusterCount=0

2026-10-02 11:40:50,618 INFO Out dated connection ,size=0

2026-10-02 11:40:50,620 INFO Connection check task end

2026-10-02 11:40:51,343 INFO ConnectionMetrics, totalCount = 0, detail = {long_connection=0, long_polling=0}

2026-10-02 11:40:53,623 INFO Connection check task start

2026-10-02 11:40:53,624 INFO Long connection metrics detail ,Total count =0, sdkCount=0,clusterCount=0

2026-10-02 11:40:53,625 INFO Out dated connection ,size=0

2026-10-02 11:40:53,626 INFO Connection check task end

2026-10-02 11:40:54,345 INFO ConnectionMetrics, totalCount = 0, detail = {long_connection=0, long_polling=0}

2026-10-02 11:40:56,626 INFO Connection check task start

2026-10-02 11:40:56,627 INFO Long connection metrics detail ,Total count =0, sdkCount=0,clusterCount=0

2026-10-02 11:40:56,628 INFO Out dated connection ,size=0

2026-10-02 11:40:56,629 INFO Connection check task end

2026-10-02 11:40:57,346 INFO ConnectionMetrics, totalCount = 0, detail = {long_connection=0, long_polling=0}

2026-10-02 11:40:59,628 INFO Connection check task start

2026-10-02 11:40:59,628 INFO Long connection metrics detail ,Total count =0, sdkCount=0,clusterCount=0

2026-10-02 11:40:59,629 INFO Out dated connection ,size=0

2026-10-02 11:40:59,629 INFO Connection check task end

2026-10-02 11:41:00,346 INFO ConnectionMetrics, totalCount = 0, detail = {long_connection=0, long_polling=0}

2026-10-02 11:41:02,630 INFO Connection check task start

2026-10-02 11:41:02,631 INFO Long connection metrics detail ,Total count =0, sdkCount=0,clusterCount=0

2026-10-02 11:41:02,631 INFO Out dated connection ,size=0

2026-10-02 11:41:02,631 INFO Connection check task end

2026-10-02 11:41:03,347 INFO ConnectionMetrics, totalCount = 0, detail = {long_connection=0, long_polling=0}

2026-10-02 11:41:05,632 INFO Connection check task start

2026-10-02 11:41:05,633 INFO Long connection metrics detail ,Total count =0, sdkCount=0,clusterCount=0

2026-10-02 11:41:05,634 INFO Out dated connection ,size=0

2026-10-02 11:41:05,635 INFO Connection check task end

2026-10-02 11:41:06,349 INFO ConnectionMetrics, totalCount = 0, detail = {long_connection=0, long_polling=0}

2026-10-02 11:41:08,635 INFO Connection check task start

2026-10-02 11:41:08,636 INFO Long connection metrics detail ,Total count =0, sdkCount=0,clusterCount=0

2026-10-02 11:41:08,637 INFO Out dated connection ,size=0

2026-10-02 11:41:08,637 INFO Connection check task end

2026-10-02 11:41:09,350 INFO ConnectionMetrics, totalCount = 0, detail = {long_connection=0, long_polling=0}

2026-10-02 11:41:11,638 INFO Connection check task start

2026-10-02 11:41:11,642 INFO Long connection metrics detail ,Total count =0, sdkCount=0,clusterCount=0

2026-10-02 11:41:11,648 INFO Out dated connection ,size=0

2026-10-02 11:41:11,654 INFO Connection check task end

2026-10-02 11:41:12,352 INFO ConnectionMetrics, totalCount = 0, detail = {long_connection=0, long_polling=0}

2026-10-02 11:41:14,666 INFO Connection check task start

2026-10-02 11:41:14,667 INFO Long connection metrics detail ,Total count =0, sdkCount=0,clusterCount=0

2026-10-02 11:41:14,668 INFO Out dated connection ,size=0

2026-10-02 11:41:14,668 INFO Connection check task end

2026-10-02 11:41:15,353 INFO ConnectionMetrics, totalCount = 0, detail = {long_connection=0, long_polling=0}

2026-10-02 11:41:17,669 INFO Connection check task start

2026-10-02 11:41:17,670 INFO Long connection metrics detail ,Total count =0, sdkCount=0,clusterCount=0

2026-10-02 11:41:17,671 INFO Out dated connection ,size=0

2026-10-02 11:41:17,672 INFO Connection check task end

2026-10-02 11:41:18,355 INFO ConnectionMetrics, totalCount = 0, detail = {long_connection=0, long_polling=0}

2026-10-02 11:41:20,673 INFO Connection check task start

2026-10-02 11:41:20,674 INFO Long connection metrics detail ,Total count =0, sdkCount=0,clusterCount=0

2026-10-02 11:41:20,677 INFO Out dated connection ,size=0

2026-10-02 11:41:20,682 INFO Connection check task end

2026-10-02 11:41:21,356 INFO ConnectionMetrics, totalCount = 0, detail = {long_connection=0, long_polling=0}

2026-10-02 11:41:23,684 INFO Connection check task start

2026-10-02 11:41:23,685 INFO Long connection metrics detail ,Total count =0, sdkCount=0,clusterCount=0

2026-10-02 11:41:23,685 INFO Out dated connection ,size=0

2026-10-02 11:41:23,686 INFO Connection check task end

2026-10-02 11:41:24,357 INFO ConnectionMetrics, totalCount = 0, detail = {long_connection=0, long_polling=0}

2026-10-02 11:41:26,687 INFO Connection check task start

2026-10-02 11:41:26,688 INFO Long connection metrics detail ,Total count =0, sdkCount=0,clusterCount=0

2026-10-02 11:41:26,688 INFO Out dated connection ,size=0

2026-10-02 11:41:26,689 INFO Connection check task end

2026-10-02 11:41:27,358 INFO ConnectionMetrics, totalCount = 0, detail = {long_connection=0, long_polling=0}

2026-10-02 11:41:29,688 INFO Connection check task start

2026-10-02 11:41:29,689 INFO Long connection metrics detail ,Total count =0, sdkCount=0,clusterCount=0

2026-10-02 11:41:29,690 INFO Out dated connection ,size=0

2026-10-02 11:41:29,691 INFO Connection check task end

2026-10-02 11:41:30,358 INFO ConnectionMetrics, totalCount = 0, detail = {long_connection=0, long_polling=0}

2026-10-02 11:41:32,691 INFO Connection check task start

2026-10-02 11:41:32,693 INFO Long connection metrics detail ,Total count =0, sdkCount=0,clusterCount=0

2026-10-02 11:41:32,694 INFO Out dated connection ,size=0

2026-10-02 11:41:32,694 INFO Connection check task end

2026-10-02 11:41:33,359 INFO ConnectionMetrics, totalCount = 0, detail = {long_connection=0, long_polling=0}

2026-10-02 11:41:35,696 INFO Connection check task start

2026-10-02 11:41:35,697 INFO Long connection metrics detail ,Total count =0, sdkCount=0,clusterCount=0

2026-10-02 11:41:35,697 INFO Out dated connection ,size=0

2026-10-02 11:41:35,698 INFO Connection check task end

2026-10-02 11:41:36,361 INFO ConnectionMetrics, totalCount = 0, detail = {long_connection=0, long_polling=0}

2026-10-02 11:41:38,699 INFO Connection check task start

2026-10-02 11:41:38,700 INFO Long connection metrics detail ,Total count =0, sdkCount=0,clusterCount=0

2026-10-02 11:41:38,701 INFO Out dated connection ,size=0

2026-10-02 11:41:38,702 INFO Connection check task end

2026-10-02 11:41:39,362 INFO ConnectionMetrics, totalCount = 0, detail = {long_connection=0, long_polling=0}

2026-10-02 11:41:41,702 INFO Connection check task start

2026-10-02 11:41:41,703 INFO Long connection metrics detail ,Total count =0, sdkCount=0,clusterCount=0

2026-10-02 11:41:41,704 INFO Out dated connection ,size=0

2026-10-02 11:41:41,704 INFO Connection check task end

2026-10-02 11:41:42,364 INFO ConnectionMetrics, totalCount = 0, detail = {long_connection=0, long_polling=0}

2026-10-02 11:41:44,705 INFO Connection check task start

2026-10-02 11:41:44,706 INFO Long connection metrics detail ,Total count =0, sdkCount=0,clusterCount=0

2026-10-02 11:41:44,707 INFO Out dated connection ,size=0

2026-10-02 11:41:44,708 INFO Connection check task end

2026-10-02 11:41:45,365 INFO ConnectionMetrics, totalCount = 0, detail = {long_connection=0, long_polling=0}

2026-10-02 11:41:47,709 INFO Connection check task start

2026-10-02 11:41:47,710 INFO Long connection metrics detail ,Total count =0, sdkCount=0,clusterCount=0

2026-10-02 11:41:47,711 INFO Out dated connection ,size=0

2026-10-02 11:41:47,712 INFO Connection check task end

2026-10-02 11:41:48,366 INFO ConnectionMetrics, totalCount = 0, detail = {long_connection=0, long_polling=0}

2026-10-02 11:41:50,713 INFO Connection check task start

2026-10-02 11:41:50,714 INFO Long connection metrics detail ,Total count =0, sdkCount=0,clusterCount=0

2026-10-02 11:41:50,715 INFO Out dated connection ,size=0

2026-10-02 11:41:50,716 INFO Connection check task end

2026-10-02 11:41:51,368 INFO ConnectionMetrics, totalCount = 0, detail = {long_connection=0, long_polling=0}

2026-10-02 11:41:53,719 INFO Connection check task start

2026-10-02 11:41:53,722 INFO Long connection metrics detail ,Total count =0, sdkCount=0,clusterCount=0

2026-10-02 11:41:53,724 INFO Out dated connection ,size=0

2026-10-02 11:41:53,725 INFO Connection check task end

2026-10-02 11:41:54,369 INFO ConnectionMetrics, totalCount = 0, detail = {long_connection=0, long_polling=0}

2026-10-02 11:41:56,726 INFO Connection check task start

2026-10-02 11:41:56,727 INFO Long connection metrics detail ,Total count =0, sdkCount=0,clusterCount=0

2026-10-02 11:41:56,728 INFO Out dated connection ,size=0

2026-10-02 11:41:56,729 INFO Connection check task end

2026-10-02 11:41:57,370 INFO ConnectionMetrics, totalCount = 0, detail = {long_connection=0, long_polling=0}

2026-10-02 11:41:59,728 INFO Connection check task start

2026-10-02 11:41:59,729 INFO Long connection metrics detail ,Total count =0, sdkCount=0,clusterCount=0

2026-10-02 11:41:59,731 INFO Out dated connection ,size=0

2026-10-02 11:41:59,732 INFO Connection check task end

2026-10-02 11:42:00,372 INFO ConnectionMetrics, totalCount = 0, detail = {long_connection=0, long_polling=0}

2026-10-02 11:42:02,733 INFO Connection check task start

2026-10-02 11:42:02,734 INFO Long connection metrics detail ,Total count =0, sdkCount=0,clusterCount=0

2026-10-02 11:42:02,735 INFO Out dated connection ,size=0

2026-10-02 11:42:02,736 INFO Connection check task end

2026-10-02 11:42:03,374 INFO ConnectionMetrics, totalCount = 0, detail = {long_connection=0, long_polling=0}

2026-10-02 11:42:05,738 INFO Connection check task start

2026-10-02 11:42:05,739 INFO Long connection metrics detail ,Total count =0, sdkCount=0,clusterCount=0

2026-10-02 11:42:05,740 INFO Out dated connection ,size=0

2026-10-02 11:42:05,742 INFO Connection check task end

2026-10-02 11:42:06,375 INFO ConnectionMetrics, totalCount = 0, detail = {long_connection=0, long_polling=0}

2026-10-02 11:42:08,743 INFO Connection check task start

2026-10-02 11:42:08,744 INFO Long connection metrics detail ,Total count =0, sdkCount=0,clusterCount=0

2026-10-02 11:42:08,744 INFO Out dated connection ,size=0

2026-10-02 11:42:08,745 INFO Connection check task end

2026-10-02 11:42:09,379 INFO ConnectionMetrics, totalCount = 0, detail = {long_connection=0, long_polling=0}

2026-10-02 11:42:11,746 INFO Connection check task start

2026-10-02 11:42:11,747 INFO Long connection metrics detail ,Total count =0, sdkCount=0,clusterCount=0

2026-10-02 11:42:11,747 INFO Out dated connection ,size=0

2026-10-02 11:42:11,748 INFO Connection check task end

2026-10-02 11:42:12,380 INFO ConnectionMetrics, totalCount = 0, detail = {long_connection=0, long_polling=0}

2026-10-02 11:42:14,749 INFO Connection check task start

2026-10-02 11:42:14,749 INFO Long connection metrics detail ,Total count =0, sdkCount=0,clusterCount=0

2026-10-02 11:42:14,750 INFO Out dated connection ,size=0

2026-10-02 11:42:14,751 INFO Connection check task end

2026-10-02 11:42:15,381 INFO ConnectionMetrics, totalCount = 0, detail = {long_connection=0, long_polling=0}

2026-10-02 11:42:17,752 INFO Connection check task start

2026-10-02 11:42:17,753 INFO Long connection metrics detail ,Total count =0, sdkCount=0,clusterCount=0

2026-10-02 11:42:17,754 INFO Out dated connection ,size=0

2026-10-02 11:42:17,754 INFO Connection check task end

2026-10-02 11:42:18,383 INFO ConnectionMetrics, totalCount = 0, detail = {long_connection=0, long_polling=0}

2026-10-02 11:42:20,755 INFO Connection check task start

2026-10-02 11:42:20,757 INFO Long connection metrics detail ,Total count =0, sdkCount=0,clusterCount=0

2026-10-02 11:42:20,758 INFO Out dated connection ,size=0

2026-10-02 11:42:20,759 INFO Connection check task end

2026-10-02 11:42:21,385 INFO ConnectionMetrics, totalCount = 0, detail = {long_connection=0, long_polling=0}

2026-10-02 11:42:23,760 INFO Connection check task start

2026-10-02 11:42:23,761 INFO Long connection metrics detail ,Total count =0, sdkCount=0,clusterCount=0

2026-10-02 11:42:23,762 INFO Out dated connection ,size=0

2026-10-02 11:42:23,762 INFO Connection check task end

