2026-10-02 10:09:45,504 INFO Connection transportReady,connectionId = 1790906985503_172.21.0.1_58468 

2026-10-02 10:09:45,612 INFO Connection transportTerminated,connectionId = 1790906985503_172.21.0.1_58468 

2026-10-02 10:09:45,617 INFO Connection transportReady,connectionId = 1790906985617_172.21.0.1_58474 

2026-10-02 10:09:45,629 INFO Connection transportTerminated,connectionId = 1790906985617_172.21.0.1_58474 

2026-10-02 10:09:45,635 INFO Connection transportReady,connectionId = 1790906985635_172.21.0.1_58490 

2026-10-02 10:09:45,648 INFO Connection transportTerminated,connectionId = 1790906985635_172.21.0.1_58490 

2026-10-02 10:09:45,654 INFO Connection transportReady,connectionId = 1790906985654_172.21.0.1_58492 

2026-10-02 10:09:45,667 INFO Connection transportTerminated,connectionId = 1790906985654_172.21.0.1_58492 

2026-10-02 10:09:45,676 INFO Connection transportReady,connectionId = 1790906985676_172.21.0.1_58496 

2026-10-02 10:09:45,687 INFO Connection transportTerminated,connectionId = 1790906985676_172.21.0.1_58496 

2026-10-02 10:09:45,792 INFO Connection transportReady,connectionId = 1790906985792_172.21.0.1_58508 

2026-10-02 10:09:45,803 INFO Connection transportTerminated,connectionId = 1790906985792_172.21.0.1_58508 

2026-10-02 10:09:46,009 INFO Connection transportReady,connectionId = 1790906986009_172.21.0.1_58524 

2026-10-02 10:09:46,481 INFO Connection transportTerminated,connectionId = 1790906986009_172.21.0.1_58524 

2026-10-02 10:09:46,484 INFO [1790906986009_172.21.0.1_58524]client disconnected,clear config listen context

2026-10-02 10:10:18,403 INFO Connection transportReady,connectionId = 1790907018403_172.21.0.1_46600 

2026-10-02 10:10:29,815 INFO Connection transportTerminated,connectionId = 1790907018403_172.21.0.1_46600 

2026-10-02 10:10:29,816 WARN [1790907018403_172.21.0.1_46600] connection  close bi stream exception  : {}

java.lang.IllegalStateException: call already closed
	at com.google.common.base.Preconditions.checkState(Preconditions.java:513)
	at io.grpc.internal.ServerCallImpl.closeInternal(ServerCallImpl.java:218)
	at io.grpc.internal.ServerCallImpl.close(ServerCallImpl.java:213)
	at io.grpc.stub.ServerCalls$ServerCallStreamObserverImpl.onCompleted(ServerCalls.java:396)
	at com.alibaba.nacos.core.remote.grpc.GrpcConnection.closeBiStream(GrpcConnection.java:221)
	at com.alibaba.nacos.core.remote.grpc.GrpcConnection.close(GrpcConnection.java:204)
	at com.alibaba.nacos.core.remote.ConnectionManager.unregister(ConnectionManager.java:164)
	at com.alibaba.nacos.core.remote.grpc.AddressTransportFilter.transportTerminated(AddressTransportFilter.java:78)
	at io.grpc.internal.ServerImpl$ServerTransportListenerImpl.transportTerminated(ServerImpl.java:456)
	at io.grpc.netty.shaded.io.grpc.netty.NettyServerTransport.notifyTerminated(NettyServerTransport.java:216)
	at io.grpc.netty.shaded.io.grpc.netty.NettyServerTransport.access$100(NettyServerTransport.java:51)
	at io.grpc.netty.shaded.io.grpc.netty.NettyServerTransport$1TerminationNotifier.operationComplete(NettyServerTransport.java:150)
	at io.grpc.netty.shaded.io.grpc.netty.NettyServerTransport$1TerminationNotifier.operationComplete(NettyServerTransport.java:143)
	at io.grpc.netty.shaded.io.netty.util.concurrent.DefaultPromise.notifyListener0(DefaultPromise.java:603)
	at io.grpc.netty.shaded.io.netty.util.concurrent.DefaultPromise.notifyListeners0(DefaultPromise.java:596)
	at io.grpc.netty.shaded.io.netty.util.concurrent.DefaultPromise.notifyListenersNow(DefaultPromise.java:572)
	at io.grpc.netty.shaded.io.netty.util.concurrent.DefaultPromise.notifyListeners(DefaultPromise.java:505)
	at io.grpc.netty.shaded.io.netty.util.concurrent.DefaultPromise.setValue0(DefaultPromise.java:649)
	at io.grpc.netty.shaded.io.netty.util.concurrent.DefaultPromise.setSuccess0(DefaultPromise.java:638)
	at io.grpc.netty.shaded.io.netty.util.concurrent.DefaultPromise.trySuccess(DefaultPromise.java:118)
	at io.grpc.netty.shaded.io.netty.channel.DefaultChannelPromise.trySuccess(DefaultChannelPromise.java:84)
	at io.grpc.netty.shaded.io.netty.channel.AbstractChannel$CloseFuture.setClosed(AbstractChannel.java:1161)
	at io.grpc.netty.shaded.io.netty.channel.AbstractChannel$AbstractUnsafe.doClose0(AbstractChannel.java:753)
	at io.grpc.netty.shaded.io.netty.channel.AbstractChannel$AbstractUnsafe.close(AbstractChannel.java:729)
	at io.grpc.netty.shaded.io.netty.channel.AbstractChannel$AbstractUnsafe.close(AbstractChannel.java:619)
	at io.grpc.netty.shaded.io.netty.channel.epoll.AbstractEpollChannel$AbstractEpollUnsafe.shutdownInput(AbstractEpollChannel.java:522)
	at io.grpc.netty.shaded.io.netty.channel.epoll.AbstractEpollStreamChannel$EpollStreamUnsafe.epollInReady(AbstractEpollStreamChannel.java:822)
	at io.grpc.netty.shaded.io.netty.channel.epoll.EpollEventLoop.processReady(EpollEventLoop.java:501)
	at io.grpc.netty.shaded.io.netty.channel.epoll.EpollEventLoop.run(EpollEventLoop.java:399)
	at io.grpc.netty.shaded.io.netty.util.concurrent.SingleThreadEventExecutor$4.run(SingleThreadEventExecutor.java:998)
	at io.grpc.netty.shaded.io.netty.util.internal.ThreadExecutorMap$2.run(ThreadExecutorMap.java:74)
	at io.grpc.netty.shaded.io.netty.util.concurrent.FastThreadLocalRunnable.run(FastThreadLocalRunnable.java:30)
	at java.base/java.lang.Thread.run(Thread.java:840)
2026-10-02 10:10:29,818 INFO [1790907018403_172.21.0.1_46600]client disconnected,clear config listen context

2026-10-02 10:56:57,005 INFO Connection transportReady,connectionId = 1790909817005_172.21.0.1_50884 

2026-10-02 10:57:15,725 INFO Connection transportTerminated,connectionId = 1790909817005_172.21.0.1_50884 

2026-10-02 10:57:15,725 WARN [1790909817005_172.21.0.1_50884] connection  close bi stream exception  : {}

java.lang.IllegalStateException: call already closed
	at com.google.common.base.Preconditions.checkState(Preconditions.java:513)
	at io.grpc.internal.ServerCallImpl.closeInternal(ServerCallImpl.java:218)
	at io.grpc.internal.ServerCallImpl.close(ServerCallImpl.java:213)
	at io.grpc.stub.ServerCalls$ServerCallStreamObserverImpl.onCompleted(ServerCalls.java:396)
	at com.alibaba.nacos.core.remote.grpc.GrpcConnection.closeBiStream(GrpcConnection.java:221)
	at com.alibaba.nacos.core.remote.grpc.GrpcConnection.close(GrpcConnection.java:204)
	at com.alibaba.nacos.core.remote.ConnectionManager.unregister(ConnectionManager.java:164)
	at com.alibaba.nacos.core.remote.grpc.AddressTransportFilter.transportTerminated(AddressTransportFilter.java:78)
	at io.grpc.internal.ServerImpl$ServerTransportListenerImpl.transportTerminated(ServerImpl.java:456)
	at io.grpc.netty.shaded.io.grpc.netty.NettyServerTransport.notifyTerminated(NettyServerTransport.java:216)
	at io.grpc.netty.shaded.io.grpc.netty.NettyServerTransport.access$100(NettyServerTransport.java:51)
	at io.grpc.netty.shaded.io.grpc.netty.NettyServerTransport$1TerminationNotifier.operationComplete(NettyServerTransport.java:150)
	at io.grpc.netty.shaded.io.grpc.netty.NettyServerTransport$1TerminationNotifier.operationComplete(NettyServerTransport.java:143)
	at io.grpc.netty.shaded.io.netty.util.concurrent.DefaultPromise.notifyListener0(DefaultPromise.java:603)
	at io.grpc.netty.shaded.io.netty.util.concurrent.DefaultPromise.notifyListeners0(DefaultPromise.java:596)
	at io.grpc.netty.shaded.io.netty.util.concurrent.DefaultPromise.notifyListenersNow(DefaultPromise.java:572)
	at io.grpc.netty.shaded.io.netty.util.concurrent.DefaultPromise.notifyListeners(DefaultPromise.java:505)
	at io.grpc.netty.shaded.io.netty.util.concurrent.DefaultPromise.setValue0(DefaultPromise.java:649)
	at io.grpc.netty.shaded.io.netty.util.concurrent.DefaultPromise.setSuccess0(DefaultPromise.java:638)
	at io.grpc.netty.shaded.io.netty.util.concurrent.DefaultPromise.trySuccess(DefaultPromise.java:118)
	at io.grpc.netty.shaded.io.netty.channel.DefaultChannelPromise.trySuccess(DefaultChannelPromise.java:84)
	at io.grpc.netty.shaded.io.netty.channel.AbstractChannel$CloseFuture.setClosed(AbstractChannel.java:1161)
	at io.grpc.netty.shaded.io.netty.channel.AbstractChannel$AbstractUnsafe.doClose0(AbstractChannel.java:753)
	at io.grpc.netty.shaded.io.netty.channel.AbstractChannel$AbstractUnsafe.close(AbstractChannel.java:729)
	at io.grpc.netty.shaded.io.netty.channel.AbstractChannel$AbstractUnsafe.close(AbstractChannel.java:619)
	at io.grpc.netty.shaded.io.netty.channel.epoll.AbstractEpollChannel$AbstractEpollUnsafe.shutdownInput(AbstractEpollChannel.java:522)
	at io.grpc.netty.shaded.io.netty.channel.epoll.AbstractEpollStreamChannel$EpollStreamUnsafe.epollInReady(AbstractEpollStreamChannel.java:822)
	at io.grpc.netty.shaded.io.netty.channel.epoll.EpollEventLoop.processReady(EpollEventLoop.java:501)
	at io.grpc.netty.shaded.io.netty.channel.epoll.EpollEventLoop.run(EpollEventLoop.java:399)
	at io.grpc.netty.shaded.io.netty.util.concurrent.SingleThreadEventExecutor$4.run(SingleThreadEventExecutor.java:998)
	at io.grpc.netty.shaded.io.netty.util.internal.ThreadExecutorMap$2.run(ThreadExecutorMap.java:74)
	at io.grpc.netty.shaded.io.netty.util.concurrent.FastThreadLocalRunnable.run(FastThreadLocalRunnable.java:30)
	at java.base/java.lang.Thread.run(Thread.java:840)
2026-10-02 10:57:15,728 INFO [1790909817005_172.21.0.1_50884]client disconnected,clear config listen context

2026-10-02 10:58:12,332 INFO Connection transportReady,connectionId = 1790909892331_172.21.0.1_48414 

2026-10-02 10:58:14,830 INFO Connection transportReady,connectionId = 1790909894830_172.21.0.1_48416 

2026-10-02 10:58:16,578 INFO Connection transportReady,connectionId = 1790909896578_172.21.0.1_48424 

2026-10-02 10:58:22,071 INFO Connection transportReady,connectionId = 1790909902071_172.21.0.1_50418 

2026-10-02 10:58:23,941 INFO Connection transportReady,connectionId = 1790909903941_172.21.0.1_50420 

2026-10-02 10:58:25,612 INFO Connection transportReady,connectionId = 1790909905612_172.21.0.1_50432 

2026-10-02 10:58:27,560 INFO Connection transportReady,connectionId = 1790909907560_172.21.0.1_52356 

2026-10-02 10:58:29,395 INFO Connection transportReady,connectionId = 1790909909395_172.21.0.1_52362 

2026-10-02 10:58:31,048 INFO Connection transportReady,connectionId = 1790909911048_172.21.0.1_52378 

2026-10-02 10:58:32,479 INFO Connection transportReady,connectionId = 1790909912479_172.21.0.1_52390 

2026-10-02 10:58:33,718 INFO Connection transportReady,connectionId = 1790909913718_172.21.0.1_52392 

2026-10-02 10:58:34,877 INFO Connection transportReady,connectionId = 1790909914876_172.21.0.1_52394 

2026-10-02 11:00:17,858 INFO Connection transportTerminated,connectionId = 1790909913718_172.21.0.1_52392 

2026-10-02 11:00:17,865 INFO Connection transportTerminated,connectionId = 1790909896578_172.21.0.1_48424 

2026-10-02 11:00:17,865 WARN [1790909913718_172.21.0.1_52392] connection  close bi stream exception  : {}

java.lang.IllegalStateException: call already closed
	at com.google.common.base.Preconditions.checkState(Preconditions.java:513)
	at io.grpc.internal.ServerCallImpl.closeInternal(ServerCallImpl.java:218)
	at io.grpc.internal.ServerCallImpl.close(ServerCallImpl.java:213)
	at io.grpc.stub.ServerCalls$ServerCallStreamObserverImpl.onCompleted(ServerCalls.java:396)
	at com.alibaba.nacos.core.remote.grpc.GrpcConnection.closeBiStream(GrpcConnection.java:221)
	at com.alibaba.nacos.core.remote.grpc.GrpcConnection.close(GrpcConnection.java:204)
	at com.alibaba.nacos.core.remote.ConnectionManager.unregister(ConnectionManager.java:164)
	at com.alibaba.nacos.core.remote.grpc.AddressTransportFilter.transportTerminated(AddressTransportFilter.java:78)
	at io.grpc.internal.ServerImpl$ServerTransportListenerImpl.transportTerminated(ServerImpl.java:456)
	at io.grpc.netty.shaded.io.grpc.netty.NettyServerTransport.notifyTerminated(NettyServerTransport.java:216)
	at io.grpc.netty.shaded.io.grpc.netty.NettyServerTransport.access$100(NettyServerTransport.java:51)
	at io.grpc.netty.shaded.io.grpc.netty.NettyServerTransport$1TerminationNotifier.operationComplete(NettyServerTransport.java:150)
	at io.grpc.netty.shaded.io.grpc.netty.NettyServerTransport$1TerminationNotifier.operationComplete(NettyServerTransport.java:143)
	at io.grpc.netty.shaded.io.netty.util.concurrent.DefaultPromise.notifyListener0(DefaultPromise.java:603)
	at io.grpc.netty.shaded.io.netty.util.concurrent.DefaultPromise.notifyListeners0(DefaultPromise.java:596)
	at io.grpc.netty.shaded.io.netty.util.concurrent.DefaultPromise.notifyListenersNow(DefaultPromise.java:572)
	at io.grpc.netty.shaded.io.netty.util.concurrent.DefaultPromise.notifyListeners(DefaultPromise.java:505)
	at io.grpc.netty.shaded.io.netty.util.concurrent.DefaultPromise.setValue0(DefaultPromise.java:649)
	at io.grpc.netty.shaded.io.netty.util.concurrent.DefaultPromise.setSuccess0(DefaultPromise.java:638)
	at io.grpc.netty.shaded.io.netty.util.concurrent.DefaultPromise.trySuccess(DefaultPromise.java:118)
	at io.grpc.netty.shaded.io.netty.channel.DefaultChannelPromise.trySuccess(DefaultChannelPromise.java:84)
	at io.grpc.netty.shaded.io.netty.channel.AbstractChannel$CloseFuture.setClosed(AbstractChannel.java:1161)
	at io.grpc.netty.shaded.io.netty.channel.AbstractChannel$AbstractUnsafe.doClose0(AbstractChannel.java:753)
	at io.grpc.netty.shaded.io.netty.channel.AbstractChannel$AbstractUnsafe.close(AbstractChannel.java:729)
	at io.grpc.netty.shaded.io.netty.channel.AbstractChannel$AbstractUnsafe.close(AbstractChannel.java:619)
	at io.grpc.netty.shaded.io.netty.channel.epoll.AbstractEpollChannel$AbstractEpollUnsafe.shutdownInput(AbstractEpollChannel.java:522)
	at io.grpc.netty.shaded.io.netty.channel.epoll.AbstractEpollStreamChannel$EpollStreamUnsafe.epollInReady(AbstractEpollStreamChannel.java:822)
	at io.grpc.netty.shaded.io.netty.channel.epoll.EpollEventLoop.processReady(EpollEventLoop.java:501)
	at io.grpc.netty.shaded.io.netty.channel.epoll.EpollEventLoop.run(EpollEventLoop.java:399)
	at io.grpc.netty.shaded.io.netty.util.concurrent.SingleThreadEventExecutor$4.run(SingleThreadEventExecutor.java:998)
	at io.grpc.netty.shaded.io.netty.util.internal.ThreadExecutorMap$2.run(ThreadExecutorMap.java:74)
	at io.grpc.netty.shaded.io.netty.util.concurrent.FastThreadLocalRunnable.run(FastThreadLocalRunnable.java:30)
	at java.base/java.lang.Thread.run(Thread.java:840)
2026-10-02 11:00:17,877 INFO Connection transportTerminated,connectionId = 1790909914876_172.21.0.1_52394 

2026-10-02 11:00:17,881 INFO [1790909913718_172.21.0.1_52392]client disconnected,clear config listen context

2026-10-02 11:00:17,884 INFO Connection transportTerminated,connectionId = 1790909912479_172.21.0.1_52390 

2026-10-02 11:00:17,890 WARN [1790909914876_172.21.0.1_52394] connection  close bi stream exception  : {}

java.lang.IllegalStateException: call already closed
	at com.google.common.base.Preconditions.checkState(Preconditions.java:513)
	at io.grpc.internal.ServerCallImpl.closeInternal(ServerCallImpl.java:218)
	at io.grpc.internal.ServerCallImpl.close(ServerCallImpl.java:213)
	at io.grpc.stub.ServerCalls$ServerCallStreamObserverImpl.onCompleted(ServerCalls.java:396)
	at com.alibaba.nacos.core.remote.grpc.GrpcConnection.closeBiStream(GrpcConnection.java:221)
	at com.alibaba.nacos.core.remote.grpc.GrpcConnection.close(GrpcConnection.java:204)
	at com.alibaba.nacos.core.remote.ConnectionManager.unregister(ConnectionManager.java:164)
	at com.alibaba.nacos.core.remote.grpc.AddressTransportFilter.transportTerminated(AddressTransportFilter.java:78)
	at io.grpc.internal.ServerImpl$ServerTransportListenerImpl.transportTerminated(ServerImpl.java:456)
	at io.grpc.netty.shaded.io.grpc.netty.NettyServerTransport.notifyTerminated(NettyServerTransport.java:216)
	at io.grpc.netty.shaded.io.grpc.netty.NettyServerTransport.access$100(NettyServerTransport.java:51)
	at io.grpc.netty.shaded.io.grpc.netty.NettyServerTransport$1TerminationNotifier.operationComplete(NettyServerTransport.java:150)
	at io.grpc.netty.shaded.io.grpc.netty.NettyServerTransport$1TerminationNotifier.operationComplete(NettyServerTransport.java:143)
	at io.grpc.netty.shaded.io.netty.util.concurrent.DefaultPromise.notifyListener0(DefaultPromise.java:603)
	at io.grpc.netty.shaded.io.netty.util.concurrent.DefaultPromise.notifyListeners0(DefaultPromise.java:596)
	at io.grpc.netty.shaded.io.netty.util.concurrent.DefaultPromise.notifyListenersNow(DefaultPromise.java:572)
	at io.grpc.netty.shaded.io.netty.util.concurrent.DefaultPromise.notifyListeners(DefaultPromise.java:505)
	at io.grpc.netty.shaded.io.netty.util.concurrent.DefaultPromise.setValue0(DefaultPromise.java:649)
	at io.grpc.netty.shaded.io.netty.util.concurrent.DefaultPromise.setSuccess0(DefaultPromise.java:638)
	at io.grpc.netty.shaded.io.netty.util.concurrent.DefaultPromise.trySuccess(DefaultPromise.java:118)
	at io.grpc.netty.shaded.io.netty.channel.DefaultChannelPromise.trySuccess(DefaultChannelPromise.java:84)
	at io.grpc.netty.shaded.io.netty.channel.AbstractChannel$CloseFuture.setClosed(AbstractChannel.java:1161)
	at io.grpc.netty.shaded.io.netty.channel.AbstractChannel$AbstractUnsafe.doClose0(AbstractChannel.java:753)
	at io.grpc.netty.shaded.io.netty.channel.AbstractChannel$AbstractUnsafe.close(AbstractChannel.java:729)
	at io.grpc.netty.shaded.io.netty.channel.AbstractChannel$AbstractUnsafe.close(AbstractChannel.java:619)
	at io.grpc.netty.shaded.io.netty.channel.epoll.AbstractEpollChannel$AbstractEpollUnsafe.shutdownInput(AbstractEpollChannel.java:522)
	at io.grpc.netty.shaded.io.netty.channel.epoll.AbstractEpollStreamChannel$EpollStreamUnsafe.epollInReady(AbstractEpollStreamChannel.java:822)
	at io.grpc.netty.shaded.io.netty.channel.epoll.EpollEventLoop.processReady(EpollEventLoop.java:501)
	at io.grpc.netty.shaded.io.netty.channel.epoll.EpollEventLoop.run(EpollEventLoop.java:399)
	at io.grpc.netty.shaded.io.netty.util.concurrent.SingleThreadEventExecutor$4.run(SingleThreadEventExecutor.java:998)
	at io.grpc.netty.shaded.io.netty.util.internal.ThreadExecutorMap$2.run(ThreadExecutorMap.java:74)
	at io.grpc.netty.shaded.io.netty.util.concurrent.FastThreadLocalRunnable.run(FastThreadLocalRunnable.java:30)
	at java.base/java.lang.Thread.run(Thread.java:840)
2026-10-02 11:00:17,895 INFO Connection transportTerminated,connectionId = 1790909909395_172.21.0.1_52362 

2026-10-02 11:00:17,898 INFO [1790909914876_172.21.0.1_52394]client disconnected,clear config listen context

2026-10-02 11:00:17,900 WARN [1790909896578_172.21.0.1_48424] connection  close bi stream exception  : {}

java.lang.IllegalStateException: call already closed
	at com.google.common.base.Preconditions.checkState(Preconditions.java:513)
	at io.grpc.internal.ServerCallImpl.closeInternal(ServerCallImpl.java:218)
	at io.grpc.internal.ServerCallImpl.close(ServerCallImpl.java:213)
	at io.grpc.stub.ServerCalls$ServerCallStreamObserverImpl.onCompleted(ServerCalls.java:396)
	at com.alibaba.nacos.core.remote.grpc.GrpcConnection.closeBiStream(GrpcConnection.java:221)
	at com.alibaba.nacos.core.remote.grpc.GrpcConnection.close(GrpcConnection.java:204)
	at com.alibaba.nacos.core.remote.ConnectionManager.unregister(ConnectionManager.java:164)
	at com.alibaba.nacos.core.remote.grpc.AddressTransportFilter.transportTerminated(AddressTransportFilter.java:78)
	at io.grpc.internal.ServerImpl$ServerTransportListenerImpl.transportTerminated(ServerImpl.java:456)
	at io.grpc.netty.shaded.io.grpc.netty.NettyServerTransport.notifyTerminated(NettyServerTransport.java:216)
	at io.grpc.netty.shaded.io.grpc.netty.NettyServerTransport.access$100(NettyServerTransport.java:51)
	at io.grpc.netty.shaded.io.grpc.netty.NettyServerTransport$1TerminationNotifier.operationComplete(NettyServerTransport.java:150)
	at io.grpc.netty.shaded.io.grpc.netty.NettyServerTransport$1TerminationNotifier.operationComplete(NettyServerTransport.java:143)
	at io.grpc.netty.shaded.io.netty.util.concurrent.DefaultPromise.notifyListener0(DefaultPromise.java:603)
	at io.grpc.netty.shaded.io.netty.util.concurrent.DefaultPromise.notifyListeners0(DefaultPromise.java:596)
	at io.grpc.netty.shaded.io.netty.util.concurrent.DefaultPromise.notifyListenersNow(DefaultPromise.java:572)
	at io.grpc.netty.shaded.io.netty.util.concurrent.DefaultPromise.notifyListeners(DefaultPromise.java:505)
	at io.grpc.netty.shaded.io.netty.util.concurrent.DefaultPromise.setValue0(DefaultPromise.java:649)
	at io.grpc.netty.shaded.io.netty.util.concurrent.DefaultPromise.setSuccess0(DefaultPromise.java:638)
	at io.grpc.netty.shaded.io.netty.util.concurrent.DefaultPromise.trySuccess(DefaultPromise.java:118)
	at io.grpc.netty.shaded.io.netty.channel.DefaultChannelPromise.trySuccess(DefaultChannelPromise.java:84)
	at io.grpc.netty.shaded.io.netty.channel.AbstractChannel$CloseFuture.setClosed(AbstractChannel.java:1161)
	at io.grpc.netty.shaded.io.netty.channel.AbstractChannel$AbstractUnsafe.doClose0(AbstractChannel.java:753)
	at io.grpc.netty.shaded.io.netty.channel.AbstractChannel$AbstractUnsafe.close(AbstractChannel.java:729)
	at io.grpc.netty.shaded.io.netty.channel.AbstractChannel$AbstractUnsafe.close(AbstractChannel.java:619)
	at io.grpc.netty.shaded.io.netty.channel.epoll.AbstractEpollChannel$AbstractEpollUnsafe.shutdownInput(AbstractEpollChannel.java:522)
	at io.grpc.netty.shaded.io.netty.channel.epoll.AbstractEpollStreamChannel$EpollStreamUnsafe.epollInReady(AbstractEpollStreamChannel.java:822)
	at io.grpc.netty.shaded.io.netty.channel.epoll.EpollEventLoop.processReady(EpollEventLoop.java:501)
	at io.grpc.netty.shaded.io.netty.channel.epoll.EpollEventLoop.run(EpollEventLoop.java:399)
	at io.grpc.netty.shaded.io.netty.util.concurrent.SingleThreadEventExecutor$4.run(SingleThreadEventExecutor.java:998)
	at io.grpc.netty.shaded.io.netty.util.internal.ThreadExecutorMap$2.run(ThreadExecutorMap.java:74)
	at io.grpc.netty.shaded.io.netty.util.concurrent.FastThreadLocalRunnable.run(FastThreadLocalRunnable.java:30)
	at java.base/java.lang.Thread.run(Thread.java:840)
2026-10-02 11:00:17,902 INFO Connection transportTerminated,connectionId = 1790909911048_172.21.0.1_52378 

2026-10-02 11:00:17,904 INFO [1790909896578_172.21.0.1_48424]client disconnected,clear config listen context

2026-10-02 11:00:17,905 WARN [1790909911048_172.21.0.1_52378] connection  close bi stream exception  : {}

java.lang.IllegalStateException: call already closed
	at com.google.common.base.Preconditions.checkState(Preconditions.java:513)
	at io.grpc.internal.ServerCallImpl.closeInternal(ServerCallImpl.java:218)
	at io.grpc.internal.ServerCallImpl.close(ServerCallImpl.java:213)
	at io.grpc.stub.ServerCalls$ServerCallStreamObserverImpl.onCompleted(ServerCalls.java:396)
	at com.alibaba.nacos.core.remote.grpc.GrpcConnection.closeBiStream(GrpcConnection.java:221)
	at com.alibaba.nacos.core.remote.grpc.GrpcConnection.close(GrpcConnection.java:204)
	at com.alibaba.nacos.core.remote.ConnectionManager.unregister(ConnectionManager.java:164)
	at com.alibaba.nacos.core.remote.grpc.AddressTransportFilter.transportTerminated(AddressTransportFilter.java:78)
	at io.grpc.internal.ServerImpl$ServerTransportListenerImpl.transportTerminated(ServerImpl.java:456)
	at io.grpc.netty.shaded.io.grpc.netty.NettyServerTransport.notifyTerminated(NettyServerTransport.java:216)
	at io.grpc.netty.shaded.io.grpc.netty.NettyServerTransport.access$100(NettyServerTransport.java:51)
	at io.grpc.netty.shaded.io.grpc.netty.NettyServerTransport$1TerminationNotifier.operationComplete(NettyServerTransport.java:150)
	at io.grpc.netty.shaded.io.grpc.netty.NettyServerTransport$1TerminationNotifier.operationComplete(NettyServerTransport.java:143)
	at io.grpc.netty.shaded.io.netty.util.concurrent.DefaultPromise.notifyListener0(DefaultPromise.java:603)
	at io.grpc.netty.shaded.io.netty.util.concurrent.DefaultPromise.notifyListeners0(DefaultPromise.java:596)
	at io.grpc.netty.shaded.io.netty.util.concurrent.DefaultPromise.notifyListenersNow(DefaultPromise.java:572)
	at io.grpc.netty.shaded.io.netty.util.concurrent.DefaultPromise.notifyListeners(DefaultPromise.java:505)
	at io.grpc.netty.shaded.io.netty.util.concurrent.DefaultPromise.setValue0(DefaultPromise.java:649)
	at io.grpc.netty.shaded.io.netty.util.concurrent.DefaultPromise.setSuccess0(DefaultPromise.java:638)
	at io.grpc.netty.shaded.io.netty.util.concurrent.DefaultPromise.trySuccess(DefaultPromise.java:118)
	at io.grpc.netty.shaded.io.netty.channel.DefaultChannelPromise.trySuccess(DefaultChannelPromise.java:84)
	at io.grpc.netty.shaded.io.netty.channel.AbstractChannel$CloseFuture.setClosed(AbstractChannel.java:1161)
	at io.grpc.netty.shaded.io.netty.channel.AbstractChannel$AbstractUnsafe.doClose0(AbstractChannel.java:753)
	at io.grpc.netty.shaded.io.netty.channel.AbstractChannel$AbstractUnsafe.close(AbstractChannel.java:729)
	at io.grpc.netty.shaded.io.netty.channel.AbstractChannel$AbstractUnsafe.close(AbstractChannel.java:619)
	at io.grpc.netty.shaded.io.netty.channel.epoll.AbstractEpollChannel$AbstractEpollUnsafe.shutdownInput(AbstractEpollChannel.java:522)
	at io.grpc.netty.shaded.io.netty.channel.epoll.AbstractEpollStreamChannel$EpollStreamUnsafe.epollInReady(AbstractEpollStreamChannel.java:822)
	at io.grpc.netty.shaded.io.netty.channel.epoll.EpollEventLoop.processReady(EpollEventLoop.java:501)
	at io.grpc.netty.shaded.io.netty.channel.epoll.EpollEventLoop.run(EpollEventLoop.java:399)
	at io.grpc.netty.shaded.io.netty.util.concurrent.SingleThreadEventExecutor$4.run(SingleThreadEventExecutor.java:998)
	at io.grpc.netty.shaded.io.netty.util.internal.ThreadExecutorMap$2.run(ThreadExecutorMap.java:74)
	at io.grpc.netty.shaded.io.netty.util.concurrent.FastThreadLocalRunnable.run(FastThreadLocalRunnable.java:30)
	at java.base/java.lang.Thread.run(Thread.java:840)
2026-10-02 11:00:17,907 INFO Connection transportTerminated,connectionId = 1790909907560_172.21.0.1_52356 

2026-10-02 11:00:17,908 INFO Connection transportTerminated,connectionId = 1790909903941_172.21.0.1_50420 

2026-10-02 11:00:17,910 INFO [1790909911048_172.21.0.1_52378]client disconnected,clear config listen context

2026-10-02 11:00:17,912 WARN [1790909909395_172.21.0.1_52362] connection  close bi stream exception  : {}

java.lang.IllegalStateException: call already closed
	at com.google.common.base.Preconditions.checkState(Preconditions.java:513)
	at io.grpc.internal.ServerCallImpl.closeInternal(ServerCallImpl.java:218)
	at io.grpc.internal.ServerCallImpl.close(ServerCallImpl.java:213)
	at io.grpc.stub.ServerCalls$ServerCallStreamObserverImpl.onCompleted(ServerCalls.java:396)
	at com.alibaba.nacos.core.remote.grpc.GrpcConnection.closeBiStream(GrpcConnection.java:221)
	at com.alibaba.nacos.core.remote.grpc.GrpcConnection.close(GrpcConnection.java:204)
	at com.alibaba.nacos.core.remote.ConnectionManager.unregister(ConnectionManager.java:164)
	at com.alibaba.nacos.core.remote.grpc.AddressTransportFilter.transportTerminated(AddressTransportFilter.java:78)
	at io.grpc.internal.ServerImpl$ServerTransportListenerImpl.transportTerminated(ServerImpl.java:456)
	at io.grpc.netty.shaded.io.grpc.netty.NettyServerTransport.notifyTerminated(NettyServerTransport.java:216)
	at io.grpc.netty.shaded.io.grpc.netty.NettyServerTransport.access$100(NettyServerTransport.java:51)
	at io.grpc.netty.shaded.io.grpc.netty.NettyServerTransport$1TerminationNotifier.operationComplete(NettyServerTransport.java:150)
	at io.grpc.netty.shaded.io.grpc.netty.NettyServerTransport$1TerminationNotifier.operationComplete(NettyServerTransport.java:143)
	at io.grpc.netty.shaded.io.netty.util.concurrent.DefaultPromise.notifyListener0(DefaultPromise.java:603)
	at io.grpc.netty.shaded.io.netty.util.concurrent.DefaultPromise.notifyListeners0(DefaultPromise.java:596)
	at io.grpc.netty.shaded.io.netty.util.concurrent.DefaultPromise.notifyListenersNow(DefaultPromise.java:572)
	at io.grpc.netty.shaded.io.netty.util.concurrent.DefaultPromise.notifyListeners(DefaultPromise.java:505)
	at io.grpc.netty.shaded.io.netty.util.concurrent.DefaultPromise.setValue0(DefaultPromise.java:649)
	at io.grpc.netty.shaded.io.netty.util.concurrent.DefaultPromise.setSuccess0(DefaultPromise.java:638)
	at io.grpc.netty.shaded.io.netty.util.concurrent.DefaultPromise.trySuccess(DefaultPromise.java:118)
	at io.grpc.netty.shaded.io.netty.channel.DefaultChannelPromise.trySuccess(DefaultChannelPromise.java:84)
	at io.grpc.netty.shaded.io.netty.channel.AbstractChannel$CloseFuture.setClosed(AbstractChannel.java:1161)
	at io.grpc.netty.shaded.io.netty.channel.AbstractChannel$AbstractUnsafe.doClose0(AbstractChannel.java:753)
	at io.grpc.netty.shaded.io.netty.channel.AbstractChannel$AbstractUnsafe.close(AbstractChannel.java:729)
	at io.grpc.netty.shaded.io.netty.channel.AbstractChannel$AbstractUnsafe.close(AbstractChannel.java:619)
	at io.grpc.netty.shaded.io.netty.channel.epoll.AbstractEpollChannel$AbstractEpollUnsafe.shutdownInput(AbstractEpollChannel.java:522)
	at io.grpc.netty.shaded.io.netty.channel.epoll.AbstractEpollStreamChannel$EpollStreamUnsafe.epollInReady(AbstractEpollStreamChannel.java:822)
	at io.grpc.netty.shaded.io.netty.channel.epoll.EpollEventLoop.processReady(EpollEventLoop.java:501)
	at io.grpc.netty.shaded.io.netty.channel.epoll.EpollEventLoop.run(EpollEventLoop.java:399)
	at io.grpc.netty.shaded.io.netty.util.concurrent.SingleThreadEventExecutor$4.run(SingleThreadEventExecutor.java:998)
	at io.grpc.netty.shaded.io.netty.util.internal.ThreadExecutorMap$2.run(ThreadExecutorMap.java:74)
	at io.grpc.netty.shaded.io.netty.util.concurrent.FastThreadLocalRunnable.run(FastThreadLocalRunnable.java:30)
	at java.base/java.lang.Thread.run(Thread.java:840)
2026-10-02 11:00:17,914 INFO Connection transportTerminated,connectionId = 1790909892331_172.21.0.1_48414 

2026-10-02 11:00:17,915 INFO [1790909909395_172.21.0.1_52362]client disconnected,clear config listen context

2026-10-02 11:00:17,916 WARN [1790909912479_172.21.0.1_52390] connection  close bi stream exception  : {}

java.lang.IllegalStateException: call already closed
	at com.google.common.base.Preconditions.checkState(Preconditions.java:513)
	at io.grpc.internal.ServerCallImpl.closeInternal(ServerCallImpl.java:218)
	at io.grpc.internal.ServerCallImpl.close(ServerCallImpl.java:213)
	at io.grpc.stub.ServerCalls$ServerCallStreamObserverImpl.onCompleted(ServerCalls.java:396)
	at com.alibaba.nacos.core.remote.grpc.GrpcConnection.closeBiStream(GrpcConnection.java:221)
	at com.alibaba.nacos.core.remote.grpc.GrpcConnection.close(GrpcConnection.java:204)
	at com.alibaba.nacos.core.remote.ConnectionManager.unregister(ConnectionManager.java:164)
	at com.alibaba.nacos.core.remote.grpc.AddressTransportFilter.transportTerminated(AddressTransportFilter.java:78)
	at io.grpc.internal.ServerImpl$ServerTransportListenerImpl.transportTerminated(ServerImpl.java:456)
	at io.grpc.netty.shaded.io.grpc.netty.NettyServerTransport.notifyTerminated(NettyServerTransport.java:216)
	at io.grpc.netty.shaded.io.grpc.netty.NettyServerTransport.access$100(NettyServerTransport.java:51)
	at io.grpc.netty.shaded.io.grpc.netty.NettyServerTransport$1TerminationNotifier.operationComplete(NettyServerTransport.java:150)
	at io.grpc.netty.shaded.io.grpc.netty.NettyServerTransport$1TerminationNotifier.operationComplete(NettyServerTransport.java:143)
	at io.grpc.netty.shaded.io.netty.util.concurrent.DefaultPromise.notifyListener0(DefaultPromise.java:603)
	at io.grpc.netty.shaded.io.netty.util.concurrent.DefaultPromise.notifyListeners0(DefaultPromise.java:596)
	at io.grpc.netty.shaded.io.netty.util.concurrent.DefaultPromise.notifyListenersNow(DefaultPromise.java:572)
	at io.grpc.netty.shaded.io.netty.util.concurrent.DefaultPromise.notifyListeners(DefaultPromise.java:505)
	at io.grpc.netty.shaded.io.netty.util.concurrent.DefaultPromise.setValue0(DefaultPromise.java:649)
	at io.grpc.netty.shaded.io.netty.util.concurrent.DefaultPromise.setSuccess0(DefaultPromise.java:638)
	at io.grpc.netty.shaded.io.netty.util.concurrent.DefaultPromise.trySuccess(DefaultPromise.java:118)
	at io.grpc.netty.shaded.io.netty.channel.DefaultChannelPromise.trySuccess(DefaultChannelPromise.java:84)
	at io.grpc.netty.shaded.io.netty.channel.AbstractChannel$CloseFuture.setClosed(AbstractChannel.java:1161)
	at io.grpc.netty.shaded.io.netty.channel.AbstractChannel$AbstractUnsafe.doClose0(AbstractChannel.java:753)
	at io.grpc.netty.shaded.io.netty.channel.AbstractChannel$AbstractUnsafe.close(AbstractChannel.java:729)
	at io.grpc.netty.shaded.io.netty.channel.AbstractChannel$AbstractUnsafe.close(AbstractChannel.java:619)
	at io.grpc.netty.shaded.io.netty.channel.epoll.AbstractEpollChannel$AbstractEpollUnsafe.shutdownInput(AbstractEpollChannel.java:522)
	at io.grpc.netty.shaded.io.netty.channel.epoll.AbstractEpollStreamChannel$EpollStreamUnsafe.epollInReady(AbstractEpollStreamChannel.java:822)
	at io.grpc.netty.shaded.io.netty.channel.epoll.EpollEventLoop.processReady(EpollEventLoop.java:501)
	at io.grpc.netty.shaded.io.netty.channel.epoll.EpollEventLoop.run(EpollEventLoop.java:399)
	at io.grpc.netty.shaded.io.netty.util.concurrent.SingleThreadEventExecutor$4.run(SingleThreadEventExecutor.java:998)
	at io.grpc.netty.shaded.io.netty.util.internal.ThreadExecutorMap$2.run(ThreadExecutorMap.java:74)
	at io.grpc.netty.shaded.io.netty.util.concurrent.FastThreadLocalRunnable.run(FastThreadLocalRunnable.java:30)
	at java.base/java.lang.Thread.run(Thread.java:840)
2026-10-02 11:00:17,917 INFO Connection transportTerminated,connectionId = 1790909905612_172.21.0.1_50432 

2026-10-02 11:00:17,918 INFO [1790909912479_172.21.0.1_52390]client disconnected,clear config listen context

2026-10-02 11:00:17,919 INFO Connection transportTerminated,connectionId = 1790909902071_172.21.0.1_50418 

2026-10-02 11:00:17,919 WARN [1790909905612_172.21.0.1_50432] connection  close bi stream exception  : {}

java.lang.IllegalStateException: call already closed
	at com.google.common.base.Preconditions.checkState(Preconditions.java:513)
	at io.grpc.internal.ServerCallImpl.closeInternal(ServerCallImpl.java:218)
	at io.grpc.internal.ServerCallImpl.close(ServerCallImpl.java:213)
	at io.grpc.stub.ServerCalls$ServerCallStreamObserverImpl.onCompleted(ServerCalls.java:396)
	at com.alibaba.nacos.core.remote.grpc.GrpcConnection.closeBiStream(GrpcConnection.java:221)
	at com.alibaba.nacos.core.remote.grpc.GrpcConnection.close(GrpcConnection.java:204)
	at com.alibaba.nacos.core.remote.ConnectionManager.unregister(ConnectionManager.java:164)
	at com.alibaba.nacos.core.remote.grpc.AddressTransportFilter.transportTerminated(AddressTransportFilter.java:78)
	at io.grpc.internal.ServerImpl$ServerTransportListenerImpl.transportTerminated(ServerImpl.java:456)
	at io.grpc.netty.shaded.io.grpc.netty.NettyServerTransport.notifyTerminated(NettyServerTransport.java:216)
	at io.grpc.netty.shaded.io.grpc.netty.NettyServerTransport.access$100(NettyServerTransport.java:51)
	at io.grpc.netty.shaded.io.grpc.netty.NettyServerTransport$1TerminationNotifier.operationComplete(NettyServerTransport.java:150)
	at io.grpc.netty.shaded.io.grpc.netty.NettyServerTransport$1TerminationNotifier.operationComplete(NettyServerTransport.java:143)
	at io.grpc.netty.shaded.io.netty.util.concurrent.DefaultPromise.notifyListener0(DefaultPromise.java:603)
	at io.grpc.netty.shaded.io.netty.util.concurrent.DefaultPromise.notifyListeners0(DefaultPromise.java:596)
	at io.grpc.netty.shaded.io.netty.util.concurrent.DefaultPromise.notifyListenersNow(DefaultPromise.java:572)
	at io.grpc.netty.shaded.io.netty.util.concurrent.DefaultPromise.notifyListeners(DefaultPromise.java:505)
	at io.grpc.netty.shaded.io.netty.util.concurrent.DefaultPromise.setValue0(DefaultPromise.java:649)
	at io.grpc.netty.shaded.io.netty.util.concurrent.DefaultPromise.setSuccess0(DefaultPromise.java:638)
	at io.grpc.netty.shaded.io.netty.util.concurrent.DefaultPromise.trySuccess(DefaultPromise.java:118)
	at io.grpc.netty.shaded.io.netty.channel.DefaultChannelPromise.trySuccess(DefaultChannelPromise.java:84)
	at io.grpc.netty.shaded.io.netty.channel.AbstractChannel$CloseFuture.setClosed(AbstractChannel.java:1161)
	at io.grpc.netty.shaded.io.netty.channel.AbstractChannel$AbstractUnsafe.doClose0(AbstractChannel.java:753)
	at io.grpc.netty.shaded.io.netty.channel.AbstractChannel$AbstractUnsafe.close(AbstractChannel.java:729)
	at io.grpc.netty.shaded.io.netty.channel.AbstractChannel$AbstractUnsafe.close(AbstractChannel.java:619)
	at io.grpc.netty.shaded.io.netty.channel.epoll.AbstractEpollChannel$AbstractEpollUnsafe.shutdownInput(AbstractEpollChannel.java:522)
	at io.grpc.netty.shaded.io.netty.channel.epoll.AbstractEpollStreamChannel$EpollStreamUnsafe.epollInReady(AbstractEpollStreamChannel.java:822)
	at io.grpc.netty.shaded.io.netty.channel.epoll.EpollEventLoop.processReady(EpollEventLoop.java:501)
	at io.grpc.netty.shaded.io.netty.channel.epoll.EpollEventLoop.run(EpollEventLoop.java:399)
	at io.grpc.netty.shaded.io.netty.util.concurrent.SingleThreadEventExecutor$4.run(SingleThreadEventExecutor.java:998)
	at io.grpc.netty.shaded.io.netty.util.internal.ThreadExecutorMap$2.run(ThreadExecutorMap.java:74)
	at io.grpc.netty.shaded.io.netty.util.concurrent.FastThreadLocalRunnable.run(FastThreadLocalRunnable.java:30)
	at java.base/java.lang.Thread.run(Thread.java:840)
2026-10-02 11:00:17,921 INFO [1790909905612_172.21.0.1_50432]client disconnected,clear config listen context

2026-10-02 11:00:17,922 WARN [1790909892331_172.21.0.1_48414] connection  close bi stream exception  : {}

java.lang.IllegalStateException: call already closed
	at com.google.common.base.Preconditions.checkState(Preconditions.java:513)
	at io.grpc.internal.ServerCallImpl.closeInternal(ServerCallImpl.java:218)
	at io.grpc.internal.ServerCallImpl.close(ServerCallImpl.java:213)
	at io.grpc.stub.ServerCalls$ServerCallStreamObserverImpl.onCompleted(ServerCalls.java:396)
	at com.alibaba.nacos.core.remote.grpc.GrpcConnection.closeBiStream(GrpcConnection.java:221)
	at com.alibaba.nacos.core.remote.grpc.GrpcConnection.close(GrpcConnection.java:204)
	at com.alibaba.nacos.core.remote.ConnectionManager.unregister(ConnectionManager.java:164)
	at com.alibaba.nacos.core.remote.grpc.AddressTransportFilter.transportTerminated(AddressTransportFilter.java:78)
	at io.grpc.internal.ServerImpl$ServerTransportListenerImpl.transportTerminated(ServerImpl.java:456)
	at io.grpc.netty.shaded.io.grpc.netty.NettyServerTransport.notifyTerminated(NettyServerTransport.java:216)
	at io.grpc.netty.shaded.io.grpc.netty.NettyServerTransport.access$100(NettyServerTransport.java:51)
	at io.grpc.netty.shaded.io.grpc.netty.NettyServerTransport$1TerminationNotifier.operationComplete(NettyServerTransport.java:150)
	at io.grpc.netty.shaded.io.grpc.netty.NettyServerTransport$1TerminationNotifier.operationComplete(NettyServerTransport.java:143)
	at io.grpc.netty.shaded.io.netty.util.concurrent.DefaultPromise.notifyListener0(DefaultPromise.java:603)
	at io.grpc.netty.shaded.io.netty.util.concurrent.DefaultPromise.notifyListeners0(DefaultPromise.java:596)
	at io.grpc.netty.shaded.io.netty.util.concurrent.DefaultPromise.notifyListenersNow(DefaultPromise.java:572)
	at io.grpc.netty.shaded.io.netty.util.concurrent.DefaultPromise.notifyListeners(DefaultPromise.java:505)
	at io.grpc.netty.shaded.io.netty.util.concurrent.DefaultPromise.setValue0(DefaultPromise.java:649)
	at io.grpc.netty.shaded.io.netty.util.concurrent.DefaultPromise.setSuccess0(DefaultPromise.java:638)
	at io.grpc.netty.shaded.io.netty.util.concurrent.DefaultPromise.trySuccess(DefaultPromise.java:118)
	at io.grpc.netty.shaded.io.netty.channel.DefaultChannelPromise.trySuccess(DefaultChannelPromise.java:84)
	at io.grpc.netty.shaded.io.netty.channel.AbstractChannel$CloseFuture.setClosed(AbstractChannel.java:1161)
	at io.grpc.netty.shaded.io.netty.channel.AbstractChannel$AbstractUnsafe.doClose0(AbstractChannel.java:753)
	at io.grpc.netty.shaded.io.netty.channel.AbstractChannel$AbstractUnsafe.close(AbstractChannel.java:729)
	at io.grpc.netty.shaded.io.netty.channel.AbstractChannel$AbstractUnsafe.close(AbstractChannel.java:619)
	at io.grpc.netty.shaded.io.netty.channel.epoll.AbstractEpollChannel$AbstractEpollUnsafe.shutdownInput(AbstractEpollChannel.java:522)
	at io.grpc.netty.shaded.io.netty.channel.epoll.AbstractEpollStreamChannel$EpollStreamUnsafe.epollInReady(AbstractEpollStreamChannel.java:822)
	at io.grpc.netty.shaded.io.netty.channel.epoll.EpollEventLoop.processReady(EpollEventLoop.java:501)
	at io.grpc.netty.shaded.io.netty.channel.epoll.EpollEventLoop.run(EpollEventLoop.java:399)
	at io.grpc.netty.shaded.io.netty.util.concurrent.SingleThreadEventExecutor$4.run(SingleThreadEventExecutor.java:998)
	at io.grpc.netty.shaded.io.netty.util.internal.ThreadExecutorMap$2.run(ThreadExecutorMap.java:74)
	at io.grpc.netty.shaded.io.netty.util.concurrent.FastThreadLocalRunnable.run(FastThreadLocalRunnable.java:30)
	at java.base/java.lang.Thread.run(Thread.java:840)
2026-10-02 11:00:17,923 INFO Connection transportTerminated,connectionId = 1790909894830_172.21.0.1_48416 

2026-10-02 11:00:17,924 INFO [1790909892331_172.21.0.1_48414]client disconnected,clear config listen context

2026-10-02 11:00:17,925 WARN [1790909903941_172.21.0.1_50420] connection  close bi stream exception  : {}

java.lang.IllegalStateException: call already closed
	at com.google.common.base.Preconditions.checkState(Preconditions.java:513)
	at io.grpc.internal.ServerCallImpl.closeInternal(ServerCallImpl.java:218)
	at io.grpc.internal.ServerCallImpl.close(ServerCallImpl.java:213)
	at io.grpc.stub.ServerCalls$ServerCallStreamObserverImpl.onCompleted(ServerCalls.java:396)
	at com.alibaba.nacos.core.remote.grpc.GrpcConnection.closeBiStream(GrpcConnection.java:221)
	at com.alibaba.nacos.core.remote.grpc.GrpcConnection.close(GrpcConnection.java:204)
	at com.alibaba.nacos.core.remote.ConnectionManager.unregister(ConnectionManager.java:164)
	at com.alibaba.nacos.core.remote.grpc.AddressTransportFilter.transportTerminated(AddressTransportFilter.java:78)
	at io.grpc.internal.ServerImpl$ServerTransportListenerImpl.transportTerminated(ServerImpl.java:456)
	at io.grpc.netty.shaded.io.grpc.netty.NettyServerTransport.notifyTerminated(NettyServerTransport.java:216)
	at io.grpc.netty.shaded.io.grpc.netty.NettyServerTransport.access$100(NettyServerTransport.java:51)
	at io.grpc.netty.shaded.io.grpc.netty.NettyServerTransport$1TerminationNotifier.operationComplete(NettyServerTransport.java:150)
	at io.grpc.netty.shaded.io.grpc.netty.NettyServerTransport$1TerminationNotifier.operationComplete(NettyServerTransport.java:143)
	at io.grpc.netty.shaded.io.netty.util.concurrent.DefaultPromise.notifyListener0(DefaultPromise.java:603)
	at io.grpc.netty.shaded.io.netty.util.concurrent.DefaultPromise.notifyListeners0(DefaultPromise.java:596)
	at io.grpc.netty.shaded.io.netty.util.concurrent.DefaultPromise.notifyListenersNow(DefaultPromise.java:572)
	at io.grpc.netty.shaded.io.netty.util.concurrent.DefaultPromise.notifyListeners(DefaultPromise.java:505)
	at io.grpc.netty.shaded.io.netty.util.concurrent.DefaultPromise.setValue0(DefaultPromise.java:649)
	at io.grpc.netty.shaded.io.netty.util.concurrent.DefaultPromise.setSuccess0(DefaultPromise.java:638)
	at io.grpc.netty.shaded.io.netty.util.concurrent.DefaultPromise.trySuccess(DefaultPromise.java:118)
	at io.grpc.netty.shaded.io.netty.channel.DefaultChannelPromise.trySuccess(DefaultChannelPromise.java:84)
	at io.grpc.netty.shaded.io.netty.channel.AbstractChannel$CloseFuture.setClosed(AbstractChannel.java:1161)
	at io.grpc.netty.shaded.io.netty.channel.AbstractChannel$AbstractUnsafe.doClose0(AbstractChannel.java:753)
	at io.grpc.netty.shaded.io.netty.channel.AbstractChannel$AbstractUnsafe.close(AbstractChannel.java:729)
	at io.grpc.netty.shaded.io.netty.channel.AbstractChannel$AbstractUnsafe.close(AbstractChannel.java:619)
	at io.grpc.netty.shaded.io.netty.channel.epoll.AbstractEpollChannel$AbstractEpollUnsafe.shutdownInput(AbstractEpollChannel.java:522)
	at io.grpc.netty.shaded.io.netty.channel.epoll.AbstractEpollStreamChannel$EpollStreamUnsafe.epollInReady(AbstractEpollStreamChannel.java:822)
	at io.grpc.netty.shaded.io.netty.channel.epoll.EpollEventLoop.processReady(EpollEventLoop.java:501)
	at io.grpc.netty.shaded.io.netty.channel.epoll.EpollEventLoop.run(EpollEventLoop.java:399)
	at io.grpc.netty.shaded.io.netty.util.concurrent.SingleThreadEventExecutor$4.run(SingleThreadEventExecutor.java:998)
	at io.grpc.netty.shaded.io.netty.util.internal.ThreadExecutorMap$2.run(ThreadExecutorMap.java:74)
	at io.grpc.netty.shaded.io.netty.util.concurrent.FastThreadLocalRunnable.run(FastThreadLocalRunnable.java:30)
	at java.base/java.lang.Thread.run(Thread.java:840)
2026-10-02 11:00:17,926 INFO [1790909903941_172.21.0.1_50420]client disconnected,clear config listen context

2026-10-02 11:00:17,927 WARN [1790909907560_172.21.0.1_52356] connection  close bi stream exception  : {}

java.lang.IllegalStateException: call already closed
	at com.google.common.base.Preconditions.checkState(Preconditions.java:513)
	at io.grpc.internal.ServerCallImpl.closeInternal(ServerCallImpl.java:218)
	at io.grpc.internal.ServerCallImpl.close(ServerCallImpl.java:213)
	at io.grpc.stub.ServerCalls$ServerCallStreamObserverImpl.onCompleted(ServerCalls.java:396)
	at com.alibaba.nacos.core.remote.grpc.GrpcConnection.closeBiStream(GrpcConnection.java:221)
	at com.alibaba.nacos.core.remote.grpc.GrpcConnection.close(GrpcConnection.java:204)
	at com.alibaba.nacos.core.remote.ConnectionManager.unregister(ConnectionManager.java:164)
	at com.alibaba.nacos.core.remote.grpc.AddressTransportFilter.transportTerminated(AddressTransportFilter.java:78)
	at io.grpc.internal.ServerImpl$ServerTransportListenerImpl.transportTerminated(ServerImpl.java:456)
	at io.grpc.netty.shaded.io.grpc.netty.NettyServerTransport.notifyTerminated(NettyServerTransport.java:216)
	at io.grpc.netty.shaded.io.grpc.netty.NettyServerTransport.access$100(NettyServerTransport.java:51)
	at io.grpc.netty.shaded.io.grpc.netty.NettyServerTransport$1TerminationNotifier.operationComplete(NettyServerTransport.java:150)
	at io.grpc.netty.shaded.io.grpc.netty.NettyServerTransport$1TerminationNotifier.operationComplete(NettyServerTransport.java:143)
	at io.grpc.netty.shaded.io.netty.util.concurrent.DefaultPromise.notifyListener0(DefaultPromise.java:603)
	at io.grpc.netty.shaded.io.netty.util.concurrent.DefaultPromise.notifyListeners0(DefaultPromise.java:596)
	at io.grpc.netty.shaded.io.netty.util.concurrent.DefaultPromise.notifyListenersNow(DefaultPromise.java:572)
	at io.grpc.netty.shaded.io.netty.util.concurrent.DefaultPromise.notifyListeners(DefaultPromise.java:505)
	at io.grpc.netty.shaded.io.netty.util.concurrent.DefaultPromise.setValue0(DefaultPromise.java:649)
	at io.grpc.netty.shaded.io.netty.util.concurrent.DefaultPromise.setSuccess0(DefaultPromise.java:638)
	at io.grpc.netty.shaded.io.netty.util.concurrent.DefaultPromise.trySuccess(DefaultPromise.java:118)
	at io.grpc.netty.shaded.io.netty.channel.DefaultChannelPromise.trySuccess(DefaultChannelPromise.java:84)
	at io.grpc.netty.shaded.io.netty.channel.AbstractChannel$CloseFuture.setClosed(AbstractChannel.java:1161)
	at io.grpc.netty.shaded.io.netty.channel.AbstractChannel$AbstractUnsafe.doClose0(AbstractChannel.java:753)
	at io.grpc.netty.shaded.io.netty.channel.AbstractChannel$AbstractUnsafe.close(AbstractChannel.java:729)
	at io.grpc.netty.shaded.io.netty.channel.AbstractChannel$AbstractUnsafe.close(AbstractChannel.java:619)
	at io.grpc.netty.shaded.io.netty.channel.epoll.AbstractEpollChannel$AbstractEpollUnsafe.shutdownInput(AbstractEpollChannel.java:522)
	at io.grpc.netty.shaded.io.netty.channel.epoll.AbstractEpollStreamChannel$EpollStreamUnsafe.epollInReady(AbstractEpollStreamChannel.java:822)
	at io.grpc.netty.shaded.io.netty.channel.epoll.EpollEventLoop.processReady(EpollEventLoop.java:501)
	at io.grpc.netty.shaded.io.netty.channel.epoll.EpollEventLoop.run(EpollEventLoop.java:399)
	at io.grpc.netty.shaded.io.netty.util.concurrent.SingleThreadEventExecutor$4.run(SingleThreadEventExecutor.java:998)
	at io.grpc.netty.shaded.io.netty.util.internal.ThreadExecutorMap$2.run(ThreadExecutorMap.java:74)
	at io.grpc.netty.shaded.io.netty.util.concurrent.FastThreadLocalRunnable.run(FastThreadLocalRunnable.java:30)
	at java.base/java.lang.Thread.run(Thread.java:840)
2026-10-02 11:00:17,929 INFO [1790909907560_172.21.0.1_52356]client disconnected,clear config listen context

2026-10-02 11:00:17,929 WARN [1790909894830_172.21.0.1_48416] connection  close bi stream exception  : {}

java.lang.IllegalStateException: call already closed
	at com.google.common.base.Preconditions.checkState(Preconditions.java:513)
	at io.grpc.internal.ServerCallImpl.closeInternal(ServerCallImpl.java:218)
	at io.grpc.internal.ServerCallImpl.close(ServerCallImpl.java:213)
	at io.grpc.stub.ServerCalls$ServerCallStreamObserverImpl.onCompleted(ServerCalls.java:396)
	at com.alibaba.nacos.core.remote.grpc.GrpcConnection.closeBiStream(GrpcConnection.java:221)
	at com.alibaba.nacos.core.remote.grpc.GrpcConnection.close(GrpcConnection.java:204)
	at com.alibaba.nacos.core.remote.ConnectionManager.unregister(ConnectionManager.java:164)
	at com.alibaba.nacos.core.remote.grpc.AddressTransportFilter.transportTerminated(AddressTransportFilter.java:78)
	at io.grpc.internal.ServerImpl$ServerTransportListenerImpl.transportTerminated(ServerImpl.java:456)
	at io.grpc.netty.shaded.io.grpc.netty.NettyServerTransport.notifyTerminated(NettyServerTransport.java:216)
	at io.grpc.netty.shaded.io.grpc.netty.NettyServerTransport.access$100(NettyServerTransport.java:51)
	at io.grpc.netty.shaded.io.grpc.netty.NettyServerTransport$1TerminationNotifier.operationComplete(NettyServerTransport.java:150)
	at io.grpc.netty.shaded.io.grpc.netty.NettyServerTransport$1TerminationNotifier.operationComplete(NettyServerTransport.java:143)
	at io.grpc.netty.shaded.io.netty.util.concurrent.DefaultPromise.notifyListener0(DefaultPromise.java:603)
	at io.grpc.netty.shaded.io.netty.util.concurrent.DefaultPromise.notifyListeners0(DefaultPromise.java:596)
	at io.grpc.netty.shaded.io.netty.util.concurrent.DefaultPromise.notifyListenersNow(DefaultPromise.java:572)
	at io.grpc.netty.shaded.io.netty.util.concurrent.DefaultPromise.notifyListeners(DefaultPromise.java:505)
	at io.grpc.netty.shaded.io.netty.util.concurrent.DefaultPromise.setValue0(DefaultPromise.java:649)
	at io.grpc.netty.shaded.io.netty.util.concurrent.DefaultPromise.setSuccess0(DefaultPromise.java:638)
	at io.grpc.netty.shaded.io.netty.util.concurrent.DefaultPromise.trySuccess(DefaultPromise.java:118)
	at io.grpc.netty.shaded.io.netty.channel.DefaultChannelPromise.trySuccess(DefaultChannelPromise.java:84)
	at io.grpc.netty.shaded.io.netty.channel.AbstractChannel$CloseFuture.setClosed(AbstractChannel.java:1161)
	at io.grpc.netty.shaded.io.netty.channel.AbstractChannel$AbstractUnsafe.doClose0(AbstractChannel.java:753)
	at io.grpc.netty.shaded.io.netty.channel.AbstractChannel$AbstractUnsafe.close(AbstractChannel.java:729)
	at io.grpc.netty.shaded.io.netty.channel.AbstractChannel$AbstractUnsafe.close(AbstractChannel.java:619)
	at io.grpc.netty.shaded.io.netty.channel.epoll.AbstractEpollChannel$AbstractEpollUnsafe.shutdownInput(AbstractEpollChannel.java:522)
	at io.grpc.netty.shaded.io.netty.channel.epoll.AbstractEpollStreamChannel$EpollStreamUnsafe.epollInReady(AbstractEpollStreamChannel.java:822)
	at io.grpc.netty.shaded.io.netty.channel.epoll.EpollEventLoop.processReady(EpollEventLoop.java:501)
	at io.grpc.netty.shaded.io.netty.channel.epoll.EpollEventLoop.run(EpollEventLoop.java:399)
	at io.grpc.netty.shaded.io.netty.util.concurrent.SingleThreadEventExecutor$4.run(SingleThreadEventExecutor.java:998)
	at io.grpc.netty.shaded.io.netty.util.internal.ThreadExecutorMap$2.run(ThreadExecutorMap.java:74)
	at io.grpc.netty.shaded.io.netty.util.concurrent.FastThreadLocalRunnable.run(FastThreadLocalRunnable.java:30)
	at java.base/java.lang.Thread.run(Thread.java:840)
2026-10-02 11:00:17,931 INFO [1790909894830_172.21.0.1_48416]client disconnected,clear config listen context

2026-10-02 11:00:17,931 WARN [1790909902071_172.21.0.1_50418] connection  close bi stream exception  : {}

java.lang.IllegalStateException: call already closed
	at com.google.common.base.Preconditions.checkState(Preconditions.java:513)
	at io.grpc.internal.ServerCallImpl.closeInternal(ServerCallImpl.java:218)
	at io.grpc.internal.ServerCallImpl.close(ServerCallImpl.java:213)
	at io.grpc.stub.ServerCalls$ServerCallStreamObserverImpl.onCompleted(ServerCalls.java:396)
	at com.alibaba.nacos.core.remote.grpc.GrpcConnection.closeBiStream(GrpcConnection.java:221)
	at com.alibaba.nacos.core.remote.grpc.GrpcConnection.close(GrpcConnection.java:204)
	at com.alibaba.nacos.core.remote.ConnectionManager.unregister(ConnectionManager.java:164)
	at com.alibaba.nacos.core.remote.grpc.AddressTransportFilter.transportTerminated(AddressTransportFilter.java:78)
	at io.grpc.internal.ServerImpl$ServerTransportListenerImpl.transportTerminated(ServerImpl.java:456)
	at io.grpc.netty.shaded.io.grpc.netty.NettyServerTransport.notifyTerminated(NettyServerTransport.java:216)
	at io.grpc.netty.shaded.io.grpc.netty.NettyServerTransport.access$100(NettyServerTransport.java:51)
	at io.grpc.netty.shaded.io.grpc.netty.NettyServerTransport$1TerminationNotifier.operationComplete(NettyServerTransport.java:150)
	at io.grpc.netty.shaded.io.grpc.netty.NettyServerTransport$1TerminationNotifier.operationComplete(NettyServerTransport.java:143)
	at io.grpc.netty.shaded.io.netty.util.concurrent.DefaultPromise.notifyListener0(DefaultPromise.java:603)
	at io.grpc.netty.shaded.io.netty.util.concurrent.DefaultPromise.notifyListeners0(DefaultPromise.java:596)
	at io.grpc.netty.shaded.io.netty.util.concurrent.DefaultPromise.notifyListenersNow(DefaultPromise.java:572)
	at io.grpc.netty.shaded.io.netty.util.concurrent.DefaultPromise.notifyListeners(DefaultPromise.java:505)
	at io.grpc.netty.shaded.io.netty.util.concurrent.DefaultPromise.setValue0(DefaultPromise.java:649)
	at io.grpc.netty.shaded.io.netty.util.concurrent.DefaultPromise.setSuccess0(DefaultPromise.java:638)
	at io.grpc.netty.shaded.io.netty.util.concurrent.DefaultPromise.trySuccess(DefaultPromise.java:118)
	at io.grpc.netty.shaded.io.netty.channel.DefaultChannelPromise.trySuccess(DefaultChannelPromise.java:84)
	at io.grpc.netty.shaded.io.netty.channel.AbstractChannel$CloseFuture.setClosed(AbstractChannel.java:1161)
	at io.grpc.netty.shaded.io.netty.channel.AbstractChannel$AbstractUnsafe.doClose0(AbstractChannel.java:753)
	at io.grpc.netty.shaded.io.netty.channel.AbstractChannel$AbstractUnsafe.close(AbstractChannel.java:729)
	at io.grpc.netty.shaded.io.netty.channel.AbstractChannel$AbstractUnsafe.close(AbstractChannel.java:619)
	at io.grpc.netty.shaded.io.netty.channel.epoll.AbstractEpollChannel$AbstractEpollUnsafe.shutdownInput(AbstractEpollChannel.java:522)
	at io.grpc.netty.shaded.io.netty.channel.epoll.AbstractEpollStreamChannel$EpollStreamUnsafe.epollInReady(AbstractEpollStreamChannel.java:822)
	at io.grpc.netty.shaded.io.netty.channel.epoll.AbstractEpollChannel$AbstractEpollUnsafe.epollRdHupReady(AbstractEpollChannel.java:480)
	at io.grpc.netty.shaded.io.netty.channel.epoll.EpollEventLoop.processReady(EpollEventLoop.java:508)
	at io.grpc.netty.shaded.io.netty.channel.epoll.EpollEventLoop.run(EpollEventLoop.java:399)
	at io.grpc.netty.shaded.io.netty.util.concurrent.SingleThreadEventExecutor$4.run(SingleThreadEventExecutor.java:998)
	at io.grpc.netty.shaded.io.netty.util.internal.ThreadExecutorMap$2.run(ThreadExecutorMap.java:74)
	at io.grpc.netty.shaded.io.netty.util.concurrent.FastThreadLocalRunnable.run(FastThreadLocalRunnable.java:30)
	at java.base/java.lang.Thread.run(Thread.java:840)
2026-10-02 11:00:17,933 INFO [1790909902071_172.21.0.1_50418]client disconnected,clear config listen context

2026-10-02 11:36:10,011 INFO Connection transportReady,connectionId = 1790912170011_172.21.0.1_48368 

2026-10-02 11:36:29,324 INFO Connection transportTerminated,connectionId = 1790912170011_172.21.0.1_48368 

2026-10-02 11:36:29,325 WARN [1790912170011_172.21.0.1_48368] connection  close bi stream exception  : {}

java.lang.IllegalStateException: call already closed
	at com.google.common.base.Preconditions.checkState(Preconditions.java:513)
	at io.grpc.internal.ServerCallImpl.closeInternal(ServerCallImpl.java:218)
	at io.grpc.internal.ServerCallImpl.close(ServerCallImpl.java:213)
	at io.grpc.stub.ServerCalls$ServerCallStreamObserverImpl.onCompleted(ServerCalls.java:396)
	at com.alibaba.nacos.core.remote.grpc.GrpcConnection.closeBiStream(GrpcConnection.java:221)
	at com.alibaba.nacos.core.remote.grpc.GrpcConnection.close(GrpcConnection.java:204)
	at com.alibaba.nacos.core.remote.ConnectionManager.unregister(ConnectionManager.java:164)
	at com.alibaba.nacos.core.remote.grpc.AddressTransportFilter.transportTerminated(AddressTransportFilter.java:78)
	at io.grpc.internal.ServerImpl$ServerTransportListenerImpl.transportTerminated(ServerImpl.java:456)
	at io.grpc.netty.shaded.io.grpc.netty.NettyServerTransport.notifyTerminated(NettyServerTransport.java:216)
	at io.grpc.netty.shaded.io.grpc.netty.NettyServerTransport.access$100(NettyServerTransport.java:51)
	at io.grpc.netty.shaded.io.grpc.netty.NettyServerTransport$1TerminationNotifier.operationComplete(NettyServerTransport.java:150)
	at io.grpc.netty.shaded.io.grpc.netty.NettyServerTransport$1TerminationNotifier.operationComplete(NettyServerTransport.java:143)
	at io.grpc.netty.shaded.io.netty.util.concurrent.DefaultPromise.notifyListener0(DefaultPromise.java:603)
	at io.grpc.netty.shaded.io.netty.util.concurrent.DefaultPromise.notifyListeners0(DefaultPromise.java:596)
	at io.grpc.netty.shaded.io.netty.util.concurrent.DefaultPromise.notifyListenersNow(DefaultPromise.java:572)
	at io.grpc.netty.shaded.io.netty.util.concurrent.DefaultPromise.notifyListeners(DefaultPromise.java:505)
	at io.grpc.netty.shaded.io.netty.util.concurrent.DefaultPromise.setValue0(DefaultPromise.java:649)
	at io.grpc.netty.shaded.io.netty.util.concurrent.DefaultPromise.setSuccess0(DefaultPromise.java:638)
	at io.grpc.netty.shaded.io.netty.util.concurrent.DefaultPromise.trySuccess(DefaultPromise.java:118)
	at io.grpc.netty.shaded.io.netty.channel.DefaultChannelPromise.trySuccess(DefaultChannelPromise.java:84)
	at io.grpc.netty.shaded.io.netty.channel.AbstractChannel$CloseFuture.setClosed(AbstractChannel.java:1161)
	at io.grpc.netty.shaded.io.netty.channel.AbstractChannel$AbstractUnsafe.doClose0(AbstractChannel.java:753)
	at io.grpc.netty.shaded.io.netty.channel.AbstractChannel$AbstractUnsafe.close(AbstractChannel.java:729)
	at io.grpc.netty.shaded.io.netty.channel.AbstractChannel$AbstractUnsafe.close(AbstractChannel.java:619)
	at io.grpc.netty.shaded.io.netty.channel.epoll.AbstractEpollChannel$AbstractEpollUnsafe.shutdownInput(AbstractEpollChannel.java:522)
	at io.grpc.netty.shaded.io.netty.channel.epoll.AbstractEpollStreamChannel$EpollStreamUnsafe.epollInReady(AbstractEpollStreamChannel.java:822)
	at io.grpc.netty.shaded.io.netty.channel.epoll.EpollEventLoop.processReady(EpollEventLoop.java:501)
	at io.grpc.netty.shaded.io.netty.channel.epoll.EpollEventLoop.run(EpollEventLoop.java:399)
	at io.grpc.netty.shaded.io.netty.util.concurrent.SingleThreadEventExecutor$4.run(SingleThreadEventExecutor.java:998)
	at io.grpc.netty.shaded.io.netty.util.internal.ThreadExecutorMap$2.run(ThreadExecutorMap.java:74)
	at io.grpc.netty.shaded.io.netty.util.concurrent.FastThreadLocalRunnable.run(FastThreadLocalRunnable.java:30)
	at java.base/java.lang.Thread.run(Thread.java:840)
2026-10-02 11:36:29,327 INFO [1790912170011_172.21.0.1_48368]client disconnected,clear config listen context

2026-10-02 17:25:45,644 INFO Connection transportReady,connectionId = 1790933145641_172.21.0.1_55226 

2026-10-02 17:25:49,391 INFO Connection transportReady,connectionId = 1790933149391_172.21.0.1_55240 

2026-10-02 17:33:23,046 INFO Connection transportTerminated,connectionId = 1790933149391_172.21.0.1_55240 

2026-10-02 17:33:23,047 WARN [1790933149391_172.21.0.1_55240] connection  close bi stream exception  : {}

java.lang.IllegalStateException: call already closed
	at com.google.common.base.Preconditions.checkState(Preconditions.java:513)
	at io.grpc.internal.ServerCallImpl.closeInternal(ServerCallImpl.java:218)
	at io.grpc.internal.ServerCallImpl.close(ServerCallImpl.java:213)
	at io.grpc.stub.ServerCalls$ServerCallStreamObserverImpl.onCompleted(ServerCalls.java:396)
	at com.alibaba.nacos.core.remote.grpc.GrpcConnection.closeBiStream(GrpcConnection.java:221)
	at com.alibaba.nacos.core.remote.grpc.GrpcConnection.close(GrpcConnection.java:204)
	at com.alibaba.nacos.core.remote.ConnectionManager.unregister(ConnectionManager.java:164)
	at com.alibaba.nacos.core.remote.grpc.AddressTransportFilter.transportTerminated(AddressTransportFilter.java:78)
	at io.grpc.internal.ServerImpl$ServerTransportListenerImpl.transportTerminated(ServerImpl.java:456)
	at io.grpc.netty.shaded.io.grpc.netty.NettyServerTransport.notifyTerminated(NettyServerTransport.java:216)
	at io.grpc.netty.shaded.io.grpc.netty.NettyServerTransport.access$100(NettyServerTransport.java:51)
	at io.grpc.netty.shaded.io.grpc.netty.NettyServerTransport$1TerminationNotifier.operationComplete(NettyServerTransport.java:150)
	at io.grpc.netty.shaded.io.grpc.netty.NettyServerTransport$1TerminationNotifier.operationComplete(NettyServerTransport.java:143)
	at io.grpc.netty.shaded.io.netty.util.concurrent.DefaultPromise.notifyListener0(DefaultPromise.java:603)
	at io.grpc.netty.shaded.io.netty.util.concurrent.DefaultPromise.notifyListeners0(DefaultPromise.java:596)
	at io.grpc.netty.shaded.io.netty.util.concurrent.DefaultPromise.notifyListenersNow(DefaultPromise.java:572)
	at io.grpc.netty.shaded.io.netty.util.concurrent.DefaultPromise.notifyListeners(DefaultPromise.java:505)
	at io.grpc.netty.shaded.io.netty.util.concurrent.DefaultPromise.setValue0(DefaultPromise.java:649)
	at io.grpc.netty.shaded.io.netty.util.concurrent.DefaultPromise.setSuccess0(DefaultPromise.java:638)
	at io.grpc.netty.shaded.io.netty.util.concurrent.DefaultPromise.trySuccess(DefaultPromise.java:118)
	at io.grpc.netty.shaded.io.netty.channel.DefaultChannelPromise.trySuccess(DefaultChannelPromise.java:84)
	at io.grpc.netty.shaded.io.netty.channel.AbstractChannel$CloseFuture.setClosed(AbstractChannel.java:1161)
	at io.grpc.netty.shaded.io.netty.channel.AbstractChannel$AbstractUnsafe.doClose0(AbstractChannel.java:753)
	at io.grpc.netty.shaded.io.netty.channel.AbstractChannel$AbstractUnsafe.close(AbstractChannel.java:729)
	at io.grpc.netty.shaded.io.netty.channel.AbstractChannel$AbstractUnsafe.close(AbstractChannel.java:619)
	at io.grpc.netty.shaded.io.netty.channel.epoll.AbstractEpollChannel$AbstractEpollUnsafe.shutdownInput(AbstractEpollChannel.java:522)
	at io.grpc.netty.shaded.io.netty.channel.epoll.AbstractEpollStreamChannel$EpollStreamUnsafe.epollInReady(AbstractEpollStreamChannel.java:822)
	at io.grpc.netty.shaded.io.netty.channel.epoll.EpollEventLoop.processReady(EpollEventLoop.java:501)
	at io.grpc.netty.shaded.io.netty.channel.epoll.EpollEventLoop.run(EpollEventLoop.java:399)
	at io.grpc.netty.shaded.io.netty.util.concurrent.SingleThreadEventExecutor$4.run(SingleThreadEventExecutor.java:998)
	at io.grpc.netty.shaded.io.netty.util.internal.ThreadExecutorMap$2.run(ThreadExecutorMap.java:74)
	at io.grpc.netty.shaded.io.netty.util.concurrent.FastThreadLocalRunnable.run(FastThreadLocalRunnable.java:30)
	at java.base/java.lang.Thread.run(Thread.java:840)
2026-10-02 17:33:23,053 INFO [1790933149391_172.21.0.1_55240]client disconnected,clear config listen context

2026-10-02 17:33:26,452 INFO Connection transportTerminated,connectionId = 1790933145641_172.21.0.1_55226 

2026-10-02 17:33:26,454 INFO [1790933145641_172.21.0.1_55226]client disconnected,clear config listen context

2026-10-02 17:33:53,156 INFO Connection transportReady,connectionId = 1790933633156_172.21.0.1_52544 

2026-10-02 17:33:56,389 INFO Connection transportReady,connectionId = 1790933636389_172.21.0.1_52556 

2026-10-02 17:35:10,466 INFO Connection transportReady,connectionId = 1790933710466_172.21.0.1_33372 

2026-10-02 17:35:12,882 INFO Connection transportTerminated,connectionId = 1790933636389_172.21.0.1_52556 

2026-10-02 17:35:12,884 WARN [1790933636389_172.21.0.1_52556] connection  close bi stream exception  : {}

java.lang.IllegalStateException: call already closed
	at com.google.common.base.Preconditions.checkState(Preconditions.java:513)
	at io.grpc.internal.ServerCallImpl.closeInternal(ServerCallImpl.java:218)
	at io.grpc.internal.ServerCallImpl.close(ServerCallImpl.java:213)
	at io.grpc.stub.ServerCalls$ServerCallStreamObserverImpl.onCompleted(ServerCalls.java:396)
	at com.alibaba.nacos.core.remote.grpc.GrpcConnection.closeBiStream(GrpcConnection.java:221)
	at com.alibaba.nacos.core.remote.grpc.GrpcConnection.close(GrpcConnection.java:204)
	at com.alibaba.nacos.core.remote.ConnectionManager.unregister(ConnectionManager.java:164)
	at com.alibaba.nacos.core.remote.grpc.AddressTransportFilter.transportTerminated(AddressTransportFilter.java:78)
	at io.grpc.internal.ServerImpl$ServerTransportListenerImpl.transportTerminated(ServerImpl.java:456)
	at io.grpc.netty.shaded.io.grpc.netty.NettyServerTransport.notifyTerminated(NettyServerTransport.java:216)
	at io.grpc.netty.shaded.io.grpc.netty.NettyServerTransport.access$100(NettyServerTransport.java:51)
	at io.grpc.netty.shaded.io.grpc.netty.NettyServerTransport$1TerminationNotifier.operationComplete(NettyServerTransport.java:150)
	at io.grpc.netty.shaded.io.grpc.netty.NettyServerTransport$1TerminationNotifier.operationComplete(NettyServerTransport.java:143)
	at io.grpc.netty.shaded.io.netty.util.concurrent.DefaultPromise.notifyListener0(DefaultPromise.java:603)
	at io.grpc.netty.shaded.io.netty.util.concurrent.DefaultPromise.notifyListeners0(DefaultPromise.java:596)
	at io.grpc.netty.shaded.io.netty.util.concurrent.DefaultPromise.notifyListenersNow(DefaultPromise.java:572)
	at io.grpc.netty.shaded.io.netty.util.concurrent.DefaultPromise.notifyListeners(DefaultPromise.java:505)
	at io.grpc.netty.shaded.io.netty.util.concurrent.DefaultPromise.setValue0(DefaultPromise.java:649)
	at io.grpc.netty.shaded.io.netty.util.concurrent.DefaultPromise.setSuccess0(DefaultPromise.java:638)
	at io.grpc.netty.shaded.io.netty.util.concurrent.DefaultPromise.trySuccess(DefaultPromise.java:118)
	at io.grpc.netty.shaded.io.netty.channel.DefaultChannelPromise.trySuccess(DefaultChannelPromise.java:84)
	at io.grpc.netty.shaded.io.netty.channel.AbstractChannel$CloseFuture.setClosed(AbstractChannel.java:1161)
	at io.grpc.netty.shaded.io.netty.channel.AbstractChannel$AbstractUnsafe.doClose0(AbstractChannel.java:753)
	at io.grpc.netty.shaded.io.netty.channel.AbstractChannel$AbstractUnsafe.close(AbstractChannel.java:729)
	at io.grpc.netty.shaded.io.netty.channel.AbstractChannel$AbstractUnsafe.close(AbstractChannel.java:619)
	at io.grpc.netty.shaded.io.netty.channel.epoll.AbstractEpollChannel$AbstractEpollUnsafe.shutdownInput(AbstractEpollChannel.java:522)
	at io.grpc.netty.shaded.io.netty.channel.epoll.AbstractEpollStreamChannel$EpollStreamUnsafe.epollInReady(AbstractEpollStreamChannel.java:822)
	at io.grpc.netty.shaded.io.netty.channel.epoll.EpollEventLoop.processReady(EpollEventLoop.java:501)
	at io.grpc.netty.shaded.io.netty.channel.epoll.EpollEventLoop.run(EpollEventLoop.java:399)
	at io.grpc.netty.shaded.io.netty.util.concurrent.SingleThreadEventExecutor$4.run(SingleThreadEventExecutor.java:998)
	at io.grpc.netty.shaded.io.netty.util.internal.ThreadExecutorMap$2.run(ThreadExecutorMap.java:74)
	at io.grpc.netty.shaded.io.netty.util.concurrent.FastThreadLocalRunnable.run(FastThreadLocalRunnable.java:30)
	at java.base/java.lang.Thread.run(Thread.java:840)
2026-10-02 17:35:12,886 INFO [1790933636389_172.21.0.1_52556]client disconnected,clear config listen context

2026-10-02 17:35:13,758 INFO Connection transportReady,connectionId = 1790933713758_172.21.0.1_44664 

2026-10-02 17:35:13,793 INFO Connection transportTerminated,connectionId = 1790933713758_172.21.0.1_44664 

2026-10-02 17:35:13,794 WARN [1790933713758_172.21.0.1_44664] connection  close bi stream exception  : {}

java.lang.IllegalStateException: call already closed
	at com.google.common.base.Preconditions.checkState(Preconditions.java:513)
	at io.grpc.internal.ServerCallImpl.closeInternal(ServerCallImpl.java:218)
	at io.grpc.internal.ServerCallImpl.close(ServerCallImpl.java:213)
	at io.grpc.stub.ServerCalls$ServerCallStreamObserverImpl.onCompleted(ServerCalls.java:396)
	at com.alibaba.nacos.core.remote.grpc.GrpcConnection.closeBiStream(GrpcConnection.java:221)
	at com.alibaba.nacos.core.remote.grpc.GrpcConnection.close(GrpcConnection.java:204)
	at com.alibaba.nacos.core.remote.ConnectionManager.unregister(ConnectionManager.java:164)
	at com.alibaba.nacos.core.remote.grpc.AddressTransportFilter.transportTerminated(AddressTransportFilter.java:78)
	at io.grpc.internal.ServerImpl$ServerTransportListenerImpl.transportTerminated(ServerImpl.java:456)
	at io.grpc.netty.shaded.io.grpc.netty.NettyServerTransport.notifyTerminated(NettyServerTransport.java:216)
	at io.grpc.netty.shaded.io.grpc.netty.NettyServerTransport.access$100(NettyServerTransport.java:51)
	at io.grpc.netty.shaded.io.grpc.netty.NettyServerTransport$1TerminationNotifier.operationComplete(NettyServerTransport.java:150)
	at io.grpc.netty.shaded.io.grpc.netty.NettyServerTransport$1TerminationNotifier.operationComplete(NettyServerTransport.java:143)
	at io.grpc.netty.shaded.io.netty.util.concurrent.DefaultPromise.notifyListener0(DefaultPromise.java:603)
	at io.grpc.netty.shaded.io.netty.util.concurrent.DefaultPromise.notifyListeners0(DefaultPromise.java:596)
	at io.grpc.netty.shaded.io.netty.util.concurrent.DefaultPromise.notifyListenersNow(DefaultPromise.java:572)
	at io.grpc.netty.shaded.io.netty.util.concurrent.DefaultPromise.notifyListeners(DefaultPromise.java:505)
	at io.grpc.netty.shaded.io.netty.util.concurrent.DefaultPromise.setValue0(DefaultPromise.java:649)
	at io.grpc.netty.shaded.io.netty.util.concurrent.DefaultPromise.setSuccess0(DefaultPromise.java:638)
	at io.grpc.netty.shaded.io.netty.util.concurrent.DefaultPromise.trySuccess(DefaultPromise.java:118)
	at io.grpc.netty.shaded.io.netty.channel.DefaultChannelPromise.trySuccess(DefaultChannelPromise.java:84)
	at io.grpc.netty.shaded.io.netty.channel.AbstractChannel$CloseFuture.setClosed(AbstractChannel.java:1161)
	at io.grpc.netty.shaded.io.netty.channel.AbstractChannel$AbstractUnsafe.doClose0(AbstractChannel.java:753)
	at io.grpc.netty.shaded.io.netty.channel.AbstractChannel$AbstractUnsafe.close(AbstractChannel.java:729)
	at io.grpc.netty.shaded.io.netty.channel.AbstractChannel$AbstractUnsafe.close(AbstractChannel.java:619)
	at io.grpc.netty.shaded.io.netty.channel.epoll.AbstractEpollChannel$AbstractEpollUnsafe.shutdownInput(AbstractEpollChannel.java:522)
	at io.grpc.netty.shaded.io.netty.channel.epoll.AbstractEpollStreamChannel$EpollStreamUnsafe.epollInReady(AbstractEpollStreamChannel.java:822)
	at io.grpc.netty.shaded.io.netty.channel.epoll.EpollEventLoop.processReady(EpollEventLoop.java:501)
	at io.grpc.netty.shaded.io.netty.channel.epoll.EpollEventLoop.run(EpollEventLoop.java:399)
	at io.grpc.netty.shaded.io.netty.util.concurrent.SingleThreadEventExecutor$4.run(SingleThreadEventExecutor.java:998)
	at io.grpc.netty.shaded.io.netty.util.internal.ThreadExecutorMap$2.run(ThreadExecutorMap.java:74)
	at io.grpc.netty.shaded.io.netty.util.concurrent.FastThreadLocalRunnable.run(FastThreadLocalRunnable.java:30)
	at java.base/java.lang.Thread.run(Thread.java:840)
2026-10-02 17:35:13,796 INFO [1790933713758_172.21.0.1_44664]client disconnected,clear config listen context

2026-10-02 17:35:16,514 INFO Connection transportTerminated,connectionId = 1790933633156_172.21.0.1_52544 

2026-10-02 17:35:16,514 INFO Connection transportTerminated,connectionId = 1790933710466_172.21.0.1_33372 

2026-10-02 17:35:16,515 INFO [1790933633156_172.21.0.1_52544]client disconnected,clear config listen context

2026-10-02 17:35:16,516 INFO [1790933710466_172.21.0.1_33372]client disconnected,clear config listen context

2026-10-02 17:35:19,976 INFO Connection transportReady,connectionId = 1790933719976_172.21.0.1_44668 

2026-10-02 17:35:23,644 INFO Connection transportReady,connectionId = 1790933723644_172.21.0.1_39888 

2026-10-02 17:40:12,043 INFO Connection transportTerminated,connectionId = 1790933723644_172.21.0.1_39888 

2026-10-02 17:40:12,044 WARN [1790933723644_172.21.0.1_39888] connection  close bi stream exception  : {}

java.lang.IllegalStateException: call already closed
	at com.google.common.base.Preconditions.checkState(Preconditions.java:513)
	at io.grpc.internal.ServerCallImpl.closeInternal(ServerCallImpl.java:218)
	at io.grpc.internal.ServerCallImpl.close(ServerCallImpl.java:213)
	at io.grpc.stub.ServerCalls$ServerCallStreamObserverImpl.onCompleted(ServerCalls.java:396)
	at com.alibaba.nacos.core.remote.grpc.GrpcConnection.closeBiStream(GrpcConnection.java:221)
	at com.alibaba.nacos.core.remote.grpc.GrpcConnection.close(GrpcConnection.java:204)
	at com.alibaba.nacos.core.remote.ConnectionManager.unregister(ConnectionManager.java:164)
	at com.alibaba.nacos.core.remote.grpc.AddressTransportFilter.transportTerminated(AddressTransportFilter.java:78)
	at io.grpc.internal.ServerImpl$ServerTransportListenerImpl.transportTerminated(ServerImpl.java:456)
	at io.grpc.netty.shaded.io.grpc.netty.NettyServerTransport.notifyTerminated(NettyServerTransport.java:216)
	at io.grpc.netty.shaded.io.grpc.netty.NettyServerTransport.access$100(NettyServerTransport.java:51)
	at io.grpc.netty.shaded.io.grpc.netty.NettyServerTransport$1TerminationNotifier.operationComplete(NettyServerTransport.java:150)
	at io.grpc.netty.shaded.io.grpc.netty.NettyServerTransport$1TerminationNotifier.operationComplete(NettyServerTransport.java:143)
	at io.grpc.netty.shaded.io.netty.util.concurrent.DefaultPromise.notifyListener0(DefaultPromise.java:603)
	at io.grpc.netty.shaded.io.netty.util.concurrent.DefaultPromise.notifyListeners0(DefaultPromise.java:596)
	at io.grpc.netty.shaded.io.netty.util.concurrent.DefaultPromise.notifyListenersNow(DefaultPromise.java:572)
	at io.grpc.netty.shaded.io.netty.util.concurrent.DefaultPromise.notifyListeners(DefaultPromise.java:505)
	at io.grpc.netty.shaded.io.netty.util.concurrent.DefaultPromise.setValue0(DefaultPromise.java:649)
	at io.grpc.netty.shaded.io.netty.util.concurrent.DefaultPromise.setSuccess0(DefaultPromise.java:638)
	at io.grpc.netty.shaded.io.netty.util.concurrent.DefaultPromise.trySuccess(DefaultPromise.java:118)
	at io.grpc.netty.shaded.io.netty.channel.DefaultChannelPromise.trySuccess(DefaultChannelPromise.java:84)
	at io.grpc.netty.shaded.io.netty.channel.AbstractChannel$CloseFuture.setClosed(AbstractChannel.java:1161)
	at io.grpc.netty.shaded.io.netty.channel.AbstractChannel$AbstractUnsafe.doClose0(AbstractChannel.java:753)
	at io.grpc.netty.shaded.io.netty.channel.AbstractChannel$AbstractUnsafe.close(AbstractChannel.java:729)
	at io.grpc.netty.shaded.io.netty.channel.AbstractChannel$AbstractUnsafe.close(AbstractChannel.java:619)
	at io.grpc.netty.shaded.io.netty.channel.epoll.AbstractEpollChannel$AbstractEpollUnsafe.shutdownInput(AbstractEpollChannel.java:522)
	at io.grpc.netty.shaded.io.netty.channel.epoll.AbstractEpollStreamChannel$EpollStreamUnsafe.epollInReady(AbstractEpollStreamChannel.java:822)
	at io.grpc.netty.shaded.io.netty.channel.epoll.EpollEventLoop.processReady(EpollEventLoop.java:501)
	at io.grpc.netty.shaded.io.netty.channel.epoll.EpollEventLoop.run(EpollEventLoop.java:399)
	at io.grpc.netty.shaded.io.netty.util.concurrent.SingleThreadEventExecutor$4.run(SingleThreadEventExecutor.java:998)
	at io.grpc.netty.shaded.io.netty.util.internal.ThreadExecutorMap$2.run(ThreadExecutorMap.java:74)
	at io.grpc.netty.shaded.io.netty.util.concurrent.FastThreadLocalRunnable.run(FastThreadLocalRunnable.java:30)
	at java.base/java.lang.Thread.run(Thread.java:840)
2026-10-02 17:40:12,046 INFO [1790933723644_172.21.0.1_39888]client disconnected,clear config listen context

2026-10-02 17:40:22,395 INFO Connection transportTerminated,connectionId = 1790933719976_172.21.0.1_44668 

2026-10-02 17:40:22,397 INFO [1790933719976_172.21.0.1_44668]client disconnected,clear config listen context

2026-10-02 17:40:25,826 INFO Connection transportReady,connectionId = 1790934025826_172.21.0.1_59810 

2026-10-02 17:40:29,173 INFO Connection transportReady,connectionId = 1790934029173_172.21.0.1_59820 

2026-10-02 17:46:00,949 INFO Connection transportTerminated,connectionId = 1790934029173_172.21.0.1_59820 

2026-10-02 17:46:00,950 WARN [1790934029173_172.21.0.1_59820] connection  close bi stream exception  : {}

java.lang.IllegalStateException: call already closed
	at com.google.common.base.Preconditions.checkState(Preconditions.java:513)
	at io.grpc.internal.ServerCallImpl.closeInternal(ServerCallImpl.java:218)
	at io.grpc.internal.ServerCallImpl.close(ServerCallImpl.java:213)
	at io.grpc.stub.ServerCalls$ServerCallStreamObserverImpl.onCompleted(ServerCalls.java:396)
	at com.alibaba.nacos.core.remote.grpc.GrpcConnection.closeBiStream(GrpcConnection.java:221)
	at com.alibaba.nacos.core.remote.grpc.GrpcConnection.close(GrpcConnection.java:204)
	at com.alibaba.nacos.core.remote.ConnectionManager.unregister(ConnectionManager.java:164)
	at com.alibaba.nacos.core.remote.grpc.AddressTransportFilter.transportTerminated(AddressTransportFilter.java:78)
	at io.grpc.internal.ServerImpl$ServerTransportListenerImpl.transportTerminated(ServerImpl.java:456)
	at io.grpc.netty.shaded.io.grpc.netty.NettyServerTransport.notifyTerminated(NettyServerTransport.java:216)
	at io.grpc.netty.shaded.io.grpc.netty.NettyServerTransport.access$100(NettyServerTransport.java:51)
	at io.grpc.netty.shaded.io.grpc.netty.NettyServerTransport$1TerminationNotifier.operationComplete(NettyServerTransport.java:150)
	at io.grpc.netty.shaded.io.grpc.netty.NettyServerTransport$1TerminationNotifier.operationComplete(NettyServerTransport.java:143)
	at io.grpc.netty.shaded.io.netty.util.concurrent.DefaultPromise.notifyListener0(DefaultPromise.java:603)
	at io.grpc.netty.shaded.io.netty.util.concurrent.DefaultPromise.notifyListeners0(DefaultPromise.java:596)
	at io.grpc.netty.shaded.io.netty.util.concurrent.DefaultPromise.notifyListenersNow(DefaultPromise.java:572)
	at io.grpc.netty.shaded.io.netty.util.concurrent.DefaultPromise.notifyListeners(DefaultPromise.java:505)
	at io.grpc.netty.shaded.io.netty.util.concurrent.DefaultPromise.setValue0(DefaultPromise.java:649)
	at io.grpc.netty.shaded.io.netty.util.concurrent.DefaultPromise.setSuccess0(DefaultPromise.java:638)
	at io.grpc.netty.shaded.io.netty.util.concurrent.DefaultPromise.trySuccess(DefaultPromise.java:118)
	at io.grpc.netty.shaded.io.netty.channel.DefaultChannelPromise.trySuccess(DefaultChannelPromise.java:84)
	at io.grpc.netty.shaded.io.netty.channel.AbstractChannel$CloseFuture.setClosed(AbstractChannel.java:1161)
	at io.grpc.netty.shaded.io.netty.channel.AbstractChannel$AbstractUnsafe.doClose0(AbstractChannel.java:753)
	at io.grpc.netty.shaded.io.netty.channel.AbstractChannel$AbstractUnsafe.close(AbstractChannel.java:729)
	at io.grpc.netty.shaded.io.netty.channel.AbstractChannel$AbstractUnsafe.close(AbstractChannel.java:619)
	at io.grpc.netty.shaded.io.netty.channel.epoll.AbstractEpollChannel$AbstractEpollUnsafe.shutdownInput(AbstractEpollChannel.java:522)
	at io.grpc.netty.shaded.io.netty.channel.epoll.AbstractEpollStreamChannel$EpollStreamUnsafe.epollInReady(AbstractEpollStreamChannel.java:822)
	at io.grpc.netty.shaded.io.netty.channel.epoll.EpollEventLoop.processReady(EpollEventLoop.java:501)
	at io.grpc.netty.shaded.io.netty.channel.epoll.EpollEventLoop.run(EpollEventLoop.java:399)
	at io.grpc.netty.shaded.io.netty.util.concurrent.SingleThreadEventExecutor$4.run(SingleThreadEventExecutor.java:998)
	at io.grpc.netty.shaded.io.netty.util.internal.ThreadExecutorMap$2.run(ThreadExecutorMap.java:74)
	at io.grpc.netty.shaded.io.netty.util.concurrent.FastThreadLocalRunnable.run(FastThreadLocalRunnable.java:30)
	at java.base/java.lang.Thread.run(Thread.java:840)
2026-10-02 17:46:00,952 INFO [1790934029173_172.21.0.1_59820]client disconnected,clear config listen context

2026-10-02 17:46:08,332 INFO Connection transportTerminated,connectionId = 1790934025826_172.21.0.1_59810 

2026-10-02 17:46:08,334 INFO [1790934025826_172.21.0.1_59810]client disconnected,clear config listen context

2026-10-02 17:46:10,277 INFO Connection transportReady,connectionId = 1790934370277_172.21.0.1_50490 

2026-10-02 17:46:13,588 INFO Connection transportReady,connectionId = 1790934373588_172.21.0.1_49136 

2026-10-02 17:51:47,542 INFO Connection transportTerminated,connectionId = 1790934373588_172.21.0.1_49136 

2026-10-02 17:51:47,543 WARN [1790934373588_172.21.0.1_49136] connection  close bi stream exception  : {}

java.lang.IllegalStateException: call already closed
	at com.google.common.base.Preconditions.checkState(Preconditions.java:513)
	at io.grpc.internal.ServerCallImpl.closeInternal(ServerCallImpl.java:218)
	at io.grpc.internal.ServerCallImpl.close(ServerCallImpl.java:213)
	at io.grpc.stub.ServerCalls$ServerCallStreamObserverImpl.onCompleted(ServerCalls.java:396)
	at com.alibaba.nacos.core.remote.grpc.GrpcConnection.closeBiStream(GrpcConnection.java:221)
	at com.alibaba.nacos.core.remote.grpc.GrpcConnection.close(GrpcConnection.java:204)
	at com.alibaba.nacos.core.remote.ConnectionManager.unregister(ConnectionManager.java:164)
	at com.alibaba.nacos.core.remote.grpc.AddressTransportFilter.transportTerminated(AddressTransportFilter.java:78)
	at io.grpc.internal.ServerImpl$ServerTransportListenerImpl.transportTerminated(ServerImpl.java:456)
	at io.grpc.netty.shaded.io.grpc.netty.NettyServerTransport.notifyTerminated(NettyServerTransport.java:216)
	at io.grpc.netty.shaded.io.grpc.netty.NettyServerTransport.access$100(NettyServerTransport.java:51)
	at io.grpc.netty.shaded.io.grpc.netty.NettyServerTransport$1TerminationNotifier.operationComplete(NettyServerTransport.java:150)
	at io.grpc.netty.shaded.io.grpc.netty.NettyServerTransport$1TerminationNotifier.operationComplete(NettyServerTransport.java:143)
	at io.grpc.netty.shaded.io.netty.util.concurrent.DefaultPromise.notifyListener0(DefaultPromise.java:603)
	at io.grpc.netty.shaded.io.netty.util.concurrent.DefaultPromise.notifyListeners0(DefaultPromise.java:596)
	at io.grpc.netty.shaded.io.netty.util.concurrent.DefaultPromise.notifyListenersNow(DefaultPromise.java:572)
	at io.grpc.netty.shaded.io.netty.util.concurrent.DefaultPromise.notifyListeners(DefaultPromise.java:505)
	at io.grpc.netty.shaded.io.netty.util.concurrent.DefaultPromise.setValue0(DefaultPromise.java:649)
	at io.grpc.netty.shaded.io.netty.util.concurrent.DefaultPromise.setSuccess0(DefaultPromise.java:638)
	at io.grpc.netty.shaded.io.netty.util.concurrent.DefaultPromise.trySuccess(DefaultPromise.java:118)
	at io.grpc.netty.shaded.io.netty.channel.DefaultChannelPromise.trySuccess(DefaultChannelPromise.java:84)
	at io.grpc.netty.shaded.io.netty.channel.AbstractChannel$CloseFuture.setClosed(AbstractChannel.java:1161)
	at io.grpc.netty.shaded.io.netty.channel.AbstractChannel$AbstractUnsafe.doClose0(AbstractChannel.java:753)
	at io.grpc.netty.shaded.io.netty.channel.AbstractChannel$AbstractUnsafe.close(AbstractChannel.java:729)
	at io.grpc.netty.shaded.io.netty.channel.AbstractChannel$AbstractUnsafe.close(AbstractChannel.java:619)
	at io.grpc.netty.shaded.io.netty.channel.epoll.AbstractEpollChannel$AbstractEpollUnsafe.shutdownInput(AbstractEpollChannel.java:522)
	at io.grpc.netty.shaded.io.netty.channel.epoll.AbstractEpollStreamChannel$EpollStreamUnsafe.epollInReady(AbstractEpollStreamChannel.java:822)
	at io.grpc.netty.shaded.io.netty.channel.epoll.EpollEventLoop.processReady(EpollEventLoop.java:501)
	at io.grpc.netty.shaded.io.netty.channel.epoll.EpollEventLoop.run(EpollEventLoop.java:399)
	at io.grpc.netty.shaded.io.netty.util.concurrent.SingleThreadEventExecutor$4.run(SingleThreadEventExecutor.java:998)
	at io.grpc.netty.shaded.io.netty.util.internal.ThreadExecutorMap$2.run(ThreadExecutorMap.java:74)
	at io.grpc.netty.shaded.io.netty.util.concurrent.FastThreadLocalRunnable.run(FastThreadLocalRunnable.java:30)
	at java.base/java.lang.Thread.run(Thread.java:840)
2026-10-02 17:51:47,545 INFO [1790934373588_172.21.0.1_49136]client disconnected,clear config listen context

2026-10-02 17:51:57,891 INFO Connection transportTerminated,connectionId = 1790934370277_172.21.0.1_50490 

2026-10-02 17:51:57,892 INFO [1790934370277_172.21.0.1_50490]client disconnected,clear config listen context

2026-10-02 17:56:58,905 INFO Connection transportReady,connectionId = 1790935018905_172.21.0.1_37338 

2026-10-02 17:57:02,188 INFO Connection transportReady,connectionId = 1790935022188_172.21.0.1_37342 

2026-10-02 17:58:32,779 INFO Connection transportTerminated,connectionId = 1790935022188_172.21.0.1_37342 

2026-10-02 17:58:32,780 WARN [1790935022188_172.21.0.1_37342] connection  close bi stream exception  : {}

java.lang.IllegalStateException: call already closed
	at com.google.common.base.Preconditions.checkState(Preconditions.java:513)
	at io.grpc.internal.ServerCallImpl.closeInternal(ServerCallImpl.java:218)
	at io.grpc.internal.ServerCallImpl.close(ServerCallImpl.java:213)
	at io.grpc.stub.ServerCalls$ServerCallStreamObserverImpl.onCompleted(ServerCalls.java:396)
	at com.alibaba.nacos.core.remote.grpc.GrpcConnection.closeBiStream(GrpcConnection.java:221)
	at com.alibaba.nacos.core.remote.grpc.GrpcConnection.close(GrpcConnection.java:204)
	at com.alibaba.nacos.core.remote.ConnectionManager.unregister(ConnectionManager.java:164)
	at com.alibaba.nacos.core.remote.grpc.AddressTransportFilter.transportTerminated(AddressTransportFilter.java:78)
	at io.grpc.internal.ServerImpl$ServerTransportListenerImpl.transportTerminated(ServerImpl.java:456)
	at io.grpc.netty.shaded.io.grpc.netty.NettyServerTransport.notifyTerminated(NettyServerTransport.java:216)
	at io.grpc.netty.shaded.io.grpc.netty.NettyServerTransport.access$100(NettyServerTransport.java:51)
	at io.grpc.netty.shaded.io.grpc.netty.NettyServerTransport$1TerminationNotifier.operationComplete(NettyServerTransport.java:150)
	at io.grpc.netty.shaded.io.grpc.netty.NettyServerTransport$1TerminationNotifier.operationComplete(NettyServerTransport.java:143)
	at io.grpc.netty.shaded.io.netty.util.concurrent.DefaultPromise.notifyListener0(DefaultPromise.java:603)
	at io.grpc.netty.shaded.io.netty.util.concurrent.DefaultPromise.notifyListeners0(DefaultPromise.java:596)
	at io.grpc.netty.shaded.io.netty.util.concurrent.DefaultPromise.notifyListenersNow(DefaultPromise.java:572)
	at io.grpc.netty.shaded.io.netty.util.concurrent.DefaultPromise.notifyListeners(DefaultPromise.java:505)
	at io.grpc.netty.shaded.io.netty.util.concurrent.DefaultPromise.setValue0(DefaultPromise.java:649)
	at io.grpc.netty.shaded.io.netty.util.concurrent.DefaultPromise.setSuccess0(DefaultPromise.java:638)
	at io.grpc.netty.shaded.io.netty.util.concurrent.DefaultPromise.trySuccess(DefaultPromise.java:118)
	at io.grpc.netty.shaded.io.netty.channel.DefaultChannelPromise.trySuccess(DefaultChannelPromise.java:84)
	at io.grpc.netty.shaded.io.netty.channel.AbstractChannel$CloseFuture.setClosed(AbstractChannel.java:1161)
	at io.grpc.netty.shaded.io.netty.channel.AbstractChannel$AbstractUnsafe.doClose0(AbstractChannel.java:753)
	at io.grpc.netty.shaded.io.netty.channel.AbstractChannel$AbstractUnsafe.close(AbstractChannel.java:729)
	at io.grpc.netty.shaded.io.netty.channel.AbstractChannel$AbstractUnsafe.close(AbstractChannel.java:619)
	at io.grpc.netty.shaded.io.netty.channel.epoll.AbstractEpollChannel$AbstractEpollUnsafe.shutdownInput(AbstractEpollChannel.java:522)
	at io.grpc.netty.shaded.io.netty.channel.epoll.AbstractEpollStreamChannel$EpollStreamUnsafe.epollInReady(AbstractEpollStreamChannel.java:822)
	at io.grpc.netty.shaded.io.netty.channel.epoll.EpollEventLoop.processReady(EpollEventLoop.java:501)
	at io.grpc.netty.shaded.io.netty.channel.epoll.EpollEventLoop.run(EpollEventLoop.java:399)
	at io.grpc.netty.shaded.io.netty.util.concurrent.SingleThreadEventExecutor$4.run(SingleThreadEventExecutor.java:998)
	at io.grpc.netty.shaded.io.netty.util.internal.ThreadExecutorMap$2.run(ThreadExecutorMap.java:74)
	at io.grpc.netty.shaded.io.netty.util.concurrent.FastThreadLocalRunnable.run(FastThreadLocalRunnable.java:30)
	at java.base/java.lang.Thread.run(Thread.java:840)
2026-10-02 17:58:32,782 INFO [1790935022188_172.21.0.1_37342]client disconnected,clear config listen context

2026-10-02 17:58:43,131 INFO Connection transportTerminated,connectionId = 1790935018905_172.21.0.1_37338 

2026-10-02 17:58:43,132 INFO [1790935018905_172.21.0.1_37338]client disconnected,clear config listen context

2026-10-02 18:08:13,218 INFO Connection transportReady,connectionId = 1790935693218_172.21.0.1_52888 

2026-10-02 18:08:16,418 INFO Connection transportReady,connectionId = 1790935696418_172.21.0.1_52902 

2026-10-02 18:08:52,144 INFO Connection transportTerminated,connectionId = 1790935696418_172.21.0.1_52902 

2026-10-02 18:08:52,145 WARN [1790935696418_172.21.0.1_52902] connection  close bi stream exception  : {}

java.lang.IllegalStateException: call already closed
	at com.google.common.base.Preconditions.checkState(Preconditions.java:513)
	at io.grpc.internal.ServerCallImpl.closeInternal(ServerCallImpl.java:218)
	at io.grpc.internal.ServerCallImpl.close(ServerCallImpl.java:213)
	at io.grpc.stub.ServerCalls$ServerCallStreamObserverImpl.onCompleted(ServerCalls.java:396)
	at com.alibaba.nacos.core.remote.grpc.GrpcConnection.closeBiStream(GrpcConnection.java:221)
	at com.alibaba.nacos.core.remote.grpc.GrpcConnection.close(GrpcConnection.java:204)
	at com.alibaba.nacos.core.remote.ConnectionManager.unregister(ConnectionManager.java:164)
	at com.alibaba.nacos.core.remote.grpc.AddressTransportFilter.transportTerminated(AddressTransportFilter.java:78)
	at io.grpc.internal.ServerImpl$ServerTransportListenerImpl.transportTerminated(ServerImpl.java:456)
	at io.grpc.netty.shaded.io.grpc.netty.NettyServerTransport.notifyTerminated(NettyServerTransport.java:216)
	at io.grpc.netty.shaded.io.grpc.netty.NettyServerTransport.access$100(NettyServerTransport.java:51)
	at io.grpc.netty.shaded.io.grpc.netty.NettyServerTransport$1TerminationNotifier.operationComplete(NettyServerTransport.java:150)
	at io.grpc.netty.shaded.io.grpc.netty.NettyServerTransport$1TerminationNotifier.operationComplete(NettyServerTransport.java:143)
	at io.grpc.netty.shaded.io.netty.util.concurrent.DefaultPromise.notifyListener0(DefaultPromise.java:603)
	at io.grpc.netty.shaded.io.netty.util.concurrent.DefaultPromise.notifyListeners0(DefaultPromise.java:596)
	at io.grpc.netty.shaded.io.netty.util.concurrent.DefaultPromise.notifyListenersNow(DefaultPromise.java:572)
	at io.grpc.netty.shaded.io.netty.util.concurrent.DefaultPromise.notifyListeners(DefaultPromise.java:505)
	at io.grpc.netty.shaded.io.netty.util.concurrent.DefaultPromise.setValue0(DefaultPromise.java:649)
	at io.grpc.netty.shaded.io.netty.util.concurrent.DefaultPromise.setSuccess0(DefaultPromise.java:638)
	at io.grpc.netty.shaded.io.netty.util.concurrent.DefaultPromise.trySuccess(DefaultPromise.java:118)
	at io.grpc.netty.shaded.io.netty.channel.DefaultChannelPromise.trySuccess(DefaultChannelPromise.java:84)
	at io.grpc.netty.shaded.io.netty.channel.AbstractChannel$CloseFuture.setClosed(AbstractChannel.java:1161)
	at io.grpc.netty.shaded.io.netty.channel.AbstractChannel$AbstractUnsafe.doClose0(AbstractChannel.java:753)
	at io.grpc.netty.shaded.io.netty.channel.AbstractChannel$AbstractUnsafe.close(AbstractChannel.java:729)
	at io.grpc.netty.shaded.io.netty.channel.AbstractChannel$AbstractUnsafe.close(AbstractChannel.java:619)
	at io.grpc.netty.shaded.io.netty.channel.epoll.AbstractEpollChannel$AbstractEpollUnsafe.shutdownInput(AbstractEpollChannel.java:522)
	at io.grpc.netty.shaded.io.netty.channel.epoll.AbstractEpollStreamChannel$EpollStreamUnsafe.epollInReady(AbstractEpollStreamChannel.java:822)
	at io.grpc.netty.shaded.io.netty.channel.epoll.EpollEventLoop.processReady(EpollEventLoop.java:501)
	at io.grpc.netty.shaded.io.netty.channel.epoll.EpollEventLoop.run(EpollEventLoop.java:399)
	at io.grpc.netty.shaded.io.netty.util.concurrent.SingleThreadEventExecutor$4.run(SingleThreadEventExecutor.java:998)
	at io.grpc.netty.shaded.io.netty.util.internal.ThreadExecutorMap$2.run(ThreadExecutorMap.java:74)
	at io.grpc.netty.shaded.io.netty.util.concurrent.FastThreadLocalRunnable.run(FastThreadLocalRunnable.java:30)
	at java.base/java.lang.Thread.run(Thread.java:840)
2026-10-02 18:08:52,147 INFO [1790935696418_172.21.0.1_52902]client disconnected,clear config listen context

2026-10-02 18:09:02,502 INFO Connection transportTerminated,connectionId = 1790935693218_172.21.0.1_52888 

2026-10-02 18:09:02,503 INFO [1790935693218_172.21.0.1_52888]client disconnected,clear config listen context

2026-10-02 18:10:49,337 INFO Connection transportReady,connectionId = 1790935849337_172.21.0.1_41110 

2026-10-02 18:10:52,586 INFO Connection transportReady,connectionId = 1790935852586_172.21.0.1_39884 

2026-10-02 18:11:19,596 INFO Connection transportTerminated,connectionId = 1790935852586_172.21.0.1_39884 

2026-10-02 18:11:19,597 WARN [1790935852586_172.21.0.1_39884] connection  close bi stream exception  : {}

java.lang.IllegalStateException: call already closed
	at com.google.common.base.Preconditions.checkState(Preconditions.java:513)
	at io.grpc.internal.ServerCallImpl.closeInternal(ServerCallImpl.java:218)
	at io.grpc.internal.ServerCallImpl.close(ServerCallImpl.java:213)
	at io.grpc.stub.ServerCalls$ServerCallStreamObserverImpl.onCompleted(ServerCalls.java:396)
	at com.alibaba.nacos.core.remote.grpc.GrpcConnection.closeBiStream(GrpcConnection.java:221)
	at com.alibaba.nacos.core.remote.grpc.GrpcConnection.close(GrpcConnection.java:204)
	at com.alibaba.nacos.core.remote.ConnectionManager.unregister(ConnectionManager.java:164)
	at com.alibaba.nacos.core.remote.grpc.AddressTransportFilter.transportTerminated(AddressTransportFilter.java:78)
	at io.grpc.internal.ServerImpl$ServerTransportListenerImpl.transportTerminated(ServerImpl.java:456)
	at io.grpc.netty.shaded.io.grpc.netty.NettyServerTransport.notifyTerminated(NettyServerTransport.java:216)
	at io.grpc.netty.shaded.io.grpc.netty.NettyServerTransport.access$100(NettyServerTransport.java:51)
	at io.grpc.netty.shaded.io.grpc.netty.NettyServerTransport$1TerminationNotifier.operationComplete(NettyServerTransport.java:150)
	at io.grpc.netty.shaded.io.grpc.netty.NettyServerTransport$1TerminationNotifier.operationComplete(NettyServerTransport.java:143)
	at io.grpc.netty.shaded.io.netty.util.concurrent.DefaultPromise.notifyListener0(DefaultPromise.java:603)
	at io.grpc.netty.shaded.io.netty.util.concurrent.DefaultPromise.notifyListeners0(DefaultPromise.java:596)
	at io.grpc.netty.shaded.io.netty.util.concurrent.DefaultPromise.notifyListenersNow(DefaultPromise.java:572)
	at io.grpc.netty.shaded.io.netty.util.concurrent.DefaultPromise.notifyListeners(DefaultPromise.java:505)
	at io.grpc.netty.shaded.io.netty.util.concurrent.DefaultPromise.setValue0(DefaultPromise.java:649)
	at io.grpc.netty.shaded.io.netty.util.concurrent.DefaultPromise.setSuccess0(DefaultPromise.java:638)
	at io.grpc.netty.shaded.io.netty.util.concurrent.DefaultPromise.trySuccess(DefaultPromise.java:118)
	at io.grpc.netty.shaded.io.netty.channel.DefaultChannelPromise.trySuccess(DefaultChannelPromise.java:84)
	at io.grpc.netty.shaded.io.netty.channel.AbstractChannel$CloseFuture.setClosed(AbstractChannel.java:1161)
	at io.grpc.netty.shaded.io.netty.channel.AbstractChannel$AbstractUnsafe.doClose0(AbstractChannel.java:753)
	at io.grpc.netty.shaded.io.netty.channel.AbstractChannel$AbstractUnsafe.close(AbstractChannel.java:729)
	at io.grpc.netty.shaded.io.netty.channel.AbstractChannel$AbstractUnsafe.close(AbstractChannel.java:619)
	at io.grpc.netty.shaded.io.netty.channel.epoll.AbstractEpollChannel$AbstractEpollUnsafe.shutdownInput(AbstractEpollChannel.java:522)
	at io.grpc.netty.shaded.io.netty.channel.epoll.AbstractEpollStreamChannel$EpollStreamUnsafe.epollInReady(AbstractEpollStreamChannel.java:822)
	at io.grpc.netty.shaded.io.netty.channel.epoll.EpollEventLoop.processReady(EpollEventLoop.java:501)
	at io.grpc.netty.shaded.io.netty.channel.epoll.EpollEventLoop.run(EpollEventLoop.java:399)
	at io.grpc.netty.shaded.io.netty.util.concurrent.SingleThreadEventExecutor$4.run(SingleThreadEventExecutor.java:998)
	at io.grpc.netty.shaded.io.netty.util.internal.ThreadExecutorMap$2.run(ThreadExecutorMap.java:74)
	at io.grpc.netty.shaded.io.netty.util.concurrent.FastThreadLocalRunnable.run(FastThreadLocalRunnable.java:30)
	at java.base/java.lang.Thread.run(Thread.java:840)
2026-10-02 18:11:19,598 INFO [1790935852586_172.21.0.1_39884]client disconnected,clear config listen context

2026-10-02 18:11:29,945 INFO Connection transportTerminated,connectionId = 1790935849337_172.21.0.1_41110 

2026-10-02 18:11:29,947 INFO [1790935849337_172.21.0.1_41110]client disconnected,clear config listen context

2026-10-02 18:30:45,363 INFO Connection transportReady,connectionId = 1790937045363_172.21.0.1_54922 

2026-10-02 18:30:48,895 INFO Connection transportReady,connectionId = 1790937048895_172.21.0.1_54934 

2026-10-02 18:32:03,545 INFO Connection transportTerminated,connectionId = 1790937048895_172.21.0.1_54934 

2026-10-02 18:32:03,546 WARN [1790937048895_172.21.0.1_54934] connection  close bi stream exception  : {}

java.lang.IllegalStateException: call already closed
	at com.google.common.base.Preconditions.checkState(Preconditions.java:513)
	at io.grpc.internal.ServerCallImpl.closeInternal(ServerCallImpl.java:218)
	at io.grpc.internal.ServerCallImpl.close(ServerCallImpl.java:213)
	at io.grpc.stub.ServerCalls$ServerCallStreamObserverImpl.onCompleted(ServerCalls.java:396)
	at com.alibaba.nacos.core.remote.grpc.GrpcConnection.closeBiStream(GrpcConnection.java:221)
	at com.alibaba.nacos.core.remote.grpc.GrpcConnection.close(GrpcConnection.java:204)
	at com.alibaba.nacos.core.remote.ConnectionManager.unregister(ConnectionManager.java:164)
	at com.alibaba.nacos.core.remote.grpc.AddressTransportFilter.transportTerminated(AddressTransportFilter.java:78)
	at io.grpc.internal.ServerImpl$ServerTransportListenerImpl.transportTerminated(ServerImpl.java:456)
	at io.grpc.netty.shaded.io.grpc.netty.NettyServerTransport.notifyTerminated(NettyServerTransport.java:216)
	at io.grpc.netty.shaded.io.grpc.netty.NettyServerTransport.access$100(NettyServerTransport.java:51)
	at io.grpc.netty.shaded.io.grpc.netty.NettyServerTransport$1TerminationNotifier.operationComplete(NettyServerTransport.java:150)
	at io.grpc.netty.shaded.io.grpc.netty.NettyServerTransport$1TerminationNotifier.operationComplete(NettyServerTransport.java:143)
	at io.grpc.netty.shaded.io.netty.util.concurrent.DefaultPromise.notifyListener0(DefaultPromise.java:603)
	at io.grpc.netty.shaded.io.netty.util.concurrent.DefaultPromise.notifyListeners0(DefaultPromise.java:596)
	at io.grpc.netty.shaded.io.netty.util.concurrent.DefaultPromise.notifyListenersNow(DefaultPromise.java:572)
	at io.grpc.netty.shaded.io.netty.util.concurrent.DefaultPromise.notifyListeners(DefaultPromise.java:505)
	at io.grpc.netty.shaded.io.netty.util.concurrent.DefaultPromise.setValue0(DefaultPromise.java:649)
	at io.grpc.netty.shaded.io.netty.util.concurrent.DefaultPromise.setSuccess0(DefaultPromise.java:638)
	at io.grpc.netty.shaded.io.netty.util.concurrent.DefaultPromise.trySuccess(DefaultPromise.java:118)
	at io.grpc.netty.shaded.io.netty.channel.DefaultChannelPromise.trySuccess(DefaultChannelPromise.java:84)
	at io.grpc.netty.shaded.io.netty.channel.AbstractChannel$CloseFuture.setClosed(AbstractChannel.java:1161)
	at io.grpc.netty.shaded.io.netty.channel.AbstractChannel$AbstractUnsafe.doClose0(AbstractChannel.java:753)
	at io.grpc.netty.shaded.io.netty.channel.AbstractChannel$AbstractUnsafe.close(AbstractChannel.java:729)
	at io.grpc.netty.shaded.io.netty.channel.AbstractChannel$AbstractUnsafe.close(AbstractChannel.java:619)
	at io.grpc.netty.shaded.io.netty.channel.epoll.AbstractEpollChannel$AbstractEpollUnsafe.shutdownInput(AbstractEpollChannel.java:522)
	at io.grpc.netty.shaded.io.netty.channel.epoll.AbstractEpollStreamChannel$EpollStreamUnsafe.epollInReady(AbstractEpollStreamChannel.java:822)
	at io.grpc.netty.shaded.io.netty.channel.epoll.EpollEventLoop.processReady(EpollEventLoop.java:501)
	at io.grpc.netty.shaded.io.netty.channel.epoll.EpollEventLoop.run(EpollEventLoop.java:399)
	at io.grpc.netty.shaded.io.netty.util.concurrent.SingleThreadEventExecutor$4.run(SingleThreadEventExecutor.java:998)
	at io.grpc.netty.shaded.io.netty.util.internal.ThreadExecutorMap$2.run(ThreadExecutorMap.java:74)
	at io.grpc.netty.shaded.io.netty.util.concurrent.FastThreadLocalRunnable.run(FastThreadLocalRunnable.java:30)
	at java.base/java.lang.Thread.run(Thread.java:840)
2026-10-02 18:32:03,547 INFO [1790937048895_172.21.0.1_54934]client disconnected,clear config listen context

2026-10-02 18:32:13,902 INFO Connection transportTerminated,connectionId = 1790937045363_172.21.0.1_54922 

2026-10-02 18:32:13,903 INFO [1790937045363_172.21.0.1_54922]client disconnected,clear config listen context

2026-10-02 18:36:24,529 INFO Connection transportReady,connectionId = 1790937384529_172.21.0.1_33604 

2026-10-02 18:36:27,996 INFO Connection transportReady,connectionId = 1790937387996_172.21.0.1_33606 

2026-10-02 18:37:51,739 INFO Connection transportReady,connectionId = 1790937471739_172.21.0.1_42992 

2026-10-02 18:37:55,253 INFO Connection transportReady,connectionId = 1790937475253_172.21.0.1_50842 

2026-10-02 18:48:25,607 INFO Connection transportTerminated,connectionId = 1790937475253_172.21.0.1_50842 

2026-10-02 18:48:25,608 WARN [1790937475253_172.21.0.1_50842] connection  close bi stream exception  : {}

java.lang.IllegalStateException: call already closed
	at com.google.common.base.Preconditions.checkState(Preconditions.java:513)
	at io.grpc.internal.ServerCallImpl.closeInternal(ServerCallImpl.java:218)
	at io.grpc.internal.ServerCallImpl.close(ServerCallImpl.java:213)
	at io.grpc.stub.ServerCalls$ServerCallStreamObserverImpl.onCompleted(ServerCalls.java:396)
	at com.alibaba.nacos.core.remote.grpc.GrpcConnection.closeBiStream(GrpcConnection.java:221)
	at com.alibaba.nacos.core.remote.grpc.GrpcConnection.close(GrpcConnection.java:204)
	at com.alibaba.nacos.core.remote.ConnectionManager.unregister(ConnectionManager.java:164)
	at com.alibaba.nacos.core.remote.grpc.AddressTransportFilter.transportTerminated(AddressTransportFilter.java:78)
	at io.grpc.internal.ServerImpl$ServerTransportListenerImpl.transportTerminated(ServerImpl.java:456)
	at io.grpc.netty.shaded.io.grpc.netty.NettyServerTransport.notifyTerminated(NettyServerTransport.java:216)
	at io.grpc.netty.shaded.io.grpc.netty.NettyServerTransport.access$100(NettyServerTransport.java:51)
	at io.grpc.netty.shaded.io.grpc.netty.NettyServerTransport$1TerminationNotifier.operationComplete(NettyServerTransport.java:150)
	at io.grpc.netty.shaded.io.grpc.netty.NettyServerTransport$1TerminationNotifier.operationComplete(NettyServerTransport.java:143)
	at io.grpc.netty.shaded.io.netty.util.concurrent.DefaultPromise.notifyListener0(DefaultPromise.java:603)
	at io.grpc.netty.shaded.io.netty.util.concurrent.DefaultPromise.notifyListeners0(DefaultPromise.java:596)
	at io.grpc.netty.shaded.io.netty.util.concurrent.DefaultPromise.notifyListenersNow(DefaultPromise.java:572)
	at io.grpc.netty.shaded.io.netty.util.concurrent.DefaultPromise.notifyListeners(DefaultPromise.java:505)
	at io.grpc.netty.shaded.io.netty.util.concurrent.DefaultPromise.setValue0(DefaultPromise.java:649)
	at io.grpc.netty.shaded.io.netty.util.concurrent.DefaultPromise.setSuccess0(DefaultPromise.java:638)
	at io.grpc.netty.shaded.io.netty.util.concurrent.DefaultPromise.trySuccess(DefaultPromise.java:118)
	at io.grpc.netty.shaded.io.netty.channel.DefaultChannelPromise.trySuccess(DefaultChannelPromise.java:84)
	at io.grpc.netty.shaded.io.netty.channel.AbstractChannel$CloseFuture.setClosed(AbstractChannel.java:1161)
	at io.grpc.netty.shaded.io.netty.channel.AbstractChannel$AbstractUnsafe.doClose0(AbstractChannel.java:753)
	at io.grpc.netty.shaded.io.netty.channel.AbstractChannel$AbstractUnsafe.close(AbstractChannel.java:729)
	at io.grpc.netty.shaded.io.netty.channel.AbstractChannel$AbstractUnsafe.close(AbstractChannel.java:619)
	at io.grpc.netty.shaded.io.netty.channel.epoll.AbstractEpollChannel$AbstractEpollUnsafe.shutdownInput(AbstractEpollChannel.java:522)
	at io.grpc.netty.shaded.io.netty.channel.epoll.AbstractEpollStreamChannel$EpollStreamUnsafe.epollInReady(AbstractEpollStreamChannel.java:822)
	at io.grpc.netty.shaded.io.netty.channel.epoll.EpollEventLoop.processReady(EpollEventLoop.java:501)
	at io.grpc.netty.shaded.io.netty.channel.epoll.EpollEventLoop.run(EpollEventLoop.java:399)
	at io.grpc.netty.shaded.io.netty.util.concurrent.SingleThreadEventExecutor$4.run(SingleThreadEventExecutor.java:998)
	at io.grpc.netty.shaded.io.netty.util.internal.ThreadExecutorMap$2.run(ThreadExecutorMap.java:74)
	at io.grpc.netty.shaded.io.netty.util.concurrent.FastThreadLocalRunnable.run(FastThreadLocalRunnable.java:30)
	at java.base/java.lang.Thread.run(Thread.java:840)
2026-10-02 18:48:25,610 INFO [1790937475253_172.21.0.1_50842]client disconnected,clear config listen context

2026-10-02 18:48:35,964 INFO Connection transportTerminated,connectionId = 1790937471739_172.21.0.1_42992 

2026-10-02 18:48:35,966 INFO [1790937471739_172.21.0.1_42992]client disconnected,clear config listen context

2026-10-02 18:48:41,573 INFO Connection transportTerminated,connectionId = 1790937387996_172.21.0.1_33606 

2026-10-02 18:48:41,574 WARN [1790937387996_172.21.0.1_33606] connection  close bi stream exception  : {}

java.lang.IllegalStateException: call already closed
	at com.google.common.base.Preconditions.checkState(Preconditions.java:513)
	at io.grpc.internal.ServerCallImpl.closeInternal(ServerCallImpl.java:218)
	at io.grpc.internal.ServerCallImpl.close(ServerCallImpl.java:213)
	at io.grpc.stub.ServerCalls$ServerCallStreamObserverImpl.onCompleted(ServerCalls.java:396)
	at com.alibaba.nacos.core.remote.grpc.GrpcConnection.closeBiStream(GrpcConnection.java:221)
	at com.alibaba.nacos.core.remote.grpc.GrpcConnection.close(GrpcConnection.java:204)
	at com.alibaba.nacos.core.remote.ConnectionManager.unregister(ConnectionManager.java:164)
	at com.alibaba.nacos.core.remote.grpc.AddressTransportFilter.transportTerminated(AddressTransportFilter.java:78)
	at io.grpc.internal.ServerImpl$ServerTransportListenerImpl.transportTerminated(ServerImpl.java:456)
	at io.grpc.netty.shaded.io.grpc.netty.NettyServerTransport.notifyTerminated(NettyServerTransport.java:216)
	at io.grpc.netty.shaded.io.grpc.netty.NettyServerTransport.access$100(NettyServerTransport.java:51)
	at io.grpc.netty.shaded.io.grpc.netty.NettyServerTransport$1TerminationNotifier.operationComplete(NettyServerTransport.java:150)
	at io.grpc.netty.shaded.io.grpc.netty.NettyServerTransport$1TerminationNotifier.operationComplete(NettyServerTransport.java:143)
	at io.grpc.netty.shaded.io.netty.util.concurrent.DefaultPromise.notifyListener0(DefaultPromise.java:603)
	at io.grpc.netty.shaded.io.netty.util.concurrent.DefaultPromise.notifyListeners0(DefaultPromise.java:596)
	at io.grpc.netty.shaded.io.netty.util.concurrent.DefaultPromise.notifyListenersNow(DefaultPromise.java:572)
	at io.grpc.netty.shaded.io.netty.util.concurrent.DefaultPromise.notifyListeners(DefaultPromise.java:505)
	at io.grpc.netty.shaded.io.netty.util.concurrent.DefaultPromise.setValue0(DefaultPromise.java:649)
	at io.grpc.netty.shaded.io.netty.util.concurrent.DefaultPromise.setSuccess0(DefaultPromise.java:638)
	at io.grpc.netty.shaded.io.netty.util.concurrent.DefaultPromise.trySuccess(DefaultPromise.java:118)
	at io.grpc.netty.shaded.io.netty.channel.DefaultChannelPromise.trySuccess(DefaultChannelPromise.java:84)
	at io.grpc.netty.shaded.io.netty.channel.AbstractChannel$CloseFuture.setClosed(AbstractChannel.java:1161)
	at io.grpc.netty.shaded.io.netty.channel.AbstractChannel$AbstractUnsafe.doClose0(AbstractChannel.java:753)
	at io.grpc.netty.shaded.io.netty.channel.AbstractChannel$AbstractUnsafe.close(AbstractChannel.java:729)
	at io.grpc.netty.shaded.io.netty.channel.AbstractChannel$AbstractUnsafe.close(AbstractChannel.java:619)
	at io.grpc.netty.shaded.io.netty.channel.epoll.AbstractEpollChannel$AbstractEpollUnsafe.shutdownInput(AbstractEpollChannel.java:522)
	at io.grpc.netty.shaded.io.netty.channel.epoll.AbstractEpollStreamChannel$EpollStreamUnsafe.epollInReady(AbstractEpollStreamChannel.java:822)
	at io.grpc.netty.shaded.io.netty.channel.epoll.EpollEventLoop.processReady(EpollEventLoop.java:501)
	at io.grpc.netty.shaded.io.netty.channel.epoll.EpollEventLoop.run(EpollEventLoop.java:399)
	at io.grpc.netty.shaded.io.netty.util.concurrent.SingleThreadEventExecutor$4.run(SingleThreadEventExecutor.java:998)
	at io.grpc.netty.shaded.io.netty.util.internal.ThreadExecutorMap$2.run(ThreadExecutorMap.java:74)
	at io.grpc.netty.shaded.io.netty.util.concurrent.FastThreadLocalRunnable.run(FastThreadLocalRunnable.java:30)
	at java.base/java.lang.Thread.run(Thread.java:840)
2026-10-02 18:48:41,576 INFO [1790937387996_172.21.0.1_33606]client disconnected,clear config listen context

2026-10-02 18:48:51,910 INFO Connection transportTerminated,connectionId = 1790937384529_172.21.0.1_33604 

2026-10-02 18:48:51,911 INFO [1790937384529_172.21.0.1_33604]client disconnected,clear config listen context

